{"type":"FeatureCollection","features":[{"type":"Feature","geometry":{"type":"LineString","coordinates":[[139.70054,35.65809],[139.70032,35.65836],[139.70033,35.65883],[139.70081,35.66042],[139.69839,35.6609],[139.69734,35.66219],[139.6955,35.66354],[139.69364,35.66615],[139.6928,35.66665],[139.69181,35.66784],[139.69033,35.66758],[139.68796,35.66785],[139.68773,35.67079],[139.68785,35.67661],[139.6886,35.67924],[139.68884,35.68128],[139.68827,35.68242],[139.68373,35.67976],[139.68002,35.67821],[139.66056,35.67257],[139.65727,35.67904],[139.65665,35.68474],[139.65521,35.68878],[139.65427,35.69354],[139.65467,35.69802],[139.65205,35.69798]]},"properties":{"patternId":"Toei.Shibu66.24203.2","routeId":"Toei.Shibu66","routeLabelJa":"渋６６ 杉並車庫前行","routeCode":"渋６６","direction":"2","stopCount":27,"geometrySource":"odpt-road-shape","operator":"Toei","patternCount":1}},{"type":"Feature","geometry":{"type":"LineString","coordinates":[[139.71656,35.63419],[139.71666,35.63384],[139.71698,35.63387],[139.7186,35.63441],[139.72395,35.63701],[139.72263,35.63925],[139.72217,35.6417],[139.72075,35.64326],[139.72167,35.64441],[139.72285,35.64767],[139.72232,35.65073],[139.7236,35.65112],[139.72431,35.65233],[139.72587,35.65344],[139.72616,35.65431],[139.7291,35.65231],[139.73058,35.65194],[139.73332,35.65249],[139.73651,35.65261],[139.73702,35.65543],[139.74134,35.65455],[139.74425,35.65433]]},"properties":{"patternId":"Toei.Hashi86.304.1","routeId":"Toei.Hashi86","routeLabelJa":"橋８６ 赤羽橋駅前行","routeCode":"橋８６","direction":"1","stopCount":15,"geometrySource":"odpt-road-shape","operator":"Toei","patternCount":1}},{"type":"Feature","geometry":{"type":"LineString","coordinates":[[139.74411,35.65423],[139.74134,35.65455],[139.73716,35.65541],[139.73668,35.65259],[139.73331,35.65249],[139.73058,35.65194],[139.7291,35.65231],[139.72616,35.65431],[139.72587,35.65344],[139.72431,35.65233],[139.7236,35.65112],[139.72232,35.65073],[139.72285,35.64767],[139.72167,35.64441],[139.72087,35.64341],[139.72218,35.64187],[139.72271,35.63926],[139.72409,35.63696],[139.71962,35.63474],[139.71733,35.63384],[139.71629,35.63371],[139.71624,35.63414],[139.71638,35.63422]]},"properties":{"patternId":"Toei.Hashi86.304.2","routeId":"Toei.Hashi86","routeLabelJa":"橋８６ 目黒駅前行","routeCode":"橋８６","direction":"2","stopCount":16,"geometrySource":"odpt-road-shape","operator":"Toei","patternCount":1}},{"type":"Feature","geometry":{"type":"LineString","coordinates":[[139.76827,35.67967],[139.76865,35.68064],[139.77826,35.67661],[139.77947,35.67626],[139.7816,35.675],[139.78076,35.67475],[139.78213,35.67325],[139.78088,35.67274],[139.78017,35.67277],[139.78015,35.67225],[139.77928,35.67073],[139.77767,35.66642],[139.77686,35.6656],[139.77635,35.66544],[139.7738,35.66353],[139.77639,35.66071],[139.78178,35.65542],[139.78678,35.65873],[139.79197,35.65918],[139.79234,35.65895],[139.80142,35.64972],[139.80203,35.64557],[139.79946,35.64533],[139.79994,35.64188],[139.80234,35.64211],[139.80219,35.64325],[139.80259,35.64328]]},"properties":{"patternId":"Toei.Higashi15.72201.2","routeId":"Toei.Higashi15","routeLabelJa":"東１５ 深川車庫前行","routeCode":"東１５","direction":"2","stopCount":29,"geometrySource":"odpt-road-shape","operator":"Toei","patternCount":1}},{"type":"Feature","geometry":{"type":"LineString","coordinates":[[139.74573,35.65794],[139.74563,35.65783],[139.74603,35.65682],[139.74685,35.65806],[139.7475,35.65962],[139.74893,35.66002],[139.74933,35.66165],[139.75275,35.66058],[139.75526,35.6602],[139.75478,35.65679],[139.75712,35.65657],[139.76025,35.65598],[139.76191,35.65508],[139.76032,35.65333],[139.76012,35.6525],[139.756,35.64422],[139.75609,35.64288],[139.75238,35.64285],[139.75397,35.64617],[139.74873,35.64413],[139.74792,35.6451],[139.74873,35.64413],[139.74572,35.64281],[139.74818,35.64188],[139.74545,35.63312],[139.74493,35.62808],[139.74132,35.62829]]},"properties":{"patternId":"Toei.Hama95.807.2","routeId":"Toei.Hama95","routeLabelJa":"浜９５ 品川駅港南口行","routeCode":"浜９５","direction":"2","stopCount":24,"geometrySource":"odpt-road-shape","operator":"Toei","patternCount":1}},{"type":"Feature","geometry":{"type":"LineString","coordinates":[[139.72408,35.62627],[139.72394,35.62655],[139.72417,35.62661],[139.72469,35.62585],[139.7289,35.62547],[139.73054,35.62503],[139.73185,35.6246],[139.73287,35.62367],[139.73593,35.62288],[139.73704,35.62277],[139.738,35.62326],[139.7379,35.62379],[139.73818,35.62486],[139.73739,35.62911],[139.73765,35.63204],[139.73809,35.63401],[139.73933,35.63759],[139.73805,35.63785],[139.7385,35.63903],[139.7386,35.64001],[139.73754,35.64141],[139.7359,35.64483],[139.73585,35.64613],[139.73675,35.64871],[139.73659,35.65259],[139.73723,35.65624],[139.73655,35.65762],[139.73642,35.65844],[139.7368,35.65975],[139.73786,35.6612],[139.7342,35.66232],[139.73229,35.66325],[139.72865,35.66152],[139.72957,35.66109],[139.72968,35.66053]]},"properties":{"patternId":"Toei.Tan96.1712.2","routeId":"Toei.Tan96","routeLabelJa":"反９６ 五反田駅行","routeCode":"反９６","direction":"2","stopCount":17,"geometrySource":"odpt-road-shape","operator":"Toei","patternCount":1}},{"type":"Feature","geometry":{"type":"LineString","coordinates":[[139.85928,35.64748],[139.86118,35.64865],[139.86976,35.64555],[139.87179,35.64786],[139.87226,35.65069],[139.87341,35.66773],[139.87916,35.67824],[139.88092,35.68234],[139.88294,35.68845],[139.88145,35.70143]]},"properties":{"patternId":"Toei.Rinkai28-1.68907.1","routeId":"Toei.Rinkai28-1","routeLabelJa":"臨海２８－１ 一之江橋西詰行","routeCode":"臨海２８－１","direction":"1","stopCount":21,"geometrySource":"odpt-road-shape","operator":"Toei","patternCount":1}},{"type":"Feature","geometry":{"type":"LineString","coordinates":[[139.71662,35.63395],[139.717,35.63387],[139.71874,35.63446],[139.72748,35.63862],[139.72807,35.63717],[139.72885,35.63613],[139.73307,35.63566],[139.73251,35.63308],[139.73239,35.62958],[139.73758,35.62901],[139.73773,35.62725],[139.73826,35.62501],[139.73809,35.62356],[139.74066,35.61948],[139.74109,35.61692],[139.74219,35.61705],[139.74367,35.61789],[139.74629,35.62056],[139.7477,35.61697],[139.7478,35.61547],[139.74704,35.60693],[139.7457,35.60287],[139.74552,35.60062],[139.74352,35.59924],[139.74303,35.59867],[139.74226,35.59596],[139.74157,35.59462],[139.7417,35.59424],[139.74125,35.59359]]},"properties":{"patternId":"Toei.Shina93.408.2","routeId":"Toei.Shina93","routeLabelJa":"品９３ 大井競馬場前行","routeCode":"品９３","direction":"2","stopCount":22,"geometrySource":"odpt-road-shape","operator":"Toei","patternCount":1}},{"type":"Feature","geometry":{"type":"LineString","coordinates":[[139.74115,35.62863],[139.74109,35.62842],[139.74493,35.62811],[139.74487,35.62691],[139.7454,35.6226],[139.74778,35.61697],[139.74774,35.61311],[139.74732,35.60896],[139.74923,35.60883],[139.7493,35.60946],[139.74958,35.60945],[139.74935,35.60876],[139.74731,35.6089],[139.74711,35.60706],[139.74971,35.60744],[139.75067,35.60734],[139.75131,35.60701],[139.75219,35.60565],[139.75394,35.60538],[139.75439,35.60496],[139.7544,35.60317],[139.7524,35.60307],[139.75213,35.602],[139.75068,35.6007],[139.75066,35.5995],[139.75118,35.59854],[139.75123,35.59734],[139.75386,35.59735],[139.75435,35.59781],[139.75436,35.60496],[139.7542,35.60522],[139.75234,35.60553],[139.75124,35.60702],[139.75053,35.60734],[139.74954,35.60739],[139.74701,35.607],[139.74722,35.60895],[139.74926,35.60882],[139.74933,35.60943],[139.74956,35.60942],[139.74932,35.60879],[139.74721,35.60894],[139.74776,35.61547],[139.74767,35.61697],[139.74681,35.61931],[139.74531,35.62253],[139.74473,35.62708],[139.74493,35.62926],[139.74122,35.62952],[139.74123,35.62932]]},"properties":{"patternId":"Toei.Shina91.1009.3","routeId":"Toei.Shina91","routeLabelJa":"品９１ 品川駅港南口行","routeCode":"品９１","direction":"3","stopCount":30,"geometrySource":"odpt-road-shape","operator":"Toei","patternCount":1}},{"type":"Feature","geometry":{"type":"LineString","coordinates":[[139.74115,35.62863],[139.74109,35.62842],[139.74493,35.62811],[139.74487,35.62691],[139.7454,35.6226],[139.74778,35.61697],[139.74774,35.61311],[139.74732,35.60896],[139.74923,35.60883],[139.7493,35.60946],[139.74958,35.60945],[139.74935,35.60876],[139.74731,35.6089],[139.74711,35.60706],[139.74971,35.60744],[139.75067,35.60734],[139.75131,35.60701],[139.75219,35.60565],[139.75394,35.60538],[139.75439,35.60496],[139.7544,35.60317],[139.7524,35.60307],[139.75213,35.602],[139.75068,35.6007],[139.75066,35.5995],[139.75118,35.59854],[139.75123,35.59734],[139.75386,35.59735],[139.75421,35.59753],[139.75435,35.59781],[139.75433,35.60164]]},"properties":{"patternId":"Toei.Shina91.1010.1","routeId":"Toei.Shina91","routeLabelJa":"品９１ 八潮公園前行","routeCode":"品９１","direction":"1","stopCount":18,"geometrySource":"odpt-road-shape","operator":"Toei","patternCount":1}},{"type":"Feature","geometry":{"type":"LineString","coordinates":[[139.7531,35.60547],[139.75394,35.60538],[139.75439,35.60496],[139.7544,35.60317],[139.7524,35.60307],[139.75213,35.602],[139.75068,35.6007],[139.75066,35.5995],[139.75118,35.59854],[139.75123,35.59734],[139.75386,35.59735],[139.75435,35.59781],[139.75436,35.60496],[139.75394,35.60535],[139.75215,35.60564],[139.75141,35.60683],[139.75088,35.60724],[139.74971,35.60741],[139.74701,35.607],[139.74722,35.60895],[139.74926,35.60882],[139.74933,35.60943],[139.74956,35.60942],[139.74932,35.60879],[139.74721,35.60894],[139.74776,35.61547],[139.74767,35.61697],[139.74681,35.61931],[139.74531,35.62253],[139.74473,35.62708],[139.74493,35.62926],[139.74122,35.62952],[139.74123,35.62932]]},"properties":{"patternId":"Toei.Shina91.1012.2","routeId":"Toei.Shina91","routeLabelJa":"品９１ 品川駅港南口行","routeCode":"品９１","direction":"2","stopCount":20,"geometrySource":"odpt-road-shape","operator":"Toei","patternCount":1}},{"type":"Feature","geometry":{"type":"LineString","coordinates":[[139.73545,35.60614],[139.73548,35.60593],[139.73631,35.60567],[139.73706,35.60614],[139.73954,35.60702],[139.74113,35.60866],[139.74323,35.61025],[139.74411,35.61065],[139.74755,35.61149],[139.74705,35.60704],[139.74964,35.60743],[139.75088,35.60728],[139.75141,35.6069],[139.75223,35.60563],[139.75396,35.60538],[139.75433,35.60509],[139.75439,35.60317],[139.75261,35.60318],[139.75234,35.60303],[139.75216,35.60207],[139.75072,35.60078],[139.75065,35.59957],[139.75121,35.59845],[139.75123,35.59734],[139.75378,35.59734],[139.75431,35.5977],[139.75431,35.60508],[139.75393,35.60536],[139.75213,35.60565],[139.75139,35.60687],[139.75089,35.60723],[139.74964,35.60741],[139.74536,35.6067],[139.73922,35.60684],[139.73716,35.60614],[139.73669,35.60581],[139.73619,35.60642],[139.73548,35.60669],[139.73549,35.60649]]},"properties":{"patternId":"Toei.I92.1101.3","routeId":"Toei.I92","routeLabelJa":"井９２ 大井町駅東口行","routeCode":"井９２","direction":"3","stopCount":19,"geometrySource":"odpt-road-shape","operator":"Toei","patternCount":1}},{"type":"Feature","geometry":{"type":"LineString","coordinates":[[139.72415,35.62618],[139.72394,35.62655],[139.72417,35.62661],[139.72469,35.62585],[139.7289,35.62547],[139.73054,35.62503],[139.73185,35.6246],[139.73287,35.62367],[139.73593,35.62288],[139.73715,35.62294],[139.73763,35.62323],[139.73801,35.62391],[139.73818,35.62486],[139.73722,35.62947],[139.73752,35.63015],[139.7377,35.63236],[139.73809,35.63401],[139.73933,35.63759],[139.73805,35.63785],[139.7385,35.63903],[139.7386,35.64001],[139.73754,35.64141],[139.73551,35.64535],[139.73675,35.64871],[139.73659,35.65259],[139.73723,35.65624],[139.73655,35.65762],[139.73642,35.65844],[139.7368,35.65975],[139.73786,35.6612],[139.7342,35.66232],[139.73229,35.66325],[139.72865,35.66152],[139.72957,35.66109],[139.72968,35.66053]]},"properties":{"patternId":"Toei.Tan96.1712.1","routeId":"Toei.Tan96","routeLabelJa":"反９６ 六本木ヒルズ行","routeCode":"反９６","direction":"1","stopCount":19,"geometrySource":"odpt-road-shape","operator":"Toei","patternCount":1}},{"type":"Feature","geometry":{"type":"LineString","coordinates":[[139.80356,35.7656],[139.80282,35.78735],[139.80242,35.79276],[139.79355,35.79303],[139.79118,35.79414],[139.79134,35.79456],[139.79164,35.79455],[139.79157,35.79392],[139.79368,35.79304],[139.80242,35.79281],[139.80128,35.80523],[139.80049,35.80633],[139.79874,35.80516],[139.79773,35.80407],[139.79694,35.804]]},"properties":{"patternId":"Toei.Kita47.48106.2","routeId":"Toei.Kita47","routeLabelJa":"北４７ 足立清掃工場前行","routeCode":"北４７","direction":"2","stopCount":20,"geometrySource":"odpt-road-shape","operator":"Toei","patternCount":1}},{"type":"Feature","geometry":{"type":"LineString","coordinates":[[139.77934,35.62712],[139.77967,35.62678],[139.77746,35.62547],[139.77852,35.62318],[139.77382,35.62063],[139.77703,35.6168],[139.7778,35.61677],[139.78119,35.61858],[139.78514,35.61346],[139.79802,35.59769],[139.79943,35.59848],[139.79709,35.60136],[139.8005,35.60592],[139.80062,35.60598],[139.80459,35.60133],[139.80486,35.60183],[139.8044,35.6023],[139.81065,35.60549],[139.81596,35.60853],[139.81624,35.60817],[139.81649,35.60831],[139.81649,35.60811]]},"properties":{"patternId":"Toei.NM01.4801.1","routeId":"Toei.NM01","routeLabelJa":"波０１（ＮＭ０１） 海の森水上競技場行","routeCode":"波０１（ＮＭ０１）","direction":"1","stopCount":10,"geometrySource":"odpt-road-shape","operator":"Toei","patternCount":1}},{"type":"Feature","geometry":{"type":"LineString","coordinates":[[139.75926,35.66619],[139.75906,35.6658],[139.7594,35.66565],[139.7603,35.66671],[139.74897,35.67047],[139.747,35.67018],[139.74312,35.67074],[139.74268,35.67062],[139.73963,35.66744],[139.73778,35.6659],[139.7283,35.66122],[139.72438,35.65982],[139.72162,35.65937],[139.7081,35.6582],[139.70332,35.65798],[139.70262,35.65852]]},"properties":{"patternId":"Toei.T01.8501.2","routeId":"Toei.T01","routeLabelJa":"都０１（Ｔ０１） 渋谷駅前行","routeCode":"都０１（Ｔ０１）","direction":"2","stopCount":16,"geometrySource":"odpt-road-shape","operator":"Toei","patternCount":1}},{"type":"Feature","geometry":{"type":"LineString","coordinates":[[139.70231,35.65935],[139.70254,35.65938],[139.70328,35.65797],[139.70843,35.65371],[139.70894,35.65283],[139.70911,35.65142],[139.70935,35.65096],[139.71145,35.6489],[139.71469,35.64835],[139.71889,35.64891],[139.7201,35.6484],[139.72322,35.64766],[139.72489,35.64675],[139.72797,35.64685],[139.72917,35.64718],[139.73262,35.64745],[139.73328,35.64734],[139.73415,35.64689],[139.73587,35.64664],[139.7363,35.64737],[139.7367,35.64871],[139.73652,35.65259],[139.73701,35.65545],[139.74133,35.65455],[139.74504,35.6542],[139.74656,35.65309],[139.74776,35.65266],[139.74951,35.65256],[139.75116,35.65315],[139.75403,35.65275],[139.75511,35.6603],[139.75964,35.66599]]},"properties":{"patternId":"Toei.T06.8601.1","routeId":"Toei.T06","routeLabelJa":"都０６ 新橋駅前行","routeCode":"都０６","direction":"1","stopCount":25,"geometrySource":"odpt-road-shape","operator":"Toei","patternCount":1}},{"type":"Feature","geometry":{"type":"LineString","coordinates":[[139.75858,35.69327],[139.75798,35.69631],[139.75518,35.70168],[139.75526,35.70273],[139.75354,35.70842],[139.74967,35.70858],[139.74805,35.70965],[139.7453,35.71096],[139.74054,35.71425],[139.73878,35.7164],[139.73294,35.72021],[139.73177,35.7215],[139.72925,35.72086],[139.72596,35.71961],[139.72479,35.71953],[139.72417,35.72006],[139.72374,35.72074],[139.72239,35.72381],[139.71319,35.72958]]},"properties":{"patternId":"Toei.To02Otsu.32201.2","routeId":"Toei.To02Otsu","routeLabelJa":"都０２乙 池袋駅東口行","routeCode":"都０２乙","direction":"2","stopCount":23,"geometrySource":"odpt-road-shape","operator":"Toei","patternCount":1}},{"type":"Feature","geometry":{"type":"LineString","coordinates":[[139.71347,35.72955],[139.714,35.72919],[139.71421,35.73206],[139.71683,35.73358],[139.72608,35.74198],[139.72736,35.74372],[139.73478,35.74925],[139.73731,35.75089],[139.73634,35.75213],[139.73651,35.75267],[139.73805,35.75345],[139.73911,35.7545],[139.74133,35.75556],[139.74964,35.76422],[139.75195,35.7639],[139.75332,35.76343],[139.75589,35.76205],[139.75798,35.76228],[139.76311,35.76452],[139.7628,35.76627],[139.76188,35.76849],[139.76376,35.7691],[139.77855,35.77813],[139.78219,35.77806],[139.7888,35.7784],[139.78914,35.77611],[139.78982,35.77615],[139.79006,35.77631],[139.79008,35.77664],[139.79031,35.77668]]},"properties":{"patternId":"Toei.Ou40Kou.40001.1","routeId":"Toei.Ou40Kou","routeLabelJa":"王４０甲 西新井駅前行","routeCode":"王４０甲","direction":"1","stopCount":28,"geometrySource":"odpt-road-shape","operator":"Toei","patternCount":1}},{"type":"Feature","geometry":{"type":"LineString","coordinates":[[139.73324,35.77342],[139.7333,35.77249],[139.73613,35.76403],[139.73772,35.76089],[139.73716,35.75473],[139.73804,35.75344],[139.73911,35.7545],[139.74115,35.75545],[139.74158,35.75584],[139.74964,35.76422],[139.75195,35.7639],[139.75348,35.76336],[139.75589,35.76205],[139.75799,35.76229],[139.76318,35.76452],[139.76283,35.76614],[139.76187,35.76851],[139.76384,35.76915],[139.77833,35.77804],[139.78885,35.77837],[139.78912,35.77613],[139.78998,35.77625],[139.7901,35.77654]]},"properties":{"patternId":"Toei.Ou40Shutsunyuu.40009.1","routeId":"Toei.Ou40Shutsunyuu","routeLabelJa":"王４０出入 西新井駅前行","routeCode":"王４０出入","direction":"1","stopCount":24,"geometrySource":"odpt-road-shape","operator":"Toei","patternCount":1}},{"type":"Feature","geometry":{"type":"LineString","coordinates":[[139.80458,35.75018],[139.80439,35.74981],[139.80141,35.75073],[139.79987,35.7509],[139.79438,35.75074],[139.79092,35.75497],[139.78995,35.75577],[139.78892,35.75625],[139.78182,35.75518],[139.77654,35.75488],[139.77227,35.75516],[139.76823,35.75598],[139.76427,35.75747],[139.76163,35.75911],[139.76015,35.76032],[139.75824,35.76255],[139.75728,35.76469],[139.75655,35.76699],[139.75585,35.76781],[139.75456,35.76853],[139.75201,35.76929],[139.75004,35.76869],[139.74778,35.76855],[139.74767,35.76976],[139.74709,35.77066],[139.74663,35.77052],[139.7437,35.77064],[139.74332,35.76911],[139.74236,35.7675],[139.74217,35.76609],[139.73746,35.76596],[139.73672,35.7657],[139.73566,35.76573],[139.73613,35.76402],[139.73772,35.76087],[139.73716,35.75488],[139.73788,35.75366],[139.7377,35.75346]]},"properties":{"patternId":"Toei.Ou45.40201.2","routeId":"Toei.Ou45","routeLabelJa":"王４５ 王子駅前行","routeCode":"王４５","direction":"2","stopCount":25,"geometrySource":"odpt-road-shape","operator":"Toei","patternCount":1}},{"type":"Feature","geometry":{"type":"LineString","coordinates":[[139.77083,35.77412],[139.77063,35.77393],[139.77061,35.77423],[139.77038,35.77429],[139.77042,35.77322],[139.76384,35.76915],[139.76198,35.76853],[139.76295,35.76618],[139.76285,35.76552],[139.76318,35.76452],[139.75799,35.76229],[139.75589,35.76205],[139.75641,35.76081],[139.75799,35.75971],[139.7568,35.75651],[139.76038,35.75579],[139.7605,35.75641],[139.76248,35.75639],[139.7627,35.75594],[139.76275,35.75516],[139.76197,35.7515],[139.7625,35.74792],[139.76349,35.74429],[139.76294,35.74342],[139.76049,35.74075],[139.76177,35.73935],[139.76025,35.73836],[139.75963,35.73751],[139.7591,35.73411],[139.75848,35.73224],[139.75767,35.73095],[139.75742,35.72995]]},"properties":{"patternId":"Toei.Higashi43.40412.1","routeId":"Toei.Higashi43","routeLabelJa":"東４３ 駒込病院前行","routeCode":"東４３","direction":"1","stopCount":20,"geometrySource":"odpt-road-shape","operator":"Toei","patternCount":1}},{"type":"Feature","geometry":{"type":"LineString","coordinates":[[139.66491,35.73847],[139.66643,35.73844],[139.67086,35.73665],[139.67282,35.73622],[139.67492,35.73446],[139.67878,35.73063],[139.68106,35.72879],[139.68553,35.72536],[139.68973,35.72281],[139.69413,35.72238],[139.69531,35.72196],[139.69758,35.72191],[139.70251,35.72261],[139.70459,35.72263],[139.70862,35.72069],[139.71153,35.7198],[139.71928,35.71632],[139.72471,35.71514],[139.72734,35.71253],[139.72785,35.71224],[139.72854,35.71208],[139.73095,35.71225],[139.73148,35.71092],[139.73166,35.70974],[139.73122,35.70734],[139.72702,35.70741],[139.72708,35.70484],[139.7267,35.70385],[139.7265,35.70042],[139.72552,35.69691],[139.7241,35.69295],[139.72231,35.69256],[139.72231,35.69235],[139.72168,35.69234],[139.71706,35.69117],[139.71521,35.69139],[139.71361,35.69116],[139.70802,35.69179],[139.70069,35.69364],[139.70027,35.69336],[139.69924,35.69355],[139.69933,35.69206],[139.69875,35.69196]]},"properties":{"patternId":"Toei.Shiro61.44201.1","routeId":"Toei.Shiro61","routeLabelJa":"白６１ 新宿駅西口行","routeCode":"白６１","direction":"1","stopCount":36,"geometrySource":"odpt-road-shape","operator":"Toei","patternCount":1}},{"type":"Feature","geometry":{"type":"LineString","coordinates":[[139.69871,35.69196],[139.69815,35.6919],[139.69811,35.69228],[139.69699,35.69321],[139.69799,35.69362],[139.70064,35.69379],[139.70817,35.69187],[139.71359,35.69122],[139.71556,35.69147],[139.71716,35.69128],[139.72399,35.69293],[139.72659,35.70085],[139.7267,35.70385],[139.72702,35.70606],[139.72687,35.7075],[139.73123,35.70743],[139.73155,35.70968],[139.73138,35.71081],[139.73086,35.71223],[139.72854,35.71208],[139.72785,35.71224],[139.72734,35.71253],[139.72471,35.71514],[139.71928,35.71632],[139.71153,35.7198],[139.70862,35.72069],[139.70459,35.72263],[139.70252,35.72261],[139.69758,35.72191],[139.69531,35.72196],[139.69413,35.72238],[139.68973,35.72281],[139.68605,35.72289],[139.68399,35.72263],[139.6813,35.72732],[139.67751,35.72956],[139.67271,35.73179],[139.67039,35.73258],[139.67099,35.73314],[139.67162,35.73466],[139.67282,35.73622],[139.67086,35.73665],[139.66643,35.73844],[139.66471,35.73838]]},"properties":{"patternId":"Toei.Shiro61.44201.2","routeId":"Toei.Shiro61","routeLabelJa":"白６１ 練馬車庫前行","routeCode":"白６１","direction":"2","stopCount":36,"geometrySource":"odpt-road-shape","operator":"Toei","patternCount":1}},{"type":"Feature","geometry":{"type":"LineString","coordinates":[[139.73117,35.71129],[139.73086,35.71223],[139.72854,35.71208],[139.72734,35.71253],[139.72471,35.71514],[139.71928,35.71632],[139.71153,35.7198],[139.70862,35.72069],[139.70459,35.72263],[139.70252,35.72261],[139.69758,35.72191],[139.69531,35.72196],[139.69413,35.72238],[139.68973,35.72281],[139.68605,35.72289],[139.68399,35.72263],[139.6813,35.72732],[139.67751,35.72956],[139.67271,35.73179],[139.67039,35.73258],[139.67099,35.73314],[139.67162,35.73466],[139.67282,35.73622],[139.67086,35.73665],[139.66643,35.73844],[139.66471,35.73838]]},"properties":{"patternId":"Toei.Shiro61.44202.2","routeId":"Toei.Shiro61","routeLabelJa":"白６１ 練馬車庫前行","routeCode":"白６１","direction":"2","stopCount":21,"geometrySource":"odpt-road-shape","operator":"Toei","patternCount":1}},{"type":"Feature","geometry":{"type":"LineString","coordinates":[[139.73744,35.75386],[139.73712,35.75488],[139.7377,35.75988],[139.73762,35.76126],[139.73612,35.76393],[139.73432,35.76944],[139.74739,35.77838],[139.74818,35.77868],[139.76009,35.77824],[139.78214,35.77796],[139.79765,35.7785],[139.79749,35.77081],[139.79762,35.76991],[139.80224,35.76522],[139.80236,35.76527]]},"properties":{"patternId":"Toei.Ou49.48001.2","routeId":"Toei.Ou49","routeLabelJa":"王４９ 千住車庫前行","routeCode":"王４９","direction":"2","stopCount":24,"geometrySource":"odpt-road-shape","operator":"Toei","patternCount":1}},{"type":"Feature","geometry":{"type":"LineString","coordinates":[[139.79694,35.804],[139.79773,35.80407],[139.79874,35.80516],[139.80049,35.80633],[139.80146,35.80669],[139.80253,35.79276],[139.79355,35.79303],[139.79118,35.79414],[139.79134,35.79456],[139.79164,35.79455],[139.79157,35.79392],[139.79368,35.79304],[139.80253,35.79281],[139.80287,35.78891],[139.80395,35.76271],[139.80007,35.75088],[139.80144,35.75073],[139.80385,35.74998],[139.80426,35.75022],[139.80454,35.75015],[139.80456,35.74992]]},"properties":{"patternId":"Toei.Kita47.48101.1","routeId":"Toei.Kita47","routeLabelJa":"北４７ 北千住駅前行","routeCode":"北４７","direction":"1","stopCount":23,"geometrySource":"odpt-road-shape","operator":"Toei","patternCount":1}},{"type":"Feature","geometry":{"type":"LineString","coordinates":[[139.73742,35.75382],[139.7373,35.75399],[139.73743,35.75429],[139.73712,35.75478],[139.73737,35.75651],[139.73747,35.76144],[139.73612,35.76393],[139.73425,35.76965],[139.74788,35.77862],[139.74861,35.77878],[139.76053,35.77833],[139.77211,35.77832],[139.78219,35.77806],[139.80319,35.77879],[139.80333,35.77526],[139.80373,35.77537]]},"properties":{"patternId":"Toei.Ou49.48502.2","routeId":"Toei.Ou49","routeLabelJa":"王４９ 足立区役所行","routeCode":"王４９","direction":"2","stopCount":22,"geometrySource":"odpt-road-shape","operator":"Toei","patternCount":1}},{"type":"Feature","geometry":{"type":"LineString","coordinates":[[139.77331,35.65219],[139.7735,35.65229],[139.77392,35.65188],[139.77339,35.65155],[139.77455,35.6504],[139.7816,35.65529],[139.77058,35.66652],[139.76606,35.67039],[139.75901,35.67534],[139.75359,35.67763],[139.75295,35.67766],[139.75107,35.67711],[139.74954,35.67703],[139.74928,35.67717],[139.74737,35.67919],[139.74595,35.67966],[139.74559,35.68007],[139.7443,35.68226],[139.74392,35.6836],[139.74361,35.68393],[139.74083,35.68416],[139.7374,35.68385],[139.73477,35.68404],[139.73099,35.68558],[139.7312,35.68604],[139.73034,35.6864]]},"properties":{"patternId":"Toei.T03.73507.1","routeId":"Toei.T03","routeLabelJa":"都０３ 四谷駅行","routeCode":"都０３","direction":"1","stopCount":19,"geometrySource":"odpt-road-shape","operator":"Toei","patternCount":1}},{"type":"Feature","geometry":{"type":"LineString","coordinates":[[139.7715,35.72864],[139.77192,35.72835],[139.77766,35.72871],[139.7802,35.72861],[139.78297,35.72799],[139.78631,35.72516],[139.78749,35.72466],[139.79109,35.72475],[139.79124,35.72142],[139.79277,35.71867],[139.79275,35.71728],[139.79863,35.7158],[139.79783,35.71269],[139.79773,35.71075],[139.79981,35.70959],[139.80222,35.70856],[139.81366,35.70905],[139.81421,35.70664],[139.81497,35.69788],[139.81388,35.69781],[139.8139,35.69752]]},"properties":{"patternId":"Toei.T08.52401.1","routeId":"Toei.T08","routeLabelJa":"都０８（Ｔ０８） 錦糸町駅前行","routeCode":"都０８（Ｔ０８）","direction":"1","stopCount":22,"geometrySource":"odpt-road-shape","operator":"Toei","patternCount":1}},{"type":"Feature","geometry":{"type":"LineString","coordinates":[[139.81348,35.69731],[139.81347,35.69779],[139.81497,35.69788],[139.81421,35.70664],[139.81366,35.70905],[139.80227,35.70844],[139.79773,35.71075],[139.79783,35.71269],[139.79863,35.7158],[139.79262,35.71731],[139.79263,35.71868],[139.79111,35.72139],[139.79094,35.72475],[139.78749,35.72466],[139.78631,35.72516],[139.78297,35.72799],[139.7802,35.72861],[139.77766,35.72871],[139.77151,35.72838]]},"properties":{"patternId":"Toei.T08.52401.2","routeId":"Toei.T08","routeLabelJa":"都０８（Ｔ０８） 日暮里駅前行","routeCode":"都０８（Ｔ０８）","direction":"2","stopCount":22,"geometrySource":"odpt-road-shape","operator":"Toei","patternCount":1}},{"type":"Feature","geometry":{"type":"LineString","coordinates":[[139.88375,35.68595],[139.88363,35.6861],[139.88393,35.68635],[139.88256,35.68739],[139.8829,35.6885],[139.88285,35.68992],[139.88133,35.70268],[139.87749,35.71855],[139.87706,35.71946],[139.8723,35.72451],[139.87149,35.72581],[139.87082,35.72527],[139.87104,35.72436],[139.87007,35.72413],[139.86937,35.72356],[139.86818,35.72298],[139.86737,35.72121],[139.86742,35.72036],[139.86708,35.7196],[139.8655,35.72032],[139.86477,35.71939],[139.85948,35.7168],[139.8569,35.71929],[139.86547,35.72525],[139.86609,35.72482]]},"properties":{"patternId":"Toei.Shinko20.64401.2","routeId":"Toei.Shinko20","routeLabelJa":"新小２０ 東新小岩四丁目行","routeCode":"新小２０","direction":"2","stopCount":24,"geometrySource":"odpt-road-shape","operator":"Toei","patternCount":1}},{"type":"Feature","geometry":{"type":"LineString","coordinates":[[139.87294,35.66327],[139.87333,35.66779],[139.87733,35.67456],[139.88003,35.67518],[139.88451,35.6744],[139.88466,35.67491],[139.88495,35.6751],[139.88536,35.67681],[139.88528,35.67995],[139.8863,35.68019],[139.88935,35.68211],[139.88434,35.68603],[139.88364,35.68604],[139.884,35.6863],[139.86825,35.69812]]},"properties":{"patternId":"Toei.Shinko22.68810.1","routeId":"Toei.Shinko22","routeLabelJa":"新小２２ 東小松川一丁目行","routeCode":"新小２２","direction":"1","stopCount":17,"geometrySource":"odpt-road-shape","operator":"Toei","patternCount":1}},{"type":"Feature","geometry":{"type":"LineString","coordinates":[[139.86408,35.68412],[139.86394,35.68391],[139.86373,35.68394],[139.86162,35.67999],[139.86294,35.6793],[139.86512,35.67754],[139.86639,35.67686],[139.86328,35.67417],[139.86487,35.67282],[139.86724,35.67174],[139.86696,35.67136],[139.86492,35.66583],[139.86684,35.66587],[139.87195,35.66647],[139.87244,35.66559],[139.87213,35.66482],[139.87326,35.6648],[139.87231,35.65062],[139.87207,35.64848],[139.87154,35.64736],[139.87941,35.64661],[139.8794,35.64691]]},"properties":{"patternId":"Toei.Kasai24.69101.1","routeId":"Toei.Kasai24","routeLabelJa":"葛西２４ なぎさニュータウン行","routeCode":"葛西２４","direction":"1","stopCount":17,"geometrySource":"odpt-road-shape","operator":"Toei","patternCount":1}},{"type":"Feature","geometry":{"type":"LineString","coordinates":[[139.87965,35.64718],[139.87955,35.64661],[139.87941,35.64661],[139.8714,35.64742],[139.87184,35.64834],[139.872,35.64919],[139.87317,35.66546],[139.87244,35.66559],[139.87195,35.66647],[139.86684,35.66587],[139.86492,35.66583],[139.86696,35.67136],[139.86724,35.67174],[139.86487,35.67282],[139.86328,35.67417],[139.86639,35.67686],[139.86512,35.67754],[139.86251,35.67958],[139.86162,35.67999],[139.86356,35.68361],[139.86392,35.68355]]},"properties":{"patternId":"Toei.Kasai24.69101.2","routeId":"Toei.Kasai24","routeLabelJa":"葛西２４ 船堀駅前行","routeCode":"葛西２４","direction":"2","stopCount":18,"geometrySource":"odpt-road-shape","operator":"Toei","patternCount":1}},{"type":"Feature","geometry":{"type":"LineString","coordinates":[[139.79632,35.70422],[139.79658,35.70448],[139.79718,35.70432],[139.79689,35.70364],[139.79332,35.7052],[139.79074,35.70609],[139.77309,35.708],[139.7688,35.70828],[139.76826,35.70823],[139.76678,35.7075],[139.76593,35.7073],[139.76106,35.70753],[139.75649,35.70725],[139.7558,35.7074],[139.75376,35.70838],[139.74967,35.70858],[139.74806,35.70964],[139.74501,35.71114],[139.74081,35.71404],[139.73879,35.7164],[139.73295,35.72022],[139.73172,35.72156],[139.7299,35.7263],[139.72943,35.72787],[139.72907,35.73036]]},"properties":{"patternId":"Toei.T02.32303.2","routeId":"Toei.T02","routeLabelJa":"都０２ 大塚駅前行","routeCode":"都０２","direction":"2","stopCount":26,"geometrySource":"odpt-road-shape","operator":"Toei","patternCount":1}},{"type":"Feature","geometry":{"type":"LineString","coordinates":[[139.73558,35.7187],[139.73898,35.71637],[139.74075,35.71422],[139.74554,35.71093],[139.74813,35.70972],[139.74975,35.70865],[139.75375,35.70851],[139.75659,35.70736],[139.76216,35.70754],[139.76593,35.70737],[139.76672,35.70756],[139.76839,35.70841],[139.79074,35.70609],[139.79332,35.7052],[139.79689,35.70364],[139.79714,35.70028],[139.81469,35.70124],[139.81497,35.69788],[139.81388,35.69781],[139.8139,35.69752]]},"properties":{"patternId":"Toei.T02.32306.1","routeId":"Toei.T02","routeLabelJa":"都０２ 錦糸町駅前行","routeCode":"都０２","direction":"1","stopCount":30,"geometrySource":"odpt-road-shape","operator":"Toei","patternCount":1}},{"type":"Feature","geometry":{"type":"LineString","coordinates":[[139.7127,35.73089],[139.7131,35.73149],[139.71678,35.73353],[139.72486,35.72919],[139.72987,35.7259],[139.72996,35.72606],[139.7294,35.72786],[139.72913,35.73036],[139.72931,35.73104],[139.73004,35.73091],[139.73017,35.73026],[139.73492,35.72614],[139.73757,35.72317],[139.7394,35.72176],[139.74163,35.7194],[139.7511,35.71309],[139.75169,35.71069],[139.75181,35.70851],[139.75353,35.70847],[139.75271,35.71116],[139.75527,35.71163],[139.75707,35.71369],[139.75739,35.71459],[139.75876,35.71533],[139.76178,35.71577],[139.76516,35.71792],[139.76639,35.71671],[139.76788,35.71452],[139.76838,35.71294],[139.76892,35.70991],[139.76979,35.70926],[139.7715,35.7096]]},"properties":{"patternId":"Toei.Ue60.32401.1","routeId":"Toei.Ue60","routeLabelJa":"上６０ 上野公園行","routeCode":"上６０","direction":"1","stopCount":25,"geometrySource":"odpt-road-shape","operator":"Toei","patternCount":1}},{"type":"Feature","geometry":{"type":"LineString","coordinates":[[139.7715,35.7096],[139.76979,35.70926],[139.76989,35.70825],[139.77307,35.70798],[139.77347,35.70975],[139.7726,35.70983],[139.76979,35.70926],[139.76892,35.70991],[139.76838,35.71294],[139.76788,35.71452],[139.76639,35.71671],[139.76516,35.71792],[139.76178,35.71577],[139.75895,35.71538],[139.75825,35.71517],[139.75739,35.71459],[139.75707,35.71369],[139.75543,35.71178],[139.75485,35.71144],[139.7529,35.71119],[139.75371,35.70847],[139.75181,35.70851],[139.75171,35.71054],[139.7511,35.71309],[139.74176,35.71931],[139.7394,35.72176],[139.73771,35.72307],[139.73493,35.72613],[139.73017,35.73026],[139.72999,35.73075],[139.72928,35.73082],[139.72915,35.72941],[139.7294,35.72786],[139.73012,35.72565],[139.72446,35.72942],[139.7166,35.73343],[139.71337,35.73156]]},"properties":{"patternId":"Toei.Ue60.32401.2","routeId":"Toei.Ue60","routeLabelJa":"上６０ 池袋駅東口行","routeCode":"上６０","direction":"2","stopCount":25,"geometrySource":"odpt-road-shape","operator":"Toei","patternCount":1}},{"type":"Feature","geometry":{"type":"LineString","coordinates":[[139.72924,35.7308],[139.72932,35.73104],[139.73004,35.73091],[139.73017,35.73026],[139.73492,35.72614],[139.73757,35.72317],[139.7394,35.72176],[139.74163,35.7194],[139.7511,35.71309],[139.75169,35.71069],[139.75181,35.70851],[139.75353,35.70847],[139.75271,35.71116],[139.75527,35.71163],[139.75707,35.71369],[139.75739,35.71459],[139.75876,35.71533],[139.76178,35.71577],[139.76516,35.71792],[139.76639,35.71671],[139.76788,35.71452],[139.76838,35.71294],[139.76892,35.70991],[139.76979,35.70926],[139.7715,35.7096]]},"properties":{"patternId":"Toei.Ue60.32402.1","routeId":"Toei.Ue60","routeLabelJa":"上６０ 上野公園行","routeCode":"上６０","direction":"1","stopCount":18,"geometrySource":"odpt-road-shape","operator":"Toei","patternCount":1}},{"type":"Feature","geometry":{"type":"LineString","coordinates":[[139.7726,35.70983],[139.77347,35.70975],[139.77307,35.70798],[139.76989,35.70825],[139.76979,35.70926],[139.76887,35.71002],[139.76857,35.71208],[139.76788,35.71452],[139.76639,35.71671],[139.76516,35.71792],[139.76178,35.71577],[139.75895,35.71538],[139.75825,35.71517],[139.75739,35.71459],[139.75707,35.71369],[139.75543,35.71178],[139.75485,35.71144],[139.7529,35.71119],[139.75371,35.70847],[139.75181,35.70851],[139.75171,35.71054],[139.7511,35.71309],[139.74596,35.71664],[139.74457,35.71731],[139.74316,35.71845],[139.74204,35.71908],[139.74085,35.72009],[139.7394,35.72176],[139.73771,35.72307],[139.73493,35.72613],[139.73205,35.72862],[139.72929,35.72829],[139.72912,35.73034]]},"properties":{"patternId":"Toei.Ue60.32402.2","routeId":"Toei.Ue60","routeLabelJa":"上６０ 大塚駅前行","routeCode":"上６０","direction":"2","stopCount":19,"geometrySource":"odpt-road-shape","operator":"Toei","patternCount":1}},{"type":"Feature","geometry":{"type":"LineString","coordinates":[[139.82563,35.69815],[139.82534,35.70175],[139.81468,35.70121],[139.81421,35.70664],[139.81365,35.70905],[139.80856,35.70874],[139.80843,35.71149],[139.80448,35.71351],[139.80181,35.71511],[139.78932,35.71814],[139.78134,35.72068],[139.77936,35.72259],[139.77691,35.72357],[139.77556,35.72351],[139.7733,35.72193],[139.76948,35.72071],[139.76516,35.71792],[139.76639,35.71671],[139.76788,35.71452],[139.76838,35.71294],[139.76892,35.70991],[139.76979,35.70926],[139.77187,35.70967]]},"properties":{"patternId":"Toei.Ue26.32501.1","routeId":"Toei.Ue26","routeLabelJa":"上２６ 上野公園行","routeCode":"上２６","direction":"1","stopCount":24,"geometrySource":"odpt-road-shape","operator":"Toei","patternCount":1}},{"type":"Feature","geometry":{"type":"LineString","coordinates":[[139.77187,35.70967],[139.7726,35.70983],[139.77347,35.70975],[139.77307,35.70798],[139.76989,35.70825],[139.76979,35.70926],[139.76887,35.71002],[139.76857,35.71211],[139.76788,35.71452],[139.76639,35.71671],[139.76516,35.71792],[139.76948,35.72071],[139.7733,35.72193],[139.77542,35.72344],[139.77674,35.72362],[139.77915,35.72273],[139.78134,35.72068],[139.78932,35.71814],[139.80181,35.71511],[139.80448,35.71351],[139.80843,35.71149],[139.80854,35.70886],[139.81365,35.70905],[139.81421,35.70664],[139.81468,35.70121],[139.82534,35.70175],[139.82563,35.69815]]},"properties":{"patternId":"Toei.Ue26.32501.2","routeId":"Toei.Ue26","routeLabelJa":"上２６ 亀戸駅前行","routeCode":"上２６","direction":"2","stopCount":25,"geometrySource":"odpt-road-shape","operator":"Toei","patternCount":1}},{"type":"Feature","geometry":{"type":"LineString","coordinates":[[139.82563,35.69815],[139.82549,35.69983],[139.82336,35.69971],[139.82325,35.70164],[139.81468,35.70121],[139.81421,35.70664],[139.81365,35.70905],[139.80856,35.70874],[139.80843,35.71149],[139.80448,35.71351],[139.80181,35.71511],[139.78932,35.71814],[139.78134,35.72068],[139.77936,35.72259],[139.77691,35.72357],[139.77556,35.72351],[139.7733,35.72193],[139.76948,35.72071],[139.76516,35.71792],[139.76639,35.71671],[139.76788,35.71452],[139.76838,35.71294],[139.76892,35.70991],[139.76979,35.70926],[139.77187,35.70967]]},"properties":{"patternId":"Toei.Ue26.32504.1","routeId":"Toei.Ue26","routeLabelJa":"上２６ 上野公園行","routeCode":"上２６","direction":"1","stopCount":23,"geometrySource":"odpt-road-shape","operator":"Toei","patternCount":1}},{"type":"Feature","geometry":{"type":"LineString","coordinates":[[139.77578,35.73709],[139.77078,35.73806],[139.77022,35.73832],[139.76207,35.74309],[139.74883,35.75032],[139.74189,35.75565],[139.74133,35.75558],[139.73938,35.75468],[139.73825,35.75354],[139.73664,35.75273],[139.73644,35.75249],[139.73646,35.75203],[139.73741,35.75086],[139.73732,35.75072],[139.72743,35.74372],[139.72603,35.74191],[139.71678,35.73353],[139.7131,35.73149],[139.71289,35.73124],[139.71303,35.73097]]},"properties":{"patternId":"Toei.Kusa64.36411.2","routeId":"Toei.Kusa64","routeLabelJa":"草６４ 池袋駅東口行","routeCode":"草６４","direction":"2","stopCount":21,"geometrySource":"odpt-road-shape","operator":"Toei","patternCount":1}},{"type":"Feature","geometry":{"type":"LineString","coordinates":[[139.76179,35.79424],[139.76167,35.7961],[139.76108,35.79612],[139.76059,35.79536],[139.75763,35.79224],[139.7594,35.79005],[139.76047,35.7906],[139.76206,35.79067],[139.76221,35.78974],[139.76173,35.78713],[139.76524,35.78317],[139.76504,35.77824],[139.76598,35.7708],[139.76732,35.76631],[139.7673,35.76505],[139.77088,35.76487],[139.77092,35.75987],[139.76991,35.75218],[139.76971,35.74688],[139.76912,35.74314],[139.76809,35.73314],[139.76831,35.73268],[139.772,35.72969],[139.77189,35.72929]]},"properties":{"patternId":"Toei.Sato48-2.36703.2","routeId":"Toei.Sato48-2","routeLabelJa":"里４８－２ 日暮里駅前行","routeCode":"里４８－２","direction":"2","stopCount":24,"geometrySource":"odpt-road-shape","operator":"Toei","patternCount":1}},{"type":"Feature","geometry":{"type":"LineString","coordinates":[[139.66491,35.73847],[139.66643,35.73844],[139.67086,35.73665],[139.67282,35.73622],[139.67492,35.73446],[139.67878,35.73063],[139.68106,35.72879],[139.68553,35.72536],[139.68973,35.72281],[139.69413,35.72238],[139.69531,35.72196],[139.69758,35.72191],[139.70251,35.72261],[139.70485,35.72255],[139.70862,35.72069],[139.71153,35.7198],[139.71928,35.71632],[139.72471,35.71514],[139.72734,35.71253],[139.72785,35.71224],[139.72854,35.71208],[139.73095,35.71225],[139.73163,35.71016],[139.73155,35.70877]]},"properties":{"patternId":"Toei.Shiro61.44205.1","routeId":"Toei.Shiro61","routeLabelJa":"白６１ 山吹町行","routeCode":"白６１","direction":"1","stopCount":22,"geometrySource":"odpt-road-shape","operator":"Toei","patternCount":1}},{"type":"Feature","geometry":{"type":"LineString","coordinates":[[139.65412,35.73858],[139.65422,35.73825],[139.65456,35.73828],[139.65479,35.73741],[139.65845,35.73814],[139.6623,35.73813],[139.66581,35.73851],[139.66677,35.73834],[139.67086,35.73665],[139.67282,35.73622],[139.67492,35.73446],[139.67878,35.73063],[139.68106,35.72879],[139.68553,35.72536],[139.68973,35.72281],[139.69413,35.72238],[139.69531,35.72196],[139.69758,35.72191],[139.70251,35.72261],[139.70459,35.72263],[139.70862,35.72069],[139.71153,35.7198],[139.71928,35.71632],[139.72471,35.71514],[139.72734,35.71253],[139.72785,35.71224],[139.72854,35.71208],[139.73095,35.71225],[139.73148,35.71092],[139.73166,35.70974],[139.73122,35.70734],[139.72702,35.70741],[139.72708,35.70484],[139.7267,35.70385],[139.7265,35.70042],[139.72552,35.69691],[139.7241,35.69295],[139.72231,35.69256],[139.72231,35.69235],[139.72168,35.69234],[139.71706,35.69117],[139.71521,35.69139],[139.71361,35.69116],[139.70802,35.69179],[139.70069,35.69364],[139.70027,35.69336],[139.69924,35.69355],[139.69933,35.69206],[139.69875,35.69196]]},"properties":{"patternId":"Toei.Shiro61.44210.1","routeId":"Toei.Shiro61","routeLabelJa":"白６１ 新宿駅西口行","routeCode":"白６１","direction":"1","stopCount":38,"geometrySource":"odpt-road-shape","operator":"Toei","patternCount":1}},{"type":"Feature","geometry":{"type":"LineString","coordinates":[[139.74125,35.59359],[139.74096,35.59316],[139.74034,35.59328],[139.74186,35.59567],[139.74284,35.59888],[139.74336,35.59943],[139.74536,35.60081],[139.74563,35.60294],[139.74706,35.60698],[139.7478,35.61547],[139.7477,35.61697],[139.74629,35.62056],[139.74366,35.61777],[139.74215,35.61696],[139.74097,35.61681],[139.74074,35.6188],[139.74041,35.61972],[139.73798,35.62354],[139.73811,35.6249],[139.73767,35.62669],[139.73745,35.62901],[139.73239,35.62958],[139.73251,35.63307],[139.73307,35.63566],[139.72889,35.63612],[139.72807,35.63717],[139.72752,35.63854],[139.71824,35.63416],[139.71716,35.6338],[139.71629,35.63374],[139.71625,35.63411],[139.71643,35.63423]]},"properties":{"patternId":"Toei.Shina93.408.1","routeId":"Toei.Shina93","routeLabelJa":"品９３ 目黒駅前行","routeCode":"品９３","direction":"1","stopCount":24,"geometrySource":"odpt-road-shape","operator":"Toei","patternCount":1}},{"type":"Feature","geometry":{"type":"LineString","coordinates":[[139.74126,35.62829],[139.74028,35.62839],[139.7411,35.63146],[139.74137,35.63195],[139.74518,35.63181],[139.74532,35.63309],[139.74806,35.64156],[139.74795,35.64195],[139.74572,35.64281],[139.75041,35.64485],[139.75128,35.64501],[139.75397,35.64617],[139.75237,35.64297],[139.75518,35.64297],[139.75981,35.652],[139.76011,35.65287],[139.76011,35.65601],[139.75713,35.65657],[139.7546,35.65681],[139.75509,35.66022],[139.75275,35.66058],[139.74931,35.66167],[139.74715,35.66199],[139.74529,35.66318],[139.74338,35.66089],[139.74305,35.66013],[139.74636,35.65868],[139.74576,35.65798]]},"properties":{"patternId":"Toei.Hama95.807.1","routeId":"Toei.Hama95","routeLabelJa":"浜９５ 東京タワー行","routeCode":"浜９５","direction":"1","stopCount":22,"geometrySource":"odpt-road-shape","operator":"Toei","patternCount":1}},{"type":"Feature","geometry":{"type":"LineString","coordinates":[[139.71347,35.72955],[139.714,35.72919],[139.71421,35.73206],[139.71683,35.73358],[139.72608,35.74198],[139.72736,35.74372],[139.73478,35.74925],[139.73731,35.75089],[139.73634,35.75213],[139.73651,35.75267],[139.73805,35.75345],[139.73911,35.7545],[139.74133,35.75556],[139.74964,35.76422],[139.75195,35.7639],[139.75332,35.76343],[139.75589,35.76205],[139.75798,35.76228],[139.76311,35.76452],[139.7628,35.76627],[139.76188,35.76849],[139.76376,35.7691],[139.76893,35.77235]]},"properties":{"patternId":"Toei.Ou40Kou.40014.1","routeId":"Toei.Ou40Kou","routeLabelJa":"王４０甲 江北四丁目行","routeCode":"王４０甲","direction":"1","stopCount":22,"geometrySource":"odpt-road-shape","operator":"Toei","patternCount":1}},{"type":"Feature","geometry":{"type":"LineString","coordinates":[[139.76547,35.68232],[139.76584,35.68229],[139.76613,35.68272],[139.76695,35.68315],[139.76763,35.68434],[139.76307,35.68532],[139.76438,35.69011],[139.76214,35.6907],[139.76095,35.69166],[139.76129,35.69544],[139.76161,35.69651],[139.7638,35.70063],[139.76322,35.70086],[139.76251,35.7016],[139.76203,35.70178],[139.76182,35.70422],[139.76122,35.70483],[139.76082,35.70565],[139.76026,35.70961],[139.75802,35.71776],[139.75735,35.71898],[139.75429,35.72283],[139.75374,35.72453],[139.75515,35.72576],[139.75731,35.72954],[139.75767,35.73095],[139.75831,35.73188],[139.75912,35.73418],[139.75966,35.73761],[139.76025,35.73836],[139.76177,35.73935],[139.76049,35.74075],[139.7635,35.74418],[139.7625,35.74792],[139.76197,35.7515],[139.76275,35.75516],[139.7627,35.75594],[139.76248,35.75639],[139.76058,35.75646],[139.76038,35.75579],[139.7568,35.75651],[139.75799,35.75971],[139.75641,35.76081],[139.75589,35.76205],[139.75799,35.76229],[139.76318,35.76452],[139.76283,35.76614],[139.76214,35.76784]]},"properties":{"patternId":"Toei.Higashi43.40402.2","routeId":"Toei.Higashi43","routeLabelJa":"東４３ 荒川土手行","routeCode":"東４３","direction":"2","stopCount":33,"geometrySource":"odpt-road-shape","operator":"Toei","patternCount":1}},{"type":"Feature","geometry":{"type":"LineString","coordinates":[[139.76304,35.76882],[139.76198,35.76853],[139.76295,35.76618],[139.76285,35.76552],[139.76318,35.76452],[139.75799,35.76229],[139.75589,35.76205],[139.75641,35.76081],[139.75799,35.75971],[139.7568,35.75651],[139.76038,35.75579],[139.76058,35.75646],[139.76248,35.75639],[139.76271,35.7559],[139.76275,35.75516],[139.76197,35.7515],[139.7625,35.74792],[139.7635,35.74418],[139.76049,35.74075],[139.76177,35.73935],[139.76025,35.73836],[139.75963,35.73751],[139.7591,35.73411],[139.75848,35.73224],[139.75767,35.73095],[139.75742,35.72995]]},"properties":{"patternId":"Toei.Higashi43.40403.1","routeId":"Toei.Higashi43","routeLabelJa":"東４３ 駒込病院前行","routeCode":"東４３","direction":"1","stopCount":17,"geometrySource":"odpt-road-shape","operator":"Toei","patternCount":1}},{"type":"Feature","geometry":{"type":"LineString","coordinates":[[139.74125,35.59359],[139.74096,35.59316],[139.74034,35.59328],[139.74186,35.59567],[139.74284,35.59888],[139.74336,35.59943],[139.74536,35.60081],[139.74563,35.60294],[139.74706,35.60698],[139.7478,35.61547],[139.7477,35.61697],[139.74629,35.62056],[139.74488,35.61909],[139.74329,35.62002],[139.74074,35.62238],[139.74048,35.62271],[139.74115,35.6231],[139.74095,35.62326]]},"properties":{"patternId":"Toei.Shina93.406.2","routeId":"Toei.Shina93","routeLabelJa":"品９３ 品川車庫前行","routeCode":"品９３","direction":"2","stopCount":13,"geometrySource":"odpt-road-shape","operator":"Toei","patternCount":1}},{"type":"Feature","geometry":{"type":"LineString","coordinates":[[139.75741,35.70743],[139.76216,35.70754],[139.76593,35.70737],[139.76672,35.70756],[139.76839,35.70841],[139.79074,35.70609],[139.79332,35.7052],[139.79689,35.70364],[139.79714,35.70028],[139.81469,35.70124],[139.81497,35.69788],[139.81388,35.69781],[139.8139,35.69752]]},"properties":{"patternId":"Toei.T02.32313.1","routeId":"Toei.T02","routeLabelJa":"都０２ 錦糸町駅前行","routeCode":"都０２","direction":"1","stopCount":22,"geometrySource":"odpt-road-shape","operator":"Toei","patternCount":1}},{"type":"Feature","geometry":{"type":"LineString","coordinates":[[139.86516,35.72493],[139.85708,35.71912],[139.85949,35.7168],[139.86478,35.71941],[139.8655,35.72031],[139.86866,35.71887],[139.87142,35.71704],[139.87417,35.7157],[139.87419,35.71314],[139.87332,35.69994],[139.87096,35.69616],[139.88279,35.68722],[139.88253,35.68588]]},"properties":{"patternId":"Toei.Shinko29.68307.2","routeId":"Toei.Shinko29","routeLabelJa":"新小２９ 一之江駅前行","routeCode":"新小２９","direction":"2","stopCount":23,"geometrySource":"odpt-road-shape","operator":"Toei","patternCount":1}},{"type":"Feature","geometry":{"type":"LineString","coordinates":[[139.85509,35.65152],[139.85521,35.65359],[139.86339,35.65313],[139.86408,35.6617],[139.87281,35.66039],[139.87299,35.66299],[139.87275,35.66302],[139.87276,35.66336],[139.873,35.66335],[139.87333,35.66781],[139.8769,35.67375],[139.87921,35.67822],[139.88135,35.68315],[139.88257,35.6874],[139.87096,35.69616],[139.87332,35.69994],[139.87419,35.71308],[139.87417,35.7157],[139.87142,35.71704],[139.86866,35.71887],[139.8655,35.72031],[139.86478,35.71941],[139.85949,35.7168],[139.8569,35.71929],[139.86547,35.72525],[139.86611,35.7248]]},"properties":{"patternId":"Toei.Shinko29.68315.1","routeId":"Toei.Shinko29","routeLabelJa":"新小２９ 東新小岩四丁目行","routeCode":"新小２９","direction":"1","stopCount":37,"geometrySource":"odpt-road-shape","operator":"Toei","patternCount":1}},{"type":"Feature","geometry":{"type":"LineString","coordinates":[[139.71656,35.63418],[139.71665,35.63385],[139.71696,35.63386],[139.71834,35.63431],[139.72394,35.63701],[139.72261,35.63929],[139.7221,35.64182],[139.72077,35.64324],[139.7217,35.64446],[139.72285,35.64767],[139.72231,35.65073],[139.7222,35.65292],[139.72254,35.65393],[139.72377,35.6563],[139.7239,35.65678],[139.7238,35.658],[139.72294,35.66122],[139.72135,35.66227],[139.72095,35.66289],[139.72041,35.66428],[139.72054,35.66594],[139.72017,35.66679],[139.71955,35.66737],[139.7174,35.66794],[139.71673,35.66855],[139.71379,35.67044],[139.71269,35.67184],[139.71251,35.67325],[139.71267,35.67556],[139.71257,35.67696],[139.71276,35.67794],[139.71058,35.67896],[139.71154,35.6807],[139.71194,35.68067]]},"properties":{"patternId":"Toei.Kuro77.201.1","routeId":"Toei.Kuro77","routeLabelJa":"黒７７ 千駄ヶ谷駅前行","routeCode":"黒７７","direction":"1","stopCount":18,"geometrySource":"odpt-road-shape","operator":"Toei","patternCount":1}},{"type":"Feature","geometry":{"type":"LineString","coordinates":[[139.71217,35.68052],[139.71154,35.6807],[139.71058,35.67896],[139.71286,35.6779],[139.71267,35.67696],[139.71251,35.67325],[139.71269,35.67184],[139.71382,35.67052],[139.71757,35.66794],[139.71959,35.66744],[139.7202,35.6669],[139.72064,35.6659],[139.72051,35.66431],[139.72109,35.66278],[139.72142,35.66232],[139.7231,35.66116],[139.7238,35.658],[139.7239,35.65679],[139.72377,35.6563],[139.7222,35.65292],[139.72232,35.65073],[139.72285,35.64767],[139.7217,35.64446],[139.72083,35.64332],[139.72222,35.64182],[139.72268,35.63935],[139.72409,35.63695],[139.71849,35.63424],[139.71717,35.63378],[139.7163,35.6337],[139.71637,35.63422]]},"properties":{"patternId":"Toei.Kuro77.201.2","routeId":"Toei.Kuro77","routeLabelJa":"黒７７ 目黒駅前行","routeCode":"黒７７","direction":"2","stopCount":19,"geometrySource":"odpt-road-shape","operator":"Toei","patternCount":1}},{"type":"Feature","geometry":{"type":"LineString","coordinates":[[139.74125,35.59359],[139.74096,35.59316],[139.74034,35.59328],[139.74186,35.59567],[139.74284,35.59888],[139.74336,35.59943],[139.74536,35.60081],[139.74563,35.60294],[139.74706,35.60698],[139.7478,35.61547],[139.7477,35.61697],[139.74629,35.62056],[139.74488,35.61909],[139.74329,35.62002],[139.74115,35.62197],[139.73943,35.62405],[139.73811,35.6249],[139.73767,35.62669],[139.73743,35.62901],[139.73239,35.62958],[139.73251,35.63307],[139.73307,35.63566],[139.72889,35.63612],[139.72807,35.63717],[139.72752,35.63854],[139.71824,35.63416],[139.71716,35.6338],[139.71629,35.63374],[139.71625,35.63411],[139.71643,35.63423]]},"properties":{"patternId":"Toei.Shina93.401.1","routeId":"Toei.Shina93","routeLabelJa":"品９３ 目黒駅前行","routeCode":"品９３","direction":"1","stopCount":23,"geometrySource":"odpt-road-shape","operator":"Toei","patternCount":1}},{"type":"Feature","geometry":{"type":"LineString","coordinates":[[139.702,35.65875],[139.7018,35.65921],[139.70253,35.65939],[139.70312,35.65817],[139.7041,35.6583],[139.70618,35.66036],[139.71057,35.66319],[139.71484,35.66098],[139.71884,35.65948],[139.72283,35.65976],[139.72431,35.66005],[139.72825,35.66143],[139.73217,35.66331],[139.73423,35.66229],[139.73785,35.66121],[139.74215,35.6595],[139.74255,35.65952],[139.74284,35.65968],[139.74317,35.66084],[139.74641,35.66449],[139.74804,35.66817],[139.74937,35.6705],[139.75851,35.66745],[139.75933,35.6671],[139.75914,35.66668],[139.75923,35.66647]]},"properties":{"patternId":"Toei.Shibu88.8206.1","routeId":"Toei.Shibu88","routeLabelJa":"渋８８ 新橋駅前行","routeCode":"渋８８","direction":"1","stopCount":18,"geometrySource":"odpt-road-shape","operator":"Toei","patternCount":1}},{"type":"Feature","geometry":{"type":"LineString","coordinates":[[139.7292,35.73095],[139.72974,35.73088],[139.72933,35.73083],[139.72914,35.73007],[139.72943,35.72787],[139.73172,35.72156],[139.73285,35.7204],[139.73898,35.71637],[139.74075,35.71422],[139.74554,35.71093],[139.74813,35.70972],[139.74948,35.70875],[139.75034,35.70857],[139.75375,35.70851],[139.75659,35.70736],[139.76216,35.70754],[139.76593,35.70737],[139.76672,35.70756],[139.76839,35.70841],[139.79074,35.70609],[139.79332,35.7052],[139.79689,35.70364],[139.79714,35.70028],[139.81469,35.70124],[139.81497,35.69788],[139.81388,35.69781],[139.8139,35.69752]]},"properties":{"patternId":"Toei.T02.32301.1","routeId":"Toei.T02","routeLabelJa":"都０２ 錦糸町駅前行","routeCode":"都０２","direction":"1","stopCount":35,"geometrySource":"odpt-road-shape","operator":"Toei","patternCount":1}},{"type":"Feature","geometry":{"type":"LineString","coordinates":[[139.81369,35.69733],[139.8134,35.6974],[139.81349,35.69779],[139.81497,35.69788],[139.81469,35.70117],[139.79715,35.7002],[139.79689,35.70364],[139.79332,35.7052],[139.79074,35.70609],[139.76911,35.70829],[139.76826,35.70823],[139.76678,35.7075],[139.76593,35.7073],[139.76106,35.70753],[139.75649,35.70725],[139.7558,35.7074],[139.75376,35.70838],[139.74967,35.70858],[139.74806,35.70964],[139.74501,35.71114],[139.74081,35.71404],[139.73879,35.7164],[139.73295,35.72022],[139.73172,35.72156],[139.7299,35.7263],[139.72943,35.72787],[139.72907,35.73036]]},"properties":{"patternId":"Toei.T02.32301.2","routeId":"Toei.T02","routeLabelJa":"都０２ 大塚駅前行","routeCode":"都０２","direction":"2","stopCount":34,"geometrySource":"odpt-road-shape","operator":"Toei","patternCount":1}},{"type":"Feature","geometry":{"type":"LineString","coordinates":[[139.7558,35.62803],[139.75579,35.6302],[139.75555,35.63066],[139.75463,35.63111],[139.7453,35.63174],[139.74504,35.62927],[139.74132,35.62951]]},"properties":{"patternId":"Toei.Shina99.4506.2","routeId":"Toei.Shina99","routeLabelJa":"品９９ 品川駅港南口行","routeCode":"品９９","direction":"2","stopCount":4,"geometrySource":"odpt-road-shape","operator":"Toei","patternCount":1}},{"type":"Feature","geometry":{"type":"LineString","coordinates":[[139.80364,35.77517],[139.80326,35.77527],[139.80382,35.76236],[139.79772,35.74381],[139.79773,35.74286],[139.79822,35.74106],[139.79799,35.74021],[139.79669,35.73667],[139.79423,35.73435],[139.79292,35.73275],[139.79179,35.73002],[139.7908,35.72896],[139.79074,35.72869],[139.7912,35.72132],[139.79268,35.71869],[139.79245,35.71404],[139.79198,35.71143],[139.7914,35.70968],[139.79609,35.7088],[139.7962,35.71018]]},"properties":{"patternId":"Toei.Kusa43.48301.1","routeId":"Toei.Kusa43","routeLabelJa":"草４３ 浅草雷門行","routeCode":"草４３","direction":"1","stopCount":21,"geometrySource":"odpt-road-shape","operator":"Toei","patternCount":1}},{"type":"Feature","geometry":{"type":"LineString","coordinates":[[139.79621,35.71023],[139.79632,35.71088],[139.79198,35.71143],[139.79253,35.71459],[139.79268,35.71869],[139.7912,35.72132],[139.79075,35.72881],[139.79179,35.73002],[139.79274,35.73247],[139.79663,35.73696],[139.79684,35.73817],[139.79797,35.74076],[139.79799,35.74139],[139.79751,35.74302],[139.79753,35.7439],[139.80191,35.7568],[139.80375,35.76286],[139.80326,35.77513],[139.80348,35.77533]]},"properties":{"patternId":"Toei.Kusa43.48301.2","routeId":"Toei.Kusa43","routeLabelJa":"草４３ 足立区役所行","routeCode":"草４３","direction":"2","stopCount":18,"geometrySource":"odpt-road-shape","operator":"Toei","patternCount":1}},{"type":"Feature","geometry":{"type":"LineString","coordinates":[[139.82471,35.69811],[139.82349,35.69809],[139.82368,35.69645],[139.81909,35.69616],[139.8178,35.69582],[139.81515,35.69562],[139.81575,35.68897],[139.79821,35.68797],[139.79344,35.68794],[139.78187,35.68248],[139.77938,35.68208],[139.7785,35.68112],[139.77439,35.67465],[139.77414,35.67296],[139.77324,35.67095],[139.77212,35.66938],[139.77065,35.66811]]},"properties":{"patternId":"Toei.Nishiki11.65202.1","routeId":"Toei.Nishiki11","routeLabelJa":"錦１１ 築地駅前行","routeCode":"錦１１","direction":"1","stopCount":23,"geometrySource":"odpt-road-shape","operator":"Toei","patternCount":1}},{"type":"Feature","geometry":{"type":"LineString","coordinates":[[139.77162,35.66743],[139.77308,35.66855],[139.77206,35.66933],[139.77324,35.67096],[139.77414,35.67296],[139.77439,35.67465],[139.7785,35.68111],[139.77938,35.68208],[139.78181,35.68258],[139.7933,35.68799],[139.7991,35.68811],[139.81074,35.68878],[139.81017,35.69358],[139.80935,35.69455],[139.80928,35.6953],[139.8172,35.69589],[139.81842,35.69627],[139.82576,35.69664],[139.82564,35.69785],[139.82532,35.69784]]},"properties":{"patternId":"Toei.Nishiki11.65202.2","routeId":"Toei.Nishiki11","routeLabelJa":"錦１１ 亀戸駅前行","routeCode":"錦１１","direction":"2","stopCount":24,"geometrySource":"odpt-road-shape","operator":"Toei","patternCount":1}},{"type":"Feature","geometry":{"type":"LineString","coordinates":[[139.70446,35.71366],[139.70363,35.71381],[139.70254,35.71366],[139.69999,35.71245],[139.69718,35.7117],[139.69626,35.71127],[139.69495,35.71016],[139.69387,35.70963],[139.69307,35.71018],[139.69326,35.71036]]},"properties":{"patternId":"Toei.Ii64.16002.2","routeId":"Toei.Ii64","routeLabelJa":"飯６４ 小滝橋車庫前行","routeCode":"飯６４","direction":"2","stopCount":5,"geometrySource":"odpt-road-shape","operator":"Toei","patternCount":2}},{"type":"Feature","geometry":{"type":"LineString","coordinates":[[139.69326,35.71036],[139.69307,35.71018],[139.69387,35.70963],[139.69399,35.70936],[139.69435,35.70785],[139.69436,35.706],[139.69523,35.70185],[139.70942,35.7008],[139.71197,35.70133],[139.71426,35.7014],[139.71668,35.70112],[139.71743,35.70131],[139.72206,35.69985],[139.7262,35.69939],[139.72783,35.69947],[139.73002,35.6991],[139.7318,35.69943],[139.73581,35.70085],[139.73727,35.70151],[139.73928,35.70328],[139.74113,35.70348],[139.74235,35.70296],[139.74467,35.70266],[139.74603,35.70314],[139.74614,35.70392],[139.74673,35.70387]]},"properties":{"patternId":"Toei.Ii62.16301.1","routeId":"Toei.Ii62","routeLabelJa":"飯６２ 都営飯田橋駅前行","routeCode":"飯６２","direction":"1","stopCount":18,"geometrySource":"odpt-road-shape","operator":"Toei","patternCount":1}},{"type":"Feature","geometry":{"type":"LineString","coordinates":[[139.74677,35.70387],[139.74744,35.70383],[139.74739,35.70324],[139.7456,35.70307],[139.74467,35.70266],[139.74235,35.70296],[139.74113,35.70348],[139.73928,35.70328],[139.73748,35.70165],[139.7368,35.70129],[139.7318,35.69943],[139.73002,35.6991],[139.72803,35.69946],[139.7262,35.69939],[139.72274,35.69974],[139.71743,35.70131],[139.71668,35.70112],[139.71426,35.7014],[139.71194,35.70133],[139.70927,35.70081],[139.69523,35.70185],[139.69435,35.70608],[139.69435,35.70785],[139.69399,35.70936],[139.69387,35.70963],[139.69307,35.71018],[139.69326,35.71036]]},"properties":{"patternId":"Toei.Ii62.16301.2","routeId":"Toei.Ii62","routeLabelJa":"飯６２ 小滝橋車庫前行","routeCode":"飯６２","direction":"2","stopCount":17,"geometrySource":"odpt-road-shape","operator":"Toei","patternCount":1}},{"type":"Feature","geometry":{"type":"LineString","coordinates":[[139.69326,35.71036],[139.69307,35.71018],[139.69387,35.70963],[139.69399,35.70936],[139.69435,35.70785],[139.69436,35.706],[139.69523,35.70185],[139.70942,35.7008],[139.71197,35.70133],[139.71426,35.7014],[139.71668,35.70112],[139.71743,35.70131],[139.72206,35.69985],[139.7262,35.69939],[139.72783,35.69947],[139.73002,35.6991],[139.73314,35.69989],[139.73444,35.69706],[139.7353,35.69654],[139.73771,35.69427],[139.73711,35.69362],[139.73518,35.69219],[139.73594,35.69112],[139.73537,35.68935],[139.73767,35.68397],[139.73814,35.68401],[139.73851,35.67869],[139.74011,35.67888],[139.74162,35.67782],[139.7427,35.6776],[139.7438,35.6776],[139.74645,35.67812],[139.74754,35.67428],[139.75604,35.67074],[139.75619,35.67063],[139.75501,35.66851],[139.75851,35.66739],[139.7586,35.66701]]},"properties":{"patternId":"Toei.Hashi63.16401.1","routeId":"Toei.Hashi63","routeLabelJa":"橋６３ 新橋駅前行","routeCode":"橋６３","direction":"1","stopCount":26,"geometrySource":"odpt-road-shape","operator":"Toei","patternCount":1}},{"type":"Feature","geometry":{"type":"LineString","coordinates":[[139.75858,35.66704],[139.75863,35.66685],[139.75911,35.66669],[139.75932,35.66711],[139.75501,35.66851],[139.75619,35.67063],[139.75604,35.67074],[139.74754,35.67428],[139.74655,35.67766],[139.74587,35.67798],[139.74393,35.67762],[139.74195,35.67768],[139.74017,35.67871],[139.73719,35.67847],[139.73851,35.67869],[139.73816,35.68388],[139.73771,35.68385],[139.73537,35.68935],[139.73594,35.69112],[139.73517,35.69219],[139.7365,35.69311],[139.73771,35.69427],[139.7353,35.69654],[139.73444,35.69706],[139.73314,35.69989],[139.7342,35.69756],[139.73314,35.69989],[139.73002,35.6991],[139.72803,35.69946],[139.7262,35.69939],[139.72274,35.69974],[139.71743,35.70131],[139.71668,35.70112],[139.71426,35.7014],[139.71194,35.70133],[139.70927,35.70081],[139.69523,35.70185],[139.69435,35.70608],[139.69435,35.70785],[139.69399,35.70936],[139.69387,35.70963],[139.69307,35.71018],[139.69326,35.71036]]},"properties":{"patternId":"Toei.Hashi63.16401.2","routeId":"Toei.Hashi63","routeLabelJa":"橋６３ 小滝橋車庫前行","routeCode":"橋６３","direction":"2","stopCount":25,"geometrySource":"odpt-road-shape","operator":"Toei","patternCount":1}},{"type":"Feature","geometry":{"type":"LineString","coordinates":[[139.87134,35.76918],[139.87189,35.76918],[139.87199,35.76812],[139.87238,35.76748],[139.86762,35.76496],[139.85478,35.7576],[139.85428,35.75715],[139.84898,35.75103],[139.84527,35.74611],[139.84143,35.74196],[139.83782,35.73843],[139.82712,35.73051],[139.81351,35.71812],[139.80574,35.71288],[139.80522,35.71237],[139.80417,35.71018],[139.80433,35.70853],[139.80222,35.70845],[139.79767,35.71073],[139.79198,35.71143],[139.7914,35.70968],[139.79057,35.70985]]},"properties":{"patternId":"Toei.Kusa39.56002.1","routeId":"Toei.Kusa39","routeLabelJa":"草３９ 浅草寿町行","routeCode":"草３９","direction":"1","stopCount":28,"geometrySource":"odpt-road-shape","operator":"Toei","patternCount":1}},{"type":"Feature","geometry":{"type":"LineString","coordinates":[[139.7916,35.71025],[139.79198,35.71143],[139.79767,35.71073],[139.80222,35.70856],[139.80432,35.70865],[139.80417,35.71018],[139.80522,35.71237],[139.80574,35.71288],[139.81351,35.71812],[139.82712,35.73051],[139.83577,35.73701],[139.83929,35.73994],[139.84158,35.74212],[139.84527,35.74611],[139.84898,35.75103],[139.85428,35.75715],[139.85478,35.7576],[139.87107,35.76702],[139.87056,35.76887],[139.87134,35.76918]]},"properties":{"patternId":"Toei.Kusa39.56002.2","routeId":"Toei.Kusa39","routeLabelJa":"草３９ 金町駅前行","routeCode":"草３９","direction":"2","stopCount":28,"geometrySource":"odpt-road-shape","operator":"Toei","patternCount":1}},{"type":"Feature","geometry":{"type":"LineString","coordinates":[[139.7726,35.70697],[139.77283,35.70716],[139.77347,35.70975],[139.7744,35.71153],[139.77494,35.71166],[139.77648,35.7115],[139.77797,35.7122],[139.79132,35.70969],[139.79193,35.71144],[139.79767,35.71073],[139.80221,35.70855],[139.8133,35.7091],[139.81785,35.70799],[139.81891,35.70927],[139.82076,35.71099],[139.82734,35.71329],[139.82836,35.71589],[139.82891,35.71573],[139.83083,35.72187]]},"properties":{"patternId":"Toei.Ue23.56205.1","routeId":"Toei.Ue23","routeLabelJa":"上２３ 東墨田二丁目行","routeCode":"上２３","direction":"1","stopCount":20,"geometrySource":"odpt-road-shape","operator":"Toei","patternCount":1}},{"type":"Feature","geometry":{"type":"LineString","coordinates":[[139.84183,35.7068],[139.84148,35.70712],[139.84053,35.70724],[139.84269,35.70921],[139.8414,35.71044],[139.84218,35.71225],[139.84223,35.71512],[139.84094,35.715],[139.83815,35.71659],[139.83676,35.71694],[139.83597,35.71657],[139.83575,35.7159],[139.83602,35.71505],[139.83278,35.71499],[139.83267,35.71563],[139.83303,35.71641],[139.83411,35.71775],[139.83462,35.71813],[139.83079,35.7235],[139.82507,35.72864],[139.82712,35.73051],[139.83704,35.738],[139.84198,35.74256],[139.84392,35.74466],[139.84382,35.74473]]},"properties":{"patternId":"Toei.Ue23Shutsunyuu.56207.1","routeId":"Toei.Ue23Shutsunyuu","routeLabelJa":"上２３出入 青戸車庫前行","routeCode":"上２３出入","direction":"1","stopCount":17,"geometrySource":"odpt-road-shape","operator":"Toei","patternCount":1}},{"type":"Feature","geometry":{"type":"LineString","coordinates":[[139.84334,35.74384],[139.83708,35.73776],[139.82712,35.73051],[139.82507,35.72864],[139.83079,35.7235],[139.83462,35.71813],[139.83374,35.71735],[139.83277,35.71597],[139.83278,35.71499],[139.83602,35.71505],[139.83575,35.71591],[139.83596,35.71656],[139.83679,35.71694],[139.83814,35.71661],[139.84091,35.71502],[139.84223,35.71512],[139.84218,35.71225],[139.84141,35.71044],[139.84366,35.70842],[139.84216,35.70723],[139.84245,35.70696],[139.84222,35.70675]]},"properties":{"patternId":"Toei.Ue23Shutsunyuu.56207.2","routeId":"Toei.Ue23Shutsunyuu","routeLabelJa":"上２３出入 平井駅前行","routeCode":"上２３出入","direction":"2","stopCount":18,"geometrySource":"odpt-road-shape","operator":"Toei","patternCount":1}},{"type":"Feature","geometry":{"type":"LineString","coordinates":[[139.84183,35.7068],[139.84147,35.70712],[139.84053,35.70724],[139.8427,35.70922],[139.8414,35.71044],[139.84218,35.71227],[139.84223,35.71512],[139.84095,35.715],[139.83813,35.7166],[139.83677,35.71694],[139.83597,35.71657],[139.83575,35.71587],[139.83602,35.71504],[139.83278,35.71499],[139.83269,35.71567],[139.83291,35.71625],[139.83375,35.71736],[139.83463,35.71813],[139.83139,35.7227],[139.8311,35.72263],[139.82915,35.71636],[139.8284,35.71597],[139.82734,35.71329],[139.82076,35.711],[139.81891,35.70927],[139.81785,35.70799],[139.81365,35.70905],[139.80225,35.70845],[139.80206,35.71097],[139.80165,35.71106],[139.80094,35.71081],[139.79977,35.70964],[139.79767,35.71073],[139.79206,35.71142],[139.79147,35.70966],[139.77818,35.71216],[139.77679,35.71137],[139.7744,35.71153],[139.77347,35.70975],[139.77331,35.70851]]},"properties":{"patternId":"Toei.Ue23.56208.1","routeId":"Toei.Ue23","routeLabelJa":"上２３ 上野松坂屋前行","routeCode":"上２３","direction":"1","stopCount":29,"geometrySource":"odpt-road-shape","operator":"Toei","patternCount":1}},{"type":"Feature","geometry":{"type":"LineString","coordinates":[[139.8168,35.66967],[139.8258,35.67001],[139.82659,35.67361],[139.83706,35.66992],[139.84118,35.66944],[139.84048,35.67541],[139.8338,35.67627],[139.83643,35.68562],[139.83619,35.68842],[139.83428,35.6944],[139.83396,35.69699],[139.82577,35.69653],[139.82565,35.69784],[139.8254,35.69803]]},"properties":{"patternId":"Toei.Kame21.60001.1","routeId":"Toei.Kame21","routeLabelJa":"亀２１ 亀戸駅前行","routeCode":"亀２１","direction":"1","stopCount":23,"geometrySource":"odpt-road-shape","operator":"Toei","patternCount":1}},{"type":"Feature","geometry":{"type":"LineString","coordinates":[[139.8254,35.69809],[139.82563,35.69819],[139.82576,35.69664],[139.83408,35.69713],[139.83428,35.6944],[139.83632,35.68838],[139.83648,35.68565],[139.83625,35.68435],[139.8338,35.67627],[139.84048,35.67541],[139.84118,35.66944],[139.83706,35.66992],[139.82659,35.67361],[139.82578,35.66988],[139.81716,35.66949]]},"properties":{"patternId":"Toei.Kame21.60001.2","routeId":"Toei.Kame21","routeLabelJa":"亀２１ 東陽町駅前行","routeCode":"亀２１","direction":"2","stopCount":23,"geometrySource":"odpt-road-shape","operator":"Toei","patternCount":1}},{"type":"Feature","geometry":{"type":"LineString","coordinates":[[139.84592,35.69009],[139.84616,35.68999],[139.84607,35.6897],[139.8448,35.68972],[139.84524,35.68792],[139.84524,35.68531],[139.84285,35.67453],[139.84231,35.67459],[139.84115,35.6753],[139.8405,35.67541],[139.84089,35.67191],[139.83296,35.67339],[139.83234,35.67129],[139.83035,35.66674],[139.831,35.66636],[139.83064,35.66518],[139.83383,35.66416],[139.8348,35.6663],[139.82959,35.66796],[139.82828,35.66937],[139.82757,35.66975],[139.82357,35.66985],[139.81717,35.66949]]},"properties":{"patternId":"Toei.You20.61302.2","routeId":"Toei.You20","routeLabelJa":"陽２０ 東陽町駅前行","routeCode":"陽２０","direction":"2","stopCount":20,"geometrySource":"odpt-road-shape","operator":"Toei","patternCount":1}},{"type":"Feature","geometry":{"type":"LineString","coordinates":[[139.81453,35.69587],[139.8147,35.69567],[139.81708,35.69588],[139.81859,35.69629],[139.82583,35.69664],[139.82683,35.6838],[139.82766,35.68073],[139.82659,35.67362],[139.82583,35.67018],[139.82564,35.6663],[139.82386,35.66434],[139.82379,35.66193],[139.82426,35.65604],[139.82575,35.64554],[139.82625,35.64558],[139.82632,35.64517],[139.82712,35.64522],[139.82721,35.64464],[139.8247,35.64441],[139.82048,35.64287],[139.81014,35.64184],[139.80774,35.64093],[139.8037,35.64044],[139.80216,35.63988],[139.79935,35.63841],[139.79899,35.63805],[139.7989,35.63753],[139.79969,35.63513],[139.79929,35.63444],[139.77382,35.62062],[139.77497,35.61921],[139.77577,35.61963],[139.776,35.61936]]},"properties":{"patternId":"Toei.Chokkou03.61500.1","routeId":"Toei.Chokkou03","routeLabelJa":"直行０３ 日本科学未来館行","routeCode":"直行０３","direction":"1","stopCount":11,"geometrySource":"odpt-road-shape","operator":"Toei","patternCount":1}},{"type":"Feature","geometry":{"type":"LineString","coordinates":[[139.81451,35.69584],[139.81469,35.69567],[139.81697,35.69585],[139.81836,35.69626],[139.82581,35.69664],[139.82682,35.68385],[139.82769,35.68093],[139.82659,35.67362],[139.82578,35.66993],[139.82568,35.66642],[139.82543,35.66594],[139.82387,35.66437],[139.82378,35.66194],[139.82425,35.65601],[139.82573,35.64556],[139.82626,35.64555],[139.82632,35.64517],[139.82712,35.64522],[139.8272,35.64464],[139.82476,35.64442],[139.82026,35.64283],[139.81032,35.64187],[139.80762,35.6409],[139.80386,35.64047],[139.80286,35.64019],[139.79902,35.6381],[139.79889,35.63765],[139.79968,35.63515],[139.79956,35.63467],[139.7993,35.63444],[139.79515,35.63217],[139.79355,35.63407],[139.79191,35.6334],[139.7916,35.63364]]},"properties":{"patternId":"Toei.Nishiki18.61601.1","routeId":"Toei.Nishiki18","routeLabelJa":"錦１８ 国際展示場駅前行","routeCode":"錦１８","direction":"1","stopCount":20,"geometrySource":"odpt-road-shape","operator":"Toei","patternCount":1}},{"type":"Feature","geometry":{"type":"LineString","coordinates":[[139.79157,35.63367],[139.79144,35.63393],[139.79198,35.63423],[139.79229,35.63417],[139.79263,35.63379],[139.79375,35.63418],[139.79518,35.63239],[139.79929,35.63457],[139.79954,35.63532],[139.7988,35.63745],[139.79884,35.638],[139.79919,35.63841],[139.80249,35.64014],[139.80375,35.64053],[139.80753,35.64095],[139.80912,35.64167],[139.81035,35.64196],[139.82025,35.64291],[139.82447,35.64442],[139.82526,35.64453],[139.82558,35.6459],[139.8241,35.65611],[139.82364,35.66216],[139.82371,35.66416],[139.82392,35.6646],[139.82538,35.66602],[139.8256,35.66655],[139.82572,35.66979],[139.82659,35.67361],[139.82769,35.68093],[139.82682,35.68385],[139.82573,35.69652],[139.81916,35.69617],[139.81777,35.69582],[139.81428,35.69548],[139.81389,35.69575]]},"properties":{"patternId":"Toei.Nishiki18.61601.2","routeId":"Toei.Nishiki18","routeLabelJa":"錦１８ 錦糸町駅前行","routeCode":"錦１８","direction":"2","stopCount":19,"geometrySource":"odpt-road-shape","operator":"Toei","patternCount":1}},{"type":"Feature","geometry":{"type":"LineString","coordinates":[[139.84554,35.68993],[139.84612,35.68999],[139.84611,35.68971],[139.84471,35.68968],[139.84436,35.69065],[139.82973,35.68929],[139.82634,35.68938],[139.82534,35.70175],[139.81468,35.70121],[139.81441,35.70439],[139.80224,35.70376],[139.79691,35.70366],[139.79843,35.70748],[139.79835,35.70782],[139.79975,35.70962],[139.79767,35.71073],[139.79632,35.71088],[139.79609,35.7088],[139.79324,35.70926]]},"properties":{"patternId":"Toei.Kusa24.64301.1","routeId":"Toei.Kusa24","routeLabelJa":"草２４ 浅草寿町行","routeCode":"草２４","direction":"1","stopCount":24,"geometrySource":"odpt-road-shape","operator":"Toei","patternCount":1}},{"type":"Feature","geometry":{"type":"LineString","coordinates":[[139.70209,35.65928],[139.70255,35.65938],[139.70313,35.65816],[139.70847,35.65848],[139.71887,35.65947],[139.71481,35.66101],[139.71071,35.66312],[139.70607,35.66013],[139.70416,35.65805],[139.70332,35.65798],[139.70262,35.65852]]},"properties":{"patternId":"Toei.T01.8504.3","routeId":"Toei.T01","routeLabelJa":"都０１（Ｔ０１） 渋谷駅前行","routeCode":"都０１（Ｔ０１）","direction":"3","stopCount":7,"geometrySource":"odpt-road-shape","operator":"Toei","patternCount":1}},{"type":"Feature","geometry":{"type":"LineString","coordinates":[[139.81693,35.66963],[139.82586,35.66994],[139.82566,35.66639],[139.82537,35.66589],[139.82395,35.66451],[139.82377,35.66273],[139.82426,35.65599],[139.82575,35.64556],[139.82636,35.64558],[139.82647,35.64519],[139.82712,35.64522],[139.82719,35.64474],[139.83616,35.64559],[139.83533,35.64358],[139.83499,35.63954],[139.83698,35.63971],[139.83659,35.63486],[139.8346,35.63496],[139.83435,35.63352],[139.82387,35.63258],[139.82297,35.63909],[139.82539,35.64484],[139.82557,35.64576],[139.82411,35.656],[139.82365,35.66208],[139.8237,35.66414],[139.8239,35.66459],[139.82553,35.66627],[139.82573,35.66987],[139.80738,35.66928]]},"properties":{"patternId":"Toei.Ki11Kou.72005.3","routeId":"Toei.Ki11Kou","routeLabelJa":"木１１甲 木場駅前行","routeCode":"木１１甲","direction":"3","stopCount":28,"geometrySource":"odpt-road-shape","operator":"Toei","patternCount":1}},{"type":"Feature","geometry":{"type":"LineString","coordinates":[[139.81691,35.66968],[139.82586,35.66994],[139.82566,35.66639],[139.82537,35.66589],[139.82395,35.66451],[139.82377,35.66273],[139.82426,35.65599],[139.82575,35.64556],[139.82636,35.64558],[139.82647,35.64519],[139.82712,35.64522],[139.82719,35.64474],[139.83616,35.64559],[139.83533,35.64358],[139.83499,35.63954],[139.83698,35.63971],[139.83659,35.63486],[139.8346,35.63496],[139.83435,35.63352],[139.82387,35.63258],[139.82297,35.63909],[139.82539,35.64484],[139.82557,35.64576],[139.82411,35.656],[139.82365,35.66208],[139.8237,35.66414],[139.8239,35.66459],[139.82553,35.66627],[139.82573,35.66987],[139.81713,35.66949]]},"properties":{"patternId":"Toei.Ki11Kou.72006.3","routeId":"Toei.Ki11Kou","routeLabelJa":"木１１甲 東陽町駅前行","routeCode":"木１１甲","direction":"3","stopCount":25,"geometrySource":"odpt-road-shape","operator":"Toei","patternCount":1}},{"type":"Feature","geometry":{"type":"LineString","coordinates":[[139.81691,35.66968],[139.82586,35.66994],[139.82566,35.66639],[139.82537,35.66589],[139.82395,35.66451],[139.82377,35.66273],[139.82426,35.65599],[139.82575,35.64556],[139.82636,35.64558],[139.82647,35.64519],[139.82712,35.64522],[139.82719,35.64474],[139.83616,35.64559],[139.83533,35.64358],[139.83499,35.63954],[139.83698,35.63971],[139.83659,35.63486],[139.8346,35.63496],[139.83435,35.63352],[139.82393,35.6325],[139.82297,35.63909],[139.82527,35.64456],[139.82719,35.64474],[139.82712,35.64522],[139.82615,35.64512],[139.82602,35.64561]]},"properties":{"patternId":"Toei.Ki11Kou.72007.3","routeId":"Toei.Ki11Kou","routeLabelJa":"木１１甲 新木場駅前（構内）行","routeCode":"木１１甲","direction":"3","stopCount":19,"geometrySource":"odpt-road-shape","operator":"Toei","patternCount":1}},{"type":"Feature","geometry":{"type":"LineString","coordinates":[[139.82646,35.64546],[139.82647,35.64519],[139.82712,35.64522],[139.82719,35.64474],[139.83616,35.64559],[139.83533,35.64358],[139.83499,35.63954],[139.83698,35.63971],[139.83659,35.63486],[139.8346,35.63496],[139.83435,35.63352],[139.82387,35.63258],[139.82297,35.63909],[139.82539,35.64484],[139.82557,35.64576],[139.82411,35.656],[139.82365,35.66208],[139.8237,35.66414],[139.8239,35.66459],[139.82553,35.66627],[139.82573,35.66987],[139.81713,35.66949]]},"properties":{"patternId":"Toei.Ki11Kou.72008.3","routeId":"Toei.Ki11Kou","routeLabelJa":"木１１甲 東陽町駅前行","routeCode":"木１１甲","direction":"3","stopCount":18,"geometrySource":"odpt-road-shape","operator":"Toei","patternCount":1}},{"type":"Feature","geometry":{"type":"LineString","coordinates":[[139.81454,35.69586],[139.81472,35.69568],[139.81514,35.69573],[139.81576,35.68897],[139.81075,35.68868],[139.81224,35.67561],[139.8107,35.66884],[139.8115,35.66345],[139.80567,35.66285],[139.80746,35.65966],[139.81068,35.65642],[139.81109,35.65579],[139.81309,35.64215],[139.81005,35.64184],[139.80708,35.64078],[139.804,35.6405],[139.80399,35.64071],[139.80492,35.64102],[139.80527,35.64059],[139.8037,35.64045],[139.80263,35.64012],[139.80221,35.64319],[139.80258,35.64322]]},"properties":{"patternId":"Toei.Nishiki13.72106.1","routeId":"Toei.Nishiki13","routeLabelJa":"錦１３ 深川車庫前行","routeCode":"錦１３","direction":"1","stopCount":24,"geometrySource":"odpt-road-shape","operator":"Toei","patternCount":1}},{"type":"Feature","geometry":{"type":"LineString","coordinates":[[139.80258,35.64323],[139.80237,35.64321],[139.80277,35.64023],[139.80493,35.64103],[139.80523,35.64068],[139.80699,35.64084],[139.80958,35.64182],[139.81294,35.6422],[139.81179,35.65066],[139.8108,35.65585],[139.80724,35.65962],[139.80542,35.66286],[139.80887,35.66326],[139.80881,35.66375],[139.81138,35.66421],[139.8107,35.66884],[139.81224,35.67561],[139.81018,35.69355],[139.80935,35.69455],[139.80928,35.6953],[139.81396,35.69561],[139.81394,35.69591],[139.81449,35.69589]]},"properties":{"patternId":"Toei.Nishiki13.72106.2","routeId":"Toei.Nishiki13","routeLabelJa":"錦１３ 錦糸町駅前行","routeCode":"錦１３","direction":"2","stopCount":24,"geometrySource":"odpt-road-shape","operator":"Toei","patternCount":1}},{"type":"Feature","geometry":{"type":"LineString","coordinates":[[139.76836,35.67983],[139.76864,35.68063],[139.77824,35.67661],[139.77945,35.67625],[139.78161,35.67499],[139.78409,35.6724],[139.78439,35.67194],[139.7855,35.66798],[139.78736,35.66625],[139.78247,35.66263],[139.78659,35.65866],[139.792,35.65918],[139.79241,35.65887],[139.80143,35.64972],[139.80236,35.64327],[139.80263,35.64329]]},"properties":{"patternId":"Toei.Higashi16.73007.1","routeId":"Toei.Higashi16","routeLabelJa":"東１６ 深川車庫前行","routeCode":"東１６","direction":"1","stopCount":20,"geometrySource":"odpt-road-shape","operator":"Toei","patternCount":2}},{"type":"Feature","geometry":{"type":"LineString","coordinates":[[139.80257,35.64323],[139.8022,35.64319],[139.80128,35.64963],[139.79601,35.65494],[139.79549,35.65465],[139.79504,35.65511],[139.79522,35.65524],[139.79571,35.65483],[139.79595,35.65499],[139.79215,35.65883],[139.79169,35.65896],[139.78716,35.65857],[139.78641,35.65831],[139.78467,35.65714],[139.78037,35.6613],[139.78721,35.66629],[139.78537,35.66803],[139.78427,35.67205],[139.78161,35.67499],[139.77945,35.67625],[139.77793,35.67666],[139.76938,35.68016],[139.76874,35.67972],[139.76814,35.67885],[139.76788,35.67899],[139.76798,35.67923]]},"properties":{"patternId":"Toei.Higashi16.73007.2","routeId":"Toei.Higashi16","routeLabelJa":"東１６ 東京駅八重洲口行","routeCode":"東１６","direction":"2","stopCount":21,"geometrySource":"odpt-road-shape","operator":"Toei","patternCount":1}},{"type":"Feature","geometry":{"type":"LineString","coordinates":[[139.75951,35.66753],[139.75978,35.66809],[139.75888,35.66842],[139.7633,35.67258],[139.76613,35.67047],[139.77075,35.66654],[139.77768,35.6594],[139.78238,35.66271],[139.78661,35.65866],[139.79197,35.65918],[139.80143,35.64973],[139.80204,35.64559],[139.79945,35.64534],[139.79994,35.64188],[139.80233,35.64211],[139.80219,35.64322],[139.80257,35.64326]]},"properties":{"patternId":"Toei.Nari10Shutsunyuu.72509.2","routeId":"Toei.Nari10Shutsunyuu","routeLabelJa":"業１０出入 深川車庫前行","routeCode":"業１０出入","direction":"2","stopCount":23,"geometrySource":"odpt-road-shape","operator":"Toei","patternCount":1}},{"type":"Feature","geometry":{"type":"LineString","coordinates":[[139.75852,35.66694],[139.75852,35.66735],[139.76132,35.66658],[139.76266,35.66663],[139.76338,35.66525],[139.76346,35.66387],[139.76488,35.66318],[139.76586,35.663],[139.76681,35.66331],[139.77064,35.66665],[139.77772,35.65938],[139.78288,35.6543],[139.78425,35.65327],[139.78925,35.64801],[139.78332,35.64403],[139.78435,35.64303],[139.78459,35.64318],[139.78417,35.64345]]},"properties":{"patternId":"Toei.Ichi01.106.1","routeId":"Toei.Ichi01","routeLabelJa":"市０１ 豊洲市場行","routeCode":"市０１","direction":"1","stopCount":9,"geometrySource":"odpt-road-shape","operator":"Toei","patternCount":1}},{"type":"Feature","geometry":{"type":"LineString","coordinates":[[139.78408,35.64353],[139.78421,35.6437],[139.78459,35.64318],[139.78435,35.64303],[139.78323,35.64413],[139.78892,35.64799],[139.78381,35.65281],[139.78244,35.65449],[139.77066,35.66645],[139.76782,35.66408],[139.76411,35.66708],[139.76311,35.66655],[139.76243,35.66644],[139.76132,35.66644],[139.75931,35.66708],[139.75914,35.66669],[139.75853,35.66691]]},"properties":{"patternId":"Toei.Ichi01.106.2","routeId":"Toei.Ichi01","routeLabelJa":"市０１ 新橋駅前行","routeCode":"市０１","direction":"2","stopCount":8,"geometrySource":"odpt-road-shape","operator":"Toei","patternCount":1}},{"type":"Feature","geometry":{"type":"LineString","coordinates":[[139.75852,35.66694],[139.75852,35.66735],[139.76132,35.66658],[139.76266,35.66663],[139.76338,35.66525],[139.76346,35.66387],[139.76488,35.66318],[139.76586,35.663],[139.76681,35.66331],[139.77064,35.66665],[139.77772,35.65938],[139.78288,35.6543],[139.78425,35.65327],[139.78925,35.64801],[139.78332,35.64403],[139.78178,35.6455],[139.78136,35.64523],[139.78152,35.6451],[139.78169,35.64523],[139.78153,35.64539],[139.7818,35.64558],[139.78435,35.64303],[139.78459,35.64318],[139.78417,35.64345]]},"properties":{"patternId":"Toei.Ichi01.107.1","routeId":"Toei.Ichi01","routeLabelJa":"市０１ 豊洲市場行","routeCode":"市０１","direction":"1","stopCount":10,"geometrySource":"odpt-road-shape","operator":"Toei","patternCount":2}},{"type":"Feature","geometry":{"type":"LineString","coordinates":[[139.74125,35.6283],[139.74028,35.62839],[139.74136,35.63193],[139.74518,35.63182],[139.74532,35.63309],[139.74806,35.6416],[139.748,35.64192],[139.74562,35.6427],[139.74873,35.64413],[139.74805,35.64483]]},"properties":{"patternId":"Toei.Ta92.904.1","routeId":"Toei.Ta92","routeLabelJa":"田９２ 田町駅東口行","routeCode":"田９２","direction":"1","stopCount":9,"geometrySource":"odpt-road-shape","operator":"Toei","patternCount":1}},{"type":"Feature","geometry":{"type":"LineString","coordinates":[[139.78407,35.64353],[139.78421,35.6437],[139.78459,35.64318],[139.78435,35.64303],[139.78178,35.6455],[139.78136,35.64523],[139.78152,35.6451],[139.78169,35.64523],[139.78153,35.64539],[139.7818,35.64558],[139.78329,35.64416],[139.78892,35.64799],[139.78381,35.65281],[139.78244,35.65449],[139.77066,35.66645],[139.76782,35.66408],[139.76411,35.66708],[139.76311,35.66655],[139.76243,35.66644],[139.76132,35.66644],[139.75931,35.66708],[139.75914,35.66669],[139.75853,35.66691]]},"properties":{"patternId":"Toei.Ichi01.107.2","routeId":"Toei.Ichi01","routeLabelJa":"市０１ 新橋駅前行","routeCode":"市０１","direction":"2","stopCount":9,"geometrySource":"odpt-road-shape","operator":"Toei","patternCount":1}},{"type":"Feature","geometry":{"type":"LineString","coordinates":[[139.75852,35.66694],[139.75852,35.66735],[139.76132,35.66658],[139.76266,35.66663],[139.76338,35.66525],[139.76346,35.66387],[139.76488,35.66318],[139.76586,35.663],[139.76681,35.66331],[139.77064,35.66665],[139.77772,35.65938],[139.78288,35.6543],[139.78425,35.65327],[139.78925,35.64801],[139.78697,35.64644]]},"properties":{"patternId":"Toei.Ichi01.109.1","routeId":"Toei.Ichi01","routeLabelJa":"市０１ 市場前駅前行","routeCode":"市０１","direction":"1","stopCount":8,"geometrySource":"odpt-road-shape","operator":"Toei","patternCount":1}},{"type":"Feature","geometry":{"type":"LineString","coordinates":[[139.78679,35.64659],[139.78892,35.64799],[139.78381,35.65281],[139.78244,35.65449],[139.77066,35.66645],[139.76782,35.66408],[139.76411,35.66708],[139.76311,35.66655],[139.76243,35.66644],[139.76132,35.66644],[139.75931,35.66708],[139.75914,35.66669],[139.75853,35.66691]]},"properties":{"patternId":"Toei.Ichi01.109.2","routeId":"Toei.Ichi01","routeLabelJa":"市０１ 新橋駅前行","routeCode":"市０１","direction":"2","stopCount":7,"geometrySource":"odpt-road-shape","operator":"Toei","patternCount":1}},{"type":"Feature","geometry":{"type":"LineString","coordinates":[[139.7411,35.62327],[139.74115,35.6231],[139.74048,35.62271],[139.73943,35.62405],[139.73811,35.6249],[139.73767,35.62669],[139.73743,35.62901],[139.73239,35.62958],[139.73251,35.63307],[139.73307,35.63566],[139.72889,35.63612],[139.72807,35.63717],[139.72752,35.63854],[139.71824,35.63416],[139.71716,35.6338],[139.71629,35.63374],[139.71625,35.63411],[139.71643,35.63423]]},"properties":{"patternId":"Toei.Shina93.203.1","routeId":"Toei.Shina93","routeLabelJa":"品９３ 目黒駅前行","routeCode":"品９３","direction":"1","stopCount":11,"geometrySource":"odpt-road-shape","operator":"Toei","patternCount":2}},{"type":"Feature","geometry":{"type":"LineString","coordinates":[[139.71656,35.63419],[139.71666,35.63384],[139.71698,35.63387],[139.7186,35.63441],[139.72395,35.63701],[139.72263,35.63925],[139.72217,35.6417],[139.72075,35.64326],[139.72167,35.64441],[139.72285,35.64767],[139.72232,35.65073],[139.7236,35.65112],[139.72431,35.65233],[139.72587,35.65344],[139.72616,35.65431],[139.7291,35.65231],[139.73058,35.65194],[139.73332,35.65249],[139.73651,35.65261],[139.73702,35.65543],[139.74134,35.65455],[139.74512,35.65418],[139.745,35.6556],[139.74285,35.6597],[139.74343,35.66119],[139.74523,35.66322],[139.74714,35.662],[139.74933,35.66167],[139.7528,35.66056],[139.75508,35.6602],[139.75963,35.66599]]},"properties":{"patternId":"Toei.Hashi86.301.1","routeId":"Toei.Hashi86","routeLabelJa":"橋８６ 新橋駅前行","routeCode":"橋８６","direction":"1","stopCount":23,"geometrySource":"odpt-road-shape","operator":"Toei","patternCount":1}},{"type":"Feature","geometry":{"type":"LineString","coordinates":[[139.7592,35.66593],[139.75907,35.6658],[139.75959,35.66551],[139.75527,35.66018],[139.7528,35.66056],[139.74933,35.66167],[139.74714,35.662],[139.7453,35.66318],[139.7434,35.6609],[139.74302,35.65974],[139.74404,35.65744],[139.74509,35.65585],[139.74525,35.65417],[139.74134,35.65455],[139.73716,35.65541],[139.73668,35.65259],[139.73331,35.65249],[139.73058,35.65194],[139.7291,35.65232],[139.72616,35.65431],[139.72587,35.65344],[139.72431,35.65233],[139.7236,35.65112],[139.72232,35.65073],[139.72285,35.64767],[139.72167,35.64441],[139.72087,35.64341],[139.72218,35.64187],[139.72271,35.63926],[139.72409,35.63696],[139.71962,35.63474],[139.71733,35.63384],[139.71629,35.63371],[139.71624,35.63414],[139.71638,35.63422]]},"properties":{"patternId":"Toei.Hashi86.301.2","routeId":"Toei.Hashi86","routeLabelJa":"橋８６ 目黒駅前行","routeCode":"橋８６","direction":"2","stopCount":24,"geometrySource":"odpt-road-shape","operator":"Toei","patternCount":1}},{"type":"Feature","geometry":{"type":"LineString","coordinates":[[139.71662,35.63395],[139.717,35.63387],[139.71874,35.63446],[139.72749,35.63863],[139.72807,35.63717],[139.72889,35.63612],[139.73307,35.63566],[139.73251,35.63307],[139.73239,35.62958],[139.73758,35.62901],[139.73773,35.62725],[139.73826,35.62485],[139.73943,35.62405],[139.74115,35.62197],[139.74329,35.62002],[139.74488,35.61909],[139.74629,35.62056],[139.7477,35.61697],[139.7478,35.61547],[139.74704,35.60693],[139.7457,35.60287],[139.74552,35.60062],[139.74352,35.59924],[139.74303,35.59867],[139.74226,35.59596],[139.74157,35.59462],[139.7417,35.59424],[139.74125,35.59359]]},"properties":{"patternId":"Toei.Shina93.401.2","routeId":"Toei.Shina93","routeLabelJa":"品９３ 大井競馬場前行","routeCode":"品９３","direction":"2","stopCount":22,"geometrySource":"odpt-road-shape","operator":"Toei","patternCount":1}},{"type":"Feature","geometry":{"type":"LineString","coordinates":[[139.73771,35.62779],[139.73842,35.62478],[139.73943,35.62405],[139.74074,35.62238],[139.74329,35.62002],[139.74488,35.61909],[139.74629,35.62056],[139.7477,35.61697],[139.7478,35.61547],[139.74755,35.61147],[139.74704,35.60693],[139.7457,35.60287],[139.74552,35.60062],[139.74352,35.59924],[139.74303,35.59867],[139.74226,35.59596],[139.74157,35.59462],[139.7417,35.59424],[139.74125,35.59359]]},"properties":{"patternId":"Toei.Shina93.402.2","routeId":"Toei.Shina93","routeLabelJa":"品９３ 大井競馬場前行","routeCode":"品９３","direction":"2","stopCount":14,"geometrySource":"odpt-road-shape","operator":"Toei","patternCount":1}},{"type":"Feature","geometry":{"type":"LineString","coordinates":[[139.73625,35.62906],[139.73239,35.62958],[139.73251,35.63307],[139.73307,35.63566],[139.72889,35.63612],[139.72807,35.63717],[139.72752,35.63854],[139.71824,35.63416],[139.71716,35.6338],[139.71629,35.63374],[139.71625,35.63411],[139.71643,35.63423]]},"properties":{"patternId":"Toei.Shina93.403.1","routeId":"Toei.Shina93","routeLabelJa":"品９３ 目黒駅前行","routeCode":"品９３","direction":"1","stopCount":10,"geometrySource":"odpt-road-shape","operator":"Toei","patternCount":1}},{"type":"Feature","geometry":{"type":"LineString","coordinates":[[139.71662,35.63395],[139.717,35.63387],[139.71874,35.63446],[139.72749,35.63863],[139.72807,35.63717],[139.72889,35.63612],[139.73307,35.63566],[139.73251,35.63307],[139.73239,35.62958],[139.73758,35.62901],[139.73773,35.62725],[139.73826,35.62485],[139.73943,35.62405],[139.74115,35.62197],[139.74329,35.62002],[139.74488,35.61909],[139.74629,35.62056],[139.7477,35.61697],[139.7478,35.61547],[139.7472,35.60743]]},"properties":{"patternId":"Toei.Shina93.404.2","routeId":"Toei.Shina93","routeLabelJa":"品９３ 都立産業技術高専品川キャンパス前行","routeCode":"品９３","direction":"2","stopCount":17,"geometrySource":"odpt-road-shape","operator":"Toei","patternCount":1}},{"type":"Feature","geometry":{"type":"LineString","coordinates":[[139.74072,35.62249],[139.74328,35.62002],[139.74488,35.61909],[139.74629,35.62056],[139.7477,35.61697],[139.7478,35.61547],[139.74704,35.60693],[139.7457,35.60287],[139.74552,35.60062],[139.74352,35.59924],[139.74303,35.59867],[139.74226,35.59596],[139.74157,35.59462],[139.7417,35.59424],[139.74125,35.59359]]},"properties":{"patternId":"Toei.Shina93.406.1","routeId":"Toei.Shina93","routeLabelJa":"品９３ 大井競馬場前行","routeCode":"品９３","direction":"1","stopCount":13,"geometrySource":"odpt-road-shape","operator":"Toei","patternCount":1}},{"type":"Feature","geometry":{"type":"LineString","coordinates":[[139.71662,35.63395],[139.717,35.63387],[139.71874,35.63446],[139.72749,35.63863],[139.72807,35.63717],[139.72889,35.63612],[139.73307,35.63566],[139.73251,35.63307],[139.73239,35.62958],[139.73758,35.62901],[139.73773,35.62725],[139.73826,35.62485],[139.73943,35.62405],[139.74048,35.62271],[139.74115,35.6231],[139.74095,35.62326]]},"properties":{"patternId":"Toei.Shina93.407.2","routeId":"Toei.Shina93","routeLabelJa":"品９３ 品川車庫前行","routeCode":"品９３","direction":"2","stopCount":10,"geometrySource":"odpt-road-shape","operator":"Toei","patternCount":1}},{"type":"Feature","geometry":{"type":"LineString","coordinates":[[139.74804,35.64485],[139.74797,35.64516],[139.74873,35.64413],[139.74592,35.64292],[139.74592,35.64261],[139.74825,35.64181],[139.74781,35.64091],[139.74545,35.63314],[139.74494,35.62812],[139.74133,35.62828]]},"properties":{"patternId":"Toei.Ta92.904.2","routeId":"Toei.Ta92","routeLabelJa":"田９２ 品川駅港南口行","routeCode":"田９２","direction":"2","stopCount":9,"geometrySource":"odpt-road-shape","operator":"Toei","patternCount":1}},{"type":"Feature","geometry":{"type":"LineString","coordinates":[[139.74958,35.60904],[139.74932,35.60879],[139.74721,35.60894],[139.74776,35.61547],[139.74767,35.61697],[139.74681,35.61931],[139.74531,35.62253],[139.74473,35.62708],[139.74493,35.62926],[139.74122,35.62952],[139.74123,35.62932]]},"properties":{"patternId":"Toei.Shina91.1011.2","routeId":"Toei.Shina91","routeLabelJa":"品９１ 品川駅港南口行","routeCode":"品９１","direction":"2","stopCount":9,"geometrySource":"odpt-road-shape","operator":"Toei","patternCount":1}},{"type":"Feature","geometry":{"type":"LineString","coordinates":[[139.75311,35.60548],[139.75396,35.60538],[139.75433,35.60509],[139.75439,35.60317],[139.75246,35.60312],[139.75216,35.60207],[139.75072,35.60078],[139.75065,35.59957],[139.75121,35.59845],[139.75123,35.59734],[139.75378,35.59734],[139.75431,35.5977],[139.75436,35.60489],[139.75393,35.60536],[139.75213,35.60565],[139.75113,35.60711],[139.74964,35.60741],[139.74536,35.6067],[139.73922,35.60684],[139.73716,35.60614],[139.73669,35.60581],[139.73619,35.60642],[139.73548,35.60669],[139.73549,35.60649]]},"properties":{"patternId":"Toei.I92.1104.2","routeId":"Toei.I92","routeLabelJa":"井９２ 大井町駅東口行","routeCode":"井９２","direction":"2","stopCount":14,"geometrySource":"odpt-road-shape","operator":"Toei","patternCount":1}},{"type":"Feature","geometry":{"type":"LineString","coordinates":[[139.73545,35.60614],[139.73548,35.60593],[139.73631,35.60567],[139.73706,35.60614],[139.73954,35.60702],[139.74113,35.60866],[139.74323,35.61025],[139.74411,35.61065],[139.74755,35.61149],[139.74705,35.60704],[139.74964,35.60743],[139.75088,35.60728],[139.75141,35.6069],[139.75223,35.60563],[139.75396,35.60538],[139.75439,35.60489],[139.75439,35.60317],[139.75246,35.60312],[139.75216,35.60207],[139.75072,35.60078],[139.75065,35.59957],[139.75121,35.59845],[139.75123,35.59734],[139.75378,35.59734],[139.7542,35.59753],[139.75436,35.59794],[139.75433,35.60162]]},"properties":{"patternId":"Toei.I92.1105.3","routeId":"Toei.I92","routeLabelJa":"井９２ 八潮公園前行","routeCode":"井９２","direction":"3","stopCount":13,"geometrySource":"odpt-road-shape","operator":"Toei","patternCount":1}},{"type":"Feature","geometry":{"type":"LineString","coordinates":[[139.73519,35.60634],[139.73531,35.60674],[139.73627,35.60634],[139.73666,35.60583],[139.73712,35.60616],[139.73917,35.60685],[139.73991,35.60726],[139.74111,35.60865],[139.74315,35.6102],[139.74411,35.61065],[139.74673,35.61132],[139.75027,35.61166],[139.75551,35.61131],[139.75662,35.61077],[139.75707,35.61027],[139.75872,35.60767],[139.76091,35.60386],[139.76252,35.59886],[139.76725,35.59254],[139.77066,35.59426],[139.77191,35.59258],[139.76585,35.58962],[139.76598,35.58468],[139.76709,35.58505],[139.76773,35.58548],[139.77337,35.59063],[139.77067,35.59424]]},"properties":{"patternId":"Toei.I98.1201.1","routeId":"Toei.I98","routeLabelJa":"井９８ 大井水産物埠頭前行","routeCode":"井９８","direction":"1","stopCount":20,"geometrySource":"odpt-road-shape","operator":"Toei","patternCount":1}},{"type":"Feature","geometry":{"type":"LineString","coordinates":[[139.77067,35.59424],[139.77337,35.59063],[139.76773,35.58548],[139.76709,35.58505],[139.76598,35.58468],[139.76585,35.58962],[139.77191,35.59258],[139.77066,35.59426],[139.76725,35.59254],[139.76252,35.59886],[139.76091,35.60386],[139.75872,35.60767],[139.75707,35.61027],[139.75662,35.61077],[139.75551,35.61131],[139.75027,35.61166],[139.74751,35.61149],[139.74411,35.61065],[139.74315,35.6102],[139.74111,35.60865],[139.73954,35.60702],[139.73712,35.60616],[139.73666,35.60583],[139.73627,35.60634],[139.73559,35.60662],[139.73553,35.60598],[139.73666,35.60583]]},"properties":{"patternId":"Toei.I98.1201.2","routeId":"Toei.I98","routeLabelJa":"井９８ 大井町駅東口行","routeCode":"井９８","direction":"2","stopCount":14,"geometrySource":"odpt-road-shape","operator":"Toei","patternCount":2}},{"type":"Feature","geometry":{"type":"LineString","coordinates":[[139.73519,35.60634],[139.73531,35.60674],[139.73627,35.60634],[139.73666,35.60583],[139.73712,35.60616],[139.73917,35.60685],[139.73991,35.60726],[139.74111,35.60865],[139.74315,35.6102],[139.74411,35.61065],[139.74673,35.61132],[139.75027,35.61166],[139.75521,35.61138],[139.75611,35.61109],[139.75707,35.61027],[139.76091,35.60386],[139.76252,35.59886],[139.76725,35.59254],[139.77066,35.59426],[139.77314,35.59089]]},"properties":{"patternId":"Toei.I98.1202.1","routeId":"Toei.I98","routeLabelJa":"井９８ 大井水産物埠頭前行","routeCode":"井９８","direction":"1","stopCount":13,"geometrySource":"odpt-road-shape","operator":"Toei","patternCount":1}},{"type":"Feature","geometry":{"type":"LineString","coordinates":[[139.74165,35.62962],[139.74505,35.62934],[139.74504,35.6291],[139.75036,35.62883],[139.74999,35.62393],[139.75105,35.62211],[139.75083,35.62052],[139.75102,35.62021]]},"properties":{"patternId":"Toei.Shina96.1402.1","routeId":"Toei.Shina96","routeLabelJa":"品９６ りんかい線天王洲アイル駅前行","routeCode":"品９６","direction":"1","stopCount":6,"geometrySource":"odpt-road-shape","operator":"Toei","patternCount":1}},{"type":"Feature","geometry":{"type":"LineString","coordinates":[[139.75101,35.62017],[139.75082,35.62011],[139.75084,35.62203],[139.74994,35.62335],[139.74973,35.62398],[139.7501,35.62877],[139.74504,35.6291],[139.74494,35.62812],[139.74134,35.62828]]},"properties":{"patternId":"Toei.Shina96.1402.2","routeId":"Toei.Shina96","routeLabelJa":"品９６ 品川駅港南口行","routeCode":"品９６","direction":"2","stopCount":6,"geometrySource":"odpt-road-shape","operator":"Toei","patternCount":1}},{"type":"Feature","geometry":{"type":"LineString","coordinates":[[139.70186,35.65911],[139.70254,35.65939],[139.70313,35.65817],[139.71238,35.65887],[139.71265,35.65809],[139.71077,35.65725],[139.71094,35.65582],[139.71126,35.65493],[139.71386,35.6552],[139.71726,35.65504],[139.71768,35.6559],[139.7178,35.65579],[139.71758,35.65519]]},"properties":{"patternId":"Toei.Gaku03.8004.1","routeId":"Toei.Gaku03","routeLabelJa":"学０３ 日赤医療センター前行","routeCode":"学０３","direction":"1","stopCount":7,"geometrySource":"odpt-road-shape","operator":"Toei","patternCount":1}},{"type":"Feature","geometry":{"type":"LineString","coordinates":[[139.72415,35.62618],[139.72394,35.62655],[139.72417,35.62661],[139.72469,35.62585],[139.7289,35.62547],[139.73054,35.62503],[139.73185,35.6246],[139.73287,35.62367],[139.73478,35.62317]]},"properties":{"patternId":"Toei.Tan96.1705.1","routeId":"Toei.Tan96","routeLabelJa":"反９６ 御殿山行","routeCode":"反９６","direction":"1","stopCount":5,"geometrySource":"odpt-road-shape","operator":"Toei","patternCount":1}},{"type":"Feature","geometry":{"type":"LineString","coordinates":[[139.73478,35.62317],[139.73287,35.62367],[139.73169,35.62469],[139.73079,35.62496],[139.7289,35.62547],[139.72439,35.62586],[139.7241,35.62626]]},"properties":{"patternId":"Toei.Tan96.1705.2","routeId":"Toei.Tan96","routeLabelJa":"反９６ 五反田駅行","routeCode":"反９６","direction":"2","stopCount":4,"geometrySource":"odpt-road-shape","operator":"Toei","patternCount":1}},{"type":"Feature","geometry":{"type":"LineString","coordinates":[[139.73719,35.62962],[139.73807,35.63445],[139.73836,35.63766],[139.73742,35.64148],[139.73593,35.64457],[139.73606,35.64716],[139.73657,35.64996],[139.73639,35.65204],[139.73695,35.65567],[139.73727,35.66069],[139.73552,35.66185],[139.73114,35.66252],[139.72963,35.66054]]},"properties":{"patternId":"Toei.Tan96.1716.1","routeId":"Toei.Tan96","routeLabelJa":"反９６ 六本木ヒルズ行","routeCode":"反９６","direction":"1","stopCount":13,"geometrySource":"stop-to-stop","operator":"Toei","patternCount":1}},{"type":"Feature","geometry":{"type":"LineString","coordinates":[[139.72963,35.66054],[139.73309,35.66294],[139.73557,35.66199],[139.73752,35.66042],[139.73717,35.65456],[139.73678,35.65199],[139.73696,35.64952],[139.73613,35.64456],[139.73768,35.64131],[139.73918,35.63654],[139.73847,35.6346],[139.7377,35.62805]]},"properties":{"patternId":"Toei.Tan96.1716.2","routeId":"Toei.Tan96","routeLabelJa":"反９６ 品川駅高輪口行","routeCode":"反９６","direction":"2","stopCount":13,"geometrySource":"stop-to-stop","operator":"Toei","patternCount":1}},{"type":"Feature","geometry":{"type":"LineString","coordinates":[[139.72409,35.62629],[139.72369,35.62682],[139.72701,35.62954],[139.72871,35.63053],[139.73069,35.63215],[139.73181,35.6389],[139.73409,35.64295],[139.73633,35.64397],[139.73551,35.64552],[139.73669,35.64883],[139.73647,35.65225],[139.7371,35.65635],[139.73892,35.65606],[139.74192,35.65524],[139.74528,35.65494],[139.74525,35.65419],[139.74383,35.65431]]},"properties":{"patternId":"Toei.Tan94.1801.1","routeId":"Toei.Tan94","routeLabelJa":"反９４ 赤羽橋駅前行","routeCode":"反９４","direction":"1","stopCount":12,"geometrySource":"odpt-road-shape","operator":"Toei","patternCount":1}},{"type":"Feature","geometry":{"type":"LineString","coordinates":[[139.74383,35.65431],[139.74132,35.65456],[139.73716,35.65544],[139.73668,35.65257],[139.73685,35.64869],[139.73562,35.64531],[139.73638,35.64389],[139.73422,35.64289],[139.73205,35.639],[139.73078,35.63198],[139.72858,35.63026],[139.72668,35.62909],[139.72439,35.62703],[139.72425,35.62653],[139.72442,35.6263]]},"properties":{"patternId":"Toei.Tan94.1801.2","routeId":"Toei.Tan94","routeLabelJa":"反９４ 五反田駅行","routeCode":"反９４","direction":"2","stopCount":13,"geometrySource":"odpt-road-shape","operator":"Toei","patternCount":1}},{"type":"Feature","geometry":{"type":"LineString","coordinates":[[139.73519,35.60634],[139.73531,35.60674],[139.73627,35.60634],[139.73666,35.60583],[139.73712,35.60616],[139.73919,35.60685],[139.73991,35.60726],[139.74111,35.60865],[139.74315,35.6102],[139.74411,35.61065],[139.74751,35.61149],[139.75003,35.61164],[139.75069,35.61793],[139.7509,35.6219],[139.74624,35.62054],[139.74771,35.61699],[139.74779,35.61548],[139.74502,35.61457],[139.74359,35.61468],[139.74126,35.61443],[139.74243,35.60963],[139.74126,35.61443],[139.74359,35.61468],[139.74502,35.61457],[139.74779,35.61548],[139.74771,35.61699],[139.74624,35.62054],[139.7509,35.6219],[139.75069,35.61793],[139.75003,35.61164],[139.74751,35.61149],[139.74346,35.61038],[139.74111,35.60865],[139.73991,35.60726],[139.73919,35.60685],[139.73712,35.60616],[139.73666,35.60583],[139.73627,35.60634],[139.73559,35.60662],[139.73553,35.60598],[139.73666,35.60583]]},"properties":{"patternId":"Toei.I96.4001.3","routeId":"Toei.I96","routeLabelJa":"井９６ 大井町駅東口行","routeCode":"井９６","direction":"3","stopCount":17,"geometrySource":"odpt-road-shape","operator":"Toei","patternCount":1}},{"type":"Feature","geometry":{"type":"LineString","coordinates":[[139.74155,35.62842],[139.74494,35.62812],[139.74483,35.62712],[139.74536,35.62257],[139.74625,35.62059],[139.7508,35.62195],[139.75368,35.62183],[139.75334,35.61758],[139.75362,35.6139],[139.75344,35.61163],[139.75569,35.61133],[139.75669,35.61078],[139.75717,35.61024],[139.76096,35.60385],[139.76252,35.59894],[139.76723,35.5926],[139.76938,35.59368],[139.77063,35.59196],[139.76594,35.58959],[139.76612,35.58476],[139.76708,35.58512],[139.76762,35.58566]]},"properties":{"patternId":"Toei.Shina98.4101.1","routeId":"Toei.Shina98","routeLabelJa":"品９８ 大井埠頭バンプール前行","routeCode":"品９８","direction":"1","stopCount":20,"geometrySource":"odpt-road-shape","operator":"Toei","patternCount":1}},{"type":"Feature","geometry":{"type":"LineString","coordinates":[[139.74155,35.62842],[139.74494,35.62812],[139.74483,35.62712],[139.74536,35.62257],[139.74625,35.62059],[139.7508,35.62195],[139.75368,35.62183],[139.75334,35.61758],[139.75362,35.6139],[139.75344,35.61163],[139.75569,35.61133],[139.75669,35.61078],[139.75717,35.61024],[139.76096,35.60385],[139.76252,35.59894],[139.76723,35.5926],[139.76938,35.59368],[139.77063,35.59196],[139.76594,35.58959],[139.76605,35.58453],[139.76291,35.58446],[139.76267,35.58427],[139.76218,35.58268],[139.76275,35.58267],[139.76415,35.58196],[139.76415,35.57947],[139.75858,35.57931]]},"properties":{"patternId":"Toei.Shina98.4102.1","routeId":"Toei.Shina98","routeLabelJa":"品９８ 大田市場行","routeCode":"品９８","direction":"1","stopCount":22,"geometrySource":"odpt-road-shape","operator":"Toei","patternCount":1}},{"type":"Feature","geometry":{"type":"LineString","coordinates":[[139.75852,35.57931],[139.75777,35.5795],[139.75753,35.58033],[139.75753,35.58186],[139.75837,35.58263],[139.76218,35.58268],[139.7628,35.5848],[139.76593,35.58483],[139.76583,35.58963],[139.77052,35.59189],[139.76925,35.59361],[139.76695,35.59246],[139.76229,35.59874],[139.76066,35.60375],[139.757,35.61024],[139.75613,35.61101],[139.75544,35.61127],[139.75309,35.61149],[139.75296,35.61171],[139.75294,35.61492],[139.75354,35.62167],[139.75074,35.62181],[139.7463,35.62049],[139.74536,35.62257],[139.74479,35.62706],[139.74497,35.62926],[139.74125,35.62952],[139.74123,35.62932]]},"properties":{"patternId":"Toei.Shina98.4102.2","routeId":"Toei.Shina98","routeLabelJa":"品９８ 品川駅港南口行","routeCode":"品９８","direction":"2","stopCount":22,"geometrySource":"odpt-road-shape","operator":"Toei","patternCount":1}},{"type":"Feature","geometry":{"type":"LineString","coordinates":[[139.76587,35.58545],[139.76583,35.58963],[139.77052,35.59189],[139.76925,35.59361],[139.76695,35.59246],[139.76229,35.59874],[139.76066,35.60375],[139.757,35.61024],[139.75613,35.61101],[139.75544,35.61127],[139.75309,35.61149],[139.75296,35.61171],[139.75294,35.61492],[139.75354,35.62167],[139.75074,35.62181],[139.7463,35.62049],[139.74536,35.62257],[139.74479,35.62706],[139.74497,35.62926],[139.74125,35.62952],[139.74123,35.62932]]},"properties":{"patternId":"Toei.Shina98.4104.2","routeId":"Toei.Shina98","routeLabelJa":"品９８ 品川駅港南口行","routeCode":"品９８","direction":"2","stopCount":20,"geometrySource":"odpt-road-shape","operator":"Toei","patternCount":1}},{"type":"Feature","geometry":{"type":"LineString","coordinates":[[139.74155,35.62842],[139.74494,35.62812],[139.74483,35.62712],[139.74536,35.62257],[139.74625,35.62059],[139.7508,35.62195],[139.75368,35.62183],[139.75334,35.61758],[139.75362,35.6139],[139.75344,35.61163],[139.75569,35.61133],[139.75669,35.61078],[139.75717,35.61024],[139.76096,35.60385],[139.76252,35.59894],[139.76723,35.5926],[139.76938,35.59368],[139.77063,35.59196],[139.76594,35.58959],[139.76605,35.58453],[139.76423,35.58443]]},"properties":{"patternId":"Toei.Shina98.4105.1","routeId":"Toei.Shina98","routeLabelJa":"品９８ 大田市場北行","routeCode":"品９８","direction":"1","stopCount":20,"geometrySource":"odpt-road-shape","operator":"Toei","patternCount":1}},{"type":"Feature","geometry":{"type":"LineString","coordinates":[[139.76417,35.58443],[139.76298,35.58446],[139.7628,35.5848],[139.76593,35.58483],[139.76583,35.58963],[139.77052,35.59189],[139.76925,35.59361],[139.76695,35.59246],[139.76229,35.59874],[139.76066,35.60375],[139.757,35.61024],[139.75613,35.61101],[139.75544,35.61127],[139.75309,35.61149],[139.75296,35.61171],[139.75294,35.61492],[139.75354,35.62167],[139.75074,35.62181],[139.7463,35.62049],[139.74536,35.62257],[139.74479,35.62706],[139.74497,35.62926],[139.74125,35.62952],[139.74123,35.62932]]},"properties":{"patternId":"Toei.Shina98.4105.2","routeId":"Toei.Shina98","routeLabelJa":"品９８ 品川駅港南口行","routeCode":"品９８","direction":"2","stopCount":21,"geometrySource":"odpt-road-shape","operator":"Toei","patternCount":1}},{"type":"Feature","geometry":{"type":"LineString","coordinates":[[139.74155,35.62842],[139.74494,35.62812],[139.74483,35.62712],[139.74536,35.62257],[139.74625,35.62059],[139.7508,35.62195],[139.75368,35.62183],[139.75334,35.61724],[139.75362,35.6139],[139.75302,35.60749],[139.7534,35.60714],[139.75404,35.60701],[139.75583,35.60703],[139.75568,35.58949],[139.7558,35.58473],[139.76191,35.58485],[139.76201,35.58411],[139.76153,35.58265],[139.76275,35.58267],[139.76419,35.58189],[139.76419,35.57958],[139.76406,35.5794],[139.75858,35.57931]]},"properties":{"patternId":"Toei.Shina98.4106.1","routeId":"Toei.Shina98","routeLabelJa":"品９８ 大田市場行","routeCode":"品９８","direction":"1","stopCount":4,"geometrySource":"odpt-road-shape","operator":"Toei","patternCount":1}},{"type":"Feature","geometry":{"type":"LineString","coordinates":[[139.75852,35.57931],[139.75777,35.5795],[139.75753,35.58033],[139.75753,35.58186],[139.75837,35.58263],[139.76152,35.58265],[139.762,35.58433],[139.76182,35.58446],[139.75494,35.58445],[139.75482,35.58742],[139.75488,35.60524],[139.75442,35.60573],[139.7529,35.60629],[139.75236,35.60701],[139.75354,35.62167],[139.75074,35.62181],[139.7463,35.62049],[139.74536,35.62257],[139.74479,35.62706],[139.74497,35.62926],[139.74125,35.62952],[139.74123,35.62932]]},"properties":{"patternId":"Toei.Shina98.4106.2","routeId":"Toei.Shina98","routeLabelJa":"品９８ 品川駅港南口行","routeCode":"品９８","direction":"2","stopCount":3,"geometrySource":"odpt-road-shape","operator":"Toei","patternCount":1}},{"type":"Feature","geometry":{"type":"LineString","coordinates":[[139.74152,35.62845],[139.74495,35.62768],[139.74529,35.6241],[139.74614,35.62107],[139.7492,35.62154],[139.75364,35.62094],[139.75352,35.61651],[139.75407,35.61161],[139.75845,35.60835],[139.76088,35.6041],[139.76199,35.60081],[139.76366,35.59746],[139.76592,35.59448],[139.76974,35.59325],[139.77024,35.59165],[139.76941,35.59139],[139.766,35.58901],[139.76607,35.58539],[139.76276,35.58277],[139.76424,35.58017],[139.76021,35.57908]]},"properties":{"patternId":"Toei.Shina98.4107.1","routeId":"Toei.Shina98","routeLabelJa":"品９８ 大田市場行","routeCode":"品９８","direction":"1","stopCount":22,"geometrySource":"stop-to-stop","operator":"Toei","patternCount":1}},{"type":"Feature","geometry":{"type":"LineString","coordinates":[[139.76021,35.57908],[139.76585,35.5854],[139.76579,35.58756],[139.76669,35.59006],[139.76943,35.59146],[139.77011,35.59228],[139.76857,35.59309],[139.76651,35.59289],[139.76255,35.59814],[139.7611,35.60192],[139.75855,35.60718],[139.75423,35.61124],[139.75301,35.61653],[139.75335,35.62102],[139.7494,35.62135],[139.74579,35.62124],[139.74496,35.62473],[139.7447,35.62788],[139.74124,35.6293]]},"properties":{"patternId":"Toei.Shina98.4107.2","routeId":"Toei.Shina98","routeLabelJa":"品９８ 品川駅港南口行","routeCode":"品９８","direction":"2","stopCount":21,"geometrySource":"stop-to-stop","operator":"Toei","patternCount":1}},{"type":"Feature","geometry":{"type":"LineString","coordinates":[[139.74149,35.62833],[139.74034,35.62841],[139.74066,35.62962],[139.74484,35.62933],[139.74496,35.62911],[139.74683,35.62898],[139.7471,35.63164],[139.74857,35.63459],[139.75069,35.63392],[139.75267,35.6379],[139.75378,35.63748],[139.75399,35.63758],[139.75474,35.63902],[139.75576,35.63926],[139.75683,35.63887],[139.75683,35.64054],[139.75611,35.64056],[139.75608,35.64292],[139.75232,35.6429],[139.75402,35.64623],[139.75127,35.64501],[139.74873,35.64415],[139.74838,35.64426],[139.74767,35.64515],[139.74797,35.64529]]},"properties":{"patternId":"Toei.Ta99.4301.1","routeId":"Toei.Ta99","routeLabelJa":"田９９ 田町駅東口行","routeCode":"田９９","direction":"1","stopCount":12,"geometrySource":"odpt-road-shape","operator":"Toei","patternCount":1}},{"type":"Feature","geometry":{"type":"LineString","coordinates":[[139.74797,35.64529],[139.74873,35.64415],[139.75127,35.64501],[139.75402,35.64623],[139.75232,35.6429],[139.75608,35.64292],[139.75611,35.64056],[139.75683,35.64054],[139.75683,35.63887],[139.75576,35.63926],[139.75392,35.6403],[139.75069,35.63392],[139.74857,35.63459],[139.7471,35.63164],[139.74683,35.62898],[139.74496,35.6291],[139.74486,35.62813],[139.74149,35.62833]]},"properties":{"patternId":"Toei.Ta99.4301.2","routeId":"Toei.Ta99","routeLabelJa":"田９９ 品川駅港南口行","routeCode":"田９９","direction":"2","stopCount":11,"geometrySource":"odpt-road-shape","operator":"Toei","patternCount":1}},{"type":"Feature","geometry":{"type":"LineString","coordinates":[[139.74149,35.62833],[139.74034,35.62841],[139.74066,35.62962],[139.74484,35.62933],[139.74496,35.62911],[139.74683,35.62898],[139.7471,35.63164],[139.7506,35.63142],[139.7505,35.63054],[139.7508,35.63052],[139.75085,35.63067]]},"properties":{"patternId":"Toei.Ta99.4302.2","routeId":"Toei.Ta99","routeLabelJa":"田９９ 港南四丁目行","routeCode":"田９９","direction":"2","stopCount":2,"geometrySource":"odpt-road-shape","operator":"Toei","patternCount":1}},{"type":"Feature","geometry":{"type":"LineString","coordinates":[[139.74118,35.62897],[139.7411,35.62841],[139.74483,35.62814],[139.7452,35.63181],[139.75426,35.63118],[139.75528,35.63086],[139.75594,35.62991],[139.75623,35.62271],[139.75588,35.62218],[139.75524,35.62176],[139.75372,35.62165],[139.75408,35.62329],[139.75464,35.63085],[139.75429,35.63132],[139.75466,35.63214],[139.75742,35.63214],[139.75761,35.62769],[139.75585,35.62767],[139.75579,35.63021],[139.75527,35.63086],[139.75425,35.63114],[139.7453,35.63174],[139.74504,35.62927],[139.74132,35.62951]]},"properties":{"patternId":"Toei.Shina99.4505.3","routeId":"Toei.Shina99","routeLabelJa":"品９９ 品川駅港南口行","routeCode":"品９９","direction":"3","stopCount":20,"geometrySource":"odpt-road-shape","operator":"Toei","patternCount":1}},{"type":"Feature","geometry":{"type":"LineString","coordinates":[[139.74118,35.62897],[139.7411,35.62841],[139.74483,35.62814],[139.7452,35.63181],[139.74565,35.6318],[139.75495,35.63103],[139.75582,35.63027],[139.75608,35.62821]]},"properties":{"patternId":"Toei.Shina99.4506.1","routeId":"Toei.Shina99","routeLabelJa":"品９９ 東京出入国在留管理局前行","routeCode":"品９９","direction":"1","stopCount":6,"geometrySource":"odpt-road-shape","operator":"Toei","patternCount":1}},{"type":"Feature","geometry":{"type":"LineString","coordinates":[[139.77934,35.62712],[139.77967,35.62678],[139.77746,35.62547],[139.77852,35.62318],[139.77382,35.62063],[139.77703,35.6168],[139.7778,35.61677],[139.78119,35.61858],[139.78514,35.61346],[139.79802,35.59769],[139.79943,35.59848],[139.79748,35.6009]]},"properties":{"patternId":"Toei.NM01.4601.1","routeId":"Toei.NM01","routeLabelJa":"波０１（ＮＭ０１） 中央防波堤行","routeCode":"波０１（ＮＭ０１）","direction":"1","stopCount":8,"geometrySource":"odpt-road-shape","operator":"Toei","patternCount":1}},{"type":"Feature","geometry":{"type":"LineString","coordinates":[[139.79754,35.60099],[139.79958,35.59848],[139.79794,35.59757],[139.78093,35.61831],[139.77781,35.61662],[139.77707,35.61662],[139.77657,35.61699],[139.77484,35.61914],[139.77907,35.62142],[139.77726,35.62536],[139.77896,35.62631],[139.77857,35.6268]]},"properties":{"patternId":"Toei.NM01.4601.2","routeId":"Toei.NM01","routeLabelJa":"波０１（ＮＭ０１） 東京テレポート駅前行","routeCode":"波０１（ＮＭ０１）","direction":"2","stopCount":8,"geometrySource":"odpt-road-shape","operator":"Toei","patternCount":1}},{"type":"Feature","geometry":{"type":"LineString","coordinates":[[139.81647,35.6081],[139.81596,35.60853],[139.81066,35.60549],[139.80927,35.60491],[139.80466,35.6024],[139.80494,35.60179],[139.80454,35.60115],[139.80058,35.60584],[139.79721,35.60137],[139.79958,35.59848],[139.79794,35.59757],[139.78093,35.61831],[139.77781,35.61662],[139.77707,35.61662],[139.77657,35.61699],[139.77484,35.61914],[139.77907,35.62142],[139.77726,35.62536],[139.77896,35.62631],[139.77857,35.6268]]},"properties":{"patternId":"Toei.NM01.4801.2","routeId":"Toei.NM01","routeLabelJa":"波０１（ＮＭ０１） 東京テレポート駅前行","routeCode":"波０１（ＮＭ０１）","direction":"2","stopCount":10,"geometrySource":"odpt-road-shape","operator":"Toei","patternCount":1}},{"type":"Feature","geometry":{"type":"LineString","coordinates":[[139.77934,35.62712],[139.77967,35.62678],[139.77746,35.62547],[139.77851,35.6233],[139.78884,35.62894],[139.78909,35.62593],[139.79463,35.61894],[139.79508,35.61713],[139.79482,35.61545],[139.79496,35.61459],[139.79523,35.6133],[139.79591,35.61194],[139.80062,35.60598],[139.80459,35.60133],[139.80486,35.60183],[139.8044,35.6023],[139.81065,35.60549],[139.81596,35.60853],[139.81624,35.60817],[139.81649,35.60831],[139.81649,35.60811]]},"properties":{"patternId":"Toei.NM01.4901.1","routeId":"Toei.NM01","routeLabelJa":"波０１（ＮＭ０１） 海の森水上競技場行","routeCode":"波０１（ＮＭ０１）","direction":"1","stopCount":3,"geometrySource":"odpt-road-shape","operator":"Toei","patternCount":1}},{"type":"Feature","geometry":{"type":"LineString","coordinates":[[139.81647,35.6081],[139.81596,35.60853],[139.81066,35.60549],[139.80927,35.60491],[139.80466,35.6024],[139.80494,35.60179],[139.80454,35.60115],[139.79593,35.61156],[139.79522,35.61287],[139.79484,35.61416],[139.79474,35.61542],[139.79497,35.61716],[139.79457,35.61887],[139.78899,35.62591],[139.78876,35.62868],[139.77833,35.62305],[139.77726,35.62536],[139.77896,35.62631],[139.77857,35.6268]]},"properties":{"patternId":"Toei.NM01.4901.2","routeId":"Toei.NM01","routeLabelJa":"波０１（ＮＭ０１） 東京テレポート駅前行","routeCode":"波０１（ＮＭ０１）","direction":"2","stopCount":3,"geometrySource":"odpt-road-shape","operator":"Toei","patternCount":1}},{"type":"Feature","geometry":{"type":"LineString","coordinates":[[139.71759,35.65519],[139.71749,35.65504],[139.71279,35.65516],[139.71126,35.65493],[139.71094,35.65582],[139.71083,35.65733],[139.71044,35.65824],[139.7101,35.6584],[139.7031,35.65794],[139.70248,35.65886],[139.7022,35.6588],[139.70199,35.65909]]},"properties":{"patternId":"Toei.Gaku03.8004.2","routeId":"Toei.Gaku03","routeLabelJa":"学０３ 渋谷駅前行","routeCode":"学０３","direction":"2","stopCount":7,"geometrySource":"odpt-road-shape","operator":"Toei","patternCount":1}},{"type":"Feature","geometry":{"type":"LineString","coordinates":[[139.70941,35.64696],[139.7093,35.6467],[139.70878,35.64719],[139.70961,35.64804],[139.7113,35.64895],[139.71322,35.65198],[139.71371,35.65415],[139.71372,35.65521],[139.71726,35.65504],[139.71769,35.6559],[139.71765,35.65546]]},"properties":{"patternId":"Toei.Gaku06.8102.1","routeId":"Toei.Gaku06","routeLabelJa":"学０６ 日赤医療センター前行","routeCode":"学０６","direction":"1","stopCount":6,"geometrySource":"odpt-road-shape","operator":"Toei","patternCount":1}},{"type":"Feature","geometry":{"type":"LineString","coordinates":[[139.71765,35.65545],[139.71749,35.65503],[139.71372,35.65521],[139.71371,35.65415],[139.71322,35.65198],[139.7113,35.64895],[139.71026,35.64838],[139.70912,35.64738],[139.7094,35.64699]]},"properties":{"patternId":"Toei.Gaku06.8102.2","routeId":"Toei.Gaku06","routeLabelJa":"学０６ 恵比寿駅前行","routeCode":"学０６","direction":"2","stopCount":5,"geometrySource":"odpt-road-shape","operator":"Toei","patternCount":1}},{"type":"Feature","geometry":{"type":"LineString","coordinates":[[139.75926,35.66637],[139.75906,35.66579],[139.75939,35.6656],[139.76032,35.66677],[139.74929,35.67035],[139.74644,35.66439],[139.74425,35.66202],[139.74335,35.66079],[139.74299,35.65974],[139.74255,35.65952],[139.74215,35.6595],[139.73785,35.66121],[139.73424,35.66229],[139.73242,35.66318],[139.72803,35.6611],[139.72438,35.65982],[139.72026,35.65926],[139.71884,35.65947],[139.71569,35.66063],[139.71071,35.66311],[139.70607,35.66013],[139.70414,35.65806],[139.70321,35.65796],[139.70263,35.65852]]},"properties":{"patternId":"Toei.Shibu88.8206.2","routeId":"Toei.Shibu88","routeLabelJa":"渋８８ 渋谷駅前行","routeCode":"渋８８","direction":"2","stopCount":17,"geometrySource":"odpt-road-shape","operator":"Toei","patternCount":1}},{"type":"Feature","geometry":{"type":"LineString","coordinates":[[139.70205,35.65872],[139.70647,35.6606],[139.70877,35.66209],[139.71147,35.66274],[139.71441,35.66123],[139.7181,35.6598],[139.72239,35.65976],[139.73309,35.66294],[139.74085,35.6601],[139.74338,35.66126],[139.74551,35.66364]]},"properties":{"patternId":"Toei.Shibu88.8208.1","routeId":"Toei.Shibu88","routeLabelJa":"渋８８ 神谷町駅前行","routeCode":"渋８８","direction":"1","stopCount":13,"geometrySource":"stop-to-stop","operator":"Toei","patternCount":1}},{"type":"Feature","geometry":{"type":"LineString","coordinates":[[139.7448,35.6625],[139.7437,35.66117],[139.73997,35.66025],[139.73552,35.66185],[139.73114,35.66252],[139.72703,35.66069],[139.72463,35.65986],[139.72038,35.6592],[139.7095,35.66221],[139.70738,35.66086],[139.7026,35.65853]]},"properties":{"patternId":"Toei.Shibu88.8208.2","routeId":"Toei.Shibu88","routeLabelJa":"渋８８ 渋谷駅前行","routeCode":"渋８８","direction":"2","stopCount":12,"geometrySource":"stop-to-stop","operator":"Toei","patternCount":1}},{"type":"Feature","geometry":{"type":"LineString","coordinates":[[139.69326,35.71036],[139.69307,35.71018],[139.69387,35.70963],[139.69399,35.70936],[139.69435,35.70785],[139.69436,35.706],[139.69523,35.70185],[139.70942,35.7008],[139.71197,35.70133],[139.71577,35.70125]]},"properties":{"patternId":"Toei.Hashi63.16402.1","routeId":"Toei.Hashi63","routeLabelJa":"橋６３ 国立国際医療センター前行","routeCode":"橋６３","direction":"1","stopCount":9,"geometrySource":"odpt-road-shape","operator":"Toei","patternCount":1}},{"type":"Feature","geometry":{"type":"LineString","coordinates":[[139.70196,35.65927],[139.70254,35.65939],[139.70319,35.65804],[139.70582,35.65598],[139.70867,35.6534],[139.7089,35.65298],[139.70918,35.65123],[139.70955,35.65065],[139.71134,35.649],[139.71006,35.64825],[139.71226,35.64621],[139.72183,35.6448],[139.7268,35.64434],[139.7275,35.64403],[139.73282,35.64357],[139.73398,35.64295],[139.73642,35.64399],[139.73938,35.64566],[139.7411,35.64791],[139.74463,35.64794],[139.74434,35.6457],[139.74458,35.64548],[139.74618,35.64649]]},"properties":{"patternId":"Toei.Ta87.8301.1","routeId":"Toei.Ta87","routeLabelJa":"田８７ 田町駅前行","routeCode":"田８７","direction":"1","stopCount":17,"geometrySource":"odpt-road-shape","operator":"Toei","patternCount":1}},{"type":"Feature","geometry":{"type":"LineString","coordinates":[[139.74626,35.64653],[139.74718,35.64693],[139.747,35.64721],[139.74401,35.64722],[139.74262,35.64794],[139.7411,35.64791],[139.73938,35.64566],[139.73622,35.64381],[139.73421,35.64287],[139.73282,35.64357],[139.7275,35.64403],[139.7268,35.64434],[139.72192,35.64479],[139.71226,35.64621],[139.71003,35.64829],[139.71124,35.64894],[139.70915,35.6511],[139.70886,35.65272],[139.70854,35.65344],[139.70609,35.65565],[139.70316,35.65794],[139.70258,35.6587]]},"properties":{"patternId":"Toei.Ta87.8301.2","routeId":"Toei.Ta87","routeLabelJa":"田８７ 渋谷駅前行","routeCode":"田８７","direction":"2","stopCount":17,"geometrySource":"odpt-road-shape","operator":"Toei","patternCount":1}},{"type":"Feature","geometry":{"type":"LineString","coordinates":[[139.70825,35.65389],[139.7089,35.65298],[139.70918,35.65123],[139.70955,35.65065],[139.71134,35.649],[139.71006,35.64825],[139.71226,35.64621],[139.72183,35.6448],[139.7268,35.64434],[139.7275,35.64403],[139.73282,35.64357],[139.73398,35.64295],[139.73642,35.64399],[139.73938,35.64566],[139.7411,35.64791],[139.74463,35.64794],[139.74434,35.6457],[139.74458,35.64548],[139.74618,35.64649]]},"properties":{"patternId":"Toei.Ta87.8302.1","routeId":"Toei.Ta87","routeLabelJa":"田８７ 田町駅前行","routeCode":"田８７","direction":"1","stopCount":15,"geometrySource":"odpt-road-shape","operator":"Toei","patternCount":1}},{"type":"Feature","geometry":{"type":"LineString","coordinates":[[139.70237,35.65882],[139.70219,35.65878],[139.70197,35.65923],[139.70253,35.6594],[139.70318,35.65816],[139.70854,35.6585],[139.72012,35.65964],[139.72254,35.65971],[139.72642,35.66067],[139.72858,35.6615],[139.72962,35.6611],[139.72948,35.66051]]},"properties":{"patternId":"Toei.RH01.8403.1","routeId":"Toei.RH01","routeLabelJa":"ＲＨ０１ 六本木ヒルズ行","routeCode":"ＲＨ０１","direction":"1","stopCount":5,"geometrySource":"odpt-road-shape","operator":"Toei","patternCount":1}},{"type":"Feature","geometry":{"type":"LineString","coordinates":[[139.72946,35.66044],[139.72856,35.65927],[139.73213,35.65929],[139.73184,35.66002],[139.73126,35.66051],[139.72861,35.66137],[139.72437,35.65982],[139.72146,35.65935],[139.71903,35.65928],[139.7081,35.65819],[139.70312,35.65796],[139.70259,35.6586]]},"properties":{"patternId":"Toei.RH01.8403.2","routeId":"Toei.RH01","routeLabelJa":"ＲＨ０１ 渋谷駅前行","routeCode":"ＲＨ０１","direction":"2","stopCount":8,"geometrySource":"odpt-road-shape","operator":"Toei","patternCount":1}},{"type":"Feature","geometry":{"type":"LineString","coordinates":[[139.70241,35.65883],[139.70198,35.65874],[139.70179,35.65921],[139.70255,35.65938],[139.70313,35.65816],[139.7227,35.65973],[139.7247,35.66016],[139.72841,35.66151],[139.73735,35.666],[139.73872,35.66692],[139.74114,35.66948],[139.74281,35.67091],[139.74702,35.6703],[139.74904,35.67056],[139.75936,35.66714],[139.75913,35.66669],[139.75926,35.66625]]},"properties":{"patternId":"Toei.T01.8501.1","routeId":"Toei.T01","routeLabelJa":"都０１（Ｔ０１） 新橋駅前行","routeCode":"都０１（Ｔ０１）","direction":"1","stopCount":15,"geometrySource":"odpt-road-shape","operator":"Toei","patternCount":1}},{"type":"Feature","geometry":{"type":"LineString","coordinates":[[139.70241,35.65883],[139.70198,35.65874],[139.7018,35.65921],[139.70255,35.65938],[139.70313,35.65816],[139.70847,35.65848],[139.72035,35.65966],[139.7227,35.65973],[139.72409,35.65999],[139.72791,35.66129],[139.7322,35.6633],[139.73735,35.666],[139.73872,35.66692],[139.73967,35.66801]]},"properties":{"patternId":"Toei.T01.8505.1","routeId":"Toei.T01","routeLabelJa":"都０１（Ｔ０１） 赤坂アークヒルズ行","routeCode":"都０１（Ｔ０１）","direction":"1","stopCount":9,"geometrySource":"odpt-road-shape","operator":"Toei","patternCount":1}},{"type":"Feature","geometry":{"type":"LineString","coordinates":[[139.74012,35.66762],[139.7399,35.66776],[139.73778,35.6659],[139.73228,35.66312],[139.7283,35.66122],[139.72438,35.65982],[139.72162,35.65937],[139.7081,35.6582],[139.70332,35.65798],[139.70262,35.65852]]},"properties":{"patternId":"Toei.T01.8505.2","routeId":"Toei.T01","routeLabelJa":"都０１（Ｔ０１） 渋谷駅前行","routeCode":"都０１（Ｔ０１）","direction":"2","stopCount":10,"geometrySource":"odpt-road-shape","operator":"Toei","patternCount":1}},{"type":"Feature","geometry":{"type":"LineString","coordinates":[[139.73129,35.66293],[139.73639,35.66546],[139.73838,35.66669],[139.74281,35.67091],[139.74702,35.6703],[139.74904,35.67056],[139.75936,35.66714],[139.75913,35.66669],[139.75926,35.66625]]},"properties":{"patternId":"Toei.T01.8506.1","routeId":"Toei.T01","routeLabelJa":"都０１（Ｔ０１） 新橋駅前行","routeCode":"都０１（Ｔ０１）","direction":"1","stopCount":10,"geometrySource":"odpt-road-shape","operator":"Toei","patternCount":1}},{"type":"Feature","geometry":{"type":"LineString","coordinates":[[139.75921,35.66593],[139.75906,35.6658],[139.75957,35.66551],[139.75529,35.66033],[139.75421,35.65273],[139.75116,35.65315],[139.74951,35.65256],[139.74776,35.65266],[139.74656,35.65309],[139.74504,35.65421],[139.74133,35.65455],[139.73718,35.65541],[139.73668,35.65261],[139.73687,35.64874],[139.73605,35.6465],[139.73422,35.64678],[139.73262,35.64736],[139.72928,35.64711],[139.7279,35.6467],[139.72494,35.64661],[139.7242,35.64684],[139.72327,35.64751],[139.72003,35.64833],[139.7189,35.64881],[139.71465,35.64825],[139.71321,35.64837],[139.71148,35.64879],[139.70931,35.65084],[139.70902,35.65133],[139.70885,35.65276],[139.70857,35.65341],[139.70595,35.65578],[139.70336,35.65778],[139.70265,35.65858]]},"properties":{"patternId":"Toei.T06.8601.2","routeId":"Toei.T06","routeLabelJa":"都０６ 渋谷駅前行","routeCode":"都０６","direction":"2","stopCount":25,"geometrySource":"odpt-road-shape","operator":"Toei","patternCount":1}},{"type":"Feature","geometry":{"type":"LineString","coordinates":[[139.70231,35.65935],[139.70254,35.65938],[139.70328,35.65797],[139.70843,35.65371],[139.70894,35.65283],[139.70911,35.65142],[139.70935,35.65096],[139.71145,35.6489],[139.71469,35.64835],[139.71889,35.64891],[139.7201,35.6484],[139.72322,35.64766],[139.72489,35.64675],[139.72797,35.64685],[139.72917,35.64718],[139.73262,35.64745],[139.73328,35.64734],[139.73415,35.64689],[139.73587,35.64664],[139.7363,35.64737],[139.7367,35.64871],[139.73652,35.65259],[139.73713,35.65634],[139.73892,35.65606],[139.74193,35.65524],[139.74528,35.65494],[139.74526,35.65419],[139.74421,35.65422]]},"properties":{"patternId":"Toei.T06.8602.1","routeId":"Toei.T06","routeLabelJa":"都０６ 赤羽橋駅前行","routeCode":"都０６","direction":"1","stopCount":19,"geometrySource":"odpt-road-shape","operator":"Toei","patternCount":1}},{"type":"Feature","geometry":{"type":"LineString","coordinates":[[139.74382,35.65426],[139.74133,35.65455],[139.73718,35.65541],[139.73668,35.65261],[139.73687,35.64874],[139.73605,35.6465],[139.73422,35.64678],[139.73262,35.64736],[139.72928,35.64711],[139.7279,35.6467],[139.72494,35.64661],[139.7242,35.64684],[139.72327,35.64751],[139.72003,35.64833],[139.7189,35.64881],[139.71465,35.64825],[139.71321,35.64837],[139.71148,35.64879],[139.70931,35.65084],[139.70902,35.65133],[139.70885,35.65276],[139.70857,35.65341],[139.70595,35.65578],[139.70336,35.65778],[139.70265,35.65858]]},"properties":{"patternId":"Toei.T06.8602.2","routeId":"Toei.T06","routeLabelJa":"都０６ 渋谷駅前行","routeCode":"都０６","direction":"2","stopCount":19,"geometrySource":"odpt-road-shape","operator":"Toei","patternCount":1}},{"type":"Feature","geometry":{"type":"LineString","coordinates":[[139.72356,35.64755],[139.72419,35.64702],[139.72489,35.64675],[139.72797,35.64685],[139.72917,35.64718],[139.73262,35.64745],[139.73328,35.64734],[139.73415,35.64689],[139.73587,35.64664],[139.7363,35.64737],[139.7367,35.64871],[139.73652,35.65259],[139.73701,35.65545],[139.74133,35.65455],[139.74504,35.6542],[139.74656,35.65309],[139.74776,35.65266],[139.74951,35.65256],[139.75116,35.65315],[139.75403,35.65275],[139.75511,35.6603],[139.75964,35.66599]]},"properties":{"patternId":"Toei.T06.8603.1","routeId":"Toei.T06","routeLabelJa":"都０６ 新橋駅前行","routeCode":"都０６","direction":"1","stopCount":15,"geometrySource":"odpt-road-shape","operator":"Toei","patternCount":1}},{"type":"Feature","geometry":{"type":"LineString","coordinates":[[139.69804,35.69253],[139.69833,35.69223],[139.69931,35.69206],[139.69909,35.69362],[139.70049,35.69367],[139.70579,35.69243],[139.70675,35.69421],[139.708,35.7009],[139.70942,35.7008],[139.71197,35.70133],[139.71426,35.7014],[139.71668,35.70112],[139.71743,35.70131],[139.71822,35.70112],[139.7208,35.70021],[139.71847,35.69933],[139.71909,35.6981],[139.71996,35.69758],[139.71982,35.69751]]},"properties":{"patternId":"Toei.Shuku74.12001.1","routeId":"Toei.Shuku74","routeLabelJa":"宿７４ 東京女子医大前行","routeCode":"宿７４","direction":"1","stopCount":12,"geometrySource":"odpt-road-shape","operator":"Toei","patternCount":1}},{"type":"Feature","geometry":{"type":"LineString","coordinates":[[139.71993,35.69741],[139.71996,35.69758],[139.71909,35.6981],[139.71847,35.69933],[139.7208,35.70021],[139.71916,35.70083],[139.71743,35.70131],[139.71667,35.70112],[139.71426,35.7014],[139.71194,35.70133],[139.70972,35.70083],[139.708,35.7009],[139.70675,35.69421],[139.70701,35.6921],[139.7007,35.69368],[139.69781,35.69348],[139.69749,35.69321],[139.69747,35.6929],[139.69796,35.69259]]},"properties":{"patternId":"Toei.Shuku74.12001.2","routeId":"Toei.Shuku74","routeLabelJa":"宿７４ 新宿駅西口行","routeCode":"宿７４","direction":"2","stopCount":12,"geometrySource":"odpt-road-shape","operator":"Toei","patternCount":1}},{"type":"Feature","geometry":{"type":"LineString","coordinates":[[139.69851,35.69099],[139.69787,35.69114],[139.69619,35.69105],[139.69082,35.69025],[139.69121,35.68861],[139.69381,35.68904],[139.69341,35.69075],[139.69877,35.69144],[139.69883,35.69109],[139.69851,35.69099]]},"properties":{"patternId":"Toei.CH01.12101.3","routeId":"Toei.CH01","routeLabelJa":"ＣＨ０１ 新宿駅西口行","routeCode":"ＣＨ０１","direction":"3","stopCount":5,"geometrySource":"odpt-road-shape","operator":"Toei","patternCount":1}},{"type":"Feature","geometry":{"type":"LineString","coordinates":[[139.69805,35.69253],[139.69831,35.69224],[139.69933,35.69214],[139.69907,35.69362],[139.7005,35.69369],[139.70579,35.69243],[139.70675,35.69421],[139.70743,35.69793],[139.71011,35.6977],[139.71477,35.69784],[139.71669,35.69875],[139.71847,35.69933],[139.71909,35.6981],[139.71992,35.69742],[139.71994,35.69756],[139.72159,35.69664],[139.72352,35.69609],[139.72489,35.69547],[139.72406,35.69298],[139.72556,35.69222],[139.72327,35.68795],[139.72948,35.68589],[139.73101,35.68566],[139.73509,35.68405],[139.73755,35.68393],[139.74077,35.68422],[139.74371,35.68397],[139.74409,35.68372],[139.74422,35.6827],[139.74462,35.68182]]},"properties":{"patternId":"Toei.Shuku75.12301.1","routeId":"Toei.Shuku75","routeLabelJa":"宿７５ 三宅坂行","routeCode":"宿７５","direction":"1","stopCount":21,"geometrySource":"odpt-road-shape","operator":"Toei","patternCount":1}},{"type":"Feature","geometry":{"type":"LineString","coordinates":[[139.74462,35.68182],[139.74443,35.68179],[139.74428,35.68207],[139.74371,35.68397],[139.74077,35.68422],[139.73755,35.68393],[139.73509,35.68405],[139.73101,35.68566],[139.72948,35.68589],[139.72327,35.68795],[139.72556,35.69222],[139.72406,35.69298],[139.72489,35.69547],[139.72352,35.69609],[139.72159,35.69664],[139.71983,35.6975],[139.71995,35.69756],[139.71909,35.6981],[139.71847,35.69933],[139.71669,35.69875],[139.71477,35.69784],[139.71011,35.6977],[139.70743,35.69793],[139.70683,35.69488],[139.70699,35.69215],[139.7005,35.69369],[139.69792,35.69356],[139.69746,35.69306],[139.69794,35.6926]]},"properties":{"patternId":"Toei.Shuku75.12301.2","routeId":"Toei.Shuku75","routeLabelJa":"宿７５ 新宿駅西口行","routeCode":"宿７５","direction":"2","stopCount":21,"geometrySource":"odpt-road-shape","operator":"Toei","patternCount":1}},{"type":"Feature","geometry":{"type":"LineString","coordinates":[[139.69805,35.69253],[139.6983,35.69224],[139.69933,35.69214],[139.69907,35.69362],[139.7005,35.69369],[139.70579,35.69243],[139.70675,35.69421],[139.70743,35.69793],[139.71011,35.6977],[139.71477,35.69784],[139.71669,35.69875],[139.71847,35.69933],[139.71909,35.6981],[139.71992,35.69742]]},"properties":{"patternId":"Toei.Shuku75.12302.1","routeId":"Toei.Shuku75","routeLabelJa":"宿７５ 東京女子医大前行","routeCode":"宿７５","direction":"1","stopCount":10,"geometrySource":"odpt-road-shape","operator":"Toei","patternCount":1}},{"type":"Feature","geometry":{"type":"LineString","coordinates":[[139.71983,35.6975],[139.71995,35.69756],[139.71909,35.6981],[139.71847,35.69933],[139.71669,35.69875],[139.71477,35.69784],[139.71011,35.6977],[139.70743,35.69793],[139.70683,35.69488],[139.70699,35.69215],[139.7005,35.69369],[139.69792,35.69356],[139.69746,35.69306],[139.69793,35.6926]]},"properties":{"patternId":"Toei.Shuku75.12302.2","routeId":"Toei.Shuku75","routeLabelJa":"宿７５ 新宿駅西口行","routeCode":"宿７５","direction":"2","stopCount":10,"geometrySource":"odpt-road-shape","operator":"Toei","patternCount":1}},{"type":"Feature","geometry":{"type":"LineString","coordinates":[[139.69326,35.71036],[139.69307,35.71018],[139.69387,35.70963],[139.69495,35.71016],[139.69626,35.71127],[139.69718,35.7117],[139.69999,35.71245],[139.70254,35.71366],[139.70396,35.7138],[139.70769,35.71193],[139.71138,35.71111],[139.71366,35.70989],[139.71649,35.70935],[139.71745,35.71236],[139.72214,35.71091],[139.72708,35.70966],[139.7283,35.70965],[139.7321,35.71014],[139.73495,35.70909],[139.74249,35.70793],[139.74316,35.70754],[139.74479,35.70252],[139.74753,35.70079],[139.75,35.69823],[139.75262,35.69783],[139.75289,35.69569],[139.75138,35.69548],[139.75066,35.69738],[139.75,35.69823],[139.74753,35.70079],[139.74479,35.70252],[139.74316,35.70754],[139.74249,35.70793],[139.73495,35.70909],[139.7321,35.71014],[139.7283,35.70965],[139.72708,35.70966],[139.71735,35.71222],[139.71649,35.70935],[139.71366,35.70989],[139.71138,35.71111],[139.70769,35.71193],[139.70396,35.7138],[139.70254,35.71366],[139.69999,35.71245],[139.69718,35.7117],[139.69626,35.71127],[139.69495,35.71016],[139.69387,35.70963],[139.69307,35.71018],[139.69326,35.71036]]},"properties":{"patternId":"Toei.Ii64.16001.3","routeId":"Toei.Ii64","routeLabelJa":"飯６４ 小滝橋車庫前行","routeCode":"飯６４","direction":"3","stopCount":41,"geometrySource":"odpt-road-shape","operator":"Toei","patternCount":1}},{"type":"Feature","geometry":{"type":"LineString","coordinates":[[139.69326,35.71036],[139.69307,35.71018],[139.69387,35.70963],[139.69495,35.71016],[139.69626,35.71127],[139.69718,35.7117],[139.69999,35.71245],[139.70254,35.71366],[139.70363,35.71381],[139.70446,35.71366]]},"properties":{"patternId":"Toei.Ii64.16002.1","routeId":"Toei.Ii64","routeLabelJa":"飯６４ 高田馬場駅前行","routeCode":"飯６４","direction":"1","stopCount":5,"geometrySource":"odpt-road-shape","operator":"Toei","patternCount":2}},{"type":"Feature","geometry":{"type":"LineString","coordinates":[[139.69326,35.71036],[139.69307,35.71018],[139.69387,35.70963],[139.69495,35.71016],[139.69626,35.71127],[139.69718,35.7117],[139.69999,35.71245],[139.70254,35.71366],[139.70399,35.71379],[139.70791,35.71188],[139.71138,35.71111],[139.71366,35.70989],[139.71649,35.70935],[139.71875,35.70667],[139.71993,35.70601],[139.72163,35.70796],[139.72245,35.70836],[139.7228,35.70875],[139.7232,35.7094],[139.72326,35.70997],[139.72322,35.7106],[139.72037,35.71143]]},"properties":{"patternId":"Toei.Ii64.16003.1","routeId":"Toei.Ii64","routeLabelJa":"飯６４ 早稲田行","routeCode":"飯６４","direction":"1","stopCount":10,"geometrySource":"odpt-road-shape","operator":"Toei","patternCount":1}},{"type":"Feature","geometry":{"type":"LineString","coordinates":[[139.72179,35.71101],[139.71735,35.71222],[139.71649,35.70935],[139.71366,35.70989],[139.71138,35.71111],[139.70791,35.71188],[139.70446,35.71366],[139.70363,35.71381],[139.70173,35.7134],[139.70003,35.71247],[139.69689,35.71158],[139.69626,35.71127],[139.69495,35.71016],[139.69387,35.70963],[139.69307,35.71018],[139.69326,35.71036]]},"properties":{"patternId":"Toei.Ii64.16003.2","routeId":"Toei.Ii64","routeLabelJa":"飯６４ 小滝橋車庫前行","routeCode":"飯６４","direction":"2","stopCount":10,"geometrySource":"odpt-road-shape","operator":"Toei","patternCount":1}},{"type":"Feature","geometry":{"type":"LineString","coordinates":[[139.69322,35.71027],[139.69391,35.70965],[139.69474,35.71004],[139.69631,35.71134],[139.69699,35.71166],[139.70013,35.71253],[139.70228,35.71364],[139.70385,35.71384],[139.70768,35.71196],[139.71061,35.7114],[139.71159,35.71106],[139.71353,35.70996],[139.71642,35.70941],[139.71728,35.71242],[139.72539,35.71005],[139.7272,35.7097],[139.73168,35.71026],[139.73504,35.70922],[139.74205,35.70817],[139.74253,35.70837],[139.74308,35.70832],[139.74353,35.70785],[139.74574,35.70824],[139.74638,35.71055],[139.74812,35.70974],[139.74943,35.70875],[139.7502,35.70858],[139.75374,35.7085],[139.75654,35.70735],[139.76119,35.70757],[139.76598,35.70737],[139.76849,35.7084],[139.77307,35.70801],[139.77347,35.70977],[139.77257,35.70985],[139.76981,35.70932],[139.7699,35.70823],[139.76848,35.70827],[139.76593,35.70729],[139.7612,35.70754],[139.75646,35.70725],[139.75576,35.70741],[139.75413,35.70829],[139.75007,35.70849],[139.74936,35.7087],[139.74807,35.70965],[139.74639,35.71041],[139.74577,35.70822],[139.74354,35.7078],[139.74427,35.70541],[139.74384,35.70513],[139.74305,35.70766],[139.74267,35.7079],[139.73472,35.70905],[139.73179,35.71013],[139.72807,35.70956],[139.72689,35.70963],[139.71732,35.71225],[139.71652,35.70931],[139.71349,35.70994],[139.71061,35.71137],[139.70763,35.71194],[139.70434,35.71369],[139.70385,35.7138],[139.70231,35.71358],[139.70006,35.71245],[139.69714,35.71168],[139.69636,35.71133],[139.69474,35.71001],[139.69393,35.70959],[139.69313,35.71014]]},"properties":{"patternId":"Toei.Ue69.16103.3","routeId":"Toei.Ue69","routeLabelJa":"上６９ 小滝橋車庫前行","routeCode":"上６９","direction":"3","stopCount":50,"geometrySource":"odpt-road-shape","operator":"Toei","patternCount":1}},{"type":"Feature","geometry":{"type":"LineString","coordinates":[[139.70456,35.7133],[139.7047,35.71353],[139.70768,35.71193],[139.71139,35.71112],[139.71361,35.70991],[139.71643,35.70941],[139.7178,35.70762],[139.71878,35.70669],[139.72053,35.70821],[139.72094,35.7088],[139.72132,35.7087]]},"properties":{"patternId":"Toei.Gaku02.16201.1","routeId":"Toei.Gaku02","routeLabelJa":"学０２ 早大正門行","routeCode":"学０２","direction":"1","stopCount":5,"geometrySource":"odpt-road-shape","operator":"Toei","patternCount":1}},{"type":"Feature","geometry":{"type":"LineString","coordinates":[[139.72167,35.70859],[139.72236,35.70831],[139.72142,35.70777],[139.71989,35.70598],[139.71915,35.70636],[139.7178,35.70762],[139.71643,35.70941],[139.71361,35.70991],[139.7114,35.71111],[139.70769,35.71193],[139.70503,35.71335],[139.70465,35.71298],[139.70447,35.71316]]},"properties":{"patternId":"Toei.Gaku02.16201.2","routeId":"Toei.Gaku02","routeLabelJa":"学０２ 高田馬場駅前行","routeCode":"学０２","direction":"2","stopCount":5,"geometrySource":"odpt-road-shape","operator":"Toei","patternCount":1}},{"type":"Feature","geometry":{"type":"LineString","coordinates":[[139.71535,35.70129],[139.71194,35.70133],[139.70927,35.70081],[139.69523,35.70185],[139.69435,35.70608],[139.69435,35.70785],[139.69399,35.70936],[139.69387,35.70963],[139.69307,35.71018],[139.69326,35.71036]]},"properties":{"patternId":"Toei.Hashi63.16402.2","routeId":"Toei.Hashi63","routeLabelJa":"橋６３ 小滝橋車庫前行","routeCode":"橋６３","direction":"2","stopCount":8,"geometrySource":"odpt-road-shape","operator":"Toei","patternCount":1}},{"type":"Feature","geometry":{"type":"LineString","coordinates":[[139.72129,35.70868],[139.72245,35.70836],[139.72136,35.70772],[139.71988,35.70599],[139.72012,35.70593],[139.72086,35.70423],[139.72167,35.70351],[139.72145,35.70202],[139.72076,35.7001],[139.71847,35.69933],[139.71925,35.69796],[139.72159,35.69664],[139.72352,35.69609],[139.72489,35.69547],[139.72426,35.69334],[139.72338,35.6917],[139.72047,35.68912],[139.72033,35.68787],[139.71595,35.6874],[139.71592,35.683],[139.71565,35.68254],[139.71398,35.68131],[139.71368,35.68055],[139.71419,35.68038],[139.71449,35.67995],[139.71153,35.68071],[139.71057,35.67893],[139.71279,35.67789],[139.71258,35.67692],[139.71267,35.6756],[139.70702,35.6746],[139.70623,35.67429],[139.70447,35.67308],[139.70348,35.67276],[139.70287,35.671],[139.70287,35.66953],[139.70207,35.66918],[139.70177,35.66673],[139.70065,35.66643],[139.69943,35.6652],[139.69875,35.66477],[139.69924,35.66329],[139.69927,35.66237],[139.69947,35.66202],[139.70082,35.66096],[139.70051,35.65946],[139.70242,35.65954],[139.70211,35.66363],[139.70227,35.66422],[139.70536,35.66848],[139.70287,35.66953],[139.70287,35.671],[139.70348,35.67276],[139.70447,35.67308],[139.70673,35.6745],[139.70929,35.67501]]},"properties":{"patternId":"Toei.Haya81.16501.3","routeId":"Toei.Haya81","routeLabelJa":"早８１ 早大正門行","routeCode":"早８１","direction":"3","stopCount":44,"geometrySource":"odpt-road-shape","operator":"Toei","patternCount":1}},{"type":"Feature","geometry":{"type":"LineString","coordinates":[[139.72214,35.70821],[139.72119,35.7087],[139.72245,35.70836],[139.72136,35.70772],[139.71988,35.70599],[139.72012,35.70593],[139.72086,35.70423],[139.72167,35.70351],[139.72145,35.70202],[139.72076,35.7001],[139.71847,35.69933],[139.71925,35.69796],[139.72159,35.69664],[139.72352,35.69609],[139.72489,35.69547],[139.72426,35.69334],[139.72338,35.6917],[139.72047,35.68912],[139.72033,35.68787],[139.71595,35.6874],[139.71592,35.683],[139.71565,35.68254],[139.71398,35.68131],[139.71368,35.68055],[139.71361,35.67971],[139.71449,35.67995],[139.71432,35.68028],[139.71449,35.67995],[139.71153,35.68071],[139.71057,35.67893],[139.71279,35.67789],[139.71258,35.67692],[139.71267,35.6756],[139.70702,35.6746],[139.70623,35.67429],[139.70447,35.67308],[139.70348,35.67276],[139.70287,35.671],[139.70287,35.66953],[139.70207,35.66918],[139.70124,35.66333],[139.70082,35.66273],[139.70081,35.66042],[139.70051,35.65946],[139.70242,35.65954],[139.70211,35.66363],[139.70227,35.66422],[139.70536,35.66848],[139.70287,35.66953],[139.70287,35.671],[139.70348,35.67276],[139.70447,35.67308],[139.70623,35.67429],[139.70702,35.6746],[139.71267,35.6756],[139.7126,35.6773],[139.71279,35.67789],[139.71057,35.67893],[139.71153,35.68071],[139.71449,35.67995],[139.71419,35.68038],[139.71368,35.68055],[139.71375,35.68096],[139.71421,35.68152],[139.71565,35.68254],[139.71592,35.683],[139.71595,35.68757],[139.72035,35.68804],[139.72055,35.68922],[139.72338,35.6917],[139.72426,35.69334],[139.72489,35.69547],[139.72352,35.69609],[139.72159,35.69664],[139.71925,35.69796],[139.71847,35.69933],[139.72076,35.7001],[139.72145,35.70202],[139.72167,35.70351],[139.72086,35.70423],[139.72012,35.70593],[139.71988,35.70599],[139.72136,35.70772],[139.72245,35.70836],[139.72129,35.70868]]},"properties":{"patternId":"Toei.Haya81.16502.3","routeId":"Toei.Haya81","routeLabelJa":"早８１ 早大正門行","routeCode":"早８１","direction":"3","stopCount":44,"geometrySource":"odpt-road-shape","operator":"Toei","patternCount":1}},{"type":"Feature","geometry":{"type":"LineString","coordinates":[[139.71631,35.68771],[139.72036,35.68803],[139.72044,35.68911],[139.72339,35.69171],[139.72433,35.69346],[139.72487,35.69544],[139.72363,35.69606],[139.72208,35.69648],[139.71919,35.698],[139.71848,35.69934],[139.72077,35.70009],[139.72144,35.70202],[139.72168,35.70351],[139.72088,35.70419],[139.72013,35.70592],[139.71994,35.70599],[139.72152,35.70791],[139.72215,35.70822],[139.72146,35.70849]]},"properties":{"patternId":"Toei.Haya81.16505.2","routeId":"Toei.Haya81","routeLabelJa":"早８１ 早大正門行","routeCode":"早８１","direction":"2","stopCount":10,"geometrySource":"odpt-road-shape","operator":"Toei","patternCount":1}},{"type":"Feature","geometry":{"type":"LineString","coordinates":[[139.70485,35.71301],[139.70335,35.70933],[139.7075,35.70846],[139.70912,35.70843],[139.7085,35.70382],[139.70743,35.69793],[139.71007,35.6977],[139.71477,35.69784],[139.71669,35.69875],[139.71847,35.69933],[139.71925,35.69796],[139.72159,35.69664],[139.72352,35.69609],[139.72489,35.69547],[139.72406,35.69298],[139.72734,35.69143],[139.73052,35.69104],[139.73428,35.69177],[139.73518,35.69219],[139.73594,35.69112],[139.73613,35.69113],[139.74935,35.69516],[139.75211,35.69563]]},"properties":{"patternId":"Toei.Taka71.16601.1","routeId":"Toei.Taka71","routeLabelJa":"高７１ 九段下行","routeCode":"高７１","direction":"1","stopCount":21,"geometrySource":"odpt-road-shape","operator":"Toei","patternCount":1}},{"type":"Feature","geometry":{"type":"LineString","coordinates":[[139.75241,35.69554],[139.74935,35.69516],[139.73613,35.69113],[139.73594,35.69112],[139.73518,35.69219],[139.73428,35.69177],[139.73052,35.69104],[139.72734,35.69143],[139.72406,35.69298],[139.72489,35.69547],[139.72352,35.69609],[139.72159,35.69664],[139.71925,35.69796],[139.71847,35.69933],[139.71455,35.69781],[139.70986,35.69771],[139.70743,35.69793],[139.7085,35.70376],[139.70912,35.70843],[139.7075,35.70846],[139.70335,35.70933],[139.70476,35.71288],[139.70442,35.71309]]},"properties":{"patternId":"Toei.Taka71.16601.2","routeId":"Toei.Taka71","routeLabelJa":"高７１ 高田馬場駅前行","routeCode":"高７１","direction":"2","stopCount":21,"geometrySource":"odpt-road-shape","operator":"Toei","patternCount":1}},{"type":"Feature","geometry":{"type":"LineString","coordinates":[[139.71299,35.72964],[139.71269,35.72984],[139.71221,35.72928],[139.71202,35.72751],[139.71131,35.72483],[139.71354,35.71901],[139.71168,35.7149],[139.71043,35.71272],[139.70917,35.70843],[139.70812,35.70086],[139.70685,35.69432],[139.70689,35.69364],[139.70647,35.69351],[139.70543,35.69162]]},"properties":{"patternId":"Toei.Ike86.20003.1","routeId":"Toei.Ike86","routeLabelJa":"池８６ 新宿伊勢丹前行","routeCode":"池８６","direction":"1","stopCount":13,"geometrySource":"odpt-road-shape","operator":"Toei","patternCount":1}},{"type":"Feature","geometry":{"type":"LineString","coordinates":[[139.69898,35.69217],[139.69928,35.6921],[139.69933,35.69227],[139.69909,35.69358],[139.69793,35.69348],[139.69708,35.69315],[139.68669,35.69639],[139.68526,35.6965],[139.68299,35.697],[139.6763,35.69768],[139.66283,35.69741],[139.65749,35.69804],[139.65178,35.69798]]},"properties":{"patternId":"Toei.Shuku91.24006.2","routeId":"Toei.Shuku91","routeLabelJa":"宿９１ 杉並車庫前行","routeCode":"宿９１","direction":"2","stopCount":14,"geometrySource":"odpt-road-shape","operator":"Toei","patternCount":3}},{"type":"Feature","geometry":{"type":"LineString","coordinates":[[139.7053,35.69173],[139.70643,35.69356],[139.70671,35.69371],[139.70679,35.69486],[139.70844,35.70344],[139.70908,35.70843],[139.70998,35.71149],[139.71037,35.71276],[139.71132,35.71436],[139.71346,35.71906],[139.71126,35.72462],[139.71174,35.72677],[139.71398,35.72906],[139.71315,35.72957]]},"properties":{"patternId":"Toei.Ike86.20003.2","routeId":"Toei.Ike86","routeLabelJa":"池８６ 池袋駅東口行","routeCode":"池８６","direction":"2","stopCount":13,"geometrySource":"odpt-road-shape","operator":"Toei","patternCount":1}},{"type":"Feature","geometry":{"type":"LineString","coordinates":[[139.72104,35.71113],[139.71734,35.71225],[139.71653,35.70935],[139.71356,35.70992],[139.71141,35.71111],[139.71006,35.71148],[139.70917,35.70843],[139.70812,35.70086],[139.70685,35.69432],[139.70689,35.69364],[139.70647,35.69351],[139.70289,35.68787],[139.70397,35.68457],[139.70462,35.68339],[139.70463,35.67977],[139.70609,35.67771],[139.70689,35.67496],[139.70814,35.67269],[139.70816,35.67212],[139.70263,35.66469],[139.7022,35.66353],[139.70119,35.6633],[139.70084,35.66293],[139.70082,35.6604],[139.70059,35.65946],[139.70236,35.65953],[139.70206,35.66357],[139.70227,35.66432],[139.7081,35.67218],[139.70804,35.6727],[139.70681,35.67493],[139.70607,35.67754],[139.70453,35.67981],[139.70448,35.68315],[139.70379,35.68448],[139.70283,35.68783],[139.70643,35.69356],[139.70672,35.69371],[139.70679,35.69486],[139.70844,35.70344],[139.70909,35.70842],[139.71037,35.71276],[139.71132,35.71436],[139.71346,35.71906],[139.71126,35.72461],[139.71174,35.72677],[139.71398,35.72906],[139.71306,35.7296]]},"properties":{"patternId":"Toei.Ike86Shutsunyuu.20004.3","routeId":"Toei.Ike86Shutsunyuu","routeLabelJa":"池８６出入 池袋駅東口行","routeCode":"池８６出入","direction":"3","stopCount":44,"geometrySource":"odpt-road-shape","operator":"Toei","patternCount":1}},{"type":"Feature","geometry":{"type":"LineString","coordinates":[[139.71299,35.72964],[139.71269,35.72984],[139.71221,35.72928],[139.71202,35.72751],[139.71131,35.72483],[139.7135,35.71937],[139.71347,35.71873],[139.7114,35.71434],[139.71043,35.71272],[139.70917,35.70843],[139.70812,35.70086],[139.70685,35.69432],[139.70689,35.69364],[139.70647,35.69351],[139.70289,35.68787],[139.70397,35.68457],[139.70462,35.68339],[139.70463,35.67977],[139.70609,35.67771],[139.70689,35.67495],[139.70814,35.67269],[139.70816,35.67212],[139.70263,35.6647],[139.7022,35.66353],[139.70119,35.6633],[139.70084,35.66293],[139.70082,35.6604],[139.70059,35.65946],[139.70236,35.65953],[139.70206,35.66357],[139.70227,35.66431],[139.70811,35.67218],[139.70804,35.6727],[139.70681,35.67493],[139.70607,35.67754],[139.70453,35.67981],[139.70448,35.68315],[139.70379,35.68448],[139.70283,35.68783],[139.70643,35.69356],[139.70671,35.69371],[139.70679,35.69486],[139.70844,35.70344],[139.70908,35.70843],[139.71037,35.71276],[139.71132,35.71436],[139.71346,35.71906],[139.71126,35.72462],[139.71174,35.72677],[139.71398,35.72906],[139.71306,35.7296]]},"properties":{"patternId":"Toei.Ike86.20005.3","routeId":"Toei.Ike86","routeLabelJa":"池８６ 池袋駅東口行","routeCode":"池８６","direction":"3","stopCount":46,"geometrySource":"odpt-road-shape","operator":"Toei","patternCount":1}},{"type":"Feature","geometry":{"type":"LineString","coordinates":[[139.72103,35.72885],[139.72154,35.72899],[139.71831,35.73069],[139.71727,35.72924],[139.71701,35.72937],[139.71712,35.72777],[139.71687,35.7273],[139.71279,35.72983],[139.71221,35.72928],[139.71202,35.72751],[139.71131,35.72483],[139.71354,35.71901],[139.71168,35.7149],[139.71043,35.71272],[139.70917,35.70843],[139.70812,35.70086],[139.70685,35.69432],[139.70689,35.69364],[139.70647,35.69351],[139.70289,35.68787],[139.70397,35.68457],[139.70462,35.68339],[139.70463,35.67977],[139.70609,35.67771],[139.70689,35.67495],[139.70814,35.67269],[139.70816,35.67212],[139.70263,35.6647],[139.7022,35.66353],[139.70119,35.6633],[139.70084,35.66293],[139.70082,35.6604],[139.70059,35.65946],[139.70236,35.65953],[139.70206,35.66357],[139.70227,35.66431],[139.70811,35.67218],[139.70804,35.6727],[139.70681,35.67493],[139.70607,35.67754],[139.70453,35.67981],[139.70448,35.68315],[139.70379,35.68448],[139.70283,35.68783],[139.70643,35.69356],[139.70671,35.69371],[139.70679,35.69486],[139.70844,35.70344],[139.70908,35.70843],[139.71037,35.71276],[139.71132,35.71436],[139.71346,35.71906],[139.71126,35.72462],[139.71195,35.72758],[139.71215,35.72955],[139.71242,35.73008],[139.71284,35.72992],[139.7168,35.72748],[139.71692,35.72786],[139.71676,35.72936],[139.71701,35.72942],[139.7204,35.72758],[139.72113,35.7285],[139.72086,35.72862]]},"properties":{"patternId":"Toei.Ike86.20006.3","routeId":"Toei.Ike86","routeLabelJa":"池８６ 池袋サンシャインシティ行","routeCode":"池８６","direction":"3","stopCount":50,"geometrySource":"odpt-road-shape","operator":"Toei","patternCount":1}},{"type":"Feature","geometry":{"type":"LineString","coordinates":[[139.72103,35.72885],[139.72154,35.72899],[139.71831,35.73069],[139.71727,35.72924],[139.71701,35.72937],[139.71712,35.72777],[139.71687,35.7273],[139.71279,35.72983],[139.71221,35.72928],[139.71202,35.72751],[139.71131,35.72483],[139.71354,35.71901],[139.71168,35.7149],[139.71043,35.71272],[139.70917,35.70843],[139.70812,35.70086],[139.70685,35.69432],[139.70689,35.69364],[139.70647,35.69351],[139.70289,35.68787],[139.70397,35.68457],[139.70462,35.68339],[139.70463,35.67977],[139.70609,35.67771],[139.70689,35.67495],[139.70814,35.67269],[139.70816,35.67212],[139.70263,35.6647],[139.7022,35.66353],[139.70119,35.6633],[139.70084,35.66293],[139.70082,35.6604],[139.70059,35.65946],[139.70236,35.65953],[139.70206,35.66357],[139.70227,35.66431],[139.70811,35.67218],[139.70804,35.6727],[139.70681,35.67493],[139.70607,35.67754],[139.70453,35.67981],[139.70448,35.68315],[139.70379,35.68448],[139.70283,35.68783],[139.70643,35.69356],[139.70671,35.69371],[139.70679,35.69486],[139.70844,35.70344],[139.70908,35.70843],[139.71037,35.71276],[139.71132,35.71436],[139.71346,35.71906],[139.71126,35.72462],[139.71174,35.72677],[139.71398,35.72906],[139.71306,35.7296]]},"properties":{"patternId":"Toei.Ike86.20007.3","routeId":"Toei.Ike86","routeLabelJa":"池８６ 池袋駅東口行","routeCode":"池８６","direction":"3","stopCount":48,"geometrySource":"odpt-road-shape","operator":"Toei","patternCount":1}},{"type":"Feature","geometry":{"type":"LineString","coordinates":[[139.71299,35.72964],[139.71269,35.72984],[139.71221,35.72928],[139.71202,35.72751],[139.71131,35.72483],[139.7135,35.71937],[139.71347,35.71873],[139.7114,35.71434],[139.71043,35.71272],[139.70917,35.70843],[139.70812,35.70086],[139.70685,35.69432],[139.70689,35.69364],[139.70647,35.69351],[139.70289,35.68787],[139.70397,35.68457],[139.70462,35.68339],[139.70463,35.67977],[139.70609,35.67771],[139.70689,35.67495],[139.70814,35.67269],[139.70816,35.67212],[139.70263,35.6647],[139.7022,35.66353],[139.70119,35.6633],[139.70084,35.66293],[139.70082,35.6604],[139.70059,35.65946],[139.70236,35.65953],[139.70206,35.66357],[139.70227,35.66431],[139.70811,35.67218],[139.70804,35.6727],[139.70681,35.67493],[139.70607,35.67754],[139.70453,35.67981],[139.70448,35.68315],[139.70379,35.68448],[139.70283,35.68783],[139.70643,35.69356],[139.70671,35.69371],[139.70679,35.69486],[139.70844,35.70344],[139.70908,35.70843],[139.71037,35.71276],[139.71132,35.71436],[139.71346,35.71906],[139.71126,35.72462],[139.71195,35.72758],[139.71215,35.72955],[139.71242,35.73008],[139.71284,35.72992],[139.7168,35.72748],[139.71692,35.72786],[139.71676,35.72936],[139.71701,35.72942],[139.7204,35.72758],[139.72113,35.7285],[139.72086,35.72862]]},"properties":{"patternId":"Toei.Ike86.20008.3","routeId":"Toei.Ike86","routeLabelJa":"池８６ 池袋サンシャインシティ行","routeCode":"池８６","direction":"3","stopCount":48,"geometrySource":"odpt-road-shape","operator":"Toei","patternCount":1}},{"type":"Feature","geometry":{"type":"LineString","coordinates":[[139.72104,35.71113],[139.71734,35.71225],[139.71653,35.70935],[139.71356,35.70992],[139.71141,35.71111],[139.70998,35.71149],[139.71037,35.71276],[139.71132,35.71436],[139.71346,35.71906],[139.71126,35.72462],[139.71174,35.72677],[139.71398,35.72906],[139.71306,35.7296]]},"properties":{"patternId":"Toei.Ike86Shutsunyuu.20013.1","routeId":"Toei.Ike86Shutsunyuu","routeLabelJa":"池８６出入 池袋駅東口行","routeCode":"池８６出入","direction":"1","stopCount":9,"geometrySource":"odpt-road-shape","operator":"Toei","patternCount":1}},{"type":"Feature","geometry":{"type":"LineString","coordinates":[[139.71299,35.72964],[139.71269,35.72984],[139.71221,35.72928],[139.71202,35.72751],[139.71131,35.72483],[139.71354,35.71901],[139.71173,35.715],[139.71043,35.71272],[139.71006,35.71147],[139.71141,35.71111],[139.71356,35.70992],[139.71653,35.70935],[139.71781,35.70762],[139.71906,35.70643],[139.71991,35.70598],[139.72144,35.70778],[139.72246,35.70834],[139.72314,35.70921],[139.72326,35.71054],[139.72182,35.71091]]},"properties":{"patternId":"Toei.Ike86Shutsunyuu.20013.2","routeId":"Toei.Ike86Shutsunyuu","routeLabelJa":"池８６出入 早稲田行","routeCode":"池８６出入","direction":"2","stopCount":10,"geometrySource":"odpt-road-shape","operator":"Toei","patternCount":1}},{"type":"Feature","geometry":{"type":"LineString","coordinates":[[139.71315,35.72956],[139.71253,35.7297],[139.71213,35.72925],[139.71203,35.72753],[139.7113,35.72472],[139.71356,35.71919],[139.71276,35.71706],[139.71047,35.71278],[139.70918,35.70833],[139.70874,35.70392],[139.70693,35.69416],[139.70295,35.6878],[139.70382,35.68467],[139.70464,35.6833],[139.70458,35.67988],[139.70602,35.67778],[139.70692,35.67508],[139.70762,35.67392],[139.70824,35.672],[139.70704,35.67073],[139.70327,35.66554],[139.70227,35.66412],[139.70224,35.66369],[139.70092,35.66296],[139.70069,35.65955],[139.70098,35.65944],[139.70228,35.65961],[139.70209,35.66405],[139.70798,35.67204],[139.70801,35.67254],[139.70677,35.6749],[139.70604,35.67757],[139.70484,35.67916],[139.70445,35.68007],[139.70451,35.68316],[139.70376,35.68451],[139.7028,35.68785],[139.70657,35.69386],[139.70852,35.70373],[139.70898,35.70804],[139.70992,35.71155],[139.71146,35.71115],[139.71365,35.70996],[139.71649,35.70944],[139.71776,35.70777],[139.71906,35.70648],[139.71982,35.70607],[139.7214,35.7078],[139.72249,35.70842],[139.72312,35.70925],[139.7232,35.71052],[139.72175,35.71093]]},"properties":{"patternId":"Toei.Ike86Shutsunyuu.20016.3","routeId":"Toei.Ike86Shutsunyuu","routeLabelJa":"池８６出入 早稲田行","routeCode":"池８６出入","direction":"3","stopCount":45,"geometrySource":"odpt-road-shape","operator":"Toei","patternCount":1}},{"type":"Feature","geometry":{"type":"LineString","coordinates":[[139.72214,35.71091],[139.72708,35.70966],[139.72819,35.70964],[139.73156,35.71015],[139.73086,35.71231],[139.72702,35.72009],[139.73077,35.72131],[139.73404,35.72173],[139.73651,35.72284],[139.73765,35.72383],[139.74057,35.72562],[139.7441,35.72889],[139.75071,35.73314],[139.75604,35.73367],[139.76237,35.72996],[139.76345,35.72852],[139.76369,35.72702],[139.76198,35.72121],[139.76639,35.71671],[139.76788,35.71452],[139.76857,35.71211],[139.76887,35.71002],[139.76979,35.70926],[139.76998,35.7074],[139.77286,35.70716],[139.77295,35.70749]]},"properties":{"patternId":"Toei.Ue58.20101.1","routeId":"Toei.Ue58","routeLabelJa":"上５８ 上野松坂屋前行","routeCode":"上５８","direction":"1","stopCount":25,"geometrySource":"odpt-road-shape","operator":"Toei","patternCount":1}},{"type":"Feature","geometry":{"type":"LineString","coordinates":[[139.77291,35.70737],[139.77347,35.70975],[139.7726,35.70983],[139.76979,35.70926],[139.76912,35.70971],[139.76887,35.71002],[139.76857,35.71208],[139.76788,35.71452],[139.76639,35.71671],[139.76198,35.72121],[139.76369,35.72702],[139.76345,35.72852],[139.76237,35.72996],[139.75604,35.73367],[139.75071,35.73314],[139.74436,35.72909],[139.74057,35.72562],[139.73765,35.72383],[139.73651,35.72284],[139.73479,35.72195],[139.73345,35.7216],[139.73077,35.72131],[139.72702,35.72009],[139.73114,35.71173],[139.73156,35.71015],[139.7283,35.70965],[139.72708,35.70966],[139.72179,35.71101]]},"properties":{"patternId":"Toei.Ue58.20101.2","routeId":"Toei.Ue58","routeLabelJa":"上５８ 早稲田行","routeCode":"上５８","direction":"2","stopCount":25,"geometrySource":"odpt-road-shape","operator":"Toei","patternCount":1}},{"type":"Feature","geometry":{"type":"LineString","coordinates":[[139.72086,35.71128],[139.71735,35.71222],[139.71649,35.70935],[139.71366,35.70989],[139.71138,35.71111],[139.71004,35.71148],[139.70912,35.70843],[139.7085,35.70382],[139.70683,35.69488],[139.70675,35.69421],[139.70701,35.6921],[139.70076,35.69367],[139.69959,35.69365],[139.6992,35.69331],[139.69934,35.69196],[139.69849,35.69191]]},"properties":{"patternId":"Toei.Haya77.20201.1","routeId":"Toei.Haya77","routeLabelJa":"早７７ 新宿駅西口行","routeCode":"早７７","direction":"1","stopCount":13,"geometrySource":"odpt-road-shape","operator":"Toei","patternCount":1}},{"type":"Feature","geometry":{"type":"LineString","coordinates":[[139.65205,35.69798],[139.65467,35.69802],[139.65427,35.69354],[139.65521,35.68878],[139.65665,35.68474],[139.65727,35.67904],[139.66056,35.67257],[139.68002,35.67821],[139.68373,35.67976],[139.68827,35.68242],[139.68884,35.68128],[139.6886,35.67924],[139.68785,35.67661],[139.68773,35.67079],[139.68796,35.66785],[139.69077,35.66758],[139.69266,35.66536],[139.69384,35.66359],[139.69526,35.66236],[139.6969,35.66051],[139.69973,35.65951],[139.70051,35.65946],[139.70037,35.65855],[139.7008,35.65817],[139.70054,35.65809]]},"properties":{"patternId":"Toei.Shibu66.24203.1","routeId":"Toei.Shibu66","routeLabelJa":"渋６６ 渋谷駅前行","routeCode":"渋６６","direction":"1","stopCount":26,"geometrySource":"odpt-road-shape","operator":"Toei","patternCount":1}},{"type":"Feature","geometry":{"type":"LineString","coordinates":[[139.69841,35.6919],[139.69818,35.6919],[139.69816,35.69226],[139.69702,35.69318],[139.698,35.69355],[139.70026,35.69367],[139.70074,35.69249],[139.70185,35.69221],[139.70486,35.69087],[139.70658,35.69384],[139.70813,35.70162],[139.70912,35.70843],[139.71004,35.71148],[139.71138,35.71111],[139.71352,35.70994],[139.71658,35.7093],[139.7178,35.70762],[139.71887,35.70656],[139.71988,35.70599],[139.72136,35.70772],[139.72245,35.70836],[139.72313,35.70923],[139.72322,35.7106],[139.72179,35.71101]]},"properties":{"patternId":"Toei.Haya77.20201.2","routeId":"Toei.Haya77","routeLabelJa":"早７７ 早稲田行","routeCode":"早７７","direction":"2","stopCount":14,"geometrySource":"odpt-road-shape","operator":"Toei","patternCount":1}},{"type":"Feature","geometry":{"type":"LineString","coordinates":[[139.69841,35.6919],[139.69818,35.6919],[139.69816,35.69226],[139.69702,35.69318],[139.69848,35.69362],[139.70095,35.69365],[139.70579,35.69243],[139.70663,35.69384],[139.7085,35.70376],[139.70912,35.70843],[139.71004,35.71148],[139.71138,35.71111],[139.71352,35.70994],[139.71658,35.7093],[139.7178,35.70762],[139.71887,35.70656],[139.71988,35.70599],[139.72136,35.70772],[139.72245,35.70836],[139.72313,35.70923],[139.72322,35.7106],[139.72174,35.71103]]},"properties":{"patternId":"Toei.Haya77.20202.2","routeId":"Toei.Haya77","routeLabelJa":"早７７ 早稲田行","routeCode":"早７７","direction":"2","stopCount":14,"geometrySource":"odpt-road-shape","operator":"Toei","patternCount":1}},{"type":"Feature","geometry":{"type":"LineString","coordinates":[[139.73752,35.63007],[139.73767,35.63225],[139.73811,35.63428],[139.73933,35.63759],[139.73805,35.63785],[139.7385,35.63903],[139.73862,35.63993],[139.73754,35.64141],[139.73608,35.64447],[139.73544,35.64535],[139.73594,35.64659],[139.73428,35.64681],[139.733,35.64737],[139.7323,35.64743],[139.72904,35.64705],[139.72799,35.64672],[139.72484,35.64662],[139.72285,35.64767],[139.72232,35.65073],[139.7222,35.65292],[139.72245,35.65383],[139.72384,35.65655],[139.72365,35.65881],[139.72298,35.66121],[139.72353,35.66182],[139.72388,35.66329],[139.7247,35.66523],[139.72366,35.67012],[139.72454,35.67142],[139.72326,35.67434],[139.72211,35.67503],[139.71922,35.68046],[139.72005,35.6845],[139.72033,35.68787],[139.71595,35.6874],[139.71595,35.68757],[139.70918,35.6889],[139.70185,35.6922],[139.70062,35.69254],[139.70027,35.69364],[139.69907,35.69363],[139.69928,35.69186],[139.69844,35.69181]]},"properties":{"patternId":"Toei.Shina97.24001.1","routeId":"Toei.Shina97","routeLabelJa":"品９７ 新宿駅西口行","routeCode":"品９７","direction":"1","stopCount":29,"geometrySource":"odpt-road-shape","operator":"Toei","patternCount":1}},{"type":"Feature","geometry":{"type":"LineString","coordinates":[[139.69842,35.69181],[139.69818,35.69181],[139.69816,35.69226],[139.69702,35.69318],[139.69802,35.69362],[139.70027,35.69364],[139.70062,35.69254],[139.70185,35.6922],[139.70918,35.6889],[139.71541,35.6876],[139.72035,35.68804],[139.72005,35.68453],[139.71922,35.68046],[139.72211,35.67503],[139.72326,35.67434],[139.72454,35.67142],[139.72366,35.67012],[139.72473,35.66547],[139.72388,35.66329],[139.72366,35.66209],[139.72298,35.66121],[139.72364,35.65886],[139.72384,35.65655],[139.72245,35.65383],[139.7222,35.65292],[139.72225,35.65139],[139.72285,35.64767],[139.72503,35.64667],[139.728,35.64677],[139.72935,35.64713],[139.73234,35.64741],[139.73451,35.64674],[139.73611,35.64657],[139.73586,35.64576],[139.7359,35.64483],[139.73784,35.64095],[139.73746,35.64049],[139.73451,35.6386],[139.73366,35.63759],[139.7325,35.63321],[139.73236,35.62961],[139.73742,35.62904],[139.73726,35.62959]]},"properties":{"patternId":"Toei.Shina97.24001.2","routeId":"Toei.Shina97","routeLabelJa":"品９７ 品川駅高輪口行","routeCode":"品９７","direction":"2","stopCount":31,"geometrySource":"odpt-road-shape","operator":"Toei","patternCount":1}},{"type":"Feature","geometry":{"type":"LineString","coordinates":[[139.73752,35.63007],[139.73767,35.63225],[139.73811,35.63428],[139.73933,35.63759],[139.73805,35.63785],[139.7385,35.63903],[139.73862,35.63993],[139.73754,35.64141],[139.73608,35.64447],[139.73544,35.64535],[139.73594,35.64659],[139.73428,35.64681],[139.733,35.64737],[139.7323,35.64743],[139.72904,35.64705],[139.72799,35.64672],[139.72484,35.64662],[139.72285,35.64767],[139.72232,35.65073],[139.7222,35.65292],[139.72245,35.65383],[139.72384,35.65655],[139.72365,35.65881],[139.72298,35.66121],[139.72353,35.66182],[139.72388,35.66329],[139.7247,35.66523],[139.72366,35.67012],[139.72454,35.67142],[139.72326,35.67434],[139.72211,35.67503],[139.71922,35.68046],[139.72005,35.6845],[139.72033,35.68787],[139.71595,35.6874],[139.71595,35.68757],[139.70918,35.6889],[139.70675,35.69001],[139.70694,35.69105],[139.70686,35.69213],[139.70141,35.69355],[139.69907,35.69363],[139.69928,35.69186],[139.69844,35.69182]]},"properties":{"patternId":"Toei.Shina97.24002.1","routeId":"Toei.Shina97","routeLabelJa":"品９７ 新宿駅西口行","routeCode":"品９７","direction":"1","stopCount":29,"geometrySource":"odpt-road-shape","operator":"Toei","patternCount":1}},{"type":"Feature","geometry":{"type":"LineString","coordinates":[[139.69842,35.69181],[139.69818,35.69181],[139.69816,35.69226],[139.69702,35.69318],[139.69802,35.69362],[139.70141,35.69355],[139.70714,35.69205],[139.70716,35.69093],[139.70685,35.68996],[139.70918,35.6889],[139.71595,35.68757],[139.71595,35.6874],[139.72033,35.68787],[139.72005,35.6845],[139.71922,35.68046],[139.72211,35.67503],[139.72326,35.67434],[139.72454,35.67142],[139.72366,35.67012],[139.7247,35.66523],[139.72388,35.66329],[139.72353,35.66182],[139.72298,35.66121],[139.72365,35.65881],[139.72384,35.65655],[139.72245,35.65383],[139.7222,35.65292],[139.72232,35.65073],[139.72285,35.64767],[139.72484,35.64662],[139.72799,35.64672],[139.72904,35.64705],[139.7323,35.64743],[139.733,35.64737],[139.73428,35.64681],[139.73594,35.64659],[139.73544,35.64535],[139.73608,35.64447],[139.73754,35.64141],[139.73862,35.63993],[139.7385,35.63903],[139.73805,35.63785],[139.73933,35.63759],[139.73811,35.63428],[139.73767,35.63225],[139.73752,35.63007]]},"properties":{"patternId":"Toei.Shina97.24002.2","routeId":"Toei.Shina97","routeLabelJa":"品９７ 品川駅高輪口行","routeCode":"品９７","direction":"2","stopCount":31,"geometrySource":"odpt-road-shape","operator":"Toei","patternCount":1}},{"type":"Feature","geometry":{"type":"LineString","coordinates":[[139.73726,35.62959],[139.73752,35.63016],[139.73764,35.63205],[139.73809,35.63401],[139.73936,35.63757],[139.73805,35.63785],[139.7385,35.63903],[139.73862,35.63999],[139.73756,35.64136],[139.7359,35.64483],[139.7358,35.64581],[139.73604,35.64662],[139.73437,35.64677],[139.73282,35.64733],[139.72953,35.6471],[139.728,35.64675],[139.72487,35.64669],[139.7229,35.64771],[139.72225,35.65139],[139.7222,35.65292],[139.72245,35.65383],[139.72384,35.65655],[139.72377,35.65796],[139.72298,35.66121],[139.72366,35.66209],[139.72388,35.66329],[139.72473,35.66547],[139.72366,35.67012],[139.72437,35.67102],[139.72454,35.67142],[139.72443,35.67172],[139.72544,35.67199]]},"properties":{"patternId":"Toei.Shina97.24003.1","routeId":"Toei.Shina97","routeLabelJa":"品９７ 青山一丁目駅前行","routeCode":"品９７","direction":"1","stopCount":16,"geometrySource":"odpt-road-shape","operator":"Toei","patternCount":1}},{"type":"Feature","geometry":{"type":"LineString","coordinates":[[139.72521,35.67306],[139.72404,35.67272],[139.72454,35.67142],[139.72366,35.67012],[139.72473,35.66547],[139.72388,35.66329],[139.72366,35.66209],[139.72298,35.66121],[139.72377,35.65796],[139.72384,35.65655],[139.72245,35.65383],[139.7222,35.65292],[139.72225,35.65139],[139.7229,35.64771],[139.72487,35.64669],[139.728,35.64675],[139.72953,35.6471],[139.73282,35.64733],[139.73437,35.64677],[139.73604,35.64662],[139.7358,35.64581],[139.7359,35.64483],[139.73784,35.64095],[139.73746,35.64049],[139.73451,35.6386],[139.73366,35.63759],[139.7325,35.63321],[139.73236,35.62961],[139.73742,35.62904],[139.73726,35.62959]]},"properties":{"patternId":"Toei.Shina97.24003.2","routeId":"Toei.Shina97","routeLabelJa":"品９７ 品川駅高輪口行","routeCode":"品９７","direction":"2","stopCount":18,"geometrySource":"odpt-road-shape","operator":"Toei","patternCount":1}},{"type":"Feature","geometry":{"type":"LineString","coordinates":[[139.74103,35.62328],[139.74118,35.62308],[139.74049,35.62274],[139.741,35.62213],[139.743,35.62024],[139.74487,35.61911],[139.74353,35.61774],[139.74242,35.61709],[139.74103,35.61686],[139.7406,35.61925],[139.7379,35.62379],[139.73808,35.62513],[139.73754,35.6272],[139.73767,35.63225],[139.73811,35.63428],[139.73933,35.63759],[139.73805,35.63785],[139.7385,35.63903],[139.73862,35.63993],[139.73754,35.64141],[139.73608,35.64447],[139.73544,35.64535],[139.73594,35.64659],[139.73428,35.64681],[139.733,35.64737],[139.7323,35.64743],[139.72904,35.64705],[139.72799,35.64672],[139.72484,35.64662],[139.72285,35.64767],[139.72232,35.65073],[139.7222,35.65292],[139.72245,35.65383],[139.72384,35.65655],[139.72365,35.65881],[139.72298,35.66121],[139.72353,35.66182],[139.72388,35.66329],[139.7247,35.66523],[139.72366,35.67012],[139.72454,35.67142],[139.72326,35.67434],[139.72211,35.67503],[139.71922,35.68046],[139.72005,35.6845],[139.72033,35.68787],[139.71595,35.6874],[139.71595,35.68757],[139.70918,35.6889],[139.70185,35.6922],[139.70062,35.69254],[139.70027,35.69364],[139.69907,35.69363],[139.69928,35.69186],[139.69845,35.69181]]},"properties":{"patternId":"Toei.Shina97.24005.1","routeId":"Toei.Shina97","routeLabelJa":"品９７ 新宿駅西口行","routeCode":"品９７","direction":"1","stopCount":34,"geometrySource":"odpt-road-shape","operator":"Toei","patternCount":1}},{"type":"Feature","geometry":{"type":"LineString","coordinates":[[139.65163,35.69798],[139.65779,35.69802],[139.66324,35.69741],[139.6763,35.69768],[139.68323,35.69697],[139.68526,35.6965],[139.6864,35.69646],[139.69433,35.69389],[139.69717,35.69317],[139.69836,35.69224],[139.69885,35.69219]]},"properties":{"patternId":"Toei.Shuku91.24006.1","routeId":"Toei.Shuku91","routeLabelJa":"宿９１ 新宿駅西口行","routeCode":"宿９１","direction":"1","stopCount":13,"geometrySource":"odpt-road-shape","operator":"Toei","patternCount":3}},{"type":"Feature","geometry":{"type":"LineString","coordinates":[[139.73677,35.73505],[139.72802,35.74417],[139.72743,35.74372],[139.72603,35.74191],[139.71678,35.73353],[139.7131,35.73149],[139.71289,35.73124],[139.71304,35.73095]]},"properties":{"patternId":"Toei.Kusa63.36005.2","routeId":"Toei.Kusa63","routeLabelJa":"草６３ 池袋駅東口行","routeCode":"草６３","direction":"2","stopCount":10,"geometrySource":"odpt-road-shape","operator":"Toei","patternCount":2}},{"type":"Feature","geometry":{"type":"LineString","coordinates":[[139.65429,35.69293],[139.65427,35.69594],[139.65457,35.698],[139.65749,35.69804],[139.662,35.69745],[139.6763,35.69768],[139.68303,35.69706],[139.68716,35.69631],[139.69719,35.69317],[139.69857,35.69223]]},"properties":{"patternId":"Toei.Shuku91.24011.1","routeId":"Toei.Shuku91","routeLabelJa":"宿９１ 新宿駅西口行","routeCode":"宿９１","direction":"1","stopCount":14,"geometrySource":"odpt-road-shape","operator":"Toei","patternCount":2}},{"type":"Feature","geometry":{"type":"LineString","coordinates":[[139.69862,35.69224],[139.69915,35.69212],[139.69929,35.69233],[139.69909,35.69358],[139.69804,35.69351],[139.69702,35.69318],[139.68653,35.69643],[139.68526,35.6965],[139.68299,35.697],[139.6758,35.69769],[139.66324,35.69741],[139.6575,35.69804],[139.65458,35.698],[139.65474,35.70415],[139.65371,35.71357],[139.65378,35.72575],[139.65391,35.72689],[139.65416,35.72744],[139.66651,35.73846],[139.66832,35.7409],[139.6869,35.75439],[139.6927,35.75804],[139.70686,35.76155],[139.71328,35.7636],[139.71763,35.76467],[139.71939,35.76531],[139.72159,35.76641],[139.72403,35.76663],[139.73425,35.76965],[139.73612,35.76394],[139.7376,35.76108],[139.73715,35.75471],[139.73786,35.75369],[139.73764,35.75359],[139.73738,35.75389]]},"properties":{"patternId":"Toei.Ou78.24101.1","routeId":"Toei.Ou78","routeLabelJa":"王７８ 王子駅前行","routeCode":"王７８","direction":"1","stopCount":47,"geometrySource":"odpt-road-shape","operator":"Toei","patternCount":1}},{"type":"Feature","geometry":{"type":"LineString","coordinates":[[139.73737,35.7539],[139.73741,35.75427],[139.73715,35.75471],[139.7376,35.76108],[139.73612,35.76394],[139.73434,35.76941],[139.7319,35.76888],[139.72403,35.76663],[139.72159,35.76641],[139.71863,35.76501],[139.71535,35.76396],[139.70686,35.76155],[139.69288,35.75811],[139.68817,35.75523],[139.6684,35.74083],[139.66652,35.73833],[139.6543,35.72741],[139.65402,35.72678],[139.6539,35.7248],[139.65382,35.7136],[139.65491,35.70428],[139.65484,35.698],[139.65779,35.69802],[139.66324,35.69741],[139.6763,35.69768],[139.68323,35.69697],[139.68526,35.6965],[139.6864,35.69646],[139.69702,35.69318],[139.69835,35.69223],[139.69857,35.69224]]},"properties":{"patternId":"Toei.Ou78.24101.2","routeId":"Toei.Ou78","routeLabelJa":"王７８ 新宿駅西口行","routeCode":"王７８","direction":"2","stopCount":47,"geometrySource":"odpt-road-shape","operator":"Toei","patternCount":1}},{"type":"Feature","geometry":{"type":"LineString","coordinates":[[139.70546,35.76128],[139.69288,35.75811],[139.68817,35.75523],[139.6684,35.74083],[139.66652,35.73833],[139.6545,35.72767],[139.65402,35.72678],[139.65382,35.7136],[139.65491,35.70428],[139.65484,35.698],[139.65779,35.69802],[139.66324,35.69741],[139.6763,35.69768],[139.68323,35.69697],[139.68526,35.6965],[139.6864,35.69646],[139.69702,35.69318],[139.69836,35.69223],[139.69857,35.69224]]},"properties":{"patternId":"Toei.Ou78.24102.1","routeId":"Toei.Ou78","routeLabelJa":"王７８ 新宿駅西口行","routeCode":"王７８","direction":"1","stopCount":33,"geometrySource":"odpt-road-shape","operator":"Toei","patternCount":1}},{"type":"Feature","geometry":{"type":"LineString","coordinates":[[139.65166,35.69799],[139.6546,35.69801],[139.65474,35.70415],[139.65371,35.71357],[139.65378,35.72575],[139.65391,35.72689],[139.65416,35.72744],[139.66651,35.73846],[139.66832,35.7409],[139.68817,35.75523],[139.6927,35.75804],[139.70686,35.76155],[139.71328,35.7636],[139.71763,35.76467],[139.71939,35.76531],[139.72159,35.76641],[139.72403,35.76663],[139.73425,35.76965],[139.73612,35.76394],[139.7376,35.76108],[139.73715,35.75471],[139.73786,35.75369],[139.73764,35.75359],[139.73738,35.75389]]},"properties":{"patternId":"Toei.Ou78.24103.1","routeId":"Toei.Ou78","routeLabelJa":"王７８ 王子駅前行","routeCode":"王７８","direction":"1","stopCount":36,"geometrySource":"odpt-road-shape","operator":"Toei","patternCount":1}},{"type":"Feature","geometry":{"type":"LineString","coordinates":[[139.73737,35.7539],[139.73741,35.75427],[139.73715,35.75471],[139.7376,35.76108],[139.73612,35.76394],[139.73434,35.76941],[139.7319,35.76888],[139.72403,35.76663],[139.72159,35.76641],[139.71863,35.76501],[139.71535,35.76396],[139.70686,35.76155],[139.69288,35.75811],[139.68817,35.75523],[139.6684,35.74083],[139.66652,35.73833],[139.6543,35.72741],[139.65402,35.72678],[139.6539,35.7248],[139.65382,35.7136],[139.65491,35.70428],[139.65484,35.698],[139.65166,35.69799]]},"properties":{"patternId":"Toei.Ou78.24103.2","routeId":"Toei.Ou78","routeLabelJa":"王７８ 杉並車庫前行","routeCode":"王７８","direction":"2","stopCount":36,"geometrySource":"odpt-road-shape","operator":"Toei","patternCount":1}},{"type":"Feature","geometry":{"type":"LineString","coordinates":[[139.65166,35.69799],[139.6546,35.69801],[139.65474,35.70415],[139.65371,35.71357],[139.65378,35.72575],[139.65391,35.72689],[139.65416,35.72744],[139.66651,35.73846],[139.66832,35.7409],[139.68817,35.75523],[139.6927,35.75804],[139.70546,35.76128]]},"properties":{"patternId":"Toei.Ou78.24104.1","routeId":"Toei.Ou78","routeLabelJa":"王７８ 大和町行","routeCode":"王７８","direction":"1","stopCount":22,"geometrySource":"odpt-road-shape","operator":"Toei","patternCount":1}},{"type":"Feature","geometry":{"type":"LineString","coordinates":[[139.63633,35.70445],[139.63668,35.70455],[139.63549,35.69946],[139.63759,35.69865],[139.64036,35.69786],[139.64244,35.69772],[139.65467,35.69802],[139.65427,35.69354],[139.65521,35.68878],[139.65665,35.68474],[139.65727,35.67904],[139.66056,35.67257],[139.68002,35.67821],[139.68373,35.67976],[139.68827,35.68242],[139.68884,35.68128],[139.6886,35.67924],[139.68785,35.67661],[139.68773,35.67079],[139.68796,35.66785],[139.69077,35.66758],[139.69266,35.66536],[139.69384,35.66359],[139.69526,35.66236],[139.6969,35.66051],[139.69973,35.65951],[139.70051,35.65946],[139.70037,35.65855],[139.7008,35.65817],[139.70054,35.65809]]},"properties":{"patternId":"Toei.Shibu66.24201.1","routeId":"Toei.Shibu66","routeLabelJa":"渋６６ 渋谷駅前行","routeCode":"渋６６","direction":"1","stopCount":32,"geometrySource":"odpt-road-shape","operator":"Toei","patternCount":1}},{"type":"Feature","geometry":{"type":"LineString","coordinates":[[139.70054,35.65809],[139.70032,35.65836],[139.70033,35.65883],[139.70081,35.66042],[139.69839,35.6609],[139.69734,35.66219],[139.6955,35.66354],[139.69364,35.66615],[139.6928,35.66665],[139.69181,35.66784],[139.69033,35.66758],[139.68796,35.66785],[139.68773,35.67079],[139.68785,35.67661],[139.6886,35.67924],[139.68884,35.68128],[139.68827,35.68242],[139.68373,35.67976],[139.68002,35.67821],[139.66056,35.67257],[139.65727,35.67904],[139.65665,35.68474],[139.65521,35.68878],[139.65427,35.69354],[139.65467,35.69802],[139.64244,35.69772],[139.64036,35.69786],[139.63759,35.69865],[139.63549,35.69946],[139.63665,35.7042],[139.63633,35.7042],[139.63633,35.70445]]},"properties":{"patternId":"Toei.Shibu66.24201.2","routeId":"Toei.Shibu66","routeLabelJa":"渋６６ 阿佐ヶ谷駅前行","routeCode":"渋６６","direction":"2","stopCount":33,"geometrySource":"odpt-road-shape","operator":"Toei","patternCount":1}},{"type":"Feature","geometry":{"type":"LineString","coordinates":[[139.76362,35.72761],[139.76369,35.72702],[139.76304,35.72483],[139.76222,35.72518],[139.75731,35.72467],[139.75395,35.72299],[139.75264,35.72261],[139.75208,35.72369],[139.74618,35.72716],[139.74551,35.72724],[139.7438,35.7286],[139.74074,35.73159],[139.73672,35.735],[139.72802,35.74417],[139.72743,35.74372],[139.72603,35.74191],[139.71678,35.73353],[139.7131,35.73149],[139.71289,35.73124],[139.71304,35.73095]]},"properties":{"patternId":"Toei.Kusa63.36008.2","routeId":"Toei.Kusa63","routeLabelJa":"草６３ 池袋駅東口行","routeCode":"草６３","direction":"2","stopCount":22,"geometrySource":"odpt-road-shape","operator":"Toei","patternCount":1}},{"type":"Feature","geometry":{"type":"LineString","coordinates":[[139.7712,35.72903],[139.77203,35.72959],[139.7682,35.73272],[139.76803,35.73338],[139.76889,35.74221],[139.7696,35.74698],[139.76993,35.7528],[139.77094,35.75989],[139.77012,35.78104],[139.77024,35.79591],[139.76565,35.79606],[139.76566,35.80203],[139.76781,35.80201],[139.77019,35.80172],[139.77007,35.81097],[139.77072,35.81379],[139.77008,35.81383],[139.77045,35.8141],[139.77012,35.81422]]},"properties":{"patternId":"Toei.Sato48.36101.1","routeId":"Toei.Sato48","routeLabelJa":"里４８ 見沼代親水公園駅前行","routeCode":"里４８","direction":"1","stopCount":28,"geometrySource":"odpt-road-shape","operator":"Toei","patternCount":1}},{"type":"Feature","geometry":{"type":"LineString","coordinates":[[139.65591,35.6869],[139.65521,35.68878],[139.65427,35.69354],[139.65467,35.69802],[139.64244,35.69772],[139.64036,35.69786],[139.63759,35.69865],[139.63549,35.69946],[139.63665,35.7042],[139.63604,35.7042],[139.63601,35.70434]]},"properties":{"patternId":"Toei.Shibu66.24202.1","routeId":"Toei.Shibu66","routeLabelJa":"渋６６ 阿佐ヶ谷駅前行","routeCode":"渋６６","direction":"1","stopCount":12,"geometrySource":"odpt-road-shape","operator":"Toei","patternCount":1}},{"type":"Feature","geometry":{"type":"LineString","coordinates":[[139.65124,35.69798],[139.64244,35.69772],[139.64036,35.69786],[139.63549,35.69946],[139.63665,35.7042],[139.63604,35.7042],[139.63601,35.70434]]},"properties":{"patternId":"Toei.Shibu66.24204.1","routeId":"Toei.Shibu66","routeLabelJa":"渋６６ 阿佐ヶ谷駅前行","routeCode":"渋６６","direction":"1","stopCount":7,"geometrySource":"odpt-road-shape","operator":"Toei","patternCount":1}},{"type":"Feature","geometry":{"type":"LineString","coordinates":[[139.63633,35.70445],[139.63668,35.70455],[139.63549,35.69946],[139.64036,35.69786],[139.64244,35.69772],[139.65205,35.69798]]},"properties":{"patternId":"Toei.Shibu66.24204.2","routeId":"Toei.Shibu66","routeLabelJa":"渋６６ 杉並車庫前行","routeCode":"渋６６","direction":"2","stopCount":7,"geometrySource":"odpt-road-shape","operator":"Toei","patternCount":1}},{"type":"Feature","geometry":{"type":"LineString","coordinates":[[139.6605,35.66369],[139.66158,35.67045],[139.65727,35.67904],[139.65665,35.68474],[139.65521,35.68878],[139.65427,35.69354],[139.65467,35.69802],[139.65779,35.69802],[139.66324,35.69741],[139.6763,35.69768],[139.68323,35.69697],[139.68526,35.6965],[139.6864,35.69646],[139.69433,35.69389],[139.69716,35.69317],[139.69836,35.69224],[139.69886,35.69219]]},"properties":{"patternId":"Toei.Shuku91.24302.1","routeId":"Toei.Shuku91","routeLabelJa":"宿９１ 新宿駅西口行","routeCode":"宿９１","direction":"1","stopCount":23,"geometrySource":"odpt-road-shape","operator":"Toei","patternCount":1}},{"type":"Feature","geometry":{"type":"LineString","coordinates":[[139.69898,35.69218],[139.69929,35.69224],[139.69909,35.69358],[139.69795,35.6935],[139.69702,35.69318],[139.6864,35.69646],[139.68526,35.6965],[139.68323,35.69697],[139.6763,35.69768],[139.66324,35.69741],[139.65779,35.69802],[139.65467,35.69802],[139.65427,35.69354],[139.65521,35.68878],[139.65665,35.68474],[139.65727,35.67904],[139.66158,35.67045],[139.6605,35.66369]]},"properties":{"patternId":"Toei.Shuku91.24302.2","routeId":"Toei.Shuku91","routeLabelJa":"宿９１ 新代田駅前行","routeCode":"宿９１","direction":"2","stopCount":24,"geometrySource":"odpt-road-shape","operator":"Toei","patternCount":1}},{"type":"Feature","geometry":{"type":"LineString","coordinates":[[139.65209,35.69799],[139.65467,35.69802],[139.65427,35.69354],[139.65521,35.68878],[139.65665,35.68474],[139.65727,35.67904],[139.66152,35.67076],[139.66145,35.66909],[139.66038,35.66295]]},"properties":{"patternId":"Toei.Shuku91.24305.2","routeId":"Toei.Shuku91","routeLabelJa":"宿９１ 杉並車庫前行","routeCode":"宿９１","direction":"2","stopCount":13,"geometrySource":"odpt-road-shape","operator":"Toei","patternCount":1}},{"type":"Feature","geometry":{"type":"LineString","coordinates":[[139.69898,35.69218],[139.69929,35.69224],[139.69909,35.69358],[139.69795,35.6935],[139.69702,35.69318],[139.6864,35.69646],[139.68526,35.6965],[139.68323,35.69697],[139.6763,35.69768],[139.66324,35.69741],[139.65779,35.69802],[139.65467,35.69802],[139.65427,35.69354],[139.65447,35.69239]]},"properties":{"patternId":"Toei.Shuku91.24303.2","routeId":"Toei.Shuku91","routeLabelJa":"宿９１ 堀ノ内行","routeCode":"宿９１","direction":"2","stopCount":15,"geometrySource":"odpt-road-shape","operator":"Toei","patternCount":1}},{"type":"Feature","geometry":{"type":"LineString","coordinates":[[139.66049,35.66376],[139.66158,35.67045],[139.65727,35.67904],[139.65665,35.68474],[139.65521,35.68878],[139.65427,35.69354],[139.65467,35.69802],[139.65124,35.69795]]},"properties":{"patternId":"Toei.Shuku91.24305.1","routeId":"Toei.Shuku91","routeLabelJa":"宿９１ 新代田駅前行","routeCode":"宿９１","direction":"1","stopCount":13,"geometrySource":"odpt-road-shape","operator":"Toei","patternCount":1}},{"type":"Feature","geometry":{"type":"LineString","coordinates":[[139.77017,35.81423],[139.77043,35.81413],[139.77006,35.81383],[139.77072,35.81379],[139.77011,35.81105],[139.77023,35.80177],[139.76566,35.80203],[139.76564,35.79607],[139.77024,35.79588],[139.77008,35.78452],[139.77038,35.77429],[139.77069,35.77429],[139.77083,35.77404],[139.77063,35.77393],[139.77061,35.77423],[139.77038,35.77429],[139.77084,35.7666],[139.77092,35.75987],[139.76991,35.75218],[139.76971,35.74688],[139.76912,35.74314],[139.76809,35.73314],[139.76831,35.73268],[139.77205,35.72952],[139.77191,35.72931]]},"properties":{"patternId":"Toei.Sato48.36101.2","routeId":"Toei.Sato48","routeLabelJa":"里４８ 日暮里駅前行","routeCode":"里４８","direction":"2","stopCount":30,"geometrySource":"odpt-road-shape","operator":"Toei","patternCount":1}},{"type":"Feature","geometry":{"type":"LineString","coordinates":[[139.71317,35.72972],[139.72263,35.72375],[139.7231,35.72305],[139.72333,35.72195],[139.72456,35.71994],[139.72593,35.71981],[139.73177,35.7215],[139.73365,35.71983],[139.73897,35.71639],[139.74064,35.71432],[139.74517,35.71115],[139.74821,35.70968],[139.74974,35.70866],[139.7537,35.70852],[139.75535,35.70304],[139.75555,35.7009],[139.75799,35.69631],[139.75894,35.69242]]},"properties":{"patternId":"Toei.To02Otsu.32201.1","routeId":"Toei.To02Otsu","routeLabelJa":"都０２乙 一ツ橋行","routeCode":"都０２乙","direction":"1","stopCount":24,"geometrySource":"odpt-road-shape","operator":"Toei","patternCount":1}},{"type":"Feature","geometry":{"type":"LineString","coordinates":[[139.71317,35.72972],[139.72263,35.72375],[139.7231,35.72305],[139.72333,35.72195],[139.72456,35.71994],[139.72593,35.71981],[139.73177,35.7215],[139.73365,35.71983],[139.73897,35.71639],[139.74064,35.71432],[139.74517,35.71115],[139.74821,35.70968],[139.7494,35.70879],[139.75033,35.70857],[139.75183,35.70854],[139.75184,35.70707],[139.75438,35.7056],[139.75412,35.70623]]},"properties":{"patternId":"Toei.To02Otsu.32202.1","routeId":"Toei.To02Otsu","routeLabelJa":"都０２乙 東京ドームシティ行","routeCode":"都０２乙","direction":"1","stopCount":17,"geometrySource":"odpt-road-shape","operator":"Toei","patternCount":1}},{"type":"Feature","geometry":{"type":"LineString","coordinates":[[139.7541,35.70627],[139.75354,35.70842],[139.74967,35.70858],[139.74805,35.70965],[139.7453,35.71096],[139.74054,35.71425],[139.73878,35.7164],[139.73294,35.72021],[139.73177,35.7215],[139.72925,35.72086],[139.72596,35.71961],[139.72479,35.71953],[139.72417,35.72006],[139.72374,35.72074],[139.72239,35.72381],[139.71319,35.72958]]},"properties":{"patternId":"Toei.To02Otsu.32202.2","routeId":"Toei.To02Otsu","routeLabelJa":"都０２乙 池袋駅東口行","routeCode":"都０２乙","direction":"2","stopCount":17,"geometrySource":"odpt-road-shape","operator":"Toei","patternCount":1}},{"type":"Feature","geometry":{"type":"LineString","coordinates":[[139.73388,35.71954],[139.73294,35.72021],[139.73177,35.7215],[139.72925,35.72086],[139.72596,35.71961],[139.72479,35.71953],[139.72417,35.72006],[139.72374,35.72074],[139.72239,35.72381],[139.71319,35.72958]]},"properties":{"patternId":"Toei.To02Otsu.32204.1","routeId":"Toei.To02Otsu","routeLabelJa":"都０２乙 池袋駅東口行","routeCode":"都０２乙","direction":"1","stopCount":8,"geometrySource":"odpt-road-shape","operator":"Toei","patternCount":1}},{"type":"Feature","geometry":{"type":"LineString","coordinates":[[139.7292,35.73095],[139.72974,35.73088],[139.72933,35.73083],[139.72914,35.73007],[139.72935,35.72829],[139.72981,35.72655],[139.73172,35.72156],[139.73251,35.72071],[139.73898,35.71637],[139.74075,35.71422],[139.74507,35.71124],[139.74813,35.70972],[139.74948,35.70875],[139.75182,35.70854],[139.75184,35.7071],[139.75438,35.70559],[139.75412,35.70622]]},"properties":{"patternId":"Toei.T02.32304.1","routeId":"Toei.T02","routeLabelJa":"都０２ 東京ドームシティ行","routeCode":"都０２","direction":"1","stopCount":14,"geometrySource":"odpt-road-shape","operator":"Toei","patternCount":1}},{"type":"Feature","geometry":{"type":"LineString","coordinates":[[139.75411,35.70625],[139.7535,35.70842],[139.74967,35.70858],[139.74806,35.70964],[139.74556,35.71081],[139.74051,35.71426],[139.73879,35.7164],[139.73295,35.72022],[139.73172,35.72156],[139.7299,35.7263],[139.72943,35.72787],[139.72907,35.73036]]},"properties":{"patternId":"Toei.T02.32304.2","routeId":"Toei.T02","routeLabelJa":"都０２ 大塚駅前行","routeCode":"都０２","direction":"2","stopCount":14,"geometrySource":"odpt-road-shape","operator":"Toei","patternCount":1}},{"type":"Feature","geometry":{"type":"LineString","coordinates":[[139.73388,35.71954],[139.73295,35.72022],[139.73172,35.72156],[139.72981,35.72655],[139.72935,35.7283],[139.72907,35.73036]]},"properties":{"patternId":"Toei.T02.32312.1","routeId":"Toei.T02","routeLabelJa":"都０２ 大塚駅前行","routeCode":"都０２","direction":"1","stopCount":5,"geometrySource":"odpt-road-shape","operator":"Toei","patternCount":1}},{"type":"Feature","geometry":{"type":"LineString","coordinates":[[139.7292,35.73095],[139.72974,35.73088],[139.72933,35.73083],[139.72914,35.73007],[139.72943,35.72787],[139.73172,35.72156],[139.73285,35.7204],[139.73424,35.71953]]},"properties":{"patternId":"Toei.T02.32312.2","routeId":"Toei.T02","routeLabelJa":"都０２ 大塚二丁目行","routeCode":"都０２","direction":"2","stopCount":5,"geometrySource":"odpt-road-shape","operator":"Toei","patternCount":1}},{"type":"Feature","geometry":{"type":"LineString","coordinates":[[139.7292,35.73095],[139.72974,35.73088],[139.72933,35.73083],[139.72914,35.73007],[139.72935,35.72829],[139.72981,35.72655],[139.73172,35.72156],[139.73251,35.72071],[139.73898,35.71637],[139.74075,35.71422],[139.74554,35.71093],[139.74813,35.70972],[139.74975,35.70865],[139.75249,35.70856]]},"properties":{"patternId":"Toei.T02.32314.1","routeId":"Toei.T02","routeLabelJa":"都０２ 春日駅前行","routeCode":"都０２","direction":"1","stopCount":13,"geometrySource":"odpt-road-shape","operator":"Toei","patternCount":1}},{"type":"Feature","geometry":{"type":"LineString","coordinates":[[139.75253,35.70839],[139.74967,35.70858],[139.74806,35.70964],[139.74501,35.71114],[139.74051,35.71426],[139.73879,35.7164],[139.73295,35.72022],[139.73172,35.72156],[139.7299,35.7263],[139.72943,35.72787],[139.72907,35.73036]]},"properties":{"patternId":"Toei.T02.32314.2","routeId":"Toei.T02","routeLabelJa":"都０２ 大塚駅前行","routeCode":"都０２","direction":"2","stopCount":13,"geometrySource":"odpt-road-shape","operator":"Toei","patternCount":1}},{"type":"Feature","geometry":{"type":"LineString","coordinates":[[139.81369,35.69733],[139.8134,35.6974],[139.81349,35.69779],[139.81497,35.69788],[139.81469,35.70117],[139.79715,35.7002],[139.79689,35.70364],[139.79332,35.7052],[139.79074,35.70609],[139.76911,35.70829],[139.76826,35.70823],[139.76678,35.7075],[139.76593,35.7073],[139.76106,35.70753],[139.75649,35.70725],[139.7558,35.7074],[139.75376,35.70838],[139.74967,35.70858],[139.74806,35.70964],[139.74501,35.71114],[139.74081,35.71404],[139.73879,35.7164],[139.7339,35.71954]]},"properties":{"patternId":"Toei.T02.32315.2","routeId":"Toei.T02","routeLabelJa":"都０２ 大塚二丁目行","routeCode":"都０２","direction":"2","stopCount":30,"geometrySource":"odpt-road-shape","operator":"Toei","patternCount":1}},{"type":"Feature","geometry":{"type":"LineString","coordinates":[[139.75318,35.70848],[139.75181,35.70851],[139.75171,35.71054],[139.7511,35.71309],[139.74176,35.71931],[139.7394,35.72176],[139.73771,35.72307],[139.73493,35.72613],[139.73017,35.73026],[139.72999,35.73075],[139.72928,35.73082],[139.72915,35.72941],[139.7294,35.72786],[139.73012,35.72565],[139.72446,35.72942],[139.7166,35.73343],[139.71337,35.73156]]},"properties":{"patternId":"Toei.Ue60.32406.2","routeId":"Toei.Ue60","routeLabelJa":"上６０ 池袋駅東口行","routeCode":"上６０","direction":"2","stopCount":16,"geometrySource":"odpt-road-shape","operator":"Toei","patternCount":1}},{"type":"Feature","geometry":{"type":"LineString","coordinates":[[139.77187,35.70967],[139.7726,35.70983],[139.77347,35.70975],[139.77307,35.70798],[139.76989,35.70825],[139.76979,35.70926],[139.76887,35.71002],[139.76857,35.71211],[139.76788,35.71452],[139.76639,35.71671],[139.76516,35.71792],[139.76948,35.72071],[139.7733,35.72193],[139.77542,35.72344],[139.77674,35.72362],[139.77915,35.72273],[139.78134,35.72068],[139.78932,35.71814],[139.80181,35.71511],[139.80448,35.71351],[139.80843,35.71149],[139.80854,35.70886],[139.81365,35.70905],[139.81421,35.70664],[139.81468,35.70121],[139.82325,35.70164],[139.82336,35.69971],[139.82549,35.69983],[139.82563,35.69815]]},"properties":{"patternId":"Toei.Ue26.32504.2","routeId":"Toei.Ue26","routeLabelJa":"上２６ 亀戸駅前行","routeCode":"上２６","direction":"2","stopCount":24,"geometrySource":"odpt-road-shape","operator":"Toei","patternCount":1}},{"type":"Feature","geometry":{"type":"LineString","coordinates":[[139.71269,35.73083],[139.71301,35.73143],[139.71678,35.73353],[139.72618,35.74203],[139.72743,35.74372],[139.72816,35.74423],[139.73723,35.73461],[139.74094,35.73164],[139.74396,35.72874],[139.74812,35.72589],[139.75208,35.72369],[139.75264,35.72261],[139.75395,35.72299],[139.75731,35.72467],[139.76222,35.72518],[139.76304,35.72483],[139.7637,35.72723],[139.76345,35.72852],[139.76237,35.72996],[139.7652,35.73164],[139.77487,35.73577],[139.77668,35.73714],[139.77709,35.73707],[139.78632,35.73427],[139.78789,35.73232],[139.79179,35.73002],[139.7908,35.72896],[139.79074,35.72869],[139.7912,35.72132],[139.79268,35.71869],[139.79268,35.71752],[139.79247,35.7141],[139.79204,35.71173],[139.79151,35.71]]},"properties":{"patternId":"Toei.Kusa63.36001.1","routeId":"Toei.Kusa63","routeLabelJa":"草６３ 浅草寿町行","routeCode":"草６３","direction":"1","stopCount":38,"geometrySource":"odpt-road-shape","operator":"Toei","patternCount":1}},{"type":"Feature","geometry":{"type":"LineString","coordinates":[[139.7935,35.70922],[139.79609,35.7088],[139.79707,35.70976],[139.79767,35.71073],[139.79198,35.71143],[139.79247,35.7141],[139.79268,35.71869],[139.7912,35.72132],[139.79075,35.72848],[139.7908,35.72896],[139.79179,35.73002],[139.78775,35.73243],[139.78632,35.73427],[139.77933,35.73629],[139.77649,35.73697],[139.77487,35.73577],[139.7652,35.73164],[139.76237,35.72996],[139.76345,35.72852],[139.7637,35.72723],[139.76304,35.72483],[139.76222,35.72518],[139.75731,35.72467],[139.75395,35.72299],[139.75264,35.72261],[139.75208,35.72369],[139.74618,35.72716],[139.74551,35.72724],[139.7438,35.7286],[139.74074,35.73159],[139.73672,35.735],[139.72802,35.74417],[139.72743,35.74372],[139.72603,35.74191],[139.71678,35.73353],[139.7131,35.73149],[139.71289,35.73124],[139.71304,35.73095]]},"properties":{"patternId":"Toei.Kusa63.36002.2","routeId":"Toei.Kusa63","routeLabelJa":"草６３ 池袋駅東口行","routeCode":"草６３","direction":"2","stopCount":39,"geometrySource":"odpt-road-shape","operator":"Toei","patternCount":1}},{"type":"Feature","geometry":{"type":"LineString","coordinates":[[139.73795,35.73412],[139.74094,35.73164],[139.74396,35.72874],[139.74812,35.72589],[139.75208,35.72369],[139.75264,35.72261],[139.75395,35.72299],[139.75731,35.72467],[139.76222,35.72518],[139.76304,35.72483],[139.7637,35.72723],[139.76345,35.72852],[139.76237,35.72996],[139.7652,35.73164],[139.77487,35.73577],[139.77668,35.73714],[139.78632,35.73427],[139.78789,35.73232],[139.79179,35.73002],[139.7908,35.72896],[139.79074,35.72869],[139.7912,35.72132],[139.79268,35.71869],[139.79268,35.71752],[139.79247,35.7141],[139.79204,35.71173],[139.79151,35.71]]},"properties":{"patternId":"Toei.Kusa63.36003.1","routeId":"Toei.Kusa63","routeLabelJa":"草６３ 浅草寿町行","routeCode":"草６３","direction":"1","stopCount":28,"geometrySource":"odpt-road-shape","operator":"Toei","patternCount":1}},{"type":"Feature","geometry":{"type":"LineString","coordinates":[[139.7935,35.70922],[139.79609,35.7088],[139.79707,35.70976],[139.79767,35.71073],[139.79198,35.71143],[139.79247,35.7141],[139.79268,35.71869],[139.7912,35.72132],[139.79075,35.72848],[139.7908,35.72896],[139.79179,35.73002],[139.78775,35.73243],[139.78632,35.73427],[139.77649,35.73697],[139.77487,35.73577],[139.7652,35.73164],[139.76237,35.72996],[139.76345,35.72852],[139.7637,35.72723],[139.76304,35.72483],[139.76222,35.72518],[139.75731,35.72467],[139.75395,35.72299],[139.75264,35.72261],[139.75208,35.72369],[139.74618,35.72716],[139.74551,35.72724],[139.73791,35.73393]]},"properties":{"patternId":"Toei.Kusa63.36004.2","routeId":"Toei.Kusa63","routeLabelJa":"草６３ 巣鴨駅前行","routeCode":"草６３","direction":"2","stopCount":29,"geometrySource":"odpt-road-shape","operator":"Toei","patternCount":1}},{"type":"Feature","geometry":{"type":"LineString","coordinates":[[139.71278,35.73108],[139.71305,35.7315],[139.71678,35.73353],[139.72618,35.74203],[139.72743,35.74372],[139.72802,35.74417],[139.72916,35.74319],[139.73677,35.73505]]},"properties":{"patternId":"Toei.Kusa63.36005.1","routeId":"Toei.Kusa63","routeLabelJa":"草６３ とげぬき地蔵前行","routeCode":"草６３","direction":"1","stopCount":10,"geometrySource":"odpt-road-shape","operator":"Toei","patternCount":2}},{"type":"Feature","geometry":{"type":"LineString","coordinates":[[139.7712,35.72903],[139.77186,35.72952],[139.7682,35.73263],[139.76797,35.73307],[139.76925,35.74531],[139.76962,35.74719],[139.76964,35.75082],[139.76984,35.7528],[139.77081,35.75986],[139.77065,35.76825],[139.77025,35.77311],[139.76998,35.78236]]},"properties":{"patternId":"Toei.Sato48.36103.1","routeId":"Toei.Sato48","routeLabelJa":"里４８ 江北六丁目団地前行","routeCode":"里４８","direction":"1","stopCount":17,"geometrySource":"odpt-road-shape","operator":"Toei","patternCount":1}},{"type":"Feature","geometry":{"type":"LineString","coordinates":[[139.77013,35.78243],[139.77038,35.77429],[139.77069,35.77429],[139.77083,35.77404],[139.77063,35.77393],[139.77061,35.77423],[139.77038,35.77429],[139.77084,35.7666],[139.77092,35.75987],[139.76991,35.75218],[139.76971,35.74688],[139.76912,35.74314],[139.76809,35.73314],[139.76831,35.73268],[139.77205,35.72952],[139.77191,35.72931]]},"properties":{"patternId":"Toei.Sato48.36103.2","routeId":"Toei.Sato48","routeLabelJa":"里４８ 日暮里駅前行","routeCode":"里４８","direction":"2","stopCount":19,"geometrySource":"odpt-road-shape","operator":"Toei","patternCount":1}},{"type":"Feature","geometry":{"type":"LineString","coordinates":[[139.74704,35.73593],[139.74712,35.73575],[139.7469,35.73565],[139.74765,35.73445],[139.75095,35.73052],[139.75256,35.7274],[139.75332,35.72657],[139.75406,35.72322],[139.75779,35.71829],[139.76014,35.71011],[139.76082,35.70565],[139.76122,35.70483],[139.76182,35.70422],[139.76844,35.69983],[139.76818,35.69911],[139.76516,35.70017]]},"properties":{"patternId":"Toei.Cha51.36301.1","routeId":"Toei.Cha51","routeLabelJa":"茶５１ 御茶ノ水駅前行","routeCode":"茶５１","direction":"1","stopCount":16,"geometrySource":"odpt-road-shape","operator":"Toei","patternCount":1}},{"type":"Feature","geometry":{"type":"LineString","coordinates":[[139.76426,35.70047],[139.76322,35.70086],[139.76251,35.7016],[139.76203,35.70178],[139.76182,35.70422],[139.76122,35.70483],[139.76082,35.70565],[139.76017,35.70998],[139.75779,35.71829],[139.75412,35.72308],[139.75332,35.72657],[139.75245,35.7276],[139.75095,35.73052],[139.74896,35.73273],[139.7471,35.73527],[139.74681,35.73586],[139.74704,35.73593]]},"properties":{"patternId":"Toei.Cha51.36301.2","routeId":"Toei.Cha51","routeLabelJa":"茶５１ 駒込駅南口行","routeCode":"茶５１","direction":"2","stopCount":14,"geometrySource":"odpt-road-shape","operator":"Toei","patternCount":1}},{"type":"Feature","geometry":{"type":"LineString","coordinates":[[139.74712,35.73575],[139.7469,35.73565],[139.74765,35.73445],[139.75095,35.73052],[139.75256,35.7274],[139.75332,35.72657],[139.75406,35.72322],[139.75779,35.71829],[139.75841,35.71655],[139.76026,35.70961],[139.76082,35.70565],[139.76122,35.70483],[139.76182,35.70422],[139.76203,35.70178],[139.76251,35.7016],[139.76322,35.70086],[139.76674,35.69973],[139.77118,35.69761],[139.77387,35.69753],[139.77423,35.69869],[139.77371,35.69869],[139.77373,35.699]]},"properties":{"patternId":"Toei.Cha51.36302.1","routeId":"Toei.Cha51","routeLabelJa":"茶５１ 秋葉原駅前行","routeCode":"茶５１","direction":"1","stopCount":16,"geometrySource":"odpt-road-shape","operator":"Toei","patternCount":1}},{"type":"Feature","geometry":{"type":"LineString","coordinates":[[139.77373,35.699],[139.77399,35.69901],[139.774,35.69876],[139.77423,35.69869],[139.77433,35.69943],[139.77561,35.69939],[139.77547,35.69762],[139.77118,35.69761],[139.76674,35.69973],[139.76322,35.70086],[139.76251,35.7016],[139.76203,35.70178],[139.76182,35.70422],[139.76122,35.70483],[139.76082,35.70565],[139.76017,35.70998],[139.75779,35.71829],[139.75412,35.72308],[139.75332,35.72657],[139.75245,35.7276],[139.75095,35.73052],[139.74896,35.73273],[139.7471,35.73527],[139.74681,35.73586],[139.74704,35.73593]]},"properties":{"patternId":"Toei.Cha51.36302.2","routeId":"Toei.Cha51","routeLabelJa":"茶５１ 駒込駅南口行","routeCode":"茶５１","direction":"2","stopCount":17,"geometrySource":"odpt-road-shape","operator":"Toei","patternCount":1}},{"type":"Feature","geometry":{"type":"LineString","coordinates":[[139.71369,35.72931],[139.714,35.72909],[139.71417,35.73208],[139.71678,35.73353],[139.72618,35.74203],[139.72743,35.74372],[139.73478,35.74925],[139.73741,35.75086],[139.73646,35.75203],[139.73644,35.75249],[139.73664,35.75273],[139.73766,35.75316],[139.73938,35.75468],[139.74115,35.75545],[139.74169,35.75597],[139.74883,35.75032],[139.76318,35.74246],[139.77022,35.73832],[139.77078,35.73806],[139.77339,35.73758],[139.77709,35.73707],[139.78632,35.73427],[139.78789,35.73232],[139.79356,35.72881],[139.79877,35.72286],[139.80017,35.72078],[139.79829,35.71454],[139.79783,35.71269],[139.79767,35.71073],[139.79631,35.71088],[139.79623,35.70953]]},"properties":{"patternId":"Toei.Kusa64.36402.1","routeId":"Toei.Kusa64","routeLabelJa":"草６４ 浅草雷門南行","routeCode":"草６４","direction":"1","stopCount":36,"geometrySource":"odpt-road-shape","operator":"Toei","patternCount":1}},{"type":"Feature","geometry":{"type":"LineString","coordinates":[[139.79623,35.70953],[139.79618,35.70922],[139.79634,35.70915],[139.79687,35.70953],[139.79767,35.71073],[139.79783,35.71269],[139.7982,35.7143],[139.80017,35.72078],[139.79877,35.72286],[139.79356,35.72881],[139.78775,35.73243],[139.78632,35.73427],[139.77685,35.73692],[139.77078,35.73806],[139.77022,35.73832],[139.76207,35.74309],[139.74883,35.75032],[139.74189,35.75565],[139.74133,35.75558],[139.73938,35.75468],[139.73825,35.75354],[139.73664,35.75273],[139.73644,35.75249],[139.73646,35.75203],[139.73741,35.75086],[139.73732,35.75072],[139.72743,35.74372],[139.72603,35.74191],[139.71678,35.73353],[139.7131,35.73149],[139.71289,35.73124],[139.71303,35.73097]]},"properties":{"patternId":"Toei.Kusa64.36402.2","routeId":"Toei.Kusa64","routeLabelJa":"草６４ 池袋駅東口行","routeCode":"草６４","direction":"2","stopCount":34,"geometrySource":"odpt-road-shape","operator":"Toei","patternCount":1}},{"type":"Feature","geometry":{"type":"LineString","coordinates":[[139.73677,35.73505],[139.72802,35.74417],[139.73478,35.74925],[139.73741,35.75086],[139.73646,35.75203],[139.73644,35.75249],[139.73664,35.75273],[139.73766,35.75316],[139.73938,35.75468],[139.74115,35.75545],[139.74169,35.75597],[139.74883,35.75032],[139.76318,35.74246],[139.77022,35.73832],[139.77078,35.73806],[139.77339,35.73758],[139.77709,35.73707],[139.78632,35.73427],[139.78789,35.73232],[139.79356,35.72881],[139.79877,35.72286],[139.80017,35.72078],[139.79829,35.71454],[139.79783,35.71269],[139.79767,35.71073],[139.79631,35.71088],[139.79623,35.70953]]},"properties":{"patternId":"Toei.Kusa64.36405.1","routeId":"Toei.Kusa64","routeLabelJa":"草６４ 浅草雷門南行","routeCode":"草６４","direction":"1","stopCount":32,"geometrySource":"odpt-road-shape","operator":"Toei","patternCount":1}},{"type":"Feature","geometry":{"type":"LineString","coordinates":[[139.79623,35.70953],[139.79618,35.70922],[139.79634,35.70915],[139.79687,35.70953],[139.79767,35.71073],[139.79783,35.71269],[139.7982,35.7143],[139.80017,35.72078],[139.79877,35.72286],[139.79356,35.72881],[139.78775,35.73243],[139.78632,35.73427],[139.77685,35.73692],[139.77078,35.73806],[139.77022,35.73832],[139.76207,35.74309],[139.74883,35.75032],[139.74189,35.75565],[139.74133,35.75558],[139.73938,35.75468],[139.73825,35.75354],[139.73664,35.75273],[139.73644,35.75249],[139.73646,35.75203],[139.73741,35.75086],[139.73732,35.75072],[139.72816,35.74423],[139.73677,35.73505]]},"properties":{"patternId":"Toei.Kusa64.36405.2","routeId":"Toei.Kusa64","routeLabelJa":"草６４ とげぬき地蔵前行","routeCode":"草６４","direction":"2","stopCount":31,"geometrySource":"odpt-road-shape","operator":"Toei","patternCount":1}},{"type":"Feature","geometry":{"type":"LineString","coordinates":[[139.71603,35.7278],[139.71288,35.72976],[139.71233,35.72991],[139.71297,35.73144],[139.71678,35.73353],[139.72618,35.74203],[139.72743,35.74372],[139.72816,35.74423],[139.73674,35.73518]]},"properties":{"patternId":"Toei.Kusa63.36601.1","routeId":"Toei.Kusa63","routeLabelJa":"草６３ とげぬき地蔵前行","routeCode":"草６３","direction":"1","stopCount":11,"geometrySource":"odpt-road-shape","operator":"Toei","patternCount":1}},{"type":"Feature","geometry":{"type":"LineString","coordinates":[[139.70614,35.72199],[139.70857,35.7207],[139.71153,35.7198],[139.7132,35.71906],[139.71302,35.71979],[139.71322,35.71988],[139.71128,35.72483],[139.71196,35.72746],[139.71205,35.72902]]},"properties":{"patternId":"Toei.Ike65.44003.1","routeId":"Toei.Ike65","routeLabelJa":"池６５ 池袋駅東口行","routeCode":"池６５","direction":"1","stopCount":6,"geometrySource":"odpt-road-shape","operator":"Toei","patternCount":1}},{"type":"Feature","geometry":{"type":"LineString","coordinates":[[139.73666,35.7351],[139.72805,35.74415],[139.7275,35.74378],[139.72614,35.74198],[139.7169,35.73357],[139.71294,35.73135],[139.71309,35.73063],[139.7128,35.72996],[139.71569,35.72811]]},"properties":{"patternId":"Toei.Kusa63.36601.2","routeId":"Toei.Kusa63","routeLabelJa":"草６３ 東池袋一丁目行","routeCode":"草６３","direction":"2","stopCount":11,"geometrySource":"odpt-road-shape","operator":"Toei","patternCount":1}},{"type":"Feature","geometry":{"type":"LineString","coordinates":[[139.77112,35.72905],[139.77191,35.72958],[139.76812,35.73279],[139.76801,35.73314],[139.76906,35.74379],[139.7696,35.747],[139.7698,35.75235],[139.77077,35.75933],[139.77073,35.76482],[139.76735,35.76504],[139.76728,35.7665],[139.76598,35.77083],[139.76528,35.77628],[139.76513,35.77837],[139.76521,35.78317],[139.76173,35.78709],[139.76214,35.78982],[139.76169,35.79599],[139.76106,35.79612],[139.75764,35.79221],[139.7594,35.79008],[139.76048,35.79057],[139.76211,35.79064],[139.76218,35.78949],[139.76177,35.78712],[139.76511,35.78325],[139.76509,35.77689],[139.76597,35.77057],[139.76733,35.76643],[139.76726,35.765],[139.77088,35.76488],[139.7709,35.7593],[139.77001,35.75265],[139.76978,35.74741],[139.76911,35.74306],[139.76817,35.7329],[139.77219,35.72952],[139.77182,35.72919]]},"properties":{"patternId":"Toei.Sato48-2.36701.3","routeId":"Toei.Sato48-2","routeLabelJa":"里４８－２ 日暮里駅前行","routeCode":"里４８－２","direction":"3","stopCount":44,"geometrySource":"odpt-road-shape","operator":"Toei","patternCount":1}},{"type":"Feature","geometry":{"type":"LineString","coordinates":[[139.76414,35.71327],[139.76377,35.70755],[139.76582,35.70736],[139.76679,35.70758],[139.76834,35.70841],[139.77308,35.70803],[139.77348,35.7098],[139.77445,35.71155],[139.77659,35.71142],[139.7773,35.71195],[139.77804,35.71207],[139.77682,35.71109],[139.77643,35.70764],[139.76882,35.70828],[139.76809,35.70816],[139.7668,35.7075],[139.76541,35.70732],[139.76372,35.70749],[139.76401,35.71329]]},"properties":{"patternId":"Toei.Ue01.37001.3","routeId":"Toei.Ue01","routeLabelJa":"上０１ 東大構内行","routeCode":"上０１","direction":"3","stopCount":13,"geometrySource":"odpt-road-shape","operator":"Toei","patternCount":1}},{"type":"Feature","geometry":{"type":"LineString","coordinates":[[139.76414,35.71327],[139.76377,35.70755],[139.76595,35.70737],[139.76679,35.70758],[139.76834,35.70841],[139.77308,35.70803],[139.77348,35.7098],[139.77409,35.71119]]},"properties":{"patternId":"Toei.Ue01.37002.1","routeId":"Toei.Ue01","routeLabelJa":"上０１ 上野公園山下行","routeCode":"上０１","direction":"1","stopCount":7,"geometrySource":"odpt-road-shape","operator":"Toei","patternCount":1}},{"type":"Feature","geometry":{"type":"LineString","coordinates":[[139.77413,35.71126],[139.77469,35.71165],[139.77659,35.71142],[139.7773,35.71195],[139.77804,35.71207],[139.77682,35.71109],[139.77643,35.70764],[139.76914,35.70829],[139.76829,35.70824],[139.7668,35.7075],[139.76594,35.7073],[139.76372,35.70749],[139.76401,35.71329]]},"properties":{"patternId":"Toei.Ue01.37002.2","routeId":"Toei.Ue01","routeLabelJa":"上０１ 東大構内行","routeCode":"上０１","direction":"2","stopCount":7,"geometrySource":"odpt-road-shape","operator":"Toei","patternCount":1}},{"type":"Feature","geometry":{"type":"LineString","coordinates":[[139.76419,35.71324],[139.76375,35.70891],[139.76377,35.70749],[139.7631,35.70749],[139.76191,35.70426],[139.76846,35.69984],[139.7682,35.69911],[139.76326,35.70085],[139.7626,35.70155],[139.76202,35.70181],[139.76183,35.70429],[139.76304,35.70756],[139.76373,35.70755],[139.76402,35.71328]]},"properties":{"patternId":"Toei.Cha07.37101.3","routeId":"Toei.Cha07","routeLabelJa":"茶０７ 東大構内行","routeCode":"茶０７","direction":"3","stopCount":11,"geometrySource":"odpt-road-shape","operator":"Toei","patternCount":1}},{"type":"Feature","geometry":{"type":"LineString","coordinates":[[139.76419,35.71324],[139.76375,35.70891],[139.76377,35.70749],[139.7631,35.70749],[139.76191,35.70426],[139.76846,35.69984],[139.7682,35.69911],[139.76704,35.69964],[139.76455,35.70034]]},"properties":{"patternId":"Toei.Cha07.37102.1","routeId":"Toei.Cha07","routeLabelJa":"茶０７ 御茶ノ水駅前行","routeCode":"茶０７","direction":"1","stopCount":7,"geometrySource":"odpt-road-shape","operator":"Toei","patternCount":1}},{"type":"Feature","geometry":{"type":"LineString","coordinates":[[139.7645,35.70035],[139.76326,35.70085],[139.7626,35.70155],[139.76202,35.70181],[139.76175,35.704],[139.76304,35.70756],[139.76373,35.70755],[139.76402,35.71328]]},"properties":{"patternId":"Toei.Cha07.37102.2","routeId":"Toei.Cha07","routeLabelJa":"茶０７ 東大構内行","routeCode":"茶０７","direction":"2","stopCount":5,"geometrySource":"odpt-road-shape","operator":"Toei","patternCount":1}},{"type":"Feature","geometry":{"type":"LineString","coordinates":[[139.7901,35.77623],[139.78468,35.77588],[139.78476,35.77806],[139.7784,35.77804],[139.76376,35.76909],[139.76198,35.76852],[139.76363,35.76475],[139.75798,35.76228],[139.75589,35.76205],[139.75263,35.76367],[139.74964,35.76422],[139.74133,35.75556],[139.73952,35.75474],[139.73838,35.75358],[139.73663,35.75261],[139.73655,35.75199],[139.73752,35.75081],[139.73304,35.74779],[139.72742,35.74363],[139.72625,35.74204],[139.71681,35.73356],[139.71312,35.73145],[139.71299,35.73125],[139.71311,35.73077]]},"properties":{"patternId":"Toei.Ou40Kou.40001.2","routeId":"Toei.Ou40Kou","routeLabelJa":"王４０甲 池袋駅東口行","routeCode":"王４０甲","direction":"2","stopCount":27,"geometrySource":"odpt-road-shape","operator":"Toei","patternCount":1}},{"type":"Feature","geometry":{"type":"LineString","coordinates":[[139.76232,35.76782],[139.76363,35.76475],[139.75798,35.76228],[139.75589,35.76205],[139.75263,35.76367],[139.74964,35.76422],[139.74133,35.75556],[139.73952,35.75474],[139.73838,35.75358],[139.73663,35.75261],[139.73655,35.75199],[139.73752,35.75081],[139.73304,35.74779],[139.72742,35.74363],[139.72625,35.74204],[139.71681,35.73356],[139.71312,35.73145],[139.71299,35.73125],[139.71311,35.73077]]},"properties":{"patternId":"Toei.Ou40Kou.40005.2","routeId":"Toei.Ou40Kou","routeLabelJa":"王４０甲 池袋駅東口行","routeCode":"王４０甲","direction":"2","stopCount":19,"geometrySource":"odpt-road-shape","operator":"Toei","patternCount":1}},{"type":"Feature","geometry":{"type":"LineString","coordinates":[[139.71347,35.72955],[139.714,35.72919],[139.71421,35.73206],[139.71683,35.73358],[139.72608,35.74198],[139.72736,35.74372],[139.73478,35.74925],[139.73731,35.75089],[139.73634,35.75213],[139.73651,35.75267],[139.73805,35.75345],[139.73911,35.7545],[139.74133,35.75556],[139.74964,35.76422],[139.75167,35.76394],[139.75176,35.76419],[139.75206,35.76422]]},"properties":{"patternId":"Toei.Ou40Kou.40006.1","routeId":"Toei.Ou40Kou","routeLabelJa":"王４０甲 豊島五丁目団地行","routeCode":"王４０甲","direction":"1","stopCount":17,"geometrySource":"odpt-road-shape","operator":"Toei","patternCount":1}},{"type":"Feature","geometry":{"type":"LineString","coordinates":[[139.73724,35.75386],[139.73743,35.75429],[139.73716,35.75491],[139.73755,35.76104],[139.73644,35.76321],[139.73739,35.76372],[139.73836,35.76398],[139.74236,35.764],[139.74252,35.76452],[139.74252,35.76611],[139.74217,35.76609],[139.74221,35.76705],[139.74334,35.76919],[139.74388,35.77136],[139.74203,35.77268]]},"properties":{"patternId":"Toei.Ou41.40103.1","routeId":"Toei.Ou41","routeLabelJa":"王４１ 新田二丁目行","routeCode":"王４１","direction":"1","stopCount":10,"geometrySource":"odpt-road-shape","operator":"Toei","patternCount":1}},{"type":"Feature","geometry":{"type":"LineString","coordinates":[[139.73722,35.75389],[139.73743,35.75424],[139.73716,35.75488],[139.73753,35.76097],[139.73644,35.76321],[139.73804,35.76392],[139.74237,35.764],[139.74253,35.76612],[139.74217,35.76609],[139.74222,35.76703],[139.74332,35.76911],[139.7437,35.77064],[139.74663,35.77052],[139.74709,35.77066],[139.74767,35.76976],[139.74778,35.76855],[139.75004,35.76869],[139.75202,35.76929],[139.75455,35.76854],[139.75584,35.76781],[139.75655,35.76699],[139.75728,35.76468],[139.75798,35.76323],[139.75895,35.76169],[139.76015,35.76032],[139.76161,35.75912],[139.76427,35.75748],[139.76822,35.75598],[139.77226,35.75516],[139.77654,35.75488],[139.78184,35.75518],[139.78892,35.75625],[139.78995,35.75577],[139.79092,35.75497],[139.79438,35.75074],[139.79987,35.7509],[139.80141,35.75073],[139.80389,35.74997],[139.80417,35.75022],[139.80453,35.75021]]},"properties":{"patternId":"Toei.Ou45.40201.1","routeId":"Toei.Ou45","routeLabelJa":"王４５ 北千住駅前行","routeCode":"王４５","direction":"1","stopCount":25,"geometrySource":"odpt-road-shape","operator":"Toei","patternCount":1}},{"type":"Feature","geometry":{"type":"LineString","coordinates":[[139.75757,35.73079],[139.75845,35.73221],[139.75909,35.73414],[139.75967,35.73764],[139.76175,35.73943],[139.76052,35.74067],[139.76354,35.74415],[139.76206,35.74999],[139.76204,35.75206],[139.76283,35.75559],[139.76247,35.75641],[139.76067,35.75647],[139.76037,35.75587],[139.75681,35.75648],[139.75803,35.75972],[139.75649,35.76087],[139.75591,35.76206],[139.75277,35.76366],[139.75169,35.76393],[139.75189,35.76421]]},"properties":{"patternId":"Toei.Higashi43.40407.2","routeId":"Toei.Higashi43","routeLabelJa":"東４３ 豊島五丁目団地行","routeCode":"東４３","direction":"2","stopCount":16,"geometrySource":"odpt-road-shape","operator":"Toei","patternCount":1}},{"type":"Feature","geometry":{"type":"LineString","coordinates":[[139.75213,35.76389],[139.75589,35.76205],[139.75798,35.76228],[139.76311,35.76452],[139.7628,35.76627],[139.76188,35.76849],[139.76376,35.7691],[139.77855,35.77813],[139.78219,35.77806],[139.7888,35.7784],[139.78914,35.77611],[139.78982,35.77615],[139.79006,35.77631],[139.79008,35.77664],[139.79031,35.77668]]},"properties":{"patternId":"Toei.Ou40Kou.40007.1","routeId":"Toei.Ou40Kou","routeLabelJa":"王４０甲 西新井駅前行","routeCode":"王４０甲","direction":"1","stopCount":12,"geometrySource":"odpt-road-shape","operator":"Toei","patternCount":1}},{"type":"Feature","geometry":{"type":"LineString","coordinates":[[139.7901,35.77623],[139.78468,35.77588],[139.78476,35.77806],[139.7784,35.77804],[139.76376,35.76909],[139.76198,35.76852],[139.76363,35.76475],[139.75756,35.76219],[139.75589,35.76205],[139.75327,35.76339]]},"properties":{"patternId":"Toei.Ou40Kou.40007.2","routeId":"Toei.Ou40Kou","routeLabelJa":"王４０甲 豊島五丁目団地行","routeCode":"王４０甲","direction":"2","stopCount":12,"geometrySource":"odpt-road-shape","operator":"Toei","patternCount":1}},{"type":"Feature","geometry":{"type":"LineString","coordinates":[[139.75632,35.76216],[139.75798,35.76228],[139.76311,35.76452],[139.7628,35.76627],[139.76188,35.76849],[139.76376,35.7691],[139.77855,35.77813],[139.78219,35.77806],[139.7888,35.7784],[139.78914,35.77611],[139.78982,35.77615],[139.79006,35.77631],[139.79008,35.77664],[139.79031,35.77668]]},"properties":{"patternId":"Toei.Ou40Kou.40008.1","routeId":"Toei.Ou40Kou","routeLabelJa":"王４０甲 西新井駅前行","routeCode":"王４０甲","direction":"1","stopCount":11,"geometrySource":"odpt-road-shape","operator":"Toei","patternCount":1}},{"type":"Feature","geometry":{"type":"LineString","coordinates":[[139.7901,35.77623],[139.78468,35.77588],[139.78476,35.77806],[139.7784,35.77804],[139.76376,35.7691],[139.76199,35.76852],[139.76363,35.76475],[139.75791,35.76226],[139.75589,35.76206],[139.75328,35.76345],[139.7519,35.7639],[139.74961,35.76419],[139.74157,35.75578],[139.73924,35.75456],[139.73809,35.75337],[139.73789,35.75365],[139.73763,35.7535],[139.73726,35.75393],[139.73744,35.75425],[139.73717,35.7547],[139.73753,35.76113],[139.73603,35.76396],[139.73315,35.7726],[139.73304,35.77344]]},"properties":{"patternId":"Toei.Ou40Shutsunyuu.40009.2","routeId":"Toei.Ou40Shutsunyuu","routeLabelJa":"王４０出入 北車庫前行","routeCode":"王４０出入","direction":"2","stopCount":24,"geometrySource":"odpt-road-shape","operator":"Toei","patternCount":1}},{"type":"Feature","geometry":{"type":"LineString","coordinates":[[139.71347,35.72955],[139.71401,35.72919],[139.71421,35.73206],[139.71682,35.73356],[139.72608,35.74199],[139.72736,35.74372],[139.73478,35.74925],[139.73731,35.75089],[139.73634,35.75213],[139.7365,35.75267],[139.73804,35.75344],[139.73789,35.75365],[139.73763,35.7535],[139.73726,35.75393],[139.73744,35.75425],[139.73716,35.7547],[139.73753,35.76112],[139.73604,35.76396],[139.73315,35.7726],[139.73304,35.77345]]},"properties":{"patternId":"Toei.Ou40Shutsunyuu.40010.1","routeId":"Toei.Ou40Shutsunyuu","routeLabelJa":"王４０出入 北車庫前行","routeCode":"王４０出入","direction":"1","stopCount":19,"geometrySource":"odpt-road-shape","operator":"Toei","patternCount":1}},{"type":"Feature","geometry":{"type":"LineString","coordinates":[[139.73324,35.77342],[139.7333,35.77249],[139.73613,35.76403],[139.73761,35.76129],[139.73772,35.76039],[139.73758,35.759],[139.74169,35.75598],[139.74133,35.75556],[139.73924,35.75456],[139.73768,35.75308],[139.73663,35.75261],[139.73655,35.75199],[139.73752,35.75081],[139.72742,35.74363],[139.72626,35.74204],[139.71683,35.73357],[139.71312,35.73145],[139.71297,35.73131],[139.71311,35.73076]]},"properties":{"patternId":"Toei.Ou40Shutsunyuu.40010.2","routeId":"Toei.Ou40Shutsunyuu","routeLabelJa":"王４０出入 池袋駅東口行","routeCode":"王４０出入","direction":"2","stopCount":17,"geometrySource":"odpt-road-shape","operator":"Toei","patternCount":1}},{"type":"Feature","geometry":{"type":"LineString","coordinates":[[139.73887,35.75433],[139.74133,35.75556],[139.74964,35.76422],[139.75195,35.7639],[139.75332,35.76343],[139.75589,35.76205],[139.75798,35.76228],[139.76311,35.76452],[139.7628,35.76627],[139.76188,35.76849],[139.76376,35.7691],[139.77855,35.77813],[139.78219,35.77806],[139.7888,35.7784],[139.78914,35.77611],[139.78982,35.77615],[139.79006,35.77631],[139.79008,35.77664],[139.79031,35.77668]]},"properties":{"patternId":"Toei.Ou40Kou.40011.1","routeId":"Toei.Ou40Kou","routeLabelJa":"王４０甲 西新井駅前行","routeCode":"王４０甲","direction":"1","stopCount":17,"geometrySource":"odpt-road-shape","operator":"Toei","patternCount":1}},{"type":"Feature","geometry":{"type":"LineString","coordinates":[[139.75516,35.76245],[139.75348,35.76336],[139.75185,35.76391],[139.74964,35.76422],[139.74115,35.75545],[139.73939,35.75468],[139.73821,35.75353],[139.73664,35.75273],[139.73644,35.75249],[139.73647,35.75204],[139.73741,35.75086],[139.73731,35.75072],[139.72744,35.74372],[139.72619,35.74204],[139.71679,35.73355],[139.71294,35.73137],[139.71304,35.73076]]},"properties":{"patternId":"Toei.Ou40Kou.40013.2","routeId":"Toei.Ou40Kou","routeLabelJa":"王４０甲 池袋駅東口行","routeCode":"王４０甲","direction":"2","stopCount":17,"geometrySource":"odpt-road-shape","operator":"Toei","patternCount":1}},{"type":"Feature","geometry":{"type":"LineString","coordinates":[[139.73724,35.75386],[139.73743,35.75429],[139.73716,35.75491],[139.73755,35.76104],[139.73644,35.76321],[139.73739,35.76372],[139.73836,35.76398],[139.74236,35.764],[139.74252,35.76452],[139.74252,35.76611],[139.74217,35.76609],[139.74221,35.76705],[139.74334,35.76919],[139.74388,35.77136],[139.73835,35.77535]]},"properties":{"patternId":"Toei.Ou41.40101.1","routeId":"Toei.Ou41","routeLabelJa":"王４１ 新田一丁目行","routeCode":"王４１","direction":"1","stopCount":12,"geometrySource":"odpt-road-shape","operator":"Toei","patternCount":1}},{"type":"Feature","geometry":{"type":"LineString","coordinates":[[139.73841,35.77536],[139.74387,35.77137],[139.74334,35.76919],[139.74221,35.76705],[139.74217,35.76609],[139.73752,35.76597],[139.73686,35.76574],[139.73566,35.76573],[139.73613,35.76403],[139.73772,35.76092],[139.73716,35.75491],[139.73787,35.75366],[139.7377,35.75344]]},"properties":{"patternId":"Toei.Ou41.40101.2","routeId":"Toei.Ou41","routeLabelJa":"王４１ 王子駅前行","routeCode":"王４１","direction":"2","stopCount":11,"geometrySource":"odpt-road-shape","operator":"Toei","patternCount":1}},{"type":"Feature","geometry":{"type":"LineString","coordinates":[[139.73325,35.77343],[139.73326,35.77268],[139.73613,35.76403],[139.73772,35.76093],[139.73716,35.7549],[139.73787,35.75366],[139.7377,35.75344]]},"properties":{"patternId":"Toei.Ou40Shutsunyuu.40102.1","routeId":"Toei.Ou40Shutsunyuu","routeLabelJa":"王４０出入 王子駅前行","routeCode":"王４０出入","direction":"1","stopCount":8,"geometrySource":"odpt-road-shape","operator":"Toei","patternCount":2}},{"type":"Feature","geometry":{"type":"LineString","coordinates":[[139.73752,35.75362],[139.73727,35.75391],[139.73743,35.75429],[139.73716,35.7549],[139.73755,35.76104],[139.73604,35.76394],[139.73312,35.77267],[139.73304,35.77347]]},"properties":{"patternId":"Toei.Ou40Shutsunyuu.40102.2","routeId":"Toei.Ou40Shutsunyuu","routeLabelJa":"王４０出入 北車庫前行","routeCode":"王４０出入","direction":"2","stopCount":8,"geometrySource":"odpt-road-shape","operator":"Toei","patternCount":3}},{"type":"Feature","geometry":{"type":"LineString","coordinates":[[139.72128,35.77918],[139.72254,35.77929],[139.72249,35.78337],[139.72827,35.78207],[139.73162,35.7793],[139.73325,35.77694],[139.73313,35.77307],[139.73327,35.77238],[139.73612,35.76393],[139.73766,35.76114],[139.73772,35.76023],[139.73712,35.75488],[139.73803,35.75343],[139.73938,35.75468],[139.74115,35.75545],[139.74158,35.75584],[139.74964,35.76422],[139.75133,35.76399],[139.75159,35.76419]]},"properties":{"patternId":"Toei.Ou57.40301.1","routeId":"Toei.Ou57","routeLabelJa":"王５７ 豊島五丁目団地行","routeCode":"王５７","direction":"1","stopCount":19,"geometrySource":"odpt-road-shape","operator":"Toei","patternCount":1}},{"type":"Feature","geometry":{"type":"LineString","coordinates":[[139.7526,35.76407],[139.75288,35.7639],[139.75271,35.76364],[139.74964,35.76422],[139.74138,35.75562],[139.73957,35.75479],[139.73808,35.75339],[139.73713,35.75469],[139.73737,35.75651],[139.73747,35.76144],[139.73612,35.76393],[139.73327,35.77238],[139.73313,35.77307],[139.73323,35.77698],[139.73162,35.7793],[139.72856,35.7819],[139.72794,35.7822],[139.72249,35.78337],[139.72254,35.77929],[139.72135,35.77919]]},"properties":{"patternId":"Toei.Ou57.40301.2","routeId":"Toei.Ou57","routeLabelJa":"王５７ 赤羽駅東口行","routeCode":"王５７","direction":"2","stopCount":18,"geometrySource":"odpt-road-shape","operator":"Toei","patternCount":1}},{"type":"Feature","geometry":{"type":"LineString","coordinates":[[139.73864,35.75398],[139.73938,35.75468],[139.74115,35.75545],[139.74158,35.75584],[139.74964,35.76422],[139.75133,35.76399],[139.75159,35.76419]]},"properties":{"patternId":"Toei.Ou57.40303.1","routeId":"Toei.Ou57","routeLabelJa":"王５７ 豊島五丁目団地行","routeCode":"王５７","direction":"1","stopCount":6,"geometrySource":"odpt-road-shape","operator":"Toei","patternCount":1}},{"type":"Feature","geometry":{"type":"LineString","coordinates":[[139.75261,35.76406],[139.75288,35.7639],[139.75271,35.76364],[139.74964,35.76422],[139.74138,35.75562],[139.73938,35.75468],[139.73854,35.75386]]},"properties":{"patternId":"Toei.Ou57.40303.2","routeId":"Toei.Ou57","routeLabelJa":"王５７ 王子駅前行","routeCode":"王５７","direction":"2","stopCount":6,"geometrySource":"odpt-road-shape","operator":"Toei","patternCount":1}},{"type":"Feature","geometry":{"type":"LineString","coordinates":[[139.73313,35.7734],[139.73327,35.77238],[139.73612,35.76393],[139.73762,35.76126],[139.7377,35.75988],[139.73712,35.75488],[139.73803,35.75343],[139.73938,35.75468],[139.74115,35.75545],[139.74158,35.75584],[139.74964,35.76422],[139.75133,35.76399],[139.7517,35.76423]]},"properties":{"patternId":"Toei.Ou57.40304.1","routeId":"Toei.Ou57","routeLabelJa":"王５７ 豊島五丁目団地行","routeCode":"王５７","direction":"1","stopCount":13,"geometrySource":"odpt-road-shape","operator":"Toei","patternCount":1}},{"type":"Feature","geometry":{"type":"LineString","coordinates":[[139.76304,35.76882],[139.76198,35.76853],[139.76295,35.76618],[139.76285,35.76552],[139.76318,35.76452],[139.75799,35.76229],[139.75589,35.76205],[139.75641,35.76081],[139.75799,35.75971],[139.7568,35.75651],[139.76038,35.75579],[139.7605,35.75641],[139.76248,35.75639],[139.7627,35.75594],[139.76275,35.75516],[139.76197,35.7515],[139.7625,35.74792],[139.76349,35.74429],[139.76347,35.74405],[139.76049,35.74075],[139.76177,35.73935],[139.76025,35.73836],[139.75966,35.73761],[139.7591,35.73411],[139.75848,35.73224],[139.75767,35.73095],[139.75731,35.72954],[139.75515,35.72576],[139.75374,35.72453],[139.75412,35.72308],[139.75729,35.71906],[139.75802,35.71776],[139.76026,35.70961],[139.76085,35.70554],[139.76182,35.70422],[139.76203,35.70178],[139.76251,35.7016],[139.76322,35.70086],[139.7638,35.70063],[139.76164,35.69662],[139.76129,35.69544],[139.76105,35.69292],[139.76498,35.69244],[139.76373,35.6869],[139.76272,35.68356],[139.76604,35.68269],[139.76543,35.68163]]},"properties":{"patternId":"Toei.Higashi43.40401.1","routeId":"Toei.Higashi43","routeLabelJa":"東４３ 東京駅丸の内北口行","routeCode":"東４３","direction":"1","stopCount":35,"geometrySource":"odpt-road-shape","operator":"Toei","patternCount":1}},{"type":"Feature","geometry":{"type":"LineString","coordinates":[[139.7575,35.73022],[139.75767,35.73095],[139.75858,35.73254],[139.75912,35.73418],[139.75966,35.73761],[139.76025,35.73836],[139.76177,35.73935],[139.76049,35.74075],[139.7635,35.74418],[139.7625,35.74792],[139.76197,35.7515],[139.76275,35.75516],[139.76262,35.7561],[139.76248,35.75639],[139.76058,35.75646],[139.76038,35.75579],[139.7568,35.75651],[139.75799,35.75971],[139.75641,35.76081],[139.75589,35.76205],[139.75799,35.76229],[139.76318,35.76452],[139.76283,35.76614],[139.76215,35.76782]]},"properties":{"patternId":"Toei.Higashi43.40404.2","routeId":"Toei.Higashi43","routeLabelJa":"東４３ 荒川土手行","routeCode":"東４３","direction":"2","stopCount":16,"geometrySource":"odpt-road-shape","operator":"Toei","patternCount":1}},{"type":"Feature","geometry":{"type":"LineString","coordinates":[[139.76304,35.76882],[139.76198,35.76853],[139.76295,35.76618],[139.76285,35.76552],[139.76318,35.76452],[139.75799,35.76229],[139.75589,35.76205],[139.75641,35.76081],[139.75799,35.75971],[139.7568,35.75651],[139.76038,35.75579],[139.76058,35.75646],[139.76248,35.75639],[139.76271,35.7559],[139.76275,35.75516],[139.76197,35.7515],[139.7625,35.74792],[139.7635,35.74418],[139.76049,35.74075],[139.76177,35.73935],[139.76015,35.73825]]},"properties":{"patternId":"Toei.Higashi43.40405.1","routeId":"Toei.Higashi43","routeLabelJa":"東４３ 田端駅前行","routeCode":"東４３","direction":"1","stopCount":14,"geometrySource":"odpt-road-shape","operator":"Toei","patternCount":1}},{"type":"Feature","geometry":{"type":"LineString","coordinates":[[139.76068,35.73864],[139.76177,35.73935],[139.76049,35.74075],[139.7635,35.74418],[139.7625,35.74792],[139.76197,35.7515],[139.76275,35.75566],[139.76248,35.75639],[139.76058,35.75646],[139.76038,35.75579],[139.7568,35.75651],[139.75799,35.75971],[139.75641,35.76081],[139.75589,35.76205],[139.75799,35.76229],[139.76318,35.76452],[139.76283,35.76614],[139.76215,35.76781]]},"properties":{"patternId":"Toei.Higashi43.40406.2","routeId":"Toei.Higashi43","routeLabelJa":"東４３ 荒川土手行","routeCode":"東４３","direction":"2","stopCount":13,"geometrySource":"odpt-road-shape","operator":"Toei","patternCount":1}},{"type":"Feature","geometry":{"type":"LineString","coordinates":[[139.75245,35.76412],[139.75288,35.7639],[139.75271,35.76364],[139.75589,35.76205],[139.75641,35.76081],[139.75799,35.75971],[139.7568,35.75651],[139.76038,35.75579],[139.7605,35.75641],[139.76248,35.75639],[139.76273,35.75575],[139.76275,35.75516],[139.76197,35.7515],[139.7625,35.74792],[139.76347,35.74405],[139.76049,35.74075],[139.76177,35.73935],[139.76018,35.73828],[139.75966,35.73761],[139.7591,35.73411],[139.75848,35.73224],[139.75767,35.73095],[139.75742,35.72995]]},"properties":{"patternId":"Toei.Higashi43.40407.1","routeId":"Toei.Higashi43","routeLabelJa":"東４３ 駒込病院前行","routeCode":"東４３","direction":"1","stopCount":16,"geometrySource":"odpt-road-shape","operator":"Toei","patternCount":1}},{"type":"Feature","geometry":{"type":"LineString","coordinates":[[139.75499,35.72186],[139.75729,35.71906],[139.75802,35.71776],[139.76026,35.70961],[139.76082,35.70565],[139.76122,35.70483],[139.76182,35.70422],[139.76203,35.70178],[139.76251,35.7016],[139.76322,35.70086],[139.7638,35.70063],[139.76164,35.69662],[139.76129,35.69544],[139.76105,35.69292],[139.76498,35.69244],[139.76373,35.6869],[139.76272,35.68356],[139.76603,35.68271],[139.76566,35.68206]]},"properties":{"patternId":"Toei.Higashi43.40408.1","routeId":"Toei.Higashi43","routeLabelJa":"東４３ 東京駅丸の内北口行","routeCode":"東４３","direction":"1","stopCount":16,"geometrySource":"odpt-road-shape","operator":"Toei","patternCount":1}},{"type":"Feature","geometry":{"type":"LineString","coordinates":[[139.7575,35.73022],[139.75767,35.73095],[139.75837,35.732],[139.75912,35.73418],[139.75966,35.73761],[139.76025,35.73836],[139.76177,35.73935],[139.76049,35.74075],[139.7635,35.74418],[139.7625,35.74792],[139.76197,35.7515],[139.76275,35.75516],[139.76264,35.75607],[139.76248,35.75639],[139.76058,35.75646],[139.76038,35.75579],[139.7568,35.75651],[139.75799,35.75971],[139.75641,35.76081],[139.75589,35.76205],[139.75799,35.76229],[139.76318,35.76452],[139.76283,35.76614],[139.76187,35.76851],[139.76384,35.76915],[139.77025,35.77311],[139.77023,35.77428],[139.77069,35.77429],[139.77083,35.77412]]},"properties":{"patternId":"Toei.Higashi43.40412.2","routeId":"Toei.Higashi43","routeLabelJa":"東４３ 江北駅前行","routeCode":"東４３","direction":"2","stopCount":20,"geometrySource":"odpt-road-shape","operator":"Toei","patternCount":1}},{"type":"Feature","geometry":{"type":"LineString","coordinates":[[139.73871,35.75406],[139.73938,35.75468],[139.74115,35.75545],[139.74158,35.75584],[139.74964,35.76422],[139.75193,35.7639],[139.75348,35.76336],[139.75589,35.76205],[139.75321,35.76015],[139.75174,35.75801],[139.75693,35.75689],[139.75799,35.75971],[139.75641,35.76081],[139.75589,35.76205],[139.75526,35.7624],[139.75348,35.76336],[139.75195,35.7639],[139.74964,35.76422],[139.74138,35.75562],[139.73938,35.75468],[139.73854,35.75386]]},"properties":{"patternId":"Toei.Ou40Hei.40601.4","routeId":"Toei.Ou40Hei","routeLabelJa":"王４０丙 王子駅前行","routeCode":"王４０丙","direction":"4","stopCount":18,"geometrySource":"odpt-road-shape","operator":"Toei","patternCount":1}},{"type":"Feature","geometry":{"type":"LineString","coordinates":[[139.75401,35.75752],[139.75693,35.75689],[139.75799,35.75971],[139.75641,35.76081],[139.75589,35.76205],[139.75532,35.76237],[139.75348,35.76336],[139.75195,35.7639],[139.74964,35.76422],[139.74138,35.75562],[139.73938,35.75468],[139.73866,35.754]]},"properties":{"patternId":"Toei.Ou40Hei.40602.2","routeId":"Toei.Ou40Hei","routeLabelJa":"王４０丙 王子駅前行","routeCode":"王４０丙","direction":"2","stopCount":10,"geometrySource":"odpt-road-shape","operator":"Toei","patternCount":1}},{"type":"Feature","geometry":{"type":"LineString","coordinates":[[139.73313,35.7734],[139.73327,35.77238],[139.73612,35.76393],[139.73766,35.76114],[139.73772,35.76023],[139.73712,35.75488],[139.73773,35.75388]]},"properties":{"patternId":"Toei.Ou40Shutsunyuu.40603.1","routeId":"Toei.Ou40Shutsunyuu","routeLabelJa":"王４０出入 王子駅前行","routeCode":"王４０出入","direction":"1","stopCount":8,"geometrySource":"odpt-road-shape","operator":"Toei","patternCount":1}},{"type":"Feature","geometry":{"type":"LineString","coordinates":[[139.73738,35.75374],[139.73723,35.75391],[139.73743,35.75428],[139.73712,35.75488],[139.73737,35.75651],[139.73752,35.76111],[139.73649,35.76326],[139.73833,35.764],[139.7445,35.76414],[139.7479,35.76482],[139.74771,35.76857],[139.74999,35.76867],[139.74976,35.76951],[139.7474,35.77079],[139.74705,35.77066],[139.74638,35.7713],[139.74555,35.7715],[139.74447,35.77127],[139.74387,35.77135],[139.7383,35.77541]]},"properties":{"patternId":"Toei.Ou55.40804.1","routeId":"Toei.Ou55","routeLabelJa":"王５５ 新田一丁目行","routeCode":"王５５","direction":"1","stopCount":16,"geometrySource":"odpt-road-shape","operator":"Toei","patternCount":1}},{"type":"Feature","geometry":{"type":"LineString","coordinates":[[139.73834,35.77538],[139.74387,35.77135],[139.74447,35.77127],[139.74592,35.77149],[139.74638,35.7713],[139.74705,35.77066],[139.74746,35.77077],[139.74961,35.76961],[139.74987,35.76941],[139.74999,35.76867],[139.74771,35.76857],[139.7479,35.76482],[139.74475,35.76416],[139.73833,35.764],[139.73649,35.76326],[139.73766,35.76114],[139.73772,35.76023],[139.73712,35.75488],[139.73769,35.75394]]},"properties":{"patternId":"Toei.Ou55.40804.2","routeId":"Toei.Ou55","routeLabelJa":"王５５ 王子駅前行","routeCode":"王５５","direction":"2","stopCount":15,"geometrySource":"odpt-road-shape","operator":"Toei","patternCount":1}},{"type":"Feature","geometry":{"type":"LineString","coordinates":[[139.73738,35.75374],[139.73723,35.75391],[139.73743,35.75428],[139.73712,35.75478],[139.73737,35.75651],[139.73752,35.76111],[139.73649,35.76326],[139.73833,35.764],[139.74182,35.76397],[139.74514,35.76421],[139.7479,35.76482],[139.74794,35.76631],[139.74759,35.76988],[139.74705,35.77066],[139.74746,35.77077],[139.74961,35.76961],[139.74987,35.76941],[139.74999,35.76867],[139.74771,35.76857],[139.7479,35.76482],[139.74485,35.76417],[139.74182,35.76397],[139.73833,35.764],[139.73649,35.76326],[139.73766,35.76114],[139.73766,35.75956],[139.73712,35.75488],[139.73779,35.75381]]},"properties":{"patternId":"Toei.Ou55.40806.3","routeId":"Toei.Ou55","routeLabelJa":"王５５ 王子駅前行","routeCode":"王５５","direction":"3","stopCount":20,"geometrySource":"odpt-road-shape","operator":"Toei","patternCount":1}},{"type":"Feature","geometry":{"type":"LineString","coordinates":[[139.71328,35.73159],[139.71297,35.73124],[139.71311,35.73078],[139.71295,35.73027],[139.71339,35.72949],[139.714,35.72909],[139.71417,35.73208],[139.71678,35.73353],[139.72606,35.74193],[139.72743,35.74372],[139.73478,35.74925],[139.73741,35.75086],[139.7364,35.75229],[139.73664,35.75273],[139.73803,35.75343],[139.73793,35.75362],[139.73762,35.75352],[139.73723,35.75391],[139.73743,35.75428],[139.73712,35.75478],[139.73737,35.75651],[139.73752,35.76111],[139.73649,35.76326],[139.73833,35.764],[139.74182,35.76397],[139.74503,35.76419],[139.7479,35.76482],[139.74771,35.76857],[139.74999,35.76867],[139.74976,35.76951],[139.7474,35.77079],[139.74705,35.77066],[139.74654,35.77119],[139.74592,35.77149],[139.74447,35.77127],[139.74387,35.77135],[139.73833,35.77539]]},"properties":{"patternId":"Toei.Ou55.40807.1","routeId":"Toei.Ou55","routeLabelJa":"王５５ 新田一丁目行","routeCode":"王５５","direction":"1","stopCount":27,"geometrySource":"odpt-road-shape","operator":"Toei","patternCount":1}},{"type":"Feature","geometry":{"type":"LineString","coordinates":[[139.73834,35.77539],[139.74387,35.77135],[139.74447,35.77127],[139.74592,35.77149],[139.74705,35.77066],[139.74746,35.77077],[139.74987,35.76941],[139.74999,35.76867],[139.74771,35.76857],[139.7479,35.76482],[139.74471,35.76416],[139.73833,35.764],[139.73649,35.76326],[139.73766,35.76114],[139.73772,35.76023],[139.73712,35.75488],[139.73803,35.75343],[139.73664,35.75273],[139.7364,35.75229],[139.73741,35.75086],[139.73732,35.75072],[139.72748,35.74376],[139.72618,35.74203],[139.71678,35.73353],[139.71328,35.73159]]},"properties":{"patternId":"Toei.Ou55.40807.2","routeId":"Toei.Ou55","routeLabelJa":"王５５ 池袋駅東口行","routeCode":"王５５","direction":"2","stopCount":25,"geometrySource":"odpt-road-shape","operator":"Toei","patternCount":1}},{"type":"Feature","geometry":{"type":"LineString","coordinates":[[139.73734,35.75376],[139.73738,35.75425],[139.73707,35.75469],[139.7375,35.76129],[139.73642,35.76329],[139.73839,35.76402],[139.74208,35.76398],[139.74511,35.76421],[139.74782,35.76486],[139.74793,35.76611],[139.7477,35.76858],[139.74998,35.76868],[139.74976,35.76951],[139.74743,35.77078],[139.74705,35.77066],[139.74617,35.77141],[139.74388,35.77135],[139.74256,35.77231]]},"properties":{"patternId":"Toei.Ou55.40809.1","routeId":"Toei.Ou55","routeLabelJa":"王５５ 新田二丁目行","routeCode":"王５５","direction":"1","stopCount":14,"geometrySource":"odpt-road-shape","operator":"Toei","patternCount":1}},{"type":"Feature","geometry":{"type":"LineString","coordinates":[[139.74763,35.7691],[139.7476,35.76987],[139.74705,35.77065],[139.7474,35.77079],[139.74989,35.76938],[139.74998,35.76867],[139.74774,35.76855],[139.74781,35.76485],[139.74513,35.76425],[139.74247,35.76402],[139.73809,35.764],[139.73647,35.76333],[139.7377,35.76096],[139.73721,35.75471],[139.73794,35.75371],[139.73765,35.75355]]},"properties":{"patternId":"Toei.Ou55.40810.2","routeId":"Toei.Ou55","routeLabelJa":"王５５ 王子駅前行","routeCode":"王５５","direction":"2","stopCount":11,"geometrySource":"odpt-road-shape","operator":"Toei","patternCount":1}},{"type":"Feature","geometry":{"type":"LineString","coordinates":[[139.66393,35.73829],[139.66133,35.7381],[139.65969,35.73613],[139.65901,35.73216],[139.65952,35.73178],[139.65956,35.73032],[139.66104,35.72875],[139.66795,35.72612],[139.66618,35.7239],[139.6705,35.72402],[139.67386,35.7235],[139.67746,35.72379],[139.6822,35.7224],[139.68606,35.72289],[139.68959,35.72283],[139.69414,35.72237],[139.69551,35.72193],[139.69755,35.7219],[139.70248,35.7226],[139.70459,35.72263],[139.70857,35.7207],[139.71153,35.7198],[139.7132,35.71906],[139.71302,35.71979],[139.71322,35.71988],[139.71128,35.72483],[139.71196,35.72746],[139.71205,35.72902]]},"properties":{"patternId":"Toei.Ike65.44001.1","routeId":"Toei.Ike65","routeLabelJa":"池６５ 池袋駅東口行","routeCode":"池６５","direction":"1","stopCount":24,"geometrySource":"odpt-road-shape","operator":"Toei","patternCount":1}},{"type":"Feature","geometry":{"type":"LineString","coordinates":[[139.71221,35.72895],[139.71128,35.72483],[139.71322,35.71988],[139.71302,35.71979],[139.7132,35.71906],[139.71153,35.7198],[139.70856,35.7207],[139.70459,35.72263],[139.70248,35.7226],[139.69755,35.7219],[139.69551,35.72193],[139.69414,35.72237],[139.68959,35.72283],[139.68606,35.72289],[139.6822,35.7224],[139.67746,35.72379],[139.67386,35.7235],[139.6705,35.72402],[139.66618,35.7239],[139.66824,35.72662],[139.66693,35.72655],[139.66311,35.72784],[139.6626,35.72825],[139.66104,35.72875],[139.65956,35.73032],[139.65952,35.73178],[139.65901,35.73216],[139.65969,35.73613],[139.66133,35.7381],[139.66357,35.73832]]},"properties":{"patternId":"Toei.Ike65.44001.2","routeId":"Toei.Ike65","routeLabelJa":"池６５ 練馬車庫前行","routeCode":"池６５","direction":"2","stopCount":23,"geometrySource":"odpt-road-shape","operator":"Toei","patternCount":1}},{"type":"Feature","geometry":{"type":"LineString","coordinates":[[139.66689,35.72396],[139.6705,35.72402],[139.67386,35.7235],[139.67746,35.72379],[139.6822,35.7224],[139.68606,35.72289],[139.68959,35.72283],[139.69414,35.72237],[139.69551,35.72193],[139.69755,35.7219],[139.70248,35.7226],[139.70459,35.72263],[139.70857,35.7207],[139.71153,35.7198],[139.7132,35.71906],[139.71302,35.71979],[139.71322,35.71988],[139.71128,35.72483],[139.71196,35.72746],[139.71205,35.72902]]},"properties":{"patternId":"Toei.Ike65.44002.1","routeId":"Toei.Ike65","routeLabelJa":"池６５ 池袋駅東口行","routeCode":"池６５","direction":"1","stopCount":17,"geometrySource":"odpt-road-shape","operator":"Toei","patternCount":1}},{"type":"Feature","geometry":{"type":"LineString","coordinates":[[139.71221,35.72895],[139.71128,35.72483],[139.71322,35.71988],[139.71302,35.71979],[139.7132,35.71906],[139.71153,35.7198],[139.70856,35.7207],[139.70459,35.72263],[139.70248,35.7226],[139.69755,35.7219],[139.69551,35.72193],[139.69414,35.72237],[139.68959,35.72283],[139.68606,35.72289],[139.6822,35.7224],[139.67746,35.72379],[139.67386,35.7235],[139.6705,35.72402],[139.66655,35.72388]]},"properties":{"patternId":"Toei.Ike65.44002.2","routeId":"Toei.Ike65","routeLabelJa":"池６５ 江古田二丁目行","routeCode":"池６５","direction":"2","stopCount":16,"geometrySource":"odpt-road-shape","operator":"Toei","patternCount":1}},{"type":"Feature","geometry":{"type":"LineString","coordinates":[[139.66489,35.73847],[139.66644,35.73845],[139.67086,35.73665],[139.67282,35.73622],[139.67495,35.73444],[139.67907,35.73039],[139.68148,35.72845],[139.68662,35.72461],[139.68979,35.7228],[139.69409,35.7224],[139.69529,35.72196],[139.69762,35.72191],[139.70248,35.72261],[139.70458,35.72264],[139.70612,35.722]]},"properties":{"patternId":"Toei.Shiro61.44102.1","routeId":"Toei.Shiro61","routeLabelJa":"白６１ 目白駅前行","routeCode":"白６１","direction":"1","stopCount":13,"geometrySource":"odpt-road-shape","operator":"Toei","patternCount":1}},{"type":"Feature","geometry":{"type":"LineString","coordinates":[[139.70787,35.72113],[139.70858,35.72073],[139.71159,35.71981],[139.71942,35.71628],[139.72046,35.71624],[139.7204,35.716],[139.71951,35.71621],[139.71156,35.71975],[139.70774,35.72107]]},"properties":{"patternId":"Toei.Gaku05.44103.3","routeId":"Toei.Gaku05","routeLabelJa":"学０５ 目白駅前行","routeCode":"学０５","direction":"3","stopCount":4,"geometrySource":"odpt-road-shape","operator":"Toei","patternCount":1}},{"type":"Feature","geometry":{"type":"LineString","coordinates":[[139.70787,35.72113],[139.70858,35.72073],[139.71159,35.71981],[139.71942,35.71628],[139.72046,35.71624],[139.7204,35.716],[139.71918,35.71632]]},"properties":{"patternId":"Toei.Gaku05.44104.1","routeId":"Toei.Gaku05","routeLabelJa":"学０５ 日本女子大前（豊明小学校前）行","routeCode":"学０５","direction":"1","stopCount":3,"geometrySource":"odpt-road-shape","operator":"Toei","patternCount":1}},{"type":"Feature","geometry":{"type":"LineString","coordinates":[[139.71912,35.71634],[139.71156,35.71975],[139.70774,35.72107]]},"properties":{"patternId":"Toei.Gaku05.44104.2","routeId":"Toei.Gaku05","routeLabelJa":"学０５ 目白駅前行","routeCode":"学０５","direction":"2","stopCount":2,"geometrySource":"odpt-road-shape","operator":"Toei","patternCount":1}},{"type":"Feature","geometry":{"type":"LineString","coordinates":[[139.70635,35.7219],[139.70862,35.72069],[139.71153,35.7198],[139.71928,35.71632],[139.72471,35.71514],[139.72734,35.71253],[139.72785,35.71224],[139.72854,35.71208],[139.73095,35.71225],[139.73148,35.71092],[139.73166,35.70974],[139.73122,35.70734],[139.72702,35.70741],[139.72708,35.70484],[139.7267,35.70385],[139.7265,35.70042],[139.72552,35.69691],[139.7241,35.69295],[139.72231,35.69256],[139.72231,35.69235],[139.72168,35.69234],[139.71706,35.69117],[139.71521,35.69139],[139.71361,35.69116],[139.70802,35.69179],[139.70069,35.69364],[139.70027,35.69336],[139.69924,35.69355],[139.69933,35.69206],[139.69875,35.69196]]},"properties":{"patternId":"Toei.Shiro61.44203.1","routeId":"Toei.Shiro61","routeLabelJa":"白６１ 新宿駅西口行","routeCode":"白６１","direction":"1","stopCount":24,"geometrySource":"odpt-road-shape","operator":"Toei","patternCount":1}},{"type":"Feature","geometry":{"type":"LineString","coordinates":[[139.70635,35.7219],[139.70862,35.72069],[139.71153,35.7198],[139.71928,35.71632],[139.72471,35.71514],[139.72683,35.71302],[139.72659,35.71254],[139.72637,35.71254],[139.72617,35.71324]]},"properties":{"patternId":"Toei.Shiro61.44204.1","routeId":"Toei.Shiro61","routeLabelJa":"白６１ ホテル椿山荘東京前行","routeCode":"白６１","direction":"1","stopCount":8,"geometrySource":"odpt-road-shape","operator":"Toei","patternCount":1}},{"type":"Feature","geometry":{"type":"LineString","coordinates":[[139.72603,35.71332],[139.72587,35.71339],[139.72621,35.71362],[139.72471,35.71514],[139.71928,35.71632],[139.71153,35.7198],[139.70862,35.72069],[139.70657,35.72165]]},"properties":{"patternId":"Toei.Shiro61.44204.2","routeId":"Toei.Shiro61","routeLabelJa":"白６１ 目白駅前行","routeCode":"白６１","direction":"2","stopCount":8,"geometrySource":"odpt-road-shape","operator":"Toei","patternCount":1}},{"type":"Feature","geometry":{"type":"LineString","coordinates":[[139.69871,35.69196],[139.69815,35.6919],[139.69811,35.69228],[139.69699,35.69321],[139.69799,35.69362],[139.70064,35.69379],[139.70817,35.69187],[139.71359,35.69122],[139.71556,35.69147],[139.71716,35.69128],[139.72399,35.69293],[139.72659,35.70085],[139.7267,35.70385],[139.72702,35.70606],[139.72687,35.7075],[139.73123,35.70743],[139.73155,35.70968],[139.73138,35.71081],[139.73086,35.71223],[139.72854,35.71208],[139.72785,35.71224],[139.72734,35.71253],[139.72471,35.71514],[139.71928,35.71632],[139.71153,35.7198],[139.70862,35.72069],[139.70459,35.72263],[139.70252,35.72261],[139.69758,35.72191],[139.69531,35.72196],[139.69413,35.72238],[139.68973,35.72281],[139.68605,35.72289],[139.68399,35.72263],[139.6813,35.72732],[139.67751,35.72956],[139.67271,35.73179],[139.67039,35.73258],[139.67099,35.73314],[139.67162,35.73466],[139.67282,35.73622],[139.67086,35.73665],[139.66613,35.7385],[139.6623,35.73813],[139.65845,35.73814],[139.65479,35.73741],[139.65456,35.73828],[139.65382,35.7382],[139.65378,35.7385],[139.65406,35.73858]]},"properties":{"patternId":"Toei.Shiro61.44210.2","routeId":"Toei.Shiro61","routeLabelJa":"白６１ 練馬駅行","routeCode":"白６１","direction":"2","stopCount":37,"geometrySource":"odpt-road-shape","operator":"Toei","patternCount":1}},{"type":"Feature","geometry":{"type":"LineString","coordinates":[[139.7312,35.70779],[139.73122,35.70734],[139.72702,35.70741],[139.72708,35.70484],[139.7267,35.70385],[139.7265,35.70042],[139.72552,35.69691],[139.7241,35.69295],[139.72231,35.69256],[139.72231,35.69235],[139.72168,35.69234],[139.71706,35.69117],[139.71521,35.69139],[139.71361,35.69116],[139.70802,35.69179],[139.70069,35.69364],[139.70027,35.69336],[139.69924,35.69355],[139.69933,35.69206],[139.69875,35.69196]]},"properties":{"patternId":"Toei.Shiro61.44212.1","routeId":"Toei.Shiro61","routeLabelJa":"白６１ 新宿駅西口行","routeCode":"白６１","direction":"1","stopCount":15,"geometrySource":"odpt-road-shape","operator":"Toei","patternCount":1}},{"type":"Feature","geometry":{"type":"LineString","coordinates":[[139.79246,35.79352],[139.79368,35.79304],[139.80253,35.79281],[139.80287,35.78891],[139.80322,35.77773],[139.8039,35.76475]]},"properties":{"patternId":"Toei.Kita47.48107.1","routeId":"Toei.Kita47","routeLabelJa":"北４７ 千住車庫前行","routeCode":"北４７","direction":"1","stopCount":13,"geometrySource":"odpt-road-shape","operator":"Toei","patternCount":1}},{"type":"Feature","geometry":{"type":"LineString","coordinates":[[139.70668,35.7216],[139.70451,35.72265],[139.70247,35.72261],[139.69768,35.72192],[139.69562,35.72193],[139.69401,35.7224],[139.6896,35.72283],[139.68605,35.72289],[139.68399,35.72263],[139.68131,35.72733],[139.67751,35.72955],[139.67794,35.73059],[139.67838,35.73103],[139.67488,35.73451],[139.67298,35.73613],[139.67086,35.73665],[139.66644,35.73845],[139.66231,35.73812],[139.65844,35.73814],[139.6548,35.7374],[139.65456,35.73825],[139.65382,35.73817],[139.65376,35.73848],[139.65406,35.73858]]},"properties":{"patternId":"Toei.Neri68.44401.2","routeId":"Toei.Neri68","routeLabelJa":"練６８ 練馬駅行","routeCode":"練６８","direction":"2","stopCount":14,"geometrySource":"odpt-road-shape","operator":"Toei","patternCount":1}},{"type":"Feature","geometry":{"type":"LineString","coordinates":[[139.80236,35.76527],[139.80224,35.76522],[139.79762,35.76991],[139.79749,35.77081],[139.79765,35.7785],[139.78214,35.77796],[139.76009,35.77824],[139.74818,35.77868],[139.74739,35.77838],[139.73432,35.76944],[139.73612,35.76393],[139.73762,35.76126],[139.7377,35.75988],[139.73712,35.75488],[139.73791,35.75368],[139.73763,35.7536],[139.73745,35.75383]]},"properties":{"patternId":"Toei.Ou49.48001.1","routeId":"Toei.Ou49","routeLabelJa":"王４９ 王子駅前行","routeCode":"王４９","direction":"1","stopCount":24,"geometrySource":"odpt-road-shape","operator":"Toei","patternCount":1}},{"type":"Feature","geometry":{"type":"LineString","coordinates":[[139.80244,35.76528],[139.8023,35.76517],[139.80391,35.76362],[139.80392,35.7624],[139.80007,35.75088],[139.80144,35.75073],[139.80385,35.74998],[139.80426,35.75022],[139.80454,35.75015],[139.80456,35.74992]]},"properties":{"patternId":"Toei.Kita47.48109.1","routeId":"Toei.Kita47","routeLabelJa":"北４７ 北千住駅前行","routeCode":"北４７","direction":"1","stopCount":4,"geometrySource":"odpt-road-shape","operator":"Toei","patternCount":2}},{"type":"Feature","geometry":{"type":"LineString","coordinates":[[139.77083,35.77409],[139.77037,35.7741],[139.77025,35.77817],[139.76009,35.77824],[139.74778,35.77865],[139.73423,35.76954],[139.73569,35.76517],[139.73758,35.76111],[139.73718,35.75467],[139.73737,35.75377]]},"properties":{"patternId":"Toei.Ou49.48003.1","routeId":"Toei.Ou49","routeLabelJa":"王４９ 王子駅前行","routeCode":"王４９","direction":"1","stopCount":14,"geometrySource":"odpt-road-shape","operator":"Toei","patternCount":1}},{"type":"Feature","geometry":{"type":"LineString","coordinates":[[139.73734,35.75376],[139.7376,35.75353],[139.73794,35.75364],[139.73723,35.75463],[139.7376,35.76121],[139.73561,35.76541],[139.73428,35.76962],[139.74788,35.77866],[139.76079,35.77826],[139.77022,35.77826],[139.77033,35.77409],[139.77083,35.77409]]},"properties":{"patternId":"Toei.Ou49.48003.2","routeId":"Toei.Ou49","routeLabelJa":"王４９ 江北駅前行","routeCode":"王４９","direction":"2","stopCount":14,"geometrySource":"odpt-road-shape","operator":"Toei","patternCount":1}},{"type":"Feature","geometry":{"type":"LineString","coordinates":[[139.80454,35.74988],[139.80444,35.74976],[139.80141,35.75073],[139.79989,35.75091],[139.80209,35.75724],[139.80379,35.76292],[139.80282,35.78735],[139.80242,35.79276],[139.79355,35.79303],[139.79118,35.79414],[139.79134,35.79456],[139.79164,35.79455],[139.79157,35.79392],[139.79368,35.79304],[139.80242,35.79281],[139.80128,35.80523],[139.80049,35.80633],[139.79874,35.80516],[139.79773,35.80407],[139.79694,35.804]]},"properties":{"patternId":"Toei.Kita47.48101.2","routeId":"Toei.Kita47","routeLabelJa":"北４７ 足立清掃工場前行","routeCode":"北４７","direction":"2","stopCount":23,"geometrySource":"odpt-road-shape","operator":"Toei","patternCount":1}},{"type":"Feature","geometry":{"type":"LineString","coordinates":[[139.79694,35.804],[139.79773,35.80407],[139.79875,35.80517],[139.80049,35.80633],[139.80146,35.80669],[139.80253,35.79276],[139.79355,35.79303],[139.79118,35.79414],[139.79134,35.79456],[139.79164,35.79455],[139.79157,35.79392],[139.79368,35.79304],[139.80253,35.79281],[139.80287,35.78891],[139.80334,35.77528],[139.804,35.7752],[139.80334,35.77517],[139.80395,35.76271],[139.80007,35.75088],[139.80144,35.75073],[139.80385,35.74998],[139.80426,35.75022],[139.80454,35.75015],[139.80456,35.74992]]},"properties":{"patternId":"Toei.Kita47.48102.1","routeId":"Toei.Kita47","routeLabelJa":"北４７ 北千住駅前行","routeCode":"北４７","direction":"1","stopCount":24,"geometrySource":"odpt-road-shape","operator":"Toei","patternCount":1}},{"type":"Feature","geometry":{"type":"LineString","coordinates":[[139.79246,35.79352],[139.79368,35.79304],[139.80253,35.79281],[139.80287,35.78891],[139.80395,35.76272],[139.80007,35.75088],[139.80144,35.75073],[139.80385,35.74998],[139.80426,35.75022],[139.80454,35.75015],[139.80456,35.74992]]},"properties":{"patternId":"Toei.Kita47.48103.1","routeId":"Toei.Kita47","routeLabelJa":"北４７ 北千住駅前行","routeCode":"北４７","direction":"1","stopCount":16,"geometrySource":"odpt-road-shape","operator":"Toei","patternCount":1}},{"type":"Feature","geometry":{"type":"LineString","coordinates":[[139.80454,35.74988],[139.80444,35.74976],[139.80141,35.75073],[139.79989,35.75091],[139.80209,35.75724],[139.80379,35.76292],[139.80282,35.78735],[139.80242,35.79276],[139.79355,35.79303],[139.79184,35.79372],[139.79118,35.79414],[139.79124,35.7944]]},"properties":{"patternId":"Toei.Kita47.48103.2","routeId":"Toei.Kita47","routeLabelJa":"北４７ 竹の塚駅前行","routeCode":"北４７","direction":"2","stopCount":16,"geometrySource":"odpt-road-shape","operator":"Toei","patternCount":1}},{"type":"Feature","geometry":{"type":"LineString","coordinates":[[139.79246,35.79352],[139.79368,35.79304],[139.80253,35.79281],[139.80287,35.78891],[139.80334,35.77527],[139.804,35.7752],[139.80334,35.77517],[139.80395,35.76271],[139.80007,35.75088],[139.80144,35.75073],[139.80385,35.74998],[139.80426,35.75022],[139.80454,35.75015],[139.80456,35.74992]]},"properties":{"patternId":"Toei.Kita47.48104.1","routeId":"Toei.Kita47","routeLabelJa":"北４７ 北千住駅前行","routeCode":"北４７","direction":"1","stopCount":17,"geometrySource":"odpt-road-shape","operator":"Toei","patternCount":1}},{"type":"Feature","geometry":{"type":"LineString","coordinates":[[139.80401,35.77521],[139.80334,35.77517],[139.80392,35.7624],[139.80007,35.75088],[139.80144,35.75073],[139.80385,35.74998],[139.80426,35.75022],[139.80454,35.75015],[139.80456,35.74992]]},"properties":{"patternId":"Toei.Kita47.48105.1","routeId":"Toei.Kita47","routeLabelJa":"北４７ 北千住駅前行","routeCode":"北４７","direction":"1","stopCount":8,"geometrySource":"odpt-road-shape","operator":"Toei","patternCount":1}},{"type":"Feature","geometry":{"type":"LineString","coordinates":[[139.80454,35.74988],[139.80444,35.74976],[139.80141,35.75073],[139.79989,35.75091],[139.80209,35.75724],[139.80379,35.76292],[139.80324,35.77526],[139.80397,35.77531]]},"properties":{"patternId":"Toei.Kita47.48105.2","routeId":"Toei.Kita47","routeLabelJa":"北４７ 足立区役所行","routeCode":"北４７","direction":"2","stopCount":7,"geometrySource":"odpt-road-shape","operator":"Toei","patternCount":1}},{"type":"Feature","geometry":{"type":"LineString","coordinates":[[139.81633,35.67018],[139.81591,35.67657],[139.81613,35.68422],[139.81572,35.68901],[139.81501,35.69555],[139.81424,35.69549],[139.81389,35.69574]]},"properties":{"patternId":"Toei.Higashi22.60202.2","routeId":"Toei.Higashi22","routeLabelJa":"東２２ 錦糸町駅前行","routeCode":"東２２","direction":"2","stopCount":10,"geometrySource":"odpt-road-shape","operator":"Toei","patternCount":1}},{"type":"Feature","geometry":{"type":"LineString","coordinates":[[139.80356,35.7656],[139.80282,35.78735],[139.80242,35.79276],[139.79355,35.79303],[139.79184,35.79372],[139.79118,35.79414],[139.79124,35.79439]]},"properties":{"patternId":"Toei.Kita47.48107.2","routeId":"Toei.Kita47","routeLabelJa":"北４７ 竹の塚駅前行","routeCode":"北４７","direction":"2","stopCount":13,"geometrySource":"odpt-road-shape","operator":"Toei","patternCount":1}},{"type":"Feature","geometry":{"type":"LineString","coordinates":[[139.8046,35.74977],[139.80156,35.75069],[139.79987,35.7509],[139.80375,35.76286],[139.80366,35.76366],[139.8022,35.76519],[139.80238,35.76532]]},"properties":{"patternId":"Toei.Kita47.48109.2","routeId":"Toei.Kita47","routeLabelJa":"北４７ 千住車庫前行","routeCode":"北４７","direction":"2","stopCount":4,"geometrySource":"odpt-road-shape","operator":"Toei","patternCount":2}},{"type":"Feature","geometry":{"type":"LineString","coordinates":[[139.80403,35.77519],[139.80325,35.77519],[139.80365,35.76595],[139.80387,35.76474]]},"properties":{"patternId":"Toei.Ou49.48110.2","routeId":"Toei.Ou49","routeLabelJa":"王４９ 千住車庫前行","routeCode":"王４９","direction":"2","stopCount":5,"geometrySource":"odpt-road-shape","operator":"Toei","patternCount":3}},{"type":"Feature","geometry":{"type":"LineString","coordinates":[[139.79791,35.71238],[139.79773,35.71075],[139.79981,35.70959],[139.80222,35.70856],[139.81366,35.70905],[139.81421,35.70664],[139.81497,35.69788],[139.81388,35.69781],[139.81385,35.69752]]},"properties":{"patternId":"Toei.T08.52404.1","routeId":"Toei.T08","routeLabelJa":"都０８（Ｔ０８） 錦糸町駅前行","routeCode":"都０８（Ｔ０８）","direction":"1","stopCount":10,"geometrySource":"odpt-road-shape","operator":"Toei","patternCount":1}},{"type":"Feature","geometry":{"type":"LineString","coordinates":[[139.79694,35.804],[139.79774,35.80407],[139.79875,35.80517],[139.79986,35.80597],[139.80146,35.80669],[139.80253,35.79276],[139.79355,35.79303],[139.79118,35.79414],[139.79134,35.79456],[139.79164,35.79455],[139.79157,35.79392],[139.7924,35.79355]]},"properties":{"patternId":"Toei.Kita47.48111.1","routeId":"Toei.Kita47","routeLabelJa":"北４７ 竹の塚駅前行","routeCode":"北４７","direction":"1","stopCount":8,"geometrySource":"odpt-road-shape","operator":"Toei","patternCount":1}},{"type":"Feature","geometry":{"type":"LineString","coordinates":[[139.79288,35.79331],[139.79368,35.79304],[139.79627,35.79288],[139.80242,35.79281],[139.80128,35.80523],[139.80049,35.80633],[139.79874,35.80516],[139.79773,35.80407],[139.79694,35.804]]},"properties":{"patternId":"Toei.Kita47.48111.2","routeId":"Toei.Kita47","routeLabelJa":"北４７ 足立清掃工場前行","routeCode":"北４７","direction":"2","stopCount":8,"geometrySource":"odpt-road-shape","operator":"Toei","patternCount":1}},{"type":"Feature","geometry":{"type":"LineString","coordinates":[[139.79555,35.76934],[139.7942,35.76658],[139.79342,35.76559],[139.79133,35.76139],[139.78878,35.76072],[139.78994,35.75575],[139.78792,35.75376],[139.7872,35.75226],[139.78484,35.74926],[139.77687,35.73729],[139.77649,35.73697],[139.7765,35.73669],[139.77862,35.73383],[139.77896,35.72491],[139.77825,35.72318],[139.77945,35.72267],[139.78134,35.72068],[139.78871,35.71832],[139.79268,35.7173],[139.79247,35.7141],[139.79155,35.71013]]},"properties":{"patternId":"Toei.Kusa41.48201.1","routeId":"Toei.Kusa41","routeLabelJa":"草４１ 浅草寿町行","routeCode":"草４１","direction":"1","stopCount":27,"geometrySource":"odpt-road-shape","operator":"Toei","patternCount":1}},{"type":"Feature","geometry":{"type":"LineString","coordinates":[[139.79155,35.71013],[139.79202,35.71163],[139.79253,35.71459],[139.79268,35.7173],[139.78871,35.71832],[139.78134,35.72068],[139.7794,35.72245],[139.77817,35.723],[139.77896,35.72491],[139.77864,35.73372],[139.7765,35.73669],[139.77649,35.73697],[139.77687,35.73729],[139.78482,35.74923],[139.7873,35.75243],[139.78792,35.75376],[139.78994,35.75575],[139.78878,35.76072],[139.79133,35.76139],[139.79563,35.76953]]},"properties":{"patternId":"Toei.Kusa41.48201.2","routeId":"Toei.Kusa41","routeLabelJa":"草４１ 足立梅田町行","routeCode":"草４１","direction":"2","stopCount":27,"geometrySource":"odpt-road-shape","operator":"Toei","patternCount":1}},{"type":"Feature","geometry":{"type":"LineString","coordinates":[[139.7794,35.72245],[139.77817,35.723],[139.77896,35.72491],[139.77864,35.73372],[139.7765,35.73669],[139.77649,35.73697],[139.77687,35.73729],[139.78482,35.74923],[139.7873,35.75243],[139.78792,35.75376],[139.78994,35.75575],[139.78878,35.76072],[139.79133,35.76139],[139.79563,35.76953]]},"properties":{"patternId":"Toei.Kusa41.48202.2","routeId":"Toei.Kusa41","routeLabelJa":"草４１ 足立梅田町行","routeCode":"草４１","direction":"2","stopCount":19,"geometrySource":"odpt-road-shape","operator":"Toei","patternCount":1}},{"type":"Feature","geometry":{"type":"LineString","coordinates":[[139.80269,35.76475],[139.80366,35.76366],[139.80391,35.76366],[139.80391,35.76243],[139.79772,35.74381],[139.79773,35.74286],[139.79822,35.74106],[139.79799,35.74021],[139.79669,35.73667],[139.79423,35.73435],[139.79292,35.73275],[139.79179,35.73002],[139.7908,35.72896],[139.79074,35.72869],[139.7912,35.72132],[139.79268,35.71869],[139.79245,35.71404],[139.79198,35.71143],[139.7914,35.70968],[139.79609,35.7088],[139.7962,35.71018]]},"properties":{"patternId":"Toei.Kusa43.48302.1","routeId":"Toei.Kusa43","routeLabelJa":"草４３ 浅草雷門行","routeCode":"草４３","direction":"1","stopCount":17,"geometrySource":"odpt-road-shape","operator":"Toei","patternCount":1}},{"type":"Feature","geometry":{"type":"LineString","coordinates":[[139.81438,35.69586],[139.81474,35.69567],[139.81512,35.69575],[139.81613,35.68422],[139.81591,35.67657],[139.81644,35.66956],[139.80885,35.66927],[139.8024,35.6695],[139.80041,35.66993],[139.79188,35.67367],[139.7887,35.67605],[139.78584,35.67665],[139.77995,35.67996],[139.77118,35.68347],[139.76772,35.68427],[139.76714,35.68319],[139.76591,35.68255],[139.76573,35.68196],[139.76512,35.68199],[139.76504,35.68216]]},"properties":{"patternId":"Toei.Higashi22.60204.1","routeId":"Toei.Higashi22","routeLabelJa":"東２２ 東京駅丸の内北口行","routeCode":"東２２","direction":"1","stopCount":27,"geometrySource":"odpt-road-shape","operator":"Toei","patternCount":1}},{"type":"Feature","geometry":{"type":"LineString","coordinates":[[139.76506,35.68221],[139.76521,35.68245],[139.76576,35.68244],[139.76586,35.68273],[139.76693,35.68312],[139.76763,35.68442],[139.77113,35.68361],[139.78017,35.67999],[139.78613,35.67661],[139.7887,35.67605],[139.79198,35.67375],[139.80046,35.67001],[139.80219,35.66963],[139.80841,35.66937],[139.81644,35.66956],[139.81591,35.67657],[139.81613,35.68422],[139.81572,35.68901],[139.81501,35.69555],[139.81424,35.69549],[139.81389,35.69574]]},"properties":{"patternId":"Toei.Higashi22.60204.2","routeId":"Toei.Higashi22","routeLabelJa":"東２２ 錦糸町駅前行","routeCode":"東２２","direction":"2","stopCount":26,"geometrySource":"odpt-road-shape","operator":"Toei","patternCount":1}},{"type":"Feature","geometry":{"type":"LineString","coordinates":[[139.8251,35.69803],[139.82563,35.69815],[139.82534,35.70175],[139.82586,35.705],[139.81902,35.70772],[139.81365,35.70905],[139.80222,35.70845],[139.79876,35.70775],[139.79835,35.70782],[139.79843,35.70748],[139.79691,35.70366],[139.79863,35.68324],[139.79909,35.67961],[139.79631,35.67609],[139.79584,35.6739],[139.79458,35.67201],[139.7846,35.66422],[139.76946,35.65374]]},"properties":{"patternId":"Toei.Mon33.60301.1","routeId":"Toei.Mon33","routeLabelJa":"門３３ 豊海水産埠頭行","routeCode":"門３３","direction":"1","stopCount":33,"geometrySource":"odpt-road-shape","operator":"Toei","patternCount":2}},{"type":"Feature","geometry":{"type":"LineString","coordinates":[[139.76943,35.65372],[139.78475,35.66433],[139.79458,35.67201],[139.79584,35.6739],[139.79631,35.67609],[139.79909,35.67961],[139.79692,35.70302],[139.79691,35.70366],[139.79843,35.70748],[139.79835,35.70782],[139.80219,35.70856],[139.8133,35.7091],[139.81902,35.70772],[139.82586,35.705],[139.82534,35.70175],[139.82562,35.69777],[139.82523,35.69778]]},"properties":{"patternId":"Toei.Mon33.60301.2","routeId":"Toei.Mon33","routeLabelJa":"門３３ 亀戸駅前行","routeCode":"門３３","direction":"2","stopCount":30,"geometrySource":"odpt-road-shape","operator":"Toei","patternCount":2}},{"type":"Feature","geometry":{"type":"LineString","coordinates":[[139.79579,35.67399],[139.79631,35.67609],[139.79909,35.67961],[139.79692,35.70302],[139.79691,35.70366],[139.79843,35.70748],[139.79835,35.70782],[139.80219,35.70856],[139.8133,35.7091],[139.81902,35.70772],[139.82586,35.705],[139.82534,35.70175],[139.82562,35.69777],[139.82523,35.69778]]},"properties":{"patternId":"Toei.Mon33.60303.2","routeId":"Toei.Mon33","routeLabelJa":"門３３ 亀戸駅前行","routeCode":"門３３","direction":"2","stopCount":22,"geometrySource":"odpt-road-shape","operator":"Toei","patternCount":1}},{"type":"Feature","geometry":{"type":"LineString","coordinates":[[139.87134,35.76918],[139.87189,35.76918],[139.87199,35.76812],[139.87238,35.76748],[139.86762,35.76496],[139.85478,35.7576],[139.85428,35.75715],[139.84898,35.75103],[139.84527,35.74611],[139.84321,35.74383]]},"properties":{"patternId":"Toei.Kusa39.56003.2","routeId":"Toei.Kusa39","routeLabelJa":"草３９ 青戸車庫前行","routeCode":"草３９","direction":"2","stopCount":10,"geometrySource":"odpt-road-shape","operator":"Toei","patternCount":1}},{"type":"Feature","geometry":{"type":"LineString","coordinates":[[139.79621,35.71023],[139.79632,35.71088],[139.79198,35.71143],[139.79253,35.71459],[139.79268,35.71869],[139.7912,35.72132],[139.79075,35.72881],[139.79179,35.73002],[139.79274,35.73247],[139.79663,35.73696],[139.79684,35.73817],[139.79797,35.74076],[139.79799,35.74139],[139.79751,35.74302],[139.79753,35.7439],[139.80191,35.7568],[139.80375,35.76286],[139.80366,35.76367],[139.8022,35.76519],[139.80233,35.76528]]},"properties":{"patternId":"Toei.Kusa43.48302.2","routeId":"Toei.Kusa43","routeLabelJa":"草４３ 千住車庫前行","routeCode":"草４３","direction":"2","stopCount":15,"geometrySource":"odpt-road-shape","operator":"Toei","patternCount":1}},{"type":"Feature","geometry":{"type":"LineString","coordinates":[[139.80375,35.76542],[139.80382,35.76236],[139.79772,35.74381],[139.79773,35.74286],[139.79822,35.74106],[139.79799,35.74021],[139.79669,35.73667],[139.79423,35.73435],[139.79292,35.73275],[139.79179,35.73002],[139.79119,35.72938]]},"properties":{"patternId":"Toei.Kusa43.48303.1","routeId":"Toei.Kusa43","routeLabelJa":"草４３ 三ノ輪駅前行","routeCode":"草４３","direction":"1","stopCount":9,"geometrySource":"odpt-road-shape","operator":"Toei","patternCount":1}},{"type":"Feature","geometry":{"type":"LineString","coordinates":[[139.80359,35.76557],[139.80325,35.77519],[139.80348,35.77534]]},"properties":{"patternId":"Toei.Ou49.48304.1","routeId":"Toei.Ou49","routeLabelJa":"王４９ 足立区役所行","routeCode":"王４９","direction":"1","stopCount":4,"geometrySource":"odpt-road-shape","operator":"Toei","patternCount":2}},{"type":"Feature","geometry":{"type":"LineString","coordinates":[[139.882,35.73257],[139.8818,35.73238],[139.88139,35.73068],[139.88173,35.72837],[139.88235,35.7266],[139.88273,35.72603],[139.88377,35.72521],[139.87389,35.71582],[139.8674,35.70827],[139.86772,35.70764],[139.86798,35.70325],[139.86085,35.70148],[139.85317,35.70024],[139.84416,35.6976],[139.81896,35.69622],[139.81727,35.69574],[139.79846,35.6946],[139.79767,35.69456],[139.79729,35.69863],[139.79486,35.69878],[139.79349,35.69924],[139.79183,35.69656],[139.79194,35.69542]]},"properties":{"patternId":"Toei.Nishiki27.60501.1","routeId":"Toei.Nishiki27","routeLabelJa":"錦２７ 両国駅前行","routeCode":"錦２７","direction":"1","stopCount":31,"geometrySource":"odpt-road-shape","operator":"Toei","patternCount":1}},{"type":"Feature","geometry":{"type":"LineString","coordinates":[[139.79194,35.69542],[139.79194,35.69426],[139.8144,35.69559],[139.81657,35.69578],[139.81831,35.69626],[139.8431,35.69747],[139.84457,35.69769],[139.8536,35.70049],[139.86276,35.70202],[139.86798,35.70325],[139.86777,35.7074],[139.8674,35.70827],[139.87456,35.71652],[139.88377,35.72521],[139.88273,35.72603],[139.88235,35.7266],[139.88173,35.72837],[139.88141,35.73089],[139.8818,35.73238],[139.88169,35.73257]]},"properties":{"patternId":"Toei.Nishiki27.60501.2","routeId":"Toei.Nishiki27","routeLabelJa":"錦２７ 小岩駅前行","routeCode":"錦２７","direction":"2","stopCount":30,"geometrySource":"odpt-road-shape","operator":"Toei","patternCount":1}},{"type":"Feature","geometry":{"type":"LineString","coordinates":[[139.882,35.73257],[139.8818,35.73238],[139.88139,35.73068],[139.88173,35.72837],[139.88235,35.7266],[139.88273,35.72603],[139.88377,35.72521],[139.87389,35.71582],[139.8674,35.70827],[139.86772,35.70764],[139.86798,35.70325],[139.86085,35.70148],[139.85317,35.70024],[139.84416,35.6976],[139.81896,35.69622],[139.81751,35.69577],[139.81409,35.69556]]},"properties":{"patternId":"Toei.Nishiki27.60502.1","routeId":"Toei.Nishiki27","routeLabelJa":"錦２７ 錦糸町駅前行","routeCode":"錦２７","direction":"1","stopCount":24,"geometrySource":"odpt-road-shape","operator":"Toei","patternCount":1}},{"type":"Feature","geometry":{"type":"LineString","coordinates":[[139.8144,35.69559],[139.81657,35.69578],[139.81831,35.69626],[139.84417,35.6976],[139.8536,35.70049],[139.86276,35.70202],[139.86798,35.70325],[139.86777,35.7074],[139.8674,35.70827],[139.87456,35.71652],[139.88377,35.72521],[139.88273,35.72603],[139.88235,35.7266],[139.88173,35.72837],[139.88141,35.73089],[139.8818,35.73238],[139.88169,35.73257]]},"properties":{"patternId":"Toei.Nishiki27.60502.2","routeId":"Toei.Nishiki27","routeLabelJa":"錦２７ 小岩駅前行","routeCode":"錦２７","direction":"2","stopCount":23,"geometrySource":"odpt-road-shape","operator":"Toei","patternCount":1}},{"type":"Feature","geometry":{"type":"LineString","coordinates":[[139.82575,35.69786],[139.82681,35.68378],[139.83622,35.68441],[139.83231,35.67124],[139.83034,35.66674],[139.83098,35.66648],[139.83058,35.66539],[139.83068,35.66518],[139.83379,35.66419],[139.83481,35.66633],[139.83073,35.66762],[139.8324,35.67146],[139.83622,35.68441],[139.82681,35.68378],[139.8257,35.69723],[139.82562,35.69775],[139.8253,35.69777]]},"properties":{"patternId":"Toei.Kame23.60701.3","routeId":"Toei.Kame23","routeLabelJa":"亀２３ 亀戸駅前行","routeCode":"亀２３","direction":"3","stopCount":33,"geometrySource":"odpt-road-shape","operator":"Toei","patternCount":1}},{"type":"Feature","geometry":{"type":"LineString","coordinates":[[139.86552,35.66713],[139.86609,35.66873],[139.8516,35.67099],[139.84086,35.67191],[139.84044,35.67537],[139.82709,35.67708],[139.82768,35.681],[139.82679,35.68384],[139.82578,35.69646],[139.82096,35.69629],[139.8141,35.69543],[139.79772,35.69451],[139.79729,35.69862],[139.79495,35.69874],[139.79349,35.69925],[139.79193,35.69677],[139.79192,35.69543]]},"properties":{"patternId":"Toei.Ryou28.66001.1","routeId":"Toei.Ryou28","routeLabelJa":"両２８ 両国駅前行","routeCode":"両２８","direction":"1","stopCount":26,"geometrySource":"odpt-road-shape","operator":"Toei","patternCount":1}},{"type":"Feature","geometry":{"type":"LineString","coordinates":[[139.80275,35.76476],[139.80392,35.76351],[139.8039,35.76243],[139.79772,35.74381],[139.79773,35.74285],[139.79823,35.74108],[139.79802,35.74028],[139.79671,35.7367],[139.7943,35.73439],[139.79295,35.73269],[139.79185,35.73003],[139.79078,35.72885],[139.79125,35.72129],[139.79274,35.71867],[139.79259,35.71461],[139.7923,35.71261],[139.79168,35.71022]]},"properties":{"patternId":"Toei.Kusa43.48306.1","routeId":"Toei.Kusa43","routeLabelJa":"草４３ 浅草寿町行","routeCode":"草４３","direction":"1","stopCount":15,"geometrySource":"odpt-road-shape","operator":"Toei","patternCount":1}},{"type":"Feature","geometry":{"type":"LineString","coordinates":[[139.79153,35.7103],[139.79196,35.71146],[139.79251,35.71461],[139.79269,35.71869],[139.79111,35.72142],[139.79067,35.72892],[139.79183,35.73019],[139.79271,35.73248],[139.79418,35.73434],[139.79664,35.73694],[139.79685,35.73828],[139.79796,35.74077],[139.79797,35.74138],[139.79747,35.74318],[139.79751,35.74379],[139.80195,35.75691],[139.80379,35.76288],[139.80376,35.76364],[139.80224,35.76519],[139.80235,35.76526]]},"properties":{"patternId":"Toei.Kusa43.48306.2","routeId":"Toei.Kusa43","routeLabelJa":"草４３ 千住車庫前行","routeCode":"草４３","direction":"2","stopCount":15,"geometrySource":"odpt-road-shape","operator":"Toei","patternCount":1}},{"type":"Feature","geometry":{"type":"LineString","coordinates":[[139.80466,35.75019],[139.8046,35.74985],[139.80438,35.74985],[139.80111,35.75079],[139.7995,35.75092],[139.79438,35.75074],[139.79092,35.75497],[139.78994,35.75575],[139.78792,35.75376],[139.7872,35.75226],[139.78514,35.74968],[139.76983,35.74939],[139.76978,35.74736],[139.76912,35.74314],[139.76874,35.73916],[139.76621,35.7391],[139.76323,35.73787],[139.76177,35.73935],[139.76025,35.73836],[139.75963,35.73751],[139.7591,35.73411],[139.75848,35.73224],[139.75767,35.73095],[139.7574,35.72985]]},"properties":{"patternId":"Toei.Hata44.48401.1","routeId":"Toei.Hata44","routeLabelJa":"端４４ 駒込病院前行","routeCode":"端４４","direction":"1","stopCount":22,"geometrySource":"odpt-road-shape","operator":"Toei","patternCount":1}},{"type":"Feature","geometry":{"type":"LineString","coordinates":[[139.75717,35.72995],[139.7574,35.72985],[139.75767,35.73095],[139.75848,35.73224],[139.75912,35.73418],[139.75966,35.73761],[139.76025,35.73836],[139.76177,35.73935],[139.76323,35.73787],[139.76617,35.73909],[139.76839,35.7391],[139.76858,35.73925],[139.76925,35.74531],[139.7696,35.74698],[139.76959,35.74921],[139.76983,35.74939],[139.78514,35.74968],[139.7873,35.75243],[139.78792,35.75376],[139.78994,35.75575],[139.79092,35.75497],[139.79438,35.75074],[139.79987,35.7509],[139.80141,35.75073],[139.80385,35.74998],[139.80419,35.7503],[139.80462,35.75023]]},"properties":{"patternId":"Toei.Hata44.48401.2","routeId":"Toei.Hata44","routeLabelJa":"端４４ 北千住駅前行","routeCode":"端４４","direction":"2","stopCount":21,"geometrySource":"odpt-road-shape","operator":"Toei","patternCount":1}},{"type":"Feature","geometry":{"type":"LineString","coordinates":[[139.80376,35.77537],[139.80405,35.77526],[139.80323,35.77523],[139.80308,35.77861],[139.78214,35.77796],[139.76009,35.77824],[139.74788,35.77862],[139.73432,35.76944],[139.73612,35.76393],[139.73766,35.76114],[139.73772,35.76023],[139.73712,35.75488],[139.73785,35.75372],[139.73762,35.7536],[139.73745,35.7538]]},"properties":{"patternId":"Toei.Ou49.48502.1","routeId":"Toei.Ou49","routeLabelJa":"王４９ 王子駅前行","routeCode":"王４９","direction":"1","stopCount":23,"geometrySource":"odpt-road-shape","operator":"Toei","patternCount":1}},{"type":"Feature","geometry":{"type":"LineString","coordinates":[[139.80379,35.77537],[139.80395,35.77515],[139.80323,35.77519],[139.80308,35.77858],[139.78217,35.77797],[139.76512,35.77822],[139.76571,35.77263],[139.76596,35.77264]]},"properties":{"patternId":"Toei.Ou49.48801.1","routeId":"Toei.Ou49","routeLabelJa":"王４９ 東京女子医大足立医療センター行","routeCode":"王４９","direction":"1","stopCount":13,"geometrySource":"odpt-road-shape","operator":"Toei","patternCount":1}},{"type":"Feature","geometry":{"type":"LineString","coordinates":[[139.76601,35.77264],[139.76621,35.77277],[139.7662,35.77307],[139.76566,35.77307],[139.76496,35.77833],[139.78179,35.77806],[139.80319,35.7788],[139.80334,35.77525],[139.80373,35.77536]]},"properties":{"patternId":"Toei.Ou49.48801.2","routeId":"Toei.Ou49","routeLabelJa":"王４９ 足立区役所行","routeCode":"王４９","direction":"2","stopCount":12,"geometrySource":"odpt-road-shape","operator":"Toei","patternCount":1}},{"type":"Feature","geometry":{"type":"LineString","coordinates":[[139.79973,35.73326],[139.80124,35.73481],[139.805,35.73567],[139.80489,35.73775],[139.80626,35.73783],[139.80767,35.7382],[139.81102,35.73846],[139.81103,35.737],[139.80776,35.73713],[139.80799,35.73444],[139.8084,35.73324],[139.8082,35.73251],[139.79902,35.72996],[139.80084,35.72619],[139.7988,35.72512],[139.79729,35.72458],[139.79877,35.72286],[139.79605,35.72088],[139.79537,35.71998],[139.79413,35.71694],[139.79268,35.7173],[139.79247,35.7141],[139.79193,35.71126],[139.7914,35.70968],[139.77816,35.71217],[139.77671,35.71156],[139.7745,35.71159],[139.77347,35.70975],[139.77323,35.70851]]},"properties":{"patternId":"Toei.Ue46.52001.1","routeId":"Toei.Ue46","routeLabelJa":"上４６ 上野松坂屋前行","routeCode":"上４６","direction":"1","stopCount":26,"geometrySource":"odpt-road-shape","operator":"Toei","patternCount":1}},{"type":"Feature","geometry":{"type":"LineString","coordinates":[[139.77246,35.70681],[139.77286,35.70716],[139.77347,35.70975],[139.77429,35.7114],[139.77494,35.71166],[139.77626,35.71154],[139.77764,35.71216],[139.7914,35.70968],[139.79206,35.71181],[139.79235,35.71347],[139.79268,35.7173],[139.79413,35.71694],[139.79529,35.71983],[139.79605,35.72088],[139.79877,35.72286],[139.79729,35.72458],[139.79841,35.72495],[139.80084,35.72619],[139.79902,35.72996],[139.8082,35.73251],[139.8084,35.73324],[139.80799,35.73442],[139.80776,35.73713],[139.81103,35.737],[139.81102,35.73846],[139.80767,35.7382],[139.80626,35.73783],[139.80489,35.73775],[139.805,35.73567],[139.80157,35.73496],[139.80076,35.73442],[139.80001,35.73334],[139.80005,35.73315]]},"properties":{"patternId":"Toei.Ue46.52001.2","routeId":"Toei.Ue46","routeLabelJa":"上４６ 南千住駅東口行","routeCode":"上４６","direction":"2","stopCount":26,"geometrySource":"odpt-road-shape","operator":"Toei","patternCount":1}},{"type":"Feature","geometry":{"type":"LineString","coordinates":[[139.8007,35.7304],[139.79902,35.72996],[139.80084,35.72619],[139.7988,35.72512],[139.79729,35.72458],[139.79877,35.72286],[139.79605,35.72088],[139.79537,35.71998],[139.79413,35.71694],[139.79268,35.7173],[139.79247,35.7141],[139.79193,35.71126],[139.7914,35.70968],[139.77816,35.71217],[139.77671,35.71156],[139.7745,35.71159],[139.77347,35.70975],[139.77323,35.70851]]},"properties":{"patternId":"Toei.Ue46.52002.1","routeId":"Toei.Ue46","routeLabelJa":"上４６ 上野松坂屋前行","routeCode":"上４６","direction":"1","stopCount":15,"geometrySource":"odpt-road-shape","operator":"Toei","patternCount":1}},{"type":"Feature","geometry":{"type":"LineString","coordinates":[[139.80006,35.73022],[139.8082,35.73251],[139.8084,35.73324],[139.80799,35.73442],[139.80776,35.73713],[139.81103,35.737],[139.81102,35.73846],[139.80767,35.7382],[139.80626,35.73783],[139.80489,35.73775],[139.805,35.73567],[139.80157,35.73496],[139.80076,35.73442],[139.80001,35.73334],[139.80005,35.73315]]},"properties":{"patternId":"Toei.Ue46.52003.2","routeId":"Toei.Ue46","routeLabelJa":"上４６ 南千住駅東口行","routeCode":"上４６","direction":"2","stopCount":12,"geometrySource":"odpt-road-shape","operator":"Toei","patternCount":1}},{"type":"Feature","geometry":{"type":"LineString","coordinates":[[139.79973,35.73326],[139.80124,35.73481],[139.805,35.73567],[139.80489,35.73775],[139.80626,35.73783],[139.80767,35.7382],[139.81102,35.73846],[139.81103,35.737],[139.80776,35.73713],[139.80799,35.73444],[139.8084,35.73324],[139.8082,35.73251],[139.79932,35.73001],[139.79902,35.72996],[139.79852,35.73084]]},"properties":{"patternId":"Toei.Ue46.52004.2","routeId":"Toei.Ue46","routeLabelJa":"上４６ 南千住車庫前行","routeCode":"上４６","direction":"2","stopCount":13,"geometrySource":"odpt-road-shape","operator":"Toei","patternCount":1}},{"type":"Feature","geometry":{"type":"LineString","coordinates":[[139.79846,35.73132],[139.80084,35.72619],[139.7988,35.72512],[139.79729,35.72458],[139.79877,35.72286],[139.79605,35.72088],[139.79537,35.71998],[139.79413,35.71694],[139.79268,35.7173],[139.79245,35.71404],[139.79198,35.71143],[139.7914,35.70968],[139.77816,35.71217],[139.77671,35.71156],[139.7745,35.71159],[139.77347,35.70975],[139.77323,35.70851]]},"properties":{"patternId":"Toei.Ue46.52005.1","routeId":"Toei.Ue46","routeLabelJa":"上４６ 上野松坂屋前行","routeCode":"上４６","direction":"1","stopCount":15,"geometrySource":"odpt-road-shape","operator":"Toei","patternCount":1}},{"type":"Feature","geometry":{"type":"LineString","coordinates":[[139.77246,35.70681],[139.77286,35.70716],[139.77347,35.70975],[139.77429,35.7114],[139.77494,35.71166],[139.77626,35.71154],[139.77764,35.71216],[139.7914,35.70968],[139.79198,35.71143],[139.79235,35.71347],[139.79268,35.7173],[139.79413,35.71694],[139.79529,35.71983],[139.79605,35.72088],[139.79877,35.72286],[139.79729,35.72458],[139.7988,35.72512],[139.80084,35.72619],[139.79852,35.73084]]},"properties":{"patternId":"Toei.Ue46.52005.2","routeId":"Toei.Ue46","routeLabelJa":"上４６ 南千住車庫前行","routeCode":"上４６","direction":"2","stopCount":15,"geometrySource":"odpt-road-shape","operator":"Toei","patternCount":1}},{"type":"Feature","geometry":{"type":"LineString","coordinates":[[139.77168,35.72841],[139.77108,35.72888],[139.77124,35.72902],[139.77194,35.72835],[139.7778,35.72871],[139.77882,35.72856],[139.77862,35.73391],[139.77651,35.73672],[139.77675,35.73715],[139.78633,35.7343],[139.78786,35.73241],[139.79194,35.73003],[139.79363,35.72882],[139.80145,35.72916],[139.81312,35.72756],[139.81351,35.72738],[139.82894,35.7115],[139.82585,35.70496],[139.82535,35.70182],[139.82565,35.69784],[139.82532,35.69783],[139.82525,35.69805]]},"properties":{"patternId":"Toei.Sato22.52101.1","routeId":"Toei.Sato22","routeLabelJa":"里２２ 亀戸駅前行","routeCode":"里２２","direction":"1","stopCount":25,"geometrySource":"odpt-road-shape","operator":"Toei","patternCount":1}},{"type":"Feature","geometry":{"type":"LineString","coordinates":[[139.82525,35.6981],[139.8235,35.69808],[139.82322,35.70165],[139.82536,35.70175],[139.82585,35.70496],[139.82879,35.71114],[139.82871,35.71174],[139.81351,35.72737],[139.81312,35.72756],[139.80143,35.72908],[139.79355,35.72873],[139.78773,35.73242],[139.78635,35.7342],[139.77654,35.73696],[139.77651,35.73672],[139.77862,35.73391],[139.77882,35.72856],[139.7778,35.72871],[139.77152,35.72837]]},"properties":{"patternId":"Toei.Sato22.52101.2","routeId":"Toei.Sato22","routeLabelJa":"里２２ 日暮里駅前行","routeCode":"里２２","direction":"2","stopCount":24,"geometrySource":"odpt-road-shape","operator":"Toei","patternCount":2}},{"type":"Feature","geometry":{"type":"LineString","coordinates":[[139.82525,35.6981],[139.82563,35.69819],[139.82535,35.70182],[139.82585,35.70496],[139.82879,35.71114],[139.82871,35.71174],[139.81351,35.72737],[139.81312,35.72756],[139.80228,35.72899],[139.79945,35.72895],[139.79851,35.73077]]},"properties":{"patternId":"Toei.Sato22.52103.2","routeId":"Toei.Sato22","routeLabelJa":"里２２ 南千住車庫前行","routeCode":"里２２","direction":"2","stopCount":14,"geometrySource":"odpt-road-shape","operator":"Toei","patternCount":1}},{"type":"Feature","geometry":{"type":"LineString","coordinates":[[139.77168,35.72841],[139.77108,35.72888],[139.77124,35.72902],[139.77194,35.72835],[139.7778,35.72871],[139.77882,35.72856],[139.77862,35.73391],[139.77651,35.73672],[139.77675,35.73715],[139.78633,35.7343],[139.78786,35.73241],[139.79194,35.73003],[139.79363,35.72882],[139.79941,35.72904],[139.79851,35.73077]]},"properties":{"patternId":"Toei.Sato22.52104.2","routeId":"Toei.Sato22","routeLabelJa":"里２２ 南千住車庫前行","routeCode":"里２２","direction":"2","stopCount":13,"geometrySource":"odpt-road-shape","operator":"Toei","patternCount":1}},{"type":"Feature","geometry":{"type":"LineString","coordinates":[[139.80705,35.72828],[139.80143,35.72908],[139.79355,35.72873],[139.78773,35.73242],[139.78635,35.7342],[139.77654,35.73696],[139.77651,35.73672],[139.77862,35.73391],[139.77882,35.72856],[139.7778,35.72871],[139.77152,35.72837]]},"properties":{"patternId":"Toei.Sato22.52105.2","routeId":"Toei.Sato22","routeLabelJa":"里２２ 日暮里駅前行","routeCode":"里２２","direction":"2","stopCount":14,"geometrySource":"odpt-road-shape","operator":"Toei","patternCount":1}},{"type":"Feature","geometry":{"type":"LineString","coordinates":[[139.80071,35.72914],[139.81312,35.72756],[139.81351,35.72738],[139.82894,35.7115],[139.82585,35.70496],[139.82535,35.70182],[139.82565,35.69784],[139.82532,35.69783],[139.82525,35.69805]]},"properties":{"patternId":"Toei.Sato22.52106.1","routeId":"Toei.Sato22","routeLabelJa":"里２２ 亀戸駅前行","routeCode":"里２２","direction":"1","stopCount":14,"geometrySource":"odpt-road-shape","operator":"Toei","patternCount":1}},{"type":"Feature","geometry":{"type":"LineString","coordinates":[[139.79882,35.72889],[139.79355,35.72873],[139.78773,35.73242],[139.78635,35.7342],[139.77654,35.73696],[139.77651,35.73672],[139.77862,35.73391],[139.77882,35.72856],[139.7778,35.72871],[139.77152,35.72837]]},"properties":{"patternId":"Toei.Sato22.52107.1","routeId":"Toei.Sato22","routeLabelJa":"里２２ 日暮里駅前行","routeCode":"里２２","direction":"1","stopCount":12,"geometrySource":"odpt-road-shape","operator":"Toei","patternCount":1}},{"type":"Feature","geometry":{"type":"LineString","coordinates":[[139.77168,35.72841],[139.77108,35.72888],[139.77124,35.72902],[139.77194,35.72835],[139.7778,35.72871],[139.77882,35.72856],[139.77862,35.73391],[139.77651,35.73672],[139.77675,35.73715],[139.78633,35.7343],[139.78786,35.73241],[139.79194,35.73003],[139.79363,35.72882],[139.80145,35.72916],[139.81312,35.72756],[139.81351,35.72738],[139.82894,35.7115],[139.82599,35.70533],[139.82536,35.70175],[139.82322,35.70165],[139.8235,35.69808],[139.82563,35.69819],[139.82565,35.69784],[139.82532,35.69783],[139.82525,35.69805]]},"properties":{"patternId":"Toei.Sato22.52108.1","routeId":"Toei.Sato22","routeLabelJa":"里２２ 亀戸駅前行","routeCode":"里２２","direction":"1","stopCount":25,"geometrySource":"odpt-road-shape","operator":"Toei","patternCount":1}},{"type":"Feature","geometry":{"type":"LineString","coordinates":[[139.79847,35.73314],[139.79853,35.73328],[139.79873,35.7332],[139.79806,35.73237],[139.79859,35.73085],[139.80119,35.72547],[139.80191,35.72007],[139.80181,35.71511],[139.79767,35.71073],[139.79382,35.70563],[139.78956,35.70206],[139.78699,35.69847],[139.78527,35.69545],[139.78077,35.69207],[139.77721,35.69001],[139.77295,35.6886],[139.7745,35.68497],[139.77461,35.68454],[139.77427,35.68349],[139.7737,35.68253],[139.77097,35.68359],[139.7681,35.67885],[139.76788,35.67901],[139.76859,35.68001]]},"properties":{"patternId":"Toei.Higashi42-1.52201.1","routeId":"Toei.Higashi42-1","routeLabelJa":"東４２－１ 東京駅八重洲口行","routeCode":"東４２－１","direction":"1","stopCount":22,"geometrySource":"odpt-road-shape","operator":"Toei","patternCount":2}},{"type":"Feature","geometry":{"type":"LineString","coordinates":[[139.7686,35.68004],[139.76864,35.6806],[139.76906,35.68049],[139.77095,35.68357],[139.7737,35.68253],[139.77427,35.68349],[139.77461,35.68454],[139.77453,35.68489],[139.77295,35.6886],[139.77721,35.69001],[139.78077,35.69207],[139.78527,35.69545],[139.78699,35.69847],[139.78956,35.70206],[139.79382,35.70563],[139.79767,35.71073],[139.80181,35.71511],[139.80191,35.72007],[139.80125,35.72512],[139.79859,35.73085],[139.79806,35.73237],[139.79853,35.73294],[139.79847,35.73314]]},"properties":{"patternId":"Toei.Higashi42-1.52201.2","routeId":"Toei.Higashi42-1","routeLabelJa":"東４２－１ 南千住車庫前行","routeCode":"東４２－１","direction":"2","stopCount":22,"geometrySource":"odpt-road-shape","operator":"Toei","patternCount":2}},{"type":"Feature","geometry":{"type":"LineString","coordinates":[[139.79846,35.73132],[139.80119,35.72547],[139.80191,35.72007],[139.80181,35.71511],[139.79767,35.71073],[139.79382,35.70563],[139.78956,35.70206],[139.78617,35.69718],[139.78527,35.69545],[139.78445,35.69492],[139.78,35.69538],[139.78002,35.69459],[139.78034,35.69426]]},"properties":{"patternId":"Toei.Higashi42-2.52202.1","routeId":"Toei.Higashi42-2","routeLabelJa":"東４２－２ 東神田行","routeCode":"東４２－２","direction":"1","stopCount":16,"geometrySource":"odpt-road-shape","operator":"Toei","patternCount":1}},{"type":"Feature","geometry":{"type":"LineString","coordinates":[[139.78034,35.69426],[139.78186,35.69293],[139.78527,35.69545],[139.78699,35.69847],[139.78956,35.70206],[139.79382,35.70563],[139.79767,35.71073],[139.80181,35.71511],[139.80191,35.72007],[139.80125,35.72512],[139.79852,35.73084]]},"properties":{"patternId":"Toei.Higashi42-2.52202.2","routeId":"Toei.Higashi42-2","routeLabelJa":"東４２－２ 南千住車庫前行","routeCode":"東４２－２","direction":"2","stopCount":17,"geometrySource":"odpt-road-shape","operator":"Toei","patternCount":1}},{"type":"Feature","geometry":{"type":"LineString","coordinates":[[139.79847,35.73314],[139.79853,35.73328],[139.79873,35.7332],[139.79806,35.73237],[139.79859,35.73085],[139.80119,35.72547],[139.80191,35.72007],[139.80181,35.71511],[139.79767,35.71073],[139.79382,35.70563],[139.78956,35.70206],[139.78699,35.69847],[139.78527,35.69545],[139.78445,35.69492],[139.78,35.69538],[139.78002,35.69459],[139.78034,35.69426]]},"properties":{"patternId":"Toei.Higashi42-2.52204.1","routeId":"Toei.Higashi42-2","routeLabelJa":"東４２－２ 東神田行","routeCode":"東４２－２","direction":"1","stopCount":16,"geometrySource":"odpt-road-shape","operator":"Toei","patternCount":1}},{"type":"Feature","geometry":{"type":"LineString","coordinates":[[139.78034,35.69426],[139.78186,35.69293],[139.78527,35.69545],[139.78699,35.69847],[139.78956,35.70206],[139.79382,35.70563],[139.79767,35.71073],[139.80181,35.71511],[139.80191,35.72007],[139.80125,35.72512],[139.79859,35.73085],[139.79806,35.73237],[139.79853,35.73294],[139.79847,35.73314]]},"properties":{"patternId":"Toei.Higashi42-2.52204.2","routeId":"Toei.Higashi42-2","routeLabelJa":"東４２－２ 南千住駅西口行","routeCode":"東４２－２","direction":"2","stopCount":17,"geometrySource":"odpt-road-shape","operator":"Toei","patternCount":1}},{"type":"Feature","geometry":{"type":"LineString","coordinates":[[139.79846,35.73132],[139.79948,35.72899],[139.80166,35.7291],[139.80848,35.72817],[139.80853,35.72763],[139.80688,35.72115],[139.80664,35.72073],[139.8053,35.71942],[139.80181,35.71511],[139.79767,35.71073],[139.79632,35.71088],[139.7962,35.7101]]},"properties":{"patternId":"Toei.Higashi42-3.52302.1","routeId":"Toei.Higashi42-3","routeLabelJa":"東４２－３ 浅草雷門行","routeCode":"東４２－３","direction":"1","stopCount":12,"geometrySource":"odpt-road-shape","operator":"Toei","patternCount":1}},{"type":"Feature","geometry":{"type":"LineString","coordinates":[[139.7962,35.7101],[139.79607,35.70928],[139.79649,35.70912],[139.7991,35.7124],[139.80041,35.71359],[139.80392,35.71761],[139.80503,35.72718],[139.80538,35.72855],[139.80166,35.7291],[139.79948,35.72899],[139.79852,35.73084]]},"properties":{"patternId":"Toei.Higashi42-3.52302.2","routeId":"Toei.Higashi42-3","routeLabelJa":"東４２－３ 南千住車庫前行","routeCode":"東４２－３","direction":"2","stopCount":11,"geometrySource":"odpt-road-shape","operator":"Toei","patternCount":1}},{"type":"Feature","geometry":{"type":"LineString","coordinates":[[139.81348,35.69735],[139.81347,35.69779],[139.81497,35.69788],[139.81421,35.70664],[139.81366,35.70905],[139.80227,35.70844],[139.79773,35.71075],[139.79767,35.71138]]},"properties":{"patternId":"Toei.T08.52404.2","routeId":"Toei.T08","routeLabelJa":"都０８（Ｔ０８） 東武浅草駅前行","routeCode":"都０８（Ｔ０８）","direction":"2","stopCount":10,"geometrySource":"odpt-road-shape","operator":"Toei","patternCount":1}},{"type":"Feature","geometry":{"type":"LineString","coordinates":[[139.7715,35.72864],[139.77192,35.72835],[139.77793,35.72871],[139.7802,35.72861],[139.78222,35.72817],[139.78315,35.72787],[139.78631,35.72516],[139.78749,35.72466],[139.78887,35.72472]]},"properties":{"patternId":"Toei.T08.52405.1","routeId":"Toei.T08","routeLabelJa":"都０８（Ｔ０８） 下谷警察署前行","routeCode":"都０８（Ｔ０８）","direction":"1","stopCount":6,"geometrySource":"odpt-road-shape","operator":"Toei","patternCount":1}},{"type":"Feature","geometry":{"type":"LineString","coordinates":[[139.78809,35.72466],[139.78749,35.72466],[139.78631,35.72516],[139.78315,35.72787],[139.78247,35.72811],[139.7802,35.72861],[139.77794,35.72871],[139.77151,35.72838]]},"properties":{"patternId":"Toei.T08.52405.2","routeId":"Toei.T08","routeLabelJa":"都０８（Ｔ０８） 日暮里駅前行","routeCode":"都０８（Ｔ０８）","direction":"2","stopCount":6,"geometrySource":"odpt-road-shape","operator":"Toei","patternCount":1}},{"type":"Feature","geometry":{"type":"LineString","coordinates":[[139.80298,35.70862],[139.81366,35.70905],[139.81421,35.70664],[139.81497,35.69788],[139.81388,35.69781],[139.81385,35.69752]]},"properties":{"patternId":"Toei.T08.52406.1","routeId":"Toei.T08","routeLabelJa":"都０８（Ｔ０８） 錦糸町駅前行","routeCode":"都０８（Ｔ０８）","direction":"1","stopCount":8,"geometrySource":"odpt-road-shape","operator":"Toei","patternCount":1}},{"type":"Feature","geometry":{"type":"LineString","coordinates":[[139.80001,35.73353],[139.80128,35.73488],[139.80495,35.73569],[139.80485,35.73776],[139.81104,35.73847],[139.81104,35.73703],[139.81264,35.7367],[139.81512,35.73548],[139.81801,35.7347],[139.81669,35.73352],[139.81431,35.73067],[139.81318,35.72757],[139.81381,35.72716],[139.8205,35.72028],[139.81081,35.71204],[139.80852,35.71077],[139.80857,35.70887],[139.8137,35.70913],[139.81426,35.70661],[139.81499,35.69788],[139.81383,35.69781],[139.81383,35.6975]]},"properties":{"patternId":"Toei.Nishiki40.53001.1","routeId":"Toei.Nishiki40","routeLabelJa":"錦４０ 錦糸町駅前行","routeCode":"錦４０","direction":"1","stopCount":23,"geometrySource":"odpt-road-shape","operator":"Toei","patternCount":1}},{"type":"Feature","geometry":{"type":"LineString","coordinates":[[139.81336,35.69758],[139.81347,35.69782],[139.81492,35.6979],[139.81417,35.70664],[139.81362,35.709],[139.80851,35.70876],[139.80842,35.7108],[139.81079,35.71208],[139.82041,35.72026],[139.81371,35.72718],[139.81304,35.72753],[139.81178,35.72771],[139.81184,35.72792],[139.81277,35.7278],[139.81317,35.72812],[139.81377,35.73023],[139.81418,35.73091],[139.81643,35.73364],[139.81761,35.73474],[139.81496,35.73547],[139.8126,35.73667],[139.81101,35.737],[139.811,35.73845],[139.80912,35.73831],[139.80493,35.73774],[139.80511,35.73559],[139.80128,35.73477],[139.80085,35.73446],[139.80003,35.73318]]},"properties":{"patternId":"Toei.Nishiki40.53001.2","routeId":"Toei.Nishiki40","routeLabelJa":"錦４０ 南千住駅東口行","routeCode":"錦４０","direction":"2","stopCount":22,"geometrySource":"odpt-road-shape","operator":"Toei","patternCount":1}},{"type":"Feature","geometry":{"type":"LineString","coordinates":[[139.87134,35.76918],[139.87189,35.76918],[139.87199,35.76812],[139.87238,35.76748],[139.86762,35.76496],[139.85478,35.7576],[139.85428,35.75715],[139.84898,35.75103],[139.84527,35.74611],[139.84143,35.74196],[139.83782,35.73843],[139.82712,35.73051],[139.81351,35.71812],[139.80574,35.71288],[139.80522,35.71237],[139.80417,35.71018],[139.80433,35.70853],[139.80222,35.70845],[139.79767,35.71073],[139.79198,35.71143],[139.7914,35.70968],[139.77816,35.71217],[139.77696,35.71139],[139.77469,35.7116],[139.77429,35.7114],[139.77347,35.70975],[139.77286,35.70716]]},"properties":{"patternId":"Toei.Kusa39.56001.1","routeId":"Toei.Kusa39","routeLabelJa":"草３９ 上野松坂屋前行","routeCode":"草３９","direction":"1","stopCount":34,"geometrySource":"odpt-road-shape","operator":"Toei","patternCount":1}},{"type":"Feature","geometry":{"type":"LineString","coordinates":[[139.77286,35.70716],[139.77347,35.70975],[139.7744,35.71153],[139.77494,35.71166],[139.77671,35.71156],[139.77816,35.71217],[139.7914,35.70968],[139.79198,35.71143],[139.79767,35.71073],[139.80222,35.70856],[139.80432,35.70865],[139.80417,35.71018],[139.80522,35.71237],[139.80574,35.71288],[139.81351,35.71812],[139.82712,35.73051],[139.83577,35.73701],[139.83929,35.73994],[139.84158,35.74212],[139.84527,35.74611],[139.84898,35.75103],[139.85428,35.75715],[139.85478,35.7576],[139.87107,35.76702],[139.87056,35.76887],[139.87134,35.76918]]},"properties":{"patternId":"Toei.Kusa39.56001.2","routeId":"Toei.Kusa39","routeLabelJa":"草３９ 金町駅前行","routeCode":"草３９","direction":"2","stopCount":34,"geometrySource":"odpt-road-shape","operator":"Toei","patternCount":1}},{"type":"Feature","geometry":{"type":"LineString","coordinates":[[139.84442,35.74516],[139.84898,35.75103],[139.85478,35.7576],[139.87107,35.76702],[139.87056,35.76887],[139.87134,35.76918]]},"properties":{"patternId":"Toei.Kusa39.56003.1","routeId":"Toei.Kusa39","routeLabelJa":"草３９ 金町駅前行","routeCode":"草３９","direction":"1","stopCount":10,"geometrySource":"odpt-road-shape","operator":"Toei","patternCount":1}},{"type":"Feature","geometry":{"type":"LineString","coordinates":[[139.84321,35.74383],[139.83706,35.73776],[139.82712,35.73051],[139.81351,35.71812],[139.80574,35.71288],[139.80522,35.71237],[139.80417,35.71018],[139.80433,35.70853],[139.80222,35.70845],[139.79767,35.71073],[139.79198,35.71143],[139.7914,35.70968],[139.79057,35.70985]]},"properties":{"patternId":"Toei.Kusa39.56004.1","routeId":"Toei.Kusa39","routeLabelJa":"草３９ 浅草寿町行","routeCode":"草３９","direction":"1","stopCount":19,"geometrySource":"odpt-road-shape","operator":"Toei","patternCount":1}},{"type":"Feature","geometry":{"type":"LineString","coordinates":[[139.7916,35.71025],[139.79198,35.71143],[139.79767,35.71073],[139.80222,35.70856],[139.80432,35.70865],[139.80417,35.71018],[139.80522,35.71237],[139.80574,35.71288],[139.81351,35.71812],[139.82712,35.73051],[139.83577,35.73701],[139.83929,35.73994],[139.84442,35.74516]]},"properties":{"patternId":"Toei.Kusa39.56004.2","routeId":"Toei.Kusa39","routeLabelJa":"草３９ 青戸車庫前行","routeCode":"草３９","direction":"2","stopCount":19,"geometrySource":"odpt-road-shape","operator":"Toei","patternCount":1}},{"type":"Feature","geometry":{"type":"LineString","coordinates":[[139.84393,35.74462],[139.83706,35.73776],[139.82712,35.73051],[139.82509,35.72863],[139.8285,35.72572],[139.83073,35.72339],[139.82862,35.71662],[139.82734,35.71329],[139.82078,35.71104],[139.81867,35.70902],[139.81755,35.70993],[139.81609,35.71204],[139.81464,35.71046],[139.81377,35.71085],[139.8136,35.71066],[139.81336,35.71076],[139.81367,35.71098],[139.81464,35.71046],[139.81376,35.7095],[139.81365,35.70905],[139.81421,35.70664],[139.81498,35.6979],[139.81383,35.69783],[139.81386,35.6975]]},"properties":{"patternId":"Toei.Nishiki37.56101.1","routeId":"Toei.Nishiki37","routeLabelJa":"錦３７ 錦糸町駅前行","routeCode":"錦３７","direction":"1","stopCount":22,"geometrySource":"odpt-road-shape","operator":"Toei","patternCount":1}},{"type":"Feature","geometry":{"type":"LineString","coordinates":[[139.81333,35.69758],[139.81347,35.69781],[139.81498,35.6979],[139.81421,35.70664],[139.81365,35.70905],[139.81376,35.7095],[139.81464,35.71046],[139.81377,35.71085],[139.8136,35.71066],[139.81336,35.71076],[139.81367,35.71098],[139.81464,35.71046],[139.81609,35.71204],[139.81755,35.70993],[139.81867,35.70902],[139.82078,35.71104],[139.82734,35.71329],[139.82866,35.71674],[139.83073,35.72339],[139.82817,35.72601],[139.82509,35.72863],[139.82712,35.73051],[139.83708,35.73803],[139.84158,35.74212],[139.84393,35.74462]]},"properties":{"patternId":"Toei.Nishiki37.56101.2","routeId":"Toei.Nishiki37","routeLabelJa":"錦３７ 青戸車庫前行","routeCode":"錦３７","direction":"2","stopCount":22,"geometrySource":"odpt-road-shape","operator":"Toei","patternCount":1}},{"type":"Feature","geometry":{"type":"LineString","coordinates":[[139.8267,35.72827],[139.82618,35.7277],[139.8285,35.72572],[139.83073,35.72339],[139.82862,35.71662],[139.82734,35.71329],[139.82078,35.71104],[139.81867,35.70902],[139.81755,35.70993],[139.81609,35.71204],[139.81464,35.71046],[139.81377,35.71085],[139.81347,35.71066],[139.81336,35.71076],[139.81352,35.71098],[139.81464,35.71046],[139.81376,35.7095],[139.81365,35.70905],[139.81421,35.70664],[139.81498,35.6979],[139.81383,35.69782],[139.81386,35.6975]]},"properties":{"patternId":"Toei.Nishiki37.56102.1","routeId":"Toei.Nishiki37","routeLabelJa":"錦３７ 錦糸町駅前行","routeCode":"錦３７","direction":"1","stopCount":17,"geometrySource":"odpt-road-shape","operator":"Toei","patternCount":1}},{"type":"Feature","geometry":{"type":"LineString","coordinates":[[139.81333,35.69758],[139.81347,35.69781],[139.81498,35.6979],[139.81421,35.70664],[139.81365,35.70905],[139.81376,35.7095],[139.81464,35.71046],[139.81377,35.71085],[139.81347,35.71066],[139.81336,35.71076],[139.81352,35.71098],[139.81464,35.71046],[139.81609,35.71204],[139.81755,35.70993],[139.81867,35.70902],[139.82078,35.71104],[139.82734,35.71329],[139.82866,35.71674],[139.83073,35.72339],[139.82817,35.72601],[139.82608,35.72779],[139.82693,35.72884]]},"properties":{"patternId":"Toei.Nishiki37.56102.2","routeId":"Toei.Nishiki37","routeLabelJa":"錦３７ 新四ツ木橋行","routeCode":"錦３７","direction":"2","stopCount":17,"geometrySource":"odpt-road-shape","operator":"Toei","patternCount":1}},{"type":"Feature","geometry":{"type":"LineString","coordinates":[[139.84183,35.70685],[139.84127,35.70718],[139.84054,35.70723],[139.84271,35.70918],[139.84136,35.71042],[139.84216,35.71224],[139.84219,35.71512],[139.84091,35.71502],[139.83794,35.71668],[139.83677,35.71696],[139.83631,35.71685],[139.83594,35.71655],[139.83574,35.71577],[139.83619,35.71465],[139.83826,35.71254],[139.83986,35.71126]]},"properties":{"patternId":"Toei.Ue23.56206.1","routeId":"Toei.Ue23","routeLabelJa":"上２３ 平井操車所行","routeCode":"上２３","direction":"1","stopCount":8,"geometrySource":"odpt-road-shape","operator":"Toei","patternCount":1}},{"type":"Feature","geometry":{"type":"LineString","coordinates":[[139.83967,35.71138],[139.8363,35.71444],[139.83573,35.71592],[139.83594,35.71655],[139.83631,35.71685],[139.83677,35.71696],[139.83812,35.71661],[139.84091,35.71502],[139.84219,35.71512],[139.84216,35.71224],[139.84136,35.71042],[139.84366,35.70842],[139.84215,35.70723],[139.84245,35.70696],[139.84222,35.70675]]},"properties":{"patternId":"Toei.Ue23.56206.2","routeId":"Toei.Ue23","routeLabelJa":"上２３ 平井駅前行","routeCode":"上２３","direction":"2","stopCount":9,"geometrySource":"odpt-road-shape","operator":"Toei","patternCount":1}},{"type":"Feature","geometry":{"type":"LineString","coordinates":[[139.7726,35.70697],[139.77283,35.70716],[139.77347,35.70975],[139.7744,35.71153],[139.77494,35.71166],[139.77648,35.7115],[139.77797,35.7122],[139.79132,35.70969],[139.79193,35.71144],[139.79767,35.71073],[139.80221,35.70855],[139.8133,35.7091],[139.81785,35.70799],[139.81891,35.70927],[139.82076,35.71099],[139.82734,35.71329],[139.82836,35.71589],[139.82891,35.71573],[139.83124,35.72288],[139.83462,35.71813],[139.83375,35.71736],[139.83291,35.71625],[139.83269,35.71567],[139.83278,35.71499],[139.836,35.71507],[139.83573,35.71592],[139.83594,35.71655],[139.83677,35.71696],[139.83812,35.71661],[139.84091,35.71502],[139.84219,35.71512],[139.84216,35.71224],[139.84136,35.71042],[139.84366,35.70842],[139.84215,35.70723],[139.84245,35.70696],[139.84222,35.70674]]},"properties":{"patternId":"Toei.Ue23.56208.2","routeId":"Toei.Ue23","routeLabelJa":"上２３ 平井駅前行","routeCode":"上２３","direction":"2","stopCount":30,"geometrySource":"odpt-road-shape","operator":"Toei","patternCount":1}},{"type":"Feature","geometry":{"type":"LineString","coordinates":[[139.82828,35.71552],[139.82734,35.71329],[139.82076,35.711],[139.81891,35.70927],[139.81785,35.70799],[139.81365,35.70905],[139.80225,35.70845],[139.80206,35.71097],[139.80165,35.71106],[139.80094,35.71081],[139.79977,35.70964],[139.79767,35.71073],[139.79206,35.71142],[139.79147,35.70966],[139.77818,35.71216],[139.77679,35.71137],[139.7744,35.71153],[139.77347,35.70975],[139.77331,35.70851]]},"properties":{"patternId":"Toei.Ue23.56210.1","routeId":"Toei.Ue23","routeLabelJa":"上２３ 上野松坂屋前行","routeCode":"上２３","direction":"1","stopCount":18,"geometrySource":"odpt-road-shape","operator":"Toei","patternCount":1}},{"type":"Feature","geometry":{"type":"LineString","coordinates":[[139.83825,35.67578],[139.84048,35.67541],[139.84118,35.66944],[139.83706,35.66992],[139.82659,35.67361],[139.82578,35.66988],[139.81716,35.66949]]},"properties":{"patternId":"Toei.Kame21.60003.2","routeId":"Toei.Kame21","routeLabelJa":"亀２１ 東陽町駅前行","routeCode":"亀２１","direction":"2","stopCount":12,"geometrySource":"odpt-road-shape","operator":"Toei","patternCount":1}},{"type":"Feature","geometry":{"type":"LineString","coordinates":[[139.81413,35.69596],[139.81473,35.69567],[139.81693,35.69586],[139.8184,35.69627],[139.82581,35.69664],[139.82679,35.68402],[139.82768,35.68078],[139.82659,35.67361],[139.82577,35.66988],[139.8096,35.66927],[139.80215,35.66953],[139.80026,35.67],[139.79478,35.67237],[139.7951,35.67295]]},"properties":{"patternId":"Toei.To07.60101.1","routeId":"Toei.To07","routeLabelJa":"都０７ 門前仲町行","routeCode":"都０７","direction":"1","stopCount":21,"geometrySource":"odpt-road-shape","operator":"Toei","patternCount":1}},{"type":"Feature","geometry":{"type":"LineString","coordinates":[[139.79563,35.67218],[139.80043,35.67003],[139.80226,35.66961],[139.81029,35.66936],[139.8258,35.67001],[139.82659,35.67362],[139.82768,35.68078],[139.82679,35.68402],[139.82571,35.69652],[139.81918,35.69617],[139.8178,35.69583],[139.81425,35.69548],[139.8139,35.69575]]},"properties":{"patternId":"Toei.To07.60101.2","routeId":"Toei.To07","routeLabelJa":"都０７ 錦糸町駅前行","routeCode":"都０７","direction":"2","stopCount":21,"geometrySource":"odpt-road-shape","operator":"Toei","patternCount":1}},{"type":"Feature","geometry":{"type":"LineString","coordinates":[[139.81438,35.69586],[139.81474,35.69567],[139.81512,35.69575],[139.81549,35.69229],[139.81613,35.68422],[139.81591,35.67657],[139.81648,35.67064]]},"properties":{"patternId":"Toei.Higashi22.60202.1","routeId":"Toei.Higashi22","routeLabelJa":"東２２ 東陽町駅前行","routeCode":"東２２","direction":"1","stopCount":11,"geometrySource":"odpt-road-shape","operator":"Toei","patternCount":1}},{"type":"Feature","geometry":{"type":"LineString","coordinates":[[139.81414,35.69596],[139.81473,35.69567],[139.81693,35.69586],[139.8184,35.69627],[139.82581,35.69664],[139.82679,35.68402],[139.82766,35.68118],[139.82659,35.67361],[139.82577,35.66988],[139.81707,35.66968]]},"properties":{"patternId":"Toei.To07.60103.1","routeId":"Toei.To07","routeLabelJa":"都０７ 東陽町駅前行","routeCode":"都０７","direction":"1","stopCount":14,"geometrySource":"odpt-road-shape","operator":"Toei","patternCount":1}},{"type":"Feature","geometry":{"type":"LineString","coordinates":[[139.81713,35.6695],[139.8258,35.67001],[139.82659,35.67362],[139.82766,35.68118],[139.82679,35.68402],[139.82571,35.69652],[139.81918,35.69617],[139.8178,35.69583],[139.81425,35.69548],[139.8139,35.69575]]},"properties":{"patternId":"Toei.To07.60103.2","routeId":"Toei.To07","routeLabelJa":"都０７ 錦糸町駅前行","routeCode":"都０７","direction":"2","stopCount":14,"geometrySource":"odpt-road-shape","operator":"Toei","patternCount":1}},{"type":"Feature","geometry":{"type":"LineString","coordinates":[[139.82592,35.69568],[139.82679,35.68402],[139.82768,35.68078],[139.82659,35.67361],[139.82577,35.66988],[139.8096,35.66927],[139.80215,35.66953],[139.80026,35.67],[139.79478,35.67237],[139.7951,35.67295]]},"properties":{"patternId":"Toei.To07.60104.1","routeId":"Toei.To07","routeLabelJa":"都０７ 門前仲町行","routeCode":"都０７","direction":"1","stopCount":18,"geometrySource":"odpt-road-shape","operator":"Toei","patternCount":1}},{"type":"Feature","geometry":{"type":"LineString","coordinates":[[139.82646,35.68892],[139.82679,35.68402],[139.82768,35.68078],[139.82659,35.67361],[139.82577,35.66988],[139.8096,35.66927],[139.80215,35.66953],[139.80026,35.67],[139.79478,35.67237],[139.7951,35.67295]]},"properties":{"patternId":"Toei.To07.60105.1","routeId":"Toei.To07","routeLabelJa":"都０７ 門前仲町行","routeCode":"都０７","direction":"1","stopCount":16,"geometrySource":"odpt-road-shape","operator":"Toei","patternCount":1}},{"type":"Feature","geometry":{"type":"LineString","coordinates":[[139.82575,35.69786],[139.82684,35.68381],[139.83627,35.68443],[139.83235,35.67123],[139.83133,35.66887]]},"properties":{"patternId":"Toei.Kame23.60702.1","routeId":"Toei.Kame23","routeLabelJa":"亀２３ 南砂町駅前行","routeCode":"亀２３","direction":"1","stopCount":14,"geometrySource":"odpt-road-shape","operator":"Toei","patternCount":1}},{"type":"Feature","geometry":{"type":"LineString","coordinates":[[139.83121,35.66891],[139.83242,35.67166],[139.83615,35.68439],[139.82674,35.68377],[139.82561,35.69781],[139.8253,35.6978]]},"properties":{"patternId":"Toei.Kame23.60702.2","routeId":"Toei.Kame23","routeLabelJa":"亀２３ 亀戸駅前行","routeCode":"亀２３","direction":"2","stopCount":14,"geometrySource":"odpt-road-shape","operator":"Toei","patternCount":1}},{"type":"Feature","geometry":{"type":"LineString","coordinates":[[139.81451,35.69584],[139.81469,35.69567],[139.81697,35.69585],[139.81836,35.69626],[139.82581,35.69664],[139.82682,35.68385],[139.82769,35.68093],[139.82659,35.67362],[139.82578,35.66993],[139.82568,35.66642],[139.82543,35.66594],[139.82387,35.66437],[139.82377,35.66327],[139.82425,35.65601],[139.82572,35.64559],[139.82598,35.6456]]},"properties":{"patternId":"Toei.Nishiki18.60901.1","routeId":"Toei.Nishiki18","routeLabelJa":"錦１８ 新木場駅前（構内）行","routeCode":"錦１８","direction":"1","stopCount":18,"geometrySource":"odpt-road-shape","operator":"Toei","patternCount":1}},{"type":"Feature","geometry":{"type":"LineString","coordinates":[[139.82635,35.64527],[139.82711,35.64521],[139.82721,35.64464],[139.82522,35.64446],[139.82558,35.6459],[139.8241,35.65611],[139.82364,35.66216],[139.82381,35.66443],[139.82538,35.66602],[139.8256,35.66655],[139.82572,35.66979],[139.82659,35.67361],[139.82769,35.68093],[139.82682,35.68385],[139.82573,35.69652],[139.81916,35.69617],[139.81777,35.69582],[139.81428,35.69548],[139.81389,35.69575]]},"properties":{"patternId":"Toei.Nishiki18.60901.2","routeId":"Toei.Nishiki18","routeLabelJa":"錦１８ 錦糸町駅前行","routeCode":"錦１８","direction":"2","stopCount":18,"geometrySource":"odpt-road-shape","operator":"Toei","patternCount":1}},{"type":"Feature","geometry":{"type":"LineString","coordinates":[[139.82592,35.69568],[139.82682,35.68385],[139.82769,35.68093],[139.82659,35.67362],[139.82578,35.66993],[139.82568,35.66642],[139.82543,35.66594],[139.82387,35.66437],[139.82377,35.66327],[139.82425,35.65601],[139.82572,35.64559],[139.82598,35.6456]]},"properties":{"patternId":"Toei.Nishiki18.60902.1","routeId":"Toei.Nishiki18","routeLabelJa":"錦１８ 新木場駅前（構内）行","routeCode":"錦１８","direction":"1","stopCount":15,"geometrySource":"odpt-road-shape","operator":"Toei","patternCount":1}},{"type":"Feature","geometry":{"type":"LineString","coordinates":[[139.82548,35.64563],[139.8241,35.65608],[139.82365,35.66219],[139.82371,35.66417],[139.82559,35.66646],[139.82573,35.66978],[139.82659,35.67362],[139.82769,35.68093],[139.82685,35.6838],[139.82572,35.69653],[139.81907,35.69615],[139.81791,35.69585],[139.81423,35.69549],[139.81389,35.69576]]},"properties":{"patternId":"Toei.Kyuukou05.61002.2","routeId":"Toei.Kyuukou05","routeLabelJa":"急行０５ 錦糸町駅前行","routeCode":"急行０５","direction":"2","stopCount":17,"geometrySource":"odpt-road-shape","operator":"Toei","patternCount":1}},{"type":"Feature","geometry":{"type":"LineString","coordinates":[[139.81452,35.69587],[139.81471,35.69567],[139.81712,35.69587],[139.81837,35.69627],[139.82582,35.69663],[139.82685,35.6838],[139.82769,35.68093],[139.82659,35.67362],[139.8258,35.67005],[139.82569,35.66657],[139.82548,35.666],[139.82387,35.66435],[139.82377,35.66219],[139.82425,35.65598],[139.82572,35.64554],[139.82624,35.64557],[139.82632,35.64516],[139.82711,35.64522],[139.82722,35.64465],[139.82469,35.64441],[139.82025,35.64283],[139.81028,35.64188],[139.80744,35.64086],[139.80375,35.64046],[139.80237,35.63999],[139.79918,35.6383],[139.79898,35.63805],[139.79895,35.6374],[139.79968,35.6351],[139.79951,35.63459],[139.77382,35.62063],[139.77497,35.6192],[139.77578,35.61963],[139.77602,35.61934]]},"properties":{"patternId":"Toei.Kyuukou05.61003.1","routeId":"Toei.Kyuukou05","routeLabelJa":"急行０５ 日本科学未来館行","routeCode":"急行０５","direction":"1","stopCount":23,"geometrySource":"odpt-road-shape","operator":"Toei","patternCount":1}},{"type":"Feature","geometry":{"type":"LineString","coordinates":[[139.77602,35.61934],[139.77578,35.61963],[139.77497,35.6192],[139.77678,35.61696],[139.77727,35.61673],[139.77788,35.61679],[139.78084,35.6184],[139.77985,35.6198],[139.77828,35.62316],[139.79934,35.63463],[139.79957,35.63516],[139.79881,35.63745],[139.79888,35.63807],[139.7993,35.63847],[139.80231,35.64005],[139.80376,35.64053],[139.80753,35.64096],[139.81019,35.64194],[139.82039,35.64293],[139.82436,35.64439],[139.82528,35.64455],[139.82557,35.64576],[139.8241,35.65608],[139.82365,35.66219],[139.82371,35.66417],[139.82559,35.66646],[139.82573,35.66978],[139.82659,35.67362],[139.82769,35.68093],[139.82685,35.6838],[139.82572,35.69653],[139.81907,35.69615],[139.81791,35.69585],[139.81423,35.69549],[139.81389,35.69576]]},"properties":{"patternId":"Toei.Kyuukou05.61003.2","routeId":"Toei.Kyuukou05","routeLabelJa":"急行０５ 錦糸町駅前行","routeCode":"急行０５","direction":"2","stopCount":24,"geometrySource":"odpt-road-shape","operator":"Toei","patternCount":1}},{"type":"Feature","geometry":{"type":"LineString","coordinates":[[139.82592,35.69568],[139.82685,35.6838],[139.82769,35.68093],[139.82659,35.67362],[139.8258,35.67005],[139.82569,35.66657],[139.82548,35.666],[139.82387,35.66435],[139.82377,35.66219],[139.82425,35.65598],[139.82572,35.64554],[139.82624,35.64557],[139.82632,35.64516],[139.82711,35.64522],[139.82722,35.64465],[139.82469,35.64441],[139.82025,35.64283],[139.81028,35.64188],[139.80744,35.64086],[139.80375,35.64046],[139.80237,35.63999],[139.79918,35.6383],[139.79898,35.63805],[139.79895,35.6374],[139.79968,35.6351],[139.79951,35.63459],[139.77382,35.62063],[139.77497,35.6192],[139.77578,35.61963],[139.77602,35.61934]]},"properties":{"patternId":"Toei.Kyuukou05.61006.1","routeId":"Toei.Kyuukou05","routeLabelJa":"急行０５ 日本科学未来館行","routeCode":"急行０５","direction":"1","stopCount":20,"geometrySource":"odpt-road-shape","operator":"Toei","patternCount":1}},{"type":"Feature","geometry":{"type":"LineString","coordinates":[[139.79141,35.63041],[139.79934,35.63463],[139.79957,35.63516],[139.79881,35.63745],[139.79888,35.63807],[139.7993,35.63847],[139.80231,35.64005],[139.80376,35.64053],[139.80753,35.64096],[139.81019,35.64194],[139.82039,35.64293],[139.82436,35.64439],[139.82528,35.64455],[139.82557,35.64576],[139.8241,35.65608],[139.82365,35.66219],[139.82371,35.66417],[139.82559,35.66646],[139.82573,35.66978],[139.82659,35.67362],[139.82769,35.68093],[139.82685,35.6838],[139.82572,35.69653],[139.81907,35.69615],[139.81791,35.69585],[139.81423,35.69549],[139.81389,35.69576]]},"properties":{"patternId":"Toei.Kyuukou05.61007.2","routeId":"Toei.Kyuukou05","routeLabelJa":"急行０５ 錦糸町駅前行","routeCode":"急行０５","direction":"2","stopCount":19,"geometrySource":"odpt-road-shape","operator":"Toei","patternCount":1}},{"type":"Feature","geometry":{"type":"LineString","coordinates":[[139.82592,35.69568],[139.82685,35.6838],[139.82769,35.68093],[139.82659,35.67362],[139.8258,35.67005],[139.82569,35.66657],[139.82548,35.666],[139.82387,35.66435],[139.82377,35.66219],[139.82425,35.65598],[139.82572,35.64554],[139.82624,35.64557],[139.82635,35.64528]]},"properties":{"patternId":"Toei.Kyuukou05.61008.1","routeId":"Toei.Kyuukou05","routeLabelJa":"急行０５ 新木場駅前（構内）行","routeCode":"急行０５","direction":"1","stopCount":15,"geometrySource":"odpt-road-shape","operator":"Toei","patternCount":1}},{"type":"Feature","geometry":{"type":"LineString","coordinates":[[139.8818,35.73238],[139.88139,35.73068],[139.88173,35.72837],[139.88235,35.7266],[139.88273,35.72603],[139.88377,35.72521],[139.87389,35.71582],[139.8674,35.70827],[139.86772,35.70764],[139.86798,35.70325],[139.86756,35.69101],[139.864,35.68446],[139.86396,35.68398]]},"properties":{"patternId":"Toei.Nishiki27-2.61101.1","routeId":"Toei.Nishiki27-2","routeLabelJa":"錦２７－２ 船堀駅前行","routeCode":"錦２７－２","direction":"1","stopCount":17,"geometrySource":"odpt-road-shape","operator":"Toei","patternCount":1}},{"type":"Feature","geometry":{"type":"LineString","coordinates":[[139.86425,35.68338],[139.86442,35.68327],[139.86493,35.6837],[139.864,35.68446],[139.86756,35.69101],[139.86798,35.70325],[139.86777,35.7074],[139.8674,35.70827],[139.87456,35.71652],[139.88377,35.72521],[139.88273,35.72603],[139.88235,35.7266],[139.88173,35.72837],[139.88141,35.73089],[139.8818,35.73238],[139.88169,35.73257]]},"properties":{"patternId":"Toei.Nishiki27-2.61101.2","routeId":"Toei.Nishiki27-2","routeLabelJa":"錦２７－２ 小岩駅前行","routeCode":"錦２７－２","direction":"2","stopCount":17,"geometrySource":"odpt-road-shape","operator":"Toei","patternCount":1}},{"type":"Feature","geometry":{"type":"LineString","coordinates":[[139.86425,35.68338],[139.86442,35.68327],[139.86493,35.6837],[139.864,35.68446],[139.86576,35.68774],[139.86444,35.68821]]},"properties":{"patternId":"Toei.Shinko21.61102.1","routeId":"Toei.Shinko21","routeLabelJa":"新小２１ 船堀駅前行","routeCode":"新小２１","direction":"1","stopCount":2,"geometrySource":"odpt-road-shape","operator":"Toei","patternCount":4}},{"type":"Feature","geometry":{"type":"LineString","coordinates":[[139.8643,35.68338],[139.86494,35.68374],[139.86403,35.68446],[139.86578,35.68774],[139.86452,35.6882],[139.86453,35.68835]]},"properties":{"patternId":"Toei.Shinko21.61102.2","routeId":"Toei.Shinko21","routeLabelJa":"新小２１ 東小松川車庫前行","routeCode":"新小２１","direction":"2","stopCount":3,"geometrySource":"odpt-road-shape","operator":"Toei","patternCount":3}},{"type":"Feature","geometry":{"type":"LineString","coordinates":[[139.79837,35.68762],[139.79863,35.68324],[139.79909,35.67961],[139.79626,35.67607],[139.79605,35.67422],[139.79473,35.67207],[139.7912,35.66917],[139.79778,35.66355],[139.79498,35.66154],[139.79229,35.65919],[139.79229,35.65901],[139.79667,35.65458],[139.79352,35.65219],[139.79087,35.64912],[139.78485,35.64507],[139.79529,35.63224],[139.7738,35.62062],[139.77497,35.6192],[139.77575,35.61962],[139.776,35.61933]]},"properties":{"patternId":"Toei.Kyuukou06.61202.1","routeId":"Toei.Kyuukou06","routeLabelJa":"急行０６ 日本科学未来館行","routeCode":"急行０６","direction":"1","stopCount":8,"geometrySource":"odpt-road-shape","operator":"Toei","patternCount":1}},{"type":"Feature","geometry":{"type":"LineString","coordinates":[[139.776,35.61933],[139.77575,35.61962],[139.77497,35.6192],[139.77678,35.61698],[139.77717,35.61675],[139.7778,35.61675],[139.78085,35.61841],[139.77984,35.61984],[139.77828,35.62316],[139.79505,35.63227],[139.7846,35.64507],[139.79075,35.64922],[139.79354,35.6524],[139.79639,35.65456],[139.79602,35.65494],[139.79548,35.65466],[139.79501,35.65514],[139.79519,35.65526],[139.79569,35.65482],[139.79597,35.65499],[139.79217,35.65882],[139.79208,35.65919],[139.79499,35.66174],[139.79769,35.66363],[139.7911,35.66926],[139.79475,35.67232],[139.7959,35.67414],[139.79626,35.67607],[139.79909,35.67961],[139.79812,35.6887]]},"properties":{"patternId":"Toei.Kyuukou06.61202.2","routeId":"Toei.Kyuukou06","routeLabelJa":"急行０６ 森下駅前行","routeCode":"急行０６","direction":"2","stopCount":9,"geometrySource":"odpt-road-shape","operator":"Toei","patternCount":1}},{"type":"Feature","geometry":{"type":"LineString","coordinates":[[139.81677,35.66967],[139.8258,35.67001],[139.82768,35.66986],[139.82835,35.66947],[139.82943,35.66819],[139.83072,35.66767],[139.83035,35.66674],[139.831,35.66636],[139.83064,35.66518],[139.83383,35.66416],[139.8348,35.6663],[139.83077,35.66754],[139.83234,35.67129],[139.83296,35.67339],[139.84089,35.67191],[139.8405,35.67541],[139.84115,35.6753],[139.84231,35.67459],[139.84285,35.67453],[139.84524,35.68531],[139.84521,35.68777],[139.84466,35.68969],[139.84534,35.68974],[139.84547,35.68991]]},"properties":{"patternId":"Toei.You20.61302.1","routeId":"Toei.You20","routeLabelJa":"陽２０ 東大島駅前行","routeCode":"陽２０","direction":"1","stopCount":18,"geometrySource":"odpt-road-shape","operator":"Toei","patternCount":1}},{"type":"Feature","geometry":{"type":"LineString","coordinates":[[139.88751,35.68344],[139.88762,35.68357],[139.86781,35.69852],[139.86798,35.70325],[139.86085,35.70148],[139.85317,35.70024],[139.84417,35.6976],[139.82576,35.69659],[139.82566,35.69776],[139.82533,35.69781],[139.82532,35.69799]]},"properties":{"patternId":"Toei.Kame26.64001.1","routeId":"Toei.Kame26","routeLabelJa":"亀２６ 亀戸駅前行","routeCode":"亀２６","direction":"1","stopCount":18,"geometrySource":"odpt-road-shape","operator":"Toei","patternCount":1}},{"type":"Feature","geometry":{"type":"LineString","coordinates":[[139.82584,35.69792],[139.82566,35.69776],[139.82576,35.69659],[139.84416,35.6976],[139.8536,35.70049],[139.86276,35.70202],[139.86798,35.70325],[139.86781,35.69852],[139.88432,35.68605],[139.8836,35.68597],[139.88358,35.68622],[139.88402,35.68627],[139.88762,35.68357],[139.88751,35.68344]]},"properties":{"patternId":"Toei.Kame26.64001.2","routeId":"Toei.Kame26","routeLabelJa":"亀２６ 今井行","routeCode":"亀２６","direction":"2","stopCount":18,"geometrySource":"odpt-road-shape","operator":"Toei","patternCount":1}},{"type":"Feature","geometry":{"type":"LineString","coordinates":[[139.87277,35.66323],[139.87301,35.66334],[139.8733,35.66769],[139.85182,35.67095],[139.84344,35.67152],[139.84087,35.67191],[139.84048,35.67542],[139.8271,35.67709],[139.82582,35.67742],[139.82474,35.67813],[139.82217,35.68116],[139.81857,35.68318],[139.79328,35.68172],[139.79073,35.68304],[139.78995,35.68366],[139.78823,35.68565],[139.7845,35.68384],[139.77764,35.69174],[139.77716,35.69262],[139.77203,35.6909],[139.77023,35.69535],[139.77118,35.69761],[139.77387,35.69753],[139.77423,35.69869],[139.77371,35.69869],[139.77373,35.699]]},"properties":{"patternId":"Toei.Aki26.64101.1","routeId":"Toei.Aki26","routeLabelJa":"秋２６ 秋葉原駅前行","routeCode":"秋２６","direction":"1","stopCount":31,"geometrySource":"odpt-road-shape","operator":"Toei","patternCount":2}},{"type":"Feature","geometry":{"type":"LineString","coordinates":[[139.77373,35.699],[139.77399,35.69901],[139.774,35.69876],[139.77423,35.69869],[139.77433,35.69943],[139.77561,35.69939],[139.77547,35.69762],[139.77118,35.69761],[139.77023,35.69535],[139.77112,35.69314],[139.7763,35.69456],[139.77594,35.69562],[139.78,35.69538],[139.78007,35.69447],[139.78472,35.69039],[139.786,35.68841],[139.78977,35.68385],[139.79099,35.6829],[139.79328,35.68172],[139.81857,35.68318],[139.82217,35.68116],[139.82474,35.67813],[139.82569,35.67748],[139.8271,35.67709],[139.84048,35.67542],[139.84087,35.67191],[139.84344,35.67152],[139.85182,35.67095],[139.87351,35.66765],[139.87315,35.66297],[139.87276,35.66299],[139.87277,35.66321]]},"properties":{"patternId":"Toei.Aki26.64101.2","routeId":"Toei.Aki26","routeLabelJa":"秋２６ 葛西駅前行","routeCode":"秋２６","direction":"2","stopCount":32,"geometrySource":"odpt-road-shape","operator":"Toei","patternCount":1}},{"type":"Feature","geometry":{"type":"LineString","coordinates":[[139.77373,35.699],[139.77399,35.69901],[139.774,35.69876],[139.77423,35.69869],[139.77433,35.69943],[139.77561,35.69939],[139.77545,35.69563],[139.78,35.69538],[139.78007,35.69447],[139.78472,35.69039],[139.786,35.68841],[139.78977,35.68385],[139.79099,35.6829],[139.79328,35.68172],[139.81857,35.68318],[139.82217,35.68116],[139.82474,35.67813],[139.82569,35.67748],[139.8271,35.67709],[139.84048,35.67542],[139.84087,35.67191],[139.84344,35.67152],[139.85182,35.67095],[139.87351,35.66765],[139.87315,35.66297],[139.87276,35.66299],[139.87277,35.66321]]},"properties":{"patternId":"Toei.Aki26.64102.2","routeId":"Toei.Aki26","routeLabelJa":"秋２６ 葛西駅前行","routeCode":"秋２６","direction":"2","stopCount":29,"geometrySource":"odpt-road-shape","operator":"Toei","patternCount":1}},{"type":"Feature","geometry":{"type":"LineString","coordinates":[[139.84005,35.67547],[139.8271,35.67709],[139.82582,35.67742],[139.82474,35.67813],[139.82217,35.68116],[139.81857,35.68318],[139.79328,35.68172],[139.79073,35.68304],[139.78995,35.68366],[139.78823,35.68565],[139.7845,35.68384],[139.77764,35.69174],[139.77716,35.69262],[139.77203,35.6909],[139.77023,35.69535],[139.77118,35.69761],[139.77387,35.69753],[139.77423,35.69869],[139.77371,35.69869],[139.77373,35.699]]},"properties":{"patternId":"Toei.Aki26.64103.1","routeId":"Toei.Aki26","routeLabelJa":"秋２６ 秋葉原駅前行","routeCode":"秋２６","direction":"1","stopCount":24,"geometrySource":"odpt-road-shape","operator":"Toei","patternCount":1}},{"type":"Feature","geometry":{"type":"LineString","coordinates":[[139.87275,35.66309],[139.87278,35.66334],[139.87301,35.66334],[139.8733,35.66769],[139.87155,35.66796],[139.87214,35.67155],[139.87131,35.6753],[139.87064,35.67605],[139.87461,35.68212],[139.87509,35.6835],[139.87614,35.6851],[139.87765,35.68813],[139.87898,35.69012],[139.86781,35.69852],[139.86798,35.70325],[139.86085,35.70148],[139.85317,35.70024],[139.84924,35.69912],[139.84548,35.70583],[139.84394,35.70575],[139.84244,35.70695],[139.84222,35.70679]]},"properties":{"patternId":"Toei.Hira23.64201.1","routeId":"Toei.Hira23","routeLabelJa":"平２３ 平井駅前行","routeCode":"平２３","direction":"1","stopCount":19,"geometrySource":"odpt-road-shape","operator":"Toei","patternCount":1}},{"type":"Feature","geometry":{"type":"LineString","coordinates":[[139.84222,35.70679],[139.84206,35.70667],[139.84169,35.70696],[139.84363,35.7084],[139.84445,35.70767],[139.84924,35.69912],[139.8536,35.70049],[139.86276,35.70202],[139.86798,35.70325],[139.86781,35.69852],[139.87898,35.69012],[139.87765,35.68813],[139.87614,35.6851],[139.87514,35.68358],[139.87461,35.68212],[139.87064,35.67605],[139.87131,35.6753],[139.87214,35.67155],[139.87155,35.66796],[139.87351,35.66765],[139.87316,35.66298],[139.87275,35.66307]]},"properties":{"patternId":"Toei.Hira23.64201.2","routeId":"Toei.Hira23","routeLabelJa":"平２３ 葛西駅前行","routeCode":"平２３","direction":"2","stopCount":19,"geometrySource":"odpt-road-shape","operator":"Toei","patternCount":1}},{"type":"Feature","geometry":{"type":"LineString","coordinates":[[139.87058,35.69644],[139.87898,35.69012],[139.87765,35.68813],[139.87614,35.6851],[139.87514,35.68358],[139.87461,35.68212],[139.87064,35.67605],[139.87131,35.6753],[139.87214,35.67155],[139.87155,35.66796],[139.87351,35.66765],[139.87316,35.66298],[139.87275,35.66307]]},"properties":{"patternId":"Toei.Hira23.64202.2","routeId":"Toei.Hira23","routeLabelJa":"平２３ 葛西駅前行","routeCode":"平２３","direction":"2","stopCount":12,"geometrySource":"odpt-road-shape","operator":"Toei","patternCount":1}},{"type":"Feature","geometry":{"type":"LineString","coordinates":[[139.86826,35.69817],[139.86781,35.69852],[139.86798,35.70325],[139.86085,35.70148],[139.85317,35.70024],[139.84924,35.69912],[139.84548,35.70583],[139.84394,35.70575],[139.84244,35.70695],[139.84222,35.70679]]},"properties":{"patternId":"Toei.Hira23.64203.1","routeId":"Toei.Hira23","routeLabelJa":"平２３ 平井駅前行","routeCode":"平２３","direction":"1","stopCount":7,"geometrySource":"odpt-road-shape","operator":"Toei","patternCount":1}},{"type":"Feature","geometry":{"type":"LineString","coordinates":[[139.79319,35.70927],[139.7914,35.70968],[139.79198,35.71143],[139.79767,35.71073],[139.79975,35.70962],[139.79835,35.70782],[139.79839,35.7073],[139.79691,35.70366],[139.80224,35.70376],[139.81441,35.70439],[139.81468,35.70121],[139.82534,35.70175],[139.82634,35.68938],[139.82973,35.68929],[139.84436,35.69065],[139.84471,35.68968],[139.84543,35.68975],[139.84553,35.68991]]},"properties":{"patternId":"Toei.Kusa24.64301.2","routeId":"Toei.Kusa24","routeLabelJa":"草２４ 東大島駅前行","routeCode":"草２４","direction":"2","stopCount":22,"geometrySource":"odpt-road-shape","operator":"Toei","patternCount":2}},{"type":"Feature","geometry":{"type":"LineString","coordinates":[[139.82563,35.69803],[139.82534,35.70175],[139.81468,35.70121],[139.81441,35.70439],[139.80224,35.70376],[139.79691,35.70366],[139.79843,35.70748],[139.79835,35.70782],[139.79975,35.70962],[139.79767,35.71073],[139.79632,35.71088],[139.79609,35.7088],[139.79324,35.70926]]},"properties":{"patternId":"Toei.Kusa24.64302.1","routeId":"Toei.Kusa24","routeLabelJa":"草２４ 浅草寿町行","routeCode":"草２４","direction":"1","stopCount":15,"geometrySource":"odpt-road-shape","operator":"Toei","patternCount":1}},{"type":"Feature","geometry":{"type":"LineString","coordinates":[[139.79319,35.70927],[139.7914,35.70968],[139.79198,35.71143],[139.79767,35.71073],[139.79975,35.70962],[139.79835,35.70782],[139.79839,35.7073],[139.79691,35.70366],[139.80224,35.70376],[139.81441,35.70439],[139.81468,35.70121],[139.82534,35.70175],[139.82563,35.69803]]},"properties":{"patternId":"Toei.Kusa24.64302.2","routeId":"Toei.Kusa24","routeLabelJa":"草２４ 亀戸駅前行","routeCode":"草２４","direction":"2","stopCount":13,"geometrySource":"odpt-road-shape","operator":"Toei","patternCount":1}},{"type":"Feature","geometry":{"type":"LineString","coordinates":[[139.84554,35.68993],[139.84612,35.68999],[139.84611,35.68971],[139.84471,35.68968],[139.84436,35.69065],[139.82973,35.68929],[139.82634,35.68938],[139.82563,35.69817],[139.8235,35.69808],[139.82325,35.70164],[139.81468,35.70121],[139.81441,35.70439],[139.80224,35.70376],[139.79691,35.70366],[139.79843,35.70748],[139.79835,35.70782],[139.79975,35.70962],[139.79767,35.71073],[139.79632,35.71088],[139.79609,35.7088],[139.79324,35.70926]]},"properties":{"patternId":"Toei.Kusa24.64306.1","routeId":"Toei.Kusa24","routeLabelJa":"草２４ 浅草寿町行","routeCode":"草２４","direction":"1","stopCount":23,"geometrySource":"odpt-road-shape","operator":"Toei","patternCount":1}},{"type":"Feature","geometry":{"type":"LineString","coordinates":[[139.79317,35.70928],[139.7914,35.70968],[139.79198,35.71143],[139.79767,35.71073],[139.79975,35.70962],[139.79835,35.70782],[139.79839,35.7073],[139.79691,35.70366],[139.81441,35.70439],[139.81468,35.70121],[139.82325,35.70164],[139.8235,35.69808],[139.82563,35.69817],[139.82634,35.68938],[139.82973,35.68929],[139.84436,35.69065],[139.84471,35.68968],[139.84543,35.68975],[139.84553,35.68991]]},"properties":{"patternId":"Toei.Kusa24.64306.2","routeId":"Toei.Kusa24","routeLabelJa":"草２４ 東大島駅前行","routeCode":"草２４","direction":"2","stopCount":21,"geometrySource":"odpt-road-shape","operator":"Toei","patternCount":1}},{"type":"Feature","geometry":{"type":"LineString","coordinates":[[139.86519,35.7249],[139.85707,35.71914],[139.85948,35.7168],[139.86477,35.71939],[139.8655,35.72032],[139.86708,35.7196],[139.86742,35.72036],[139.86737,35.72121],[139.86818,35.72298],[139.86937,35.72356],[139.87007,35.72413],[139.87104,35.72436],[139.87082,35.72527],[139.87171,35.72596],[139.87362,35.72339],[139.87725,35.71958],[139.87766,35.71883],[139.88161,35.70258],[139.88316,35.68895],[139.88279,35.68721],[139.8843,35.68607],[139.88382,35.68595]]},"properties":{"patternId":"Toei.Shinko20.64401.1","routeId":"Toei.Shinko20","routeLabelJa":"新小２０ 一之江駅前行","routeCode":"新小２０","direction":"1","stopCount":24,"geometrySource":"odpt-road-shape","operator":"Toei","patternCount":1}},{"type":"Feature","geometry":{"type":"LineString","coordinates":[[139.84241,35.67218],[139.84282,35.67454],[139.84201,35.67468],[139.84106,35.67535],[139.8271,35.67709],[139.82766,35.68087],[139.82681,35.68378],[139.82576,35.69659],[139.81896,35.69622],[139.81727,35.69574],[139.79767,35.69456],[139.79729,35.69863],[139.79486,35.69878],[139.79349,35.69924],[139.79179,35.69645],[139.79194,35.69542]]},"properties":{"patternId":"Toei.Ryou28.64501.1","routeId":"Toei.Ryou28","routeLabelJa":"両２８ 両国駅前行","routeCode":"両２８","direction":"1","stopCount":23,"geometrySource":"odpt-road-shape","operator":"Toei","patternCount":1}},{"type":"Feature","geometry":{"type":"LineString","coordinates":[[139.79195,35.69542],[139.79194,35.69426],[139.80844,35.69516],[139.81657,35.69578],[139.81831,35.69626],[139.82576,35.69659],[139.82681,35.68378],[139.82766,35.68098],[139.8271,35.67709],[139.84114,35.67532],[139.84201,35.67468],[139.84282,35.67454],[139.84241,35.67217]]},"properties":{"patternId":"Toei.Ryou28.64501.2","routeId":"Toei.Ryou28","routeLabelJa":"両２８ 葛西橋行","routeCode":"両２８","direction":"2","stopCount":23,"geometrySource":"odpt-road-shape","operator":"Toei","patternCount":1}},{"type":"Feature","geometry":{"type":"LineString","coordinates":[[139.84241,35.67218],[139.84282,35.67454],[139.84201,35.67468],[139.84106,35.67535],[139.8271,35.67709],[139.82766,35.68087],[139.82681,35.68378],[139.82566,35.69776],[139.82541,35.69806]]},"properties":{"patternId":"Toei.Ryou28.64502.1","routeId":"Toei.Ryou28","routeLabelJa":"両２８ 亀戸駅前行","routeCode":"両２８","direction":"1","stopCount":14,"geometrySource":"odpt-road-shape","operator":"Toei","patternCount":1}},{"type":"Feature","geometry":{"type":"LineString","coordinates":[[139.82578,35.69803],[139.82566,35.69776],[139.82681,35.68378],[139.82766,35.68098],[139.8271,35.67709],[139.84114,35.67532],[139.84201,35.67468],[139.84282,35.67454],[139.84241,35.67217]]},"properties":{"patternId":"Toei.Ryou28.64502.2","routeId":"Toei.Ryou28","routeLabelJa":"両２８ 葛西橋行","routeCode":"両２８","direction":"2","stopCount":14,"geometrySource":"odpt-road-shape","operator":"Toei","patternCount":1}},{"type":"Feature","geometry":{"type":"LineString","coordinates":[[139.84588,35.6901],[139.84615,35.69],[139.84614,35.68974],[139.84481,35.68971],[139.84524,35.68791],[139.84523,35.68521],[139.84284,35.67453],[139.84201,35.67469],[139.84103,35.67535],[139.8338,35.67626],[139.83296,35.67339],[139.82159,35.67583],[139.81598,35.67577],[139.81644,35.66955],[139.8108,35.66928],[139.80577,35.66939],[139.80688,35.67537],[139.79545,35.675],[139.79212,35.67399],[139.79194,35.67377],[139.79484,35.67247],[139.7953,35.67331]]},"properties":{"patternId":"Toei.Mon21.64601.1","routeId":"Toei.Mon21","routeLabelJa":"門２１ 門前仲町行","routeCode":"門２１","direction":"1","stopCount":28,"geometrySource":"odpt-road-shape","operator":"Toei","patternCount":1}},{"type":"Feature","geometry":{"type":"LineString","coordinates":[[139.79579,35.67399],[139.7961,35.67506],[139.79628,35.67509],[139.80701,35.67545],[139.80592,35.66948],[139.8091,35.66936],[139.81644,35.66955],[139.81598,35.67577],[139.82159,35.67583],[139.83296,35.67339],[139.8338,35.67626],[139.84103,35.67535],[139.84201,35.67469],[139.84284,35.67453],[139.84523,35.68522],[139.84521,35.68774],[139.84466,35.6897],[139.84545,35.68989]]},"properties":{"patternId":"Toei.Mon21.64601.2","routeId":"Toei.Mon21","routeLabelJa":"門２１ 東大島駅前行","routeCode":"門２１","direction":"2","stopCount":27,"geometrySource":"odpt-road-shape","operator":"Toei","patternCount":1}},{"type":"Feature","geometry":{"type":"LineString","coordinates":[[139.84588,35.6901],[139.84615,35.69],[139.84614,35.68974],[139.84481,35.68971],[139.84524,35.68791],[139.84523,35.68521],[139.84284,35.67453],[139.84201,35.67469],[139.84103,35.67535],[139.8338,35.67626],[139.83296,35.67339],[139.82159,35.67583],[139.81598,35.67577],[139.81649,35.67064]]},"properties":{"patternId":"Toei.Mon21.64602.1","routeId":"Toei.Mon21","routeLabelJa":"門２１ 東陽町駅前行","routeCode":"門２１","direction":"1","stopCount":19,"geometrySource":"odpt-road-shape","operator":"Toei","patternCount":1}},{"type":"Feature","geometry":{"type":"LineString","coordinates":[[139.81633,35.67018],[139.81598,35.67577],[139.82159,35.67583],[139.83296,35.67339],[139.8338,35.67626],[139.84103,35.67535],[139.84201,35.67469],[139.84284,35.67453],[139.84523,35.68522],[139.84521,35.68774],[139.84466,35.6897],[139.84545,35.68989]]},"properties":{"patternId":"Toei.Mon21.64602.2","routeId":"Toei.Mon21","routeLabelJa":"門２１ 東大島駅前行","routeCode":"門２１","direction":"2","stopCount":18,"geometrySource":"odpt-road-shape","operator":"Toei","patternCount":1}},{"type":"Feature","geometry":{"type":"LineString","coordinates":[[139.83238,35.67344],[139.82678,35.67483],[139.82159,35.67583],[139.81598,35.67577],[139.81649,35.67064]]},"properties":{"patternId":"Toei.Mon21.64603.1","routeId":"Toei.Mon21","routeLabelJa":"門２１ 東陽町駅前行","routeCode":"門２１","direction":"1","stopCount":8,"geometrySource":"odpt-road-shape","operator":"Toei","patternCount":1}},{"type":"Feature","geometry":{"type":"LineString","coordinates":[[139.86415,35.68346],[139.86442,35.68328],[139.86494,35.68371],[139.86766,35.68154],[139.86558,35.6798],[139.86814,35.67812],[139.86726,35.67733],[139.8665,35.67694],[139.85864,35.67022],[139.85854,35.66997],[139.86097,35.66827],[139.8592,35.66632],[139.85886,35.66446],[139.85917,35.66438],[139.85913,35.66404],[139.85881,35.66407],[139.85861,35.66244],[139.85678,35.66287],[139.85567,35.66348],[139.85544,35.66322],[139.85542,35.66089],[139.85502,35.66016],[139.85568,35.6598],[139.85565,35.65786],[139.85487,35.6572],[139.85116,35.65719],[139.85094,35.65372],[139.86345,35.65317],[139.86947,35.65262],[139.86916,35.64834],[139.87176,35.64731],[139.87955,35.64661],[139.87932,35.64538],[139.87874,35.64462],[139.8782,35.64431],[139.87613,35.64364],[139.87561,35.64475],[139.87065,35.64288],[139.87209,35.64179],[139.87143,35.64103],[139.86665,35.64277],[139.86613,35.64253],[139.86252,35.64377],[139.86182,35.64375]]},"properties":{"patternId":"Toei.Nishikatsu26.64801.1","routeId":"Toei.Nishikatsu26","routeLabelJa":"西葛２６ 葛西臨海公園駅前行","routeCode":"西葛２６","direction":"1","stopCount":26,"geometrySource":"odpt-road-shape","operator":"Toei","patternCount":1}},{"type":"Feature","geometry":{"type":"LineString","coordinates":[[139.8617,35.64386],[139.86191,35.64402],[139.86628,35.64251],[139.86717,35.64338],[139.87169,35.64174],[139.87209,35.64179],[139.87065,35.64288],[139.87561,35.64475],[139.87613,35.64364],[139.87779,35.64419],[139.87907,35.64523],[139.87928,35.64569],[139.87955,35.64782],[139.88009,35.64775],[139.87965,35.64755],[139.87955,35.64661],[139.87176,35.64731],[139.86916,35.64834],[139.86946,35.6525],[139.86624,35.65287],[139.85094,35.65372],[139.85116,35.65719],[139.85478,35.65718],[139.85565,35.65786],[139.85566,35.65986],[139.85502,35.66016],[139.85542,35.66089],[139.85544,35.66322],[139.85576,35.66358],[139.85691,35.66286],[139.85861,35.66244],[139.8592,35.66632],[139.86097,35.66827],[139.85854,35.66997],[139.85864,35.67022],[139.86801,35.67821],[139.86558,35.6798],[139.86766,35.68154],[139.86405,35.6844],[139.86392,35.68412]]},"properties":{"patternId":"Toei.Nishikatsu26.64801.2","routeId":"Toei.Nishikatsu26","routeLabelJa":"西葛２６ 船堀駅前行","routeCode":"西葛２６","direction":"2","stopCount":26,"geometrySource":"odpt-road-shape","operator":"Toei","patternCount":1}},{"type":"Feature","geometry":{"type":"LineString","coordinates":[[139.80295,35.64672],[139.80296,35.64567],[139.80463,35.64579],[139.8042,35.64889],[139.80323,35.6489],[139.8031,35.64978],[139.8013,35.64959],[139.79709,35.65375]]},"properties":{"patternId":"Toei.Toyosu01.73302.1","routeId":"Toei.Toyosu01","routeLabelJa":"豊洲０１ 豊洲駅前行","routeCode":"豊洲０１","direction":"1","stopCount":5,"geometrySource":"odpt-road-shape","operator":"Toei","patternCount":1}},{"type":"Feature","geometry":{"type":"LineString","coordinates":[[139.86415,35.68346],[139.86442,35.68328],[139.86494,35.68371],[139.86766,35.68154],[139.86558,35.6798],[139.86814,35.67812],[139.86726,35.67733],[139.8665,35.67694],[139.85864,35.67022],[139.85854,35.66997],[139.86097,35.66827],[139.8592,35.66632],[139.85886,35.66448]]},"properties":{"patternId":"Toei.Nishikatsu26.64804.1","routeId":"Toei.Nishikatsu26","routeLabelJa":"西葛２６ 西葛西駅前行","routeCode":"西葛２６","direction":"1","stopCount":10,"geometrySource":"odpt-road-shape","operator":"Toei","patternCount":1}},{"type":"Feature","geometry":{"type":"LineString","coordinates":[[139.85886,35.66433],[139.8592,35.66632],[139.86097,35.66827],[139.85854,35.66997],[139.85864,35.67022],[139.86801,35.67821],[139.86558,35.6798],[139.86766,35.68154],[139.86405,35.6844],[139.86392,35.68412]]},"properties":{"patternId":"Toei.Nishikatsu26.64804.2","routeId":"Toei.Nishikatsu26","routeLabelJa":"西葛２６ 船堀駅前行","routeCode":"西葛２６","direction":"2","stopCount":10,"geometrySource":"odpt-road-shape","operator":"Toei","patternCount":1}},{"type":"Feature","geometry":{"type":"LineString","coordinates":[[139.85886,35.6468],[139.85859,35.64702],[139.86269,35.65011],[139.86304,35.65056],[139.86324,35.65113],[139.86368,35.65662],[139.86074,35.65749],[139.85879,35.65917],[139.85845,35.65988],[139.85836,35.66062],[139.85896,35.66516],[139.85665,35.66561],[139.85495,35.66686],[139.86381,35.68413]]},"properties":{"patternId":"Toei.Rinkai22.64901.1","routeId":"Toei.Rinkai22","routeLabelJa":"臨海２２ 船堀駅前行","routeCode":"臨海２２","direction":"1","stopCount":16,"geometrySource":"odpt-road-shape","operator":"Toei","patternCount":1}},{"type":"Feature","geometry":{"type":"LineString","coordinates":[[139.86399,35.68396],[139.86376,35.68394],[139.86163,35.68001],[139.85495,35.66686],[139.85665,35.66561],[139.85896,35.66516],[139.85886,35.66443],[139.85914,35.66434],[139.85912,35.66403],[139.85882,35.66407],[139.85836,35.66062],[139.85845,35.65988],[139.85879,35.65917],[139.86074,35.65748],[139.86381,35.65659],[139.8632,35.6506],[139.86285,35.65011],[139.85897,35.64714],[139.85906,35.64704]]},"properties":{"patternId":"Toei.Rinkai22.64901.2","routeId":"Toei.Rinkai22","routeLabelJa":"臨海２２ 臨海車庫行","routeCode":"臨海２２","direction":"2","stopCount":16,"geometrySource":"odpt-road-shape","operator":"Toei","patternCount":1}},{"type":"Feature","geometry":{"type":"LineString","coordinates":[[139.8166,35.66707],[139.81684,35.66398],[139.80565,35.66284],[139.80751,35.6596],[139.80451,35.65919],[139.80396,35.65957],[139.7965,35.65445]]},"properties":{"patternId":"Toei.You12-1.74404.1","routeId":"Toei.You12-1","routeLabelJa":"陽１２－１ 豊洲駅前行","routeCode":"陽１２－１","direction":"1","stopCount":9,"geometrySource":"odpt-road-shape","operator":"Toei","patternCount":1}},{"type":"Feature","geometry":{"type":"LineString","coordinates":[[139.8737,35.66303],[139.87368,35.66327],[139.87317,35.66331],[139.87291,35.65914],[139.87544,35.65808],[139.88434,35.65582],[139.88492,35.6648],[139.88484,35.66564],[139.88382,35.6676],[139.88362,35.66868],[139.88372,35.67079],[139.88323,35.67205],[139.88344,35.67288],[139.88439,35.67374],[139.88464,35.67487],[139.88492,35.67504],[139.88506,35.67545],[139.88536,35.67675],[139.88528,35.67995],[139.88647,35.68028],[139.88725,35.68093],[139.88931,35.6821],[139.88806,35.68325],[139.88433,35.68603],[139.88379,35.68595]]},"properties":{"patternId":"Toei.Kasai22.65001.1","routeId":"Toei.Kasai22","routeLabelJa":"葛西２２ 一之江駅前行","routeCode":"葛西２２","direction":"1","stopCount":15,"geometrySource":"odpt-road-shape","operator":"Toei","patternCount":1}},{"type":"Feature","geometry":{"type":"LineString","coordinates":[[139.88376,35.68595],[139.88363,35.68615],[139.88398,35.68628],[139.88956,35.68222],[139.88725,35.68093],[139.88647,35.68028],[139.88528,35.67995],[139.88536,35.67675],[139.88506,35.67546],[139.88492,35.67504],[139.88464,35.67487],[139.88439,35.67374],[139.88344,35.67288],[139.88323,35.67205],[139.88372,35.6708],[139.88363,35.66869],[139.88382,35.6676],[139.88483,35.66564],[139.88492,35.6648],[139.88434,35.65582],[139.87545,35.65807],[139.87272,35.65924],[139.87299,35.663],[139.8737,35.663]]},"properties":{"patternId":"Toei.Kasai22.65001.2","routeId":"Toei.Kasai22","routeLabelJa":"葛西２２ 葛西駅前行","routeCode":"葛西２２","direction":"2","stopCount":13,"geometrySource":"odpt-road-shape","operator":"Toei","patternCount":1}},{"type":"Feature","geometry":{"type":"LineString","coordinates":[[139.81525,35.69499],[139.81575,35.68897],[139.79821,35.68797],[139.79344,35.68794],[139.78187,35.68248],[139.77938,35.68208],[139.7785,35.68112],[139.77439,35.67465],[139.77414,35.67296],[139.77324,35.67095],[139.77212,35.66938],[139.77065,35.66811]]},"properties":{"patternId":"Toei.Nishiki11.65201.1","routeId":"Toei.Nishiki11","routeLabelJa":"錦１１ 築地駅前行","routeCode":"錦１１","direction":"1","stopCount":20,"geometrySource":"odpt-road-shape","operator":"Toei","patternCount":1}},{"type":"Feature","geometry":{"type":"LineString","coordinates":[[139.77162,35.66743],[139.77308,35.66855],[139.77206,35.66933],[139.77324,35.67096],[139.77414,35.67296],[139.77439,35.67465],[139.7785,35.68111],[139.77938,35.68208],[139.78181,35.68258],[139.7933,35.68799],[139.7991,35.68811],[139.81074,35.68878],[139.81017,35.69358],[139.80935,35.69455],[139.80928,35.6953],[139.81395,35.69561],[139.81391,35.69575]]},"properties":{"patternId":"Toei.Nishiki11.65201.2","routeId":"Toei.Nishiki11","routeLabelJa":"錦１１ 錦糸町駅前行","routeCode":"錦１１","direction":"2","stopCount":20,"geometrySource":"odpt-road-shape","operator":"Toei","patternCount":1}},{"type":"Feature","geometry":{"type":"LineString","coordinates":[[139.84902,35.68946],[139.84843,35.68978],[139.84855,35.69362],[139.84998,35.69463],[139.84855,35.69594],[139.85057,35.69739],[139.84924,35.69912],[139.84548,35.70583],[139.84394,35.70575],[139.84244,35.70695],[139.84206,35.70667],[139.84143,35.70713],[139.84054,35.70723],[139.83733,35.70424],[139.84025,35.70267],[139.84184,35.70131],[139.84356,35.70023],[139.84488,35.69947],[139.84723,35.69853],[139.84858,35.69681],[139.84817,35.69651],[139.84855,35.69594],[139.85057,35.69739],[139.85153,35.69607],[139.85166,35.69465],[139.85002,35.69466],[139.84855,35.69362],[139.84861,35.69079],[139.84846,35.68925],[139.8488,35.68911]]},"properties":{"patternId":"Toei.Hira28.65304.3","routeId":"Toei.Hira28","routeLabelJa":"平２８ 東大島駅前行","routeCode":"平２８","direction":"3","stopCount":22,"geometrySource":"odpt-road-shape","operator":"Toei","patternCount":1}},{"type":"Feature","geometry":{"type":"LineString","coordinates":[[139.86415,35.68346],[139.86442,35.68328],[139.86494,35.68371],[139.86817,35.68115],[139.87059,35.6864],[139.87278,35.69431],[139.87297,35.69464],[139.87401,35.69386],[139.87815,35.69902],[139.87837,35.70091],[139.87826,35.70277],[139.89787,35.70166],[139.90525,35.70413],[139.90446,35.70565],[139.90408,35.70555],[139.90395,35.70584]]},"properties":{"patternId":"Toei.Fune28.65601.1","routeId":"Toei.Fune28","routeLabelJa":"船２８ 篠崎駅前行","routeCode":"船２８","direction":"1","stopCount":15,"geometrySource":"odpt-road-shape","operator":"Toei","patternCount":1}},{"type":"Feature","geometry":{"type":"LineString","coordinates":[[139.90398,35.70593],[139.90421,35.70612],[139.90536,35.70394],[139.89791,35.70149],[139.87826,35.70277],[139.87837,35.70091],[139.87815,35.69902],[139.87401,35.69386],[139.87297,35.69464],[139.87278,35.69431],[139.87059,35.6864],[139.8682,35.68112],[139.86405,35.68441],[139.86403,35.68411]]},"properties":{"patternId":"Toei.Fune28.65601.2","routeId":"Toei.Fune28","routeLabelJa":"船２８ 船堀駅前行","routeCode":"船２８","direction":"2","stopCount":15,"geometrySource":"odpt-road-shape","operator":"Toei","patternCount":1}},{"type":"Feature","geometry":{"type":"LineString","coordinates":[[139.81428,35.69603],[139.81763,35.69601],[139.82571,35.6964],[139.82652,35.68661],[139.8269,35.68372],[139.82764,35.68098],[139.82713,35.67696],[139.8405,35.67537],[139.8409,35.67184],[139.85754,35.67017],[139.86581,35.6687],[139.86545,35.66725]]},"properties":{"patternId":"Toei.Ryou28.66003.2","routeId":"Toei.Ryou28","routeLabelJa":"両２８ 第六葛西小学校前行","routeCode":"両２８","direction":"2","stopCount":19,"geometrySource":"odpt-road-shape","operator":"Toei","patternCount":1}},{"type":"Feature","geometry":{"type":"LineString","coordinates":[[139.85916,35.6463],[139.85827,35.64654],[139.86299,35.65032],[139.86333,35.65192],[139.86364,35.65661],[139.86105,35.65725],[139.85874,35.65911],[139.85835,35.66041],[139.85883,35.66453],[139.85926,35.6664],[139.86096,35.66826],[139.85892,35.66983],[139.85166,35.67099],[139.84086,35.67177],[139.84045,35.67533],[139.82705,35.67699],[139.82772,35.68104],[139.8268,35.68375],[139.82573,35.69645],[139.82096,35.69629],[139.81751,35.69577],[139.80997,35.69509],[139.79783,35.6945],[139.79726,35.69853],[139.79494,35.69874],[139.79349,35.69924],[139.79193,35.69676],[139.79192,35.69542]]},"properties":{"patternId":"Toei.Ryou28.66004.1","routeId":"Toei.Ryou28","routeLabelJa":"両２８ 両国駅前行","routeCode":"両２８","direction":"1","stopCount":34,"geometrySource":"odpt-road-shape","operator":"Toei","patternCount":1}},{"type":"Feature","geometry":{"type":"LineString","coordinates":[[139.79192,35.69542],[139.792,35.6943],[139.80643,35.69503],[139.81763,35.69601],[139.81834,35.69632],[139.82579,35.69658],[139.82652,35.68661],[139.82688,35.68377],[139.82772,35.68098],[139.82712,35.67703],[139.84043,35.67535],[139.84088,35.67188],[139.85173,35.67096],[139.85884,35.66994],[139.86098,35.66829],[139.85925,35.66641],[139.85835,35.66041],[139.85879,35.65914],[139.86104,35.65727],[139.86365,35.6566],[139.86345,35.65267],[139.86293,35.65029],[139.86051,35.64841],[139.85927,35.64732],[139.85929,35.64713]]},"properties":{"patternId":"Toei.Ryou28.66004.2","routeId":"Toei.Ryou28","routeLabelJa":"両２８ 臨海車庫行","routeCode":"両２８","direction":"2","stopCount":34,"geometrySource":"odpt-road-shape","operator":"Toei","patternCount":1}},{"type":"Feature","geometry":{"type":"LineString","coordinates":[[139.8594,35.64692],[139.85915,35.64727],[139.86288,35.65014],[139.86333,35.65192],[139.86373,35.65661],[139.86105,35.65725],[139.85874,35.65909],[139.85833,35.66047],[139.85888,35.66477],[139.85932,35.66647],[139.86105,35.66826],[139.8589,35.66993],[139.85179,35.67094],[139.84092,35.67181],[139.84045,35.67528],[139.82707,35.67704],[139.82777,35.68086],[139.82693,35.6837],[139.82555,35.69791]]},"properties":{"patternId":"Toei.Ryou28.66005.1","routeId":"Toei.Ryou28","routeLabelJa":"両２８ 亀戸駅前行","routeCode":"両２８","direction":"1","stopCount":25,"geometrySource":"odpt-road-shape","operator":"Toei","patternCount":1}},{"type":"Feature","geometry":{"type":"LineString","coordinates":[[139.82555,35.69791],[139.82652,35.68661],[139.82695,35.68358],[139.82764,35.68091],[139.82721,35.67714],[139.8405,35.67527],[139.84103,35.67195],[139.85393,35.67066],[139.8587,35.66992],[139.86091,35.66824],[139.85927,35.66618],[139.8585,35.66048],[139.85895,35.65906],[139.86104,35.65737],[139.86374,35.65648],[139.86345,35.65267],[139.86291,35.65024],[139.85894,35.64704],[139.85958,35.64661]]},"properties":{"patternId":"Toei.Ryou28.66005.2","routeId":"Toei.Ryou28","routeLabelJa":"両２８ 臨海車庫行","routeCode":"両２８","direction":"2","stopCount":25,"geometrySource":"odpt-road-shape","operator":"Toei","patternCount":1}},{"type":"Feature","geometry":{"type":"LineString","coordinates":[[139.85948,35.64694],[139.8592,35.64741],[139.86288,35.65044],[139.86333,35.65192],[139.86371,35.65655],[139.86105,35.65725],[139.85898,35.6588],[139.85843,35.65996],[139.8585,35.66237],[139.85301,35.66484],[139.83892,35.66611],[139.83725,35.66584],[139.83457,35.66645],[139.82938,35.6681],[139.82833,35.66941],[139.82718,35.66991],[139.82578,35.66995],[139.82643,35.67276],[139.82768,35.68104],[139.82682,35.68377],[139.82573,35.69647],[139.82096,35.69629],[139.8141,35.69543],[139.79778,35.69454],[139.79728,35.69864],[139.79485,35.69876],[139.79357,35.69914],[139.79293,35.69796],[139.79188,35.6967],[139.79194,35.69542]]},"properties":{"patternId":"Toei.Ryou28.66101.1","routeId":"Toei.Ryou28","routeLabelJa":"両２８ 両国駅前行","routeCode":"両２８","direction":"1","stopCount":32,"geometrySource":"odpt-road-shape","operator":"Toei","patternCount":1}},{"type":"Feature","geometry":{"type":"LineString","coordinates":[[139.79194,35.69542],[139.79202,35.6943],[139.80643,35.69503],[139.814,35.69559],[139.81923,35.69627],[139.82575,35.69657],[139.82677,35.68382],[139.82765,35.68107],[139.82708,35.67648],[139.82583,35.6699],[139.82728,35.66986],[139.82829,35.66935],[139.82934,35.66815],[139.83282,35.66694],[139.83733,35.6658],[139.83891,35.66612],[139.85303,35.66483],[139.85844,35.66236],[139.85854,35.65992],[139.859,35.65882],[139.86107,35.65723],[139.86368,35.6565],[139.86337,35.65193],[139.86286,35.65037],[139.85924,35.64728],[139.85986,35.64666]]},"properties":{"patternId":"Toei.Ryou28.66101.2","routeId":"Toei.Ryou28","routeLabelJa":"両２８ 臨海車庫行","routeCode":"両２８","direction":"2","stopCount":30,"geometrySource":"odpt-road-shape","operator":"Toei","patternCount":1}},{"type":"Feature","geometry":{"type":"LineString","coordinates":[[139.85899,35.64699],[139.85876,35.64714],[139.8622,35.64973],[139.86313,35.65076],[139.8641,35.66166],[139.8728,35.66038],[139.87296,35.66298],[139.87274,35.66302],[139.87275,35.66325]]},"properties":{"patternId":"Toei.Rinkai28-3.66201.1","routeId":"Toei.Rinkai28-3","routeLabelJa":"臨海２８－３ 葛西駅前行","routeCode":"臨海２８－３","direction":"1","stopCount":10,"geometrySource":"odpt-road-shape","operator":"Toei","patternCount":1}},{"type":"Feature","geometry":{"type":"LineString","coordinates":[[139.8732,35.66305],[139.87297,35.66023],[139.86419,35.66149],[139.86341,35.65127],[139.86313,35.65057],[139.86228,35.64962],[139.85898,35.64698]]},"properties":{"patternId":"Toei.Rinkai28-3.66201.2","routeId":"Toei.Rinkai28-3","routeLabelJa":"臨海２８－３ 臨海車庫行","routeCode":"臨海２８－３","direction":"2","stopCount":10,"geometrySource":"odpt-road-shape","operator":"Toei","patternCount":1}},{"type":"Feature","geometry":{"type":"LineString","coordinates":[[139.87301,35.66342],[139.8733,35.66769],[139.87155,35.66796],[139.87214,35.67155],[139.87131,35.6753],[139.86858,35.67785],[139.86251,35.68165],[139.86756,35.69101],[139.86798,35.70325],[139.86085,35.70148],[139.85317,35.70024],[139.84417,35.6976],[139.81896,35.69622],[139.81751,35.69577],[139.81395,35.69554],[139.81393,35.69574],[139.81415,35.69576]]},"properties":{"patternId":"Toei.Nishiki25.68001.1","routeId":"Toei.Nishiki25","routeLabelJa":"錦２５ 錦糸町駅前行","routeCode":"錦２５","direction":"1","stopCount":28,"geometrySource":"odpt-road-shape","operator":"Toei","patternCount":2}},{"type":"Feature","geometry":{"type":"LineString","coordinates":[[139.81415,35.69576],[139.81471,35.69562],[139.81657,35.69578],[139.81831,35.69626],[139.84416,35.6976],[139.8536,35.70049],[139.86276,35.70202],[139.86798,35.70325],[139.86756,35.69101],[139.86251,35.68165],[139.86858,35.67785],[139.87131,35.6753],[139.87214,35.67155],[139.87155,35.66796],[139.87351,35.66765],[139.87328,35.66388]]},"properties":{"patternId":"Toei.Nishiki25.68001.2","routeId":"Toei.Nishiki25","routeLabelJa":"錦２５ 葛西駅前行","routeCode":"錦２５","direction":"2","stopCount":27,"geometrySource":"odpt-road-shape","operator":"Toei","patternCount":1}},{"type":"Feature","geometry":{"type":"LineString","coordinates":[[139.8638,35.684],[139.86251,35.68165],[139.86857,35.67786],[139.87121,35.67554],[139.87175,35.67393],[139.87215,35.67137],[139.87155,35.66797],[139.87351,35.66764],[139.87315,35.66297],[139.87265,35.66308]]},"properties":{"patternId":"Toei.Nishiki25.68003.2","routeId":"Toei.Nishiki25","routeLabelJa":"錦２５ 葛西駅前行","routeCode":"錦２５","direction":"2","stopCount":10,"geometrySource":"odpt-road-shape","operator":"Toei","patternCount":2}},{"type":"Feature","geometry":{"type":"LineString","coordinates":[[139.86467,35.68813],[139.86576,35.68774],[139.86756,35.69101],[139.86798,35.70325],[139.86085,35.70148],[139.85317,35.70024],[139.84417,35.6976],[139.81896,35.69622],[139.81751,35.69577],[139.81395,35.69554],[139.81393,35.69574],[139.81415,35.69576]]},"properties":{"patternId":"Toei.Nishiki25.68005.1","routeId":"Toei.Nishiki25","routeLabelJa":"錦２５ 錦糸町駅前行","routeCode":"錦２５","direction":"1","stopCount":18,"geometrySource":"odpt-road-shape","operator":"Toei","patternCount":1}},{"type":"Feature","geometry":{"type":"LineString","coordinates":[[139.86761,35.66834],[139.86768,35.66854],[139.87351,35.66765],[139.87328,35.66388]]},"properties":{"patternId":"Toei.Nishiki25Shutsunyuu.68006.1","routeId":"Toei.Nishiki25Shutsunyuu","routeLabelJa":"錦２５出入 葛西駅前行","routeCode":"錦２５出入","direction":"1","stopCount":3,"geometrySource":"odpt-road-shape","operator":"Toei","patternCount":2}},{"type":"Feature","geometry":{"type":"LineString","coordinates":[[139.87293,35.66325],[139.8733,35.66769],[139.86804,35.66848],[139.86799,35.66835]]},"properties":{"patternId":"Toei.Nishiki25Shutsunyuu.68006.2","routeId":"Toei.Nishiki25Shutsunyuu","routeLabelJa":"錦２５出入 江戸川車庫前行","routeCode":"錦２５出入","direction":"2","stopCount":3,"geometrySource":"odpt-road-shape","operator":"Toei","patternCount":2}},{"type":"Feature","geometry":{"type":"LineString","coordinates":[[139.87293,35.66325],[139.8733,35.66769],[139.87155,35.66796],[139.87214,35.67155],[139.87131,35.6753],[139.86858,35.67785],[139.86251,35.68165],[139.86576,35.68774],[139.86467,35.68813]]},"properties":{"patternId":"Toei.Nishiki25.68008.1","routeId":"Toei.Nishiki25","routeLabelJa":"錦２５ 東小松川車庫前行","routeCode":"錦２５","direction":"1","stopCount":12,"geometrySource":"odpt-road-shape","operator":"Toei","patternCount":2}},{"type":"Feature","geometry":{"type":"LineString","coordinates":[[139.86631,35.6887],[139.86757,35.69101],[139.86798,35.70326],[139.86086,35.7015],[139.85127,35.69976],[139.84394,35.69748],[139.81901,35.69623],[139.81733,35.69576],[139.81394,35.69555],[139.81391,35.69572]]},"properties":{"patternId":"Toei.Nishiki25.68009.1","routeId":"Toei.Nishiki25","routeLabelJa":"錦２５ 錦糸町駅前行","routeCode":"錦２５","direction":"1","stopCount":17,"geometrySource":"odpt-road-shape","operator":"Toei","patternCount":1}},{"type":"Feature","geometry":{"type":"LineString","coordinates":[[139.84241,35.67218],[139.84524,35.6854],[139.84514,35.68829],[139.84436,35.69065],[139.82973,35.68929],[139.82634,35.68938],[139.82566,35.69776],[139.82531,35.69779]]},"properties":{"patternId":"Toei.Kame24.68101.1","routeId":"Toei.Kame24","routeLabelJa":"亀２４ 亀戸駅前行","routeCode":"亀２４","direction":"1","stopCount":16,"geometrySource":"odpt-road-shape","operator":"Toei","patternCount":1}},{"type":"Feature","geometry":{"type":"LineString","coordinates":[[139.82577,35.69805],[139.82566,35.69776],[139.82634,35.68938],[139.82973,35.68929],[139.84436,35.69065],[139.84513,35.68831],[139.84524,35.6854],[139.84241,35.67217]]},"properties":{"patternId":"Toei.Kame24.68101.2","routeId":"Toei.Kame24","routeLabelJa":"亀２４ 葛西橋行","routeCode":"亀２４","direction":"2","stopCount":16,"geometrySource":"odpt-road-shape","operator":"Toei","patternCount":1}},{"type":"Feature","geometry":{"type":"LineString","coordinates":[[139.85836,35.71666],[139.85944,35.71685],[139.86445,35.71225],[139.86756,35.70805],[139.86776,35.70752],[139.868,35.70327],[139.86759,35.69108],[139.86403,35.68446],[139.86399,35.684]]},"properties":{"patternId":"Toei.Shinko21.68503.2","routeId":"Toei.Shinko21","routeLabelJa":"新小２１ 船堀駅前行","routeCode":"新小２１","direction":"2","stopCount":11,"geometrySource":"odpt-road-shape","operator":"Toei","patternCount":1}},{"type":"Feature","geometry":{"type":"LineString","coordinates":[[139.84303,35.67562],[139.84524,35.6854],[139.84514,35.68829],[139.84436,35.69065],[139.82973,35.68929],[139.82634,35.68938],[139.82566,35.69776],[139.82531,35.69779]]},"properties":{"patternId":"Toei.Kame24.68105.1","routeId":"Toei.Kame24","routeLabelJa":"亀２４ 亀戸駅前行","routeCode":"亀２４","direction":"1","stopCount":15,"geometrySource":"odpt-road-shape","operator":"Toei","patternCount":1}},{"type":"Feature","geometry":{"type":"LineString","coordinates":[[139.87963,35.64701],[139.87955,35.64661],[139.87941,35.64661],[139.87176,35.64731],[139.86916,35.64834],[139.86955,35.6537],[139.87,35.65453],[139.86936,35.65472],[139.86836,35.6546],[139.86893,35.65911],[139.87109,35.66058],[139.85861,35.66244],[139.8592,35.66632],[139.86097,35.66827],[139.85893,35.66983],[139.85182,35.67095],[139.84344,35.67152],[139.84087,35.67191],[139.84048,35.67542],[139.8271,35.67709],[139.82766,35.68087],[139.82681,35.68378],[139.82566,35.69776],[139.82533,35.6978],[139.82532,35.69804]]},"properties":{"patternId":"Toei.Kame29.68201.1","routeId":"Toei.Kame29","routeLabelJa":"亀２９ 亀戸駅前行","routeCode":"亀２９","direction":"1","stopCount":27,"geometrySource":"odpt-road-shape","operator":"Toei","patternCount":1}},{"type":"Feature","geometry":{"type":"LineString","coordinates":[[139.82579,35.69788],[139.82566,35.69776],[139.82681,35.68378],[139.82766,35.68098],[139.8271,35.67709],[139.84048,35.67542],[139.84087,35.67191],[139.84344,35.67152],[139.85182,35.67095],[139.85893,35.66983],[139.86097,35.66827],[139.8592,35.66632],[139.85861,35.66244],[139.87109,35.66058],[139.86893,35.65911],[139.86836,35.6546],[139.86936,35.65472],[139.87,35.65453],[139.86955,35.6537],[139.86916,35.64834],[139.87176,35.64731],[139.87941,35.64661],[139.8794,35.64691]]},"properties":{"patternId":"Toei.Kame29.68201.2","routeId":"Toei.Kame29","routeLabelJa":"亀２９ なぎさニュータウン行","routeCode":"亀２９","direction":"2","stopCount":27,"geometrySource":"odpt-road-shape","operator":"Toei","patternCount":1}},{"type":"Feature","geometry":{"type":"LineString","coordinates":[[139.85884,35.66433],[139.8592,35.66632],[139.86097,35.66827],[139.85893,35.66983],[139.85182,35.67095],[139.84344,35.67152],[139.84087,35.67191],[139.84048,35.67542],[139.8271,35.67709],[139.82766,35.68087],[139.82681,35.68378],[139.82566,35.69776],[139.82533,35.6978],[139.82532,35.69804]]},"properties":{"patternId":"Toei.Kame29.68202.1","routeId":"Toei.Kame29","routeLabelJa":"亀２９ 亀戸駅前行","routeCode":"亀２９","direction":"1","stopCount":17,"geometrySource":"odpt-road-shape","operator":"Toei","patternCount":1}},{"type":"Feature","geometry":{"type":"LineString","coordinates":[[139.82579,35.69788],[139.82566,35.69776],[139.82681,35.68378],[139.82766,35.68098],[139.8271,35.67709],[139.84048,35.67542],[139.84087,35.67191],[139.84344,35.67152],[139.85182,35.67095],[139.85893,35.66983],[139.86097,35.66827],[139.8592,35.66632],[139.85884,35.66424]]},"properties":{"patternId":"Toei.Kame29.68202.2","routeId":"Toei.Kame29","routeLabelJa":"亀２９ 西葛西駅前行","routeCode":"亀２９","direction":"2","stopCount":17,"geometrySource":"odpt-road-shape","operator":"Toei","patternCount":1}},{"type":"Feature","geometry":{"type":"LineString","coordinates":[[139.87276,35.66325],[139.873,35.66335],[139.87333,35.66781],[139.8769,35.67375],[139.87921,35.67822],[139.88135,35.68315],[139.88257,35.6874],[139.87096,35.69616],[139.87332,35.69994],[139.87419,35.71308],[139.87417,35.7157],[139.87142,35.71704],[139.86866,35.71887],[139.8655,35.72031],[139.86478,35.71941],[139.85949,35.7168],[139.8569,35.71929],[139.86547,35.72525],[139.86611,35.7248]]},"properties":{"patternId":"Toei.Shinko29.68301.1","routeId":"Toei.Shinko29","routeLabelJa":"新小２９ 東新小岩四丁目行","routeCode":"新小２９","direction":"1","stopCount":29,"geometrySource":"odpt-road-shape","operator":"Toei","patternCount":1}},{"type":"Feature","geometry":{"type":"LineString","coordinates":[[139.88253,35.68587],[139.88236,35.68577],[139.88133,35.68256],[139.87899,35.67742],[139.87352,35.66763],[139.87323,35.66394]]},"properties":{"patternId":"Toei.Shinko29.68302.2","routeId":"Toei.Shinko29","routeLabelJa":"新小２９ 葛西駅前行","routeCode":"新小２９","direction":"2","stopCount":7,"geometrySource":"odpt-road-shape","operator":"Toei","patternCount":1}},{"type":"Feature","geometry":{"type":"LineString","coordinates":[[139.88215,35.68597],[139.88257,35.6874],[139.87096,35.69616],[139.87332,35.69994],[139.87419,35.71308],[139.87417,35.7157],[139.87142,35.71704],[139.86866,35.71887],[139.8655,35.72031],[139.86478,35.71941],[139.85949,35.7168],[139.8569,35.71929],[139.86547,35.72525],[139.86611,35.7248]]},"properties":{"patternId":"Toei.Shinko29.68303.1","routeId":"Toei.Shinko29","routeLabelJa":"新小２９ 東新小岩四丁目行","routeCode":"新小２９","direction":"1","stopCount":23,"geometrySource":"odpt-road-shape","operator":"Toei","patternCount":1}},{"type":"Feature","geometry":{"type":"LineString","coordinates":[[139.86516,35.72493],[139.85708,35.71912],[139.85949,35.7168],[139.86478,35.71941],[139.8655,35.72031],[139.86866,35.71887],[139.87142,35.71704],[139.87417,35.7157],[139.87419,35.71314],[139.87332,35.69994],[139.87096,35.69616],[139.88279,35.68722],[139.88251,35.6858],[139.88236,35.68577],[139.88152,35.68303],[139.87899,35.67742],[139.87352,35.66763],[139.87323,35.66394]]},"properties":{"patternId":"Toei.Shinko29.68306.2","routeId":"Toei.Shinko29","routeLabelJa":"新小２９ 葛西駅前行","routeCode":"新小２９","direction":"2","stopCount":29,"geometrySource":"odpt-road-shape","operator":"Toei","patternCount":1}},{"type":"Feature","geometry":{"type":"LineString","coordinates":[[139.87136,35.6968],[139.87332,35.69994],[139.87419,35.71308],[139.87417,35.7157],[139.87142,35.71704],[139.86866,35.71887],[139.8655,35.72031],[139.86478,35.71941],[139.85949,35.7168],[139.8569,35.71929],[139.86547,35.72525],[139.86611,35.7248]]},"properties":{"patternId":"Toei.Shinko29.68308.1","routeId":"Toei.Shinko29","routeLabelJa":"新小２９ 東新小岩四丁目行","routeCode":"新小２９","direction":"1","stopCount":18,"geometrySource":"odpt-road-shape","operator":"Toei","patternCount":1}},{"type":"Feature","geometry":{"type":"LineString","coordinates":[[139.86516,35.72493],[139.85708,35.71912],[139.85949,35.7168],[139.86478,35.71941],[139.8655,35.72031],[139.86866,35.71887],[139.87142,35.71704],[139.87417,35.7157],[139.87419,35.71314],[139.87332,35.69994],[139.87096,35.69616],[139.88279,35.68722],[139.88251,35.6858],[139.88236,35.68577],[139.88152,35.68303],[139.87899,35.67742],[139.87352,35.66763],[139.87296,35.66024],[139.8642,35.66154],[139.86353,35.65303],[139.85388,35.65354]]},"properties":{"patternId":"Toei.Shinko29.68317.2","routeId":"Toei.Shinko29","routeLabelJa":"新小２９ 東京臨海病院前行","routeCode":"新小２９","direction":"2","stopCount":37,"geometrySource":"odpt-road-shape","operator":"Toei","patternCount":1}},{"type":"Feature","geometry":{"type":"LineString","coordinates":[[139.85902,35.66413],[139.85882,35.66406],[139.85896,35.66516],[139.85665,35.66561],[139.85496,35.66686],[139.85711,35.67119],[139.85399,35.67326],[139.85325,35.67396],[139.85313,35.67441],[139.85351,35.67583],[139.85328,35.67758],[139.85392,35.67838],[139.85566,35.67904],[139.8603,35.68017],[139.861,35.68021],[139.86163,35.68001],[139.86359,35.68364],[139.86437,35.6833],[139.86494,35.68374],[139.86403,35.68446],[139.86759,35.69108],[139.868,35.70327],[139.86776,35.70752],[139.86756,35.70805],[139.86445,35.71225],[139.8595,35.71679],[139.85906,35.7165]]},"properties":{"patternId":"Toei.Shinko21.68501.1","routeId":"Toei.Shinko21","routeLabelJa":"新小２１ 新小岩駅前行","routeCode":"新小２１","direction":"1","stopCount":21,"geometrySource":"odpt-road-shape","operator":"Toei","patternCount":1}},{"type":"Feature","geometry":{"type":"LineString","coordinates":[[139.85836,35.71666],[139.85944,35.71685],[139.86445,35.71225],[139.86756,35.70805],[139.86776,35.70752],[139.868,35.70327],[139.86759,35.69108],[139.86403,35.68446],[139.86393,35.68397],[139.86359,35.68364],[139.86164,35.68001],[139.861,35.68021],[139.8603,35.68017],[139.85566,35.67904],[139.85392,35.67838],[139.85328,35.67758],[139.85351,35.67583],[139.85313,35.67441],[139.85325,35.67396],[139.85399,35.67326],[139.85711,35.67119],[139.85496,35.66686],[139.85665,35.66561],[139.85896,35.66516],[139.85897,35.66483]]},"properties":{"patternId":"Toei.Shinko21.68501.2","routeId":"Toei.Shinko21","routeLabelJa":"新小２１ 西葛西駅前行","routeCode":"新小２１","direction":"2","stopCount":20,"geometrySource":"odpt-road-shape","operator":"Toei","patternCount":1}},{"type":"Feature","geometry":{"type":"LineString","coordinates":[[139.85902,35.66413],[139.85882,35.66406],[139.85896,35.66516],[139.85665,35.66561],[139.85496,35.66686],[139.85711,35.67119],[139.85399,35.67326],[139.85325,35.67396],[139.85313,35.67441],[139.85351,35.67583],[139.85328,35.67758],[139.85392,35.67838],[139.85566,35.67904],[139.8603,35.68017],[139.861,35.68021],[139.86163,35.68001],[139.86359,35.68364],[139.86411,35.68349]]},"properties":{"patternId":"Toei.Shinko21.68502.1","routeId":"Toei.Shinko21","routeLabelJa":"新小２１ 船堀駅前行","routeCode":"新小２１","direction":"1","stopCount":10,"geometrySource":"odpt-road-shape","operator":"Toei","patternCount":1}},{"type":"Feature","geometry":{"type":"LineString","coordinates":[[139.86397,35.68398],[139.86359,35.68364],[139.86164,35.68001],[139.861,35.68021],[139.8603,35.68017],[139.85566,35.67904],[139.85392,35.67838],[139.85328,35.67758],[139.85351,35.67583],[139.85313,35.67441],[139.85325,35.67396],[139.85399,35.67326],[139.85711,35.67119],[139.85496,35.66686],[139.85665,35.66561],[139.85896,35.66516],[139.85897,35.66483]]},"properties":{"patternId":"Toei.Shinko21.68502.2","routeId":"Toei.Shinko21","routeLabelJa":"新小２１ 西葛西駅前行","routeCode":"新小２１","direction":"2","stopCount":10,"geometrySource":"odpt-road-shape","operator":"Toei","patternCount":1}},{"type":"Feature","geometry":{"type":"LineString","coordinates":[[139.8643,35.68338],[139.86494,35.68374],[139.86403,35.68446],[139.86759,35.69108],[139.868,35.70327],[139.86776,35.70752],[139.86756,35.70805],[139.86445,35.71225],[139.8595,35.71679],[139.85906,35.7165]]},"properties":{"patternId":"Toei.Shinko21.68503.1","routeId":"Toei.Shinko21","routeLabelJa":"新小２１ 新小岩駅前行","routeCode":"新小２１","direction":"1","stopCount":12,"geometrySource":"odpt-road-shape","operator":"Toei","patternCount":1}},{"type":"Feature","geometry":{"type":"LineString","coordinates":[[139.86625,35.68875],[139.86759,35.69108],[139.868,35.70327],[139.86769,35.70781],[139.86445,35.71225],[139.8595,35.71679],[139.85906,35.7165]]},"properties":{"patternId":"Toei.Shinko21.68504.1","routeId":"Toei.Shinko21","routeLabelJa":"新小２１ 新小岩駅前行","routeCode":"新小２１","direction":"1","stopCount":10,"geometrySource":"odpt-road-shape","operator":"Toei","patternCount":1}},{"type":"Feature","geometry":{"type":"LineString","coordinates":[[139.86479,35.68813],[139.86578,35.68774],[139.86759,35.69108],[139.868,35.70327],[139.86776,35.70752],[139.86756,35.70805],[139.86445,35.71225],[139.8595,35.71679],[139.85906,35.7165]]},"properties":{"patternId":"Toei.Shinko21.68506.1","routeId":"Toei.Shinko21","routeLabelJa":"新小２１ 新小岩駅前行","routeCode":"新小２１","direction":"1","stopCount":11,"geometrySource":"odpt-road-shape","operator":"Toei","patternCount":1}},{"type":"Feature","geometry":{"type":"LineString","coordinates":[[139.86802,35.70229],[139.86755,35.6909],[139.86403,35.68446],[139.86393,35.68397],[139.86359,35.68364],[139.86164,35.68001],[139.861,35.68021],[139.8603,35.68017],[139.85566,35.67904],[139.85392,35.67838],[139.85328,35.67758],[139.85351,35.67583],[139.85313,35.67441],[139.85325,35.67396],[139.85399,35.67326],[139.85711,35.67119],[139.85496,35.66686],[139.85665,35.66561],[139.85896,35.66516],[139.85897,35.66483]]},"properties":{"patternId":"Toei.Shinko21.68507.2","routeId":"Toei.Shinko21","routeLabelJa":"新小２１ 西葛西駅前行","routeCode":"新小２１","direction":"2","stopCount":15,"geometrySource":"odpt-road-shape","operator":"Toei","patternCount":1}},{"type":"Feature","geometry":{"type":"LineString","coordinates":[[139.85911,35.66443],[139.85912,35.66401],[139.8588,35.66404],[139.85861,35.66244],[139.85678,35.66287],[139.85567,35.66348],[139.85544,35.66322],[139.85542,35.66089],[139.85502,35.66016],[139.85568,35.6598],[139.85565,35.65786],[139.85487,35.6572],[139.85116,35.65719],[139.85094,35.65372],[139.85973,35.65336],[139.85958,35.6516],[139.86283,35.65017],[139.86333,35.6512],[139.86344,35.65306],[139.86265,35.6531]]},"properties":{"patternId":"Toei.Nishikatsu27.68602.1","routeId":"Toei.Nishikatsu27","routeLabelJa":"西葛２７ 臨海町二丁目団地前行","routeCode":"西葛２７","direction":"1","stopCount":11,"geometrySource":"odpt-road-shape","operator":"Toei","patternCount":1}},{"type":"Feature","geometry":{"type":"LineString","coordinates":[[139.86063,35.65321],[139.85094,35.65372],[139.85116,35.65719],[139.85487,35.6572],[139.85565,35.65786],[139.85568,35.6598],[139.85502,35.66016],[139.85542,35.66089],[139.85544,35.66322],[139.85576,35.66358],[139.85691,35.66286],[139.85861,35.66244],[139.85886,35.66448],[139.85911,35.66443]]},"properties":{"patternId":"Toei.Nishikatsu27.68602.2","routeId":"Toei.Nishikatsu27","routeLabelJa":"西葛２７ 西葛西駅前行","routeCode":"西葛２７","direction":"2","stopCount":8,"geometrySource":"odpt-road-shape","operator":"Toei","patternCount":1}},{"type":"Feature","geometry":{"type":"LineString","coordinates":[[139.85911,35.66443],[139.85912,35.66401],[139.8588,35.66404],[139.85861,35.66244],[139.85678,35.66287],[139.85567,35.66348],[139.85544,35.66322],[139.85542,35.66089],[139.85502,35.66016],[139.85568,35.6598],[139.85565,35.65786],[139.85487,35.6572],[139.85116,35.65719],[139.85076,35.65074],[139.85495,35.65047],[139.85519,35.65359],[139.85562,35.65358],[139.85973,35.65336],[139.85958,35.6516],[139.86283,35.65017],[139.86333,35.6512],[139.86344,35.65306],[139.86259,35.6531]]},"properties":{"patternId":"Toei.Nishikatsu27.68603.1","routeId":"Toei.Nishikatsu27","routeLabelJa":"西葛２７ 臨海町二丁目団地前行","routeCode":"西葛２７","direction":"1","stopCount":11,"geometrySource":"odpt-road-shape","operator":"Toei","patternCount":1}},{"type":"Feature","geometry":{"type":"LineString","coordinates":[[139.85363,35.65056],[139.85504,35.65053],[139.85519,35.65348],[139.85094,35.65372],[139.85116,35.65719],[139.85478,35.65718],[139.85565,35.65786],[139.85566,35.65986],[139.85502,35.66016],[139.85542,35.66089],[139.85544,35.66322],[139.85576,35.66358],[139.85691,35.66286],[139.85861,35.66244],[139.85886,35.66448],[139.85911,35.66443]]},"properties":{"patternId":"Toei.Nishikatsu27.68604.2","routeId":"Toei.Nishikatsu27","routeLabelJa":"西葛２７ 西葛西駅前行","routeCode":"西葛２７","direction":"2","stopCount":6,"geometrySource":"odpt-road-shape","operator":"Toei","patternCount":1}},{"type":"Feature","geometry":{"type":"LineString","coordinates":[[139.85911,35.66443],[139.85912,35.66404],[139.85883,35.66406],[139.85861,35.66244],[139.85691,35.66286],[139.85576,35.66358],[139.85544,35.66322],[139.85542,35.66089],[139.85502,35.66016],[139.85568,35.6598],[139.85565,35.65786],[139.85487,35.6572],[139.85116,35.65719],[139.85094,35.65372],[139.86013,35.65334]]},"properties":{"patternId":"Toei.Nishikatsu27.68608.1","routeId":"Toei.Nishikatsu27","routeLabelJa":"西葛２７ 臨海町二丁目団地前行","routeCode":"西葛２７","direction":"1","stopCount":7,"geometrySource":"odpt-road-shape","operator":"Toei","patternCount":1}},{"type":"Feature","geometry":{"type":"LineString","coordinates":[[139.85911,35.66443],[139.85912,35.66401],[139.8588,35.66404],[139.85861,35.66244],[139.85678,35.66287],[139.85567,35.66348],[139.85544,35.66322],[139.85542,35.66089],[139.85502,35.66016],[139.85568,35.6598],[139.85565,35.65786],[139.85487,35.6572],[139.85116,35.65719],[139.85094,35.65372],[139.85973,35.65336],[139.85958,35.6516],[139.86283,35.65017],[139.86333,35.6512],[139.86338,35.65187]]},"properties":{"patternId":"Toei.Nishikatsu27.68609.1","routeId":"Toei.Nishikatsu27","routeLabelJa":"西葛２７ 中左近橋行","routeCode":"西葛２７","direction":"1","stopCount":10,"geometrySource":"odpt-road-shape","operator":"Toei","patternCount":1}},{"type":"Feature","geometry":{"type":"LineString","coordinates":[[139.84559,35.69002],[139.84613,35.68999],[139.8461,35.6897],[139.84471,35.68968],[139.84519,35.68778],[139.84511,35.68477],[139.83622,35.68441],[139.82681,35.68378],[139.82634,35.68938],[139.81569,35.68901],[139.81505,35.69565],[139.81396,35.69555],[139.81395,35.69574],[139.81437,35.69577]]},"properties":{"patternId":"Toei.Nishiki28.68701.1","routeId":"Toei.Nishiki28","routeLabelJa":"錦２８ 錦糸町駅前行","routeCode":"錦２８","direction":"1","stopCount":14,"geometrySource":"odpt-road-shape","operator":"Toei","patternCount":1}},{"type":"Feature","geometry":{"type":"LineString","coordinates":[[139.81437,35.69577],[139.81505,35.69565],[139.81569,35.68901],[139.82634,35.68938],[139.82681,35.68378],[139.83622,35.68441],[139.84511,35.68477],[139.84519,35.68778],[139.84471,35.68968],[139.84543,35.68974],[139.84552,35.68993]]},"properties":{"patternId":"Toei.Nishiki28.68701.2","routeId":"Toei.Nishiki28","routeLabelJa":"錦２８ 東大島駅前行","routeCode":"錦２８","direction":"2","stopCount":14,"geometrySource":"odpt-road-shape","operator":"Toei","patternCount":1}},{"type":"Feature","geometry":{"type":"LineString","coordinates":[[139.87294,35.66327],[139.87333,35.66779],[139.87733,35.67456],[139.88003,35.67518],[139.88451,35.6744],[139.88466,35.67491],[139.88495,35.6751],[139.88536,35.67681],[139.88528,35.67995],[139.8863,35.68019],[139.88935,35.68211],[139.88434,35.68603],[139.88364,35.68604],[139.884,35.6863],[139.86781,35.69842],[139.86803,35.70335],[139.8677,35.70777],[139.86448,35.71221],[139.85951,35.71679],[139.85907,35.71651]]},"properties":{"patternId":"Toei.Shinko22.68801.1","routeId":"Toei.Shinko22","routeLabelJa":"新小２２ 新小岩駅前行","routeCode":"新小２２","direction":"1","stopCount":23,"geometrySource":"odpt-road-shape","operator":"Toei","patternCount":1}},{"type":"Feature","geometry":{"type":"LineString","coordinates":[[139.85827,35.71638],[139.85854,35.71673],[139.85951,35.71679],[139.86448,35.71221],[139.86757,35.70803],[139.86776,35.70756],[139.86803,35.70335],[139.86781,35.69842],[139.88431,35.68603],[139.88364,35.68604],[139.88401,35.6863],[139.88957,35.68221],[139.8872,35.6809],[139.8863,35.68019],[139.88528,35.67995],[139.88536,35.67681],[139.88495,35.6751],[139.88466,35.67491],[139.88451,35.6744],[139.88003,35.67518],[139.87748,35.67459],[139.87355,35.66766],[139.8733,35.66396]]},"properties":{"patternId":"Toei.Shinko22.68801.2","routeId":"Toei.Shinko22","routeLabelJa":"新小２２ 葛西駅前行","routeCode":"新小２２","direction":"2","stopCount":21,"geometrySource":"odpt-road-shape","operator":"Toei","patternCount":1}},{"type":"Feature","geometry":{"type":"LineString","coordinates":[[139.87294,35.66327],[139.87333,35.66779],[139.87733,35.67456],[139.88003,35.67518],[139.88451,35.6744],[139.88466,35.67491],[139.88495,35.6751],[139.88536,35.67681],[139.88528,35.67995],[139.8863,35.68019],[139.88935,35.68211],[139.88434,35.68603],[139.88356,35.68611]]},"properties":{"patternId":"Toei.Shinko22.68802.1","routeId":"Toei.Shinko22","routeLabelJa":"新小２２ 一之江駅前行","routeCode":"新小２２","direction":"1","stopCount":11,"geometrySource":"odpt-road-shape","operator":"Toei","patternCount":1}},{"type":"Feature","geometry":{"type":"LineString","coordinates":[[139.8836,35.68601],[139.88401,35.6863],[139.88957,35.68221],[139.8872,35.6809],[139.8863,35.68019],[139.88528,35.67995],[139.88536,35.67681],[139.88495,35.6751],[139.88466,35.67491],[139.88451,35.6744],[139.88003,35.67518],[139.87748,35.67459],[139.87355,35.66766],[139.8733,35.66396]]},"properties":{"patternId":"Toei.Shinko22.68802.2","routeId":"Toei.Shinko22","routeLabelJa":"新小２２ 葛西駅前行","routeCode":"新小２２","direction":"2","stopCount":9,"geometrySource":"odpt-road-shape","operator":"Toei","patternCount":1}},{"type":"Feature","geometry":{"type":"LineString","coordinates":[[139.88356,35.68613],[139.884,35.6863],[139.86781,35.69842],[139.86803,35.70335],[139.8677,35.70777],[139.86448,35.71221],[139.85951,35.71679],[139.85907,35.71651]]},"properties":{"patternId":"Toei.Shinko22.68803.1","routeId":"Toei.Shinko22","routeLabelJa":"新小２２ 新小岩駅前行","routeCode":"新小２２","direction":"1","stopCount":13,"geometrySource":"odpt-road-shape","operator":"Toei","patternCount":1}},{"type":"Feature","geometry":{"type":"LineString","coordinates":[[139.87065,35.69644],[139.88431,35.68603],[139.88364,35.68604],[139.88401,35.6863],[139.88957,35.68221],[139.8872,35.6809],[139.8863,35.68019],[139.88528,35.67995],[139.88536,35.67681],[139.88495,35.6751],[139.88466,35.67491],[139.88451,35.6744],[139.88003,35.67518],[139.87748,35.67459],[139.87355,35.66766],[139.8733,35.66396]]},"properties":{"patternId":"Toei.Shinko22.68805.2","routeId":"Toei.Shinko22","routeLabelJa":"新小２２ 葛西駅前行","routeCode":"新小２２","direction":"2","stopCount":14,"geometrySource":"odpt-road-shape","operator":"Toei","patternCount":1}},{"type":"Feature","geometry":{"type":"LineString","coordinates":[[139.86235,35.64392],[139.8664,35.64255],[139.87115,35.64708],[139.87184,35.64834],[139.8733,35.66769],[139.87728,35.67447],[139.87921,35.67822],[139.88134,35.68316],[139.88288,35.68856],[139.88156,35.7015]]},"properties":{"patternId":"Toei.Rinkai28-1.68901.2","routeId":"Toei.Rinkai28-1","routeLabelJa":"臨海２８－１ 一之江橋西詰行","routeCode":"臨海２８－１","direction":"2","stopCount":19,"geometrySource":"odpt-road-shape","operator":"Toei","patternCount":1}},{"type":"Feature","geometry":{"type":"LineString","coordinates":[[139.88165,35.70149],[139.88313,35.68855],[139.88152,35.68307],[139.87902,35.67749],[139.87343,35.66764],[139.87207,35.64848],[139.87121,35.64692],[139.8664,35.64255],[139.86252,35.64377],[139.86221,35.64359],[139.86181,35.64369]]},"properties":{"patternId":"Toei.Rinkai28-1.68901.1","routeId":"Toei.Rinkai28-1","routeLabelJa":"臨海２８－１ 葛西臨海公園駅前行","routeCode":"臨海２８－１","direction":"1","stopCount":18,"geometrySource":"odpt-road-shape","operator":"Toei","patternCount":1}},{"type":"Feature","geometry":{"type":"LineString","coordinates":[[139.78368,35.67437],[139.78284,35.67369],[139.78161,35.67499],[139.77945,35.67625],[139.77793,35.67666],[139.76938,35.68016],[139.76874,35.67972],[139.76814,35.67885],[139.76788,35.67899],[139.76798,35.67923]]},"properties":{"patternId":"Toei.Higashi16.73003.2","routeId":"Toei.Higashi16","routeLabelJa":"東１６ 東京駅八重洲口行","routeCode":"東１６","direction":"2","stopCount":7,"geometrySource":"odpt-road-shape","operator":"Toei","patternCount":1}},{"type":"Feature","geometry":{"type":"LineString","coordinates":[[139.80257,35.64323],[139.8022,35.64319],[139.80128,35.64963],[139.80108,35.64993],[139.79601,35.65494],[139.79549,35.65465],[139.79502,35.65518],[139.79522,35.65524],[139.79571,35.65483],[139.79595,35.65499],[139.79215,35.65883],[139.79169,35.65896],[139.78816,35.65865],[139.78777,35.6615],[139.78476,35.66443],[139.78721,35.66629],[139.78537,35.66803],[139.78427,35.67205],[139.78161,35.67499],[139.77945,35.67625],[139.77793,35.67666],[139.76938,35.68016],[139.76874,35.67972],[139.76814,35.67885],[139.76788,35.67899],[139.76798,35.67923]]},"properties":{"patternId":"Toei.Higashi16.73005.2","routeId":"Toei.Higashi16","routeLabelJa":"東１６ 東京駅八重洲口行","routeCode":"東１６","direction":"2","stopCount":18,"geometrySource":"odpt-road-shape","operator":"Toei","patternCount":1}},{"type":"Feature","geometry":{"type":"LineString","coordinates":[[139.88236,35.68586],[139.88152,35.68307],[139.87902,35.67749],[139.87343,35.66764],[139.87231,35.65062],[139.87186,35.64788],[139.87121,35.64692],[139.8664,35.64255],[139.86252,35.64377],[139.86221,35.64359],[139.86181,35.64369]]},"properties":{"patternId":"Toei.Rinkai28-1.68902.1","routeId":"Toei.Rinkai28-1","routeLabelJa":"臨海２８－１ 葛西臨海公園駅前行","routeCode":"臨海２８－１","direction":"1","stopCount":14,"geometrySource":"odpt-road-shape","operator":"Toei","patternCount":1}},{"type":"Feature","geometry":{"type":"LineString","coordinates":[[139.86235,35.64392],[139.8664,35.64255],[139.87115,35.64708],[139.8717,35.64797],[139.872,35.64919],[139.8733,35.66769],[139.87884,35.67744],[139.88134,35.68316],[139.88211,35.68592]]},"properties":{"patternId":"Toei.Rinkai28-1.68902.2","routeId":"Toei.Rinkai28-1","routeLabelJa":"臨海２８－１ 一之江駅前行","routeCode":"臨海２８－１","direction":"2","stopCount":15,"geometrySource":"odpt-road-shape","operator":"Toei","patternCount":1}},{"type":"Feature","geometry":{"type":"LineString","coordinates":[[139.87316,35.66301],[139.87231,35.65062],[139.87186,35.64788],[139.87121,35.64692],[139.8664,35.64255],[139.86252,35.64377],[139.86221,35.64359],[139.86181,35.64369]]},"properties":{"patternId":"Toei.Rinkai28-1.68903.1","routeId":"Toei.Rinkai28-1","routeLabelJa":"臨海２８－１ 葛西臨海公園駅前行","routeCode":"臨海２８－１","direction":"1","stopCount":8,"geometrySource":"odpt-road-shape","operator":"Toei","patternCount":1}},{"type":"Feature","geometry":{"type":"LineString","coordinates":[[139.86235,35.64392],[139.8664,35.64255],[139.8714,35.64742],[139.87184,35.64834],[139.872,35.64919],[139.87298,35.66308]]},"properties":{"patternId":"Toei.Rinkai28-1.68903.2","routeId":"Toei.Rinkai28-1","routeLabelJa":"臨海２８－１ 葛西駅前行","routeCode":"臨海２８－１","direction":"2","stopCount":9,"geometrySource":"odpt-road-shape","operator":"Toei","patternCount":1}},{"type":"Feature","geometry":{"type":"LineString","coordinates":[[139.87337,35.66675],[139.87231,35.65062],[139.87186,35.64788],[139.87121,35.64692],[139.8664,35.64255],[139.86252,35.64377],[139.86221,35.64359],[139.86181,35.64369]]},"properties":{"patternId":"Toei.Rinkai28-1.68905.1","routeId":"Toei.Rinkai28-1","routeLabelJa":"臨海２８－１ 葛西臨海公園駅前行","routeCode":"臨海２８－１","direction":"1","stopCount":9,"geometrySource":"odpt-road-shape","operator":"Toei","patternCount":1}},{"type":"Feature","geometry":{"type":"LineString","coordinates":[[139.76836,35.67983],[139.76864,35.68063],[139.77824,35.67661],[139.77945,35.67625],[139.78161,35.67499],[139.78428,35.67215],[139.7855,35.66798],[139.78736,35.66625],[139.78493,35.66441],[139.78781,35.66163],[139.78825,35.65887],[139.792,35.65918],[139.80143,35.64972],[139.80201,35.64559],[139.7992,35.64531],[139.79487,35.64042],[139.7853,35.63519]]},"properties":{"patternId":"Toei.Higashi16.73006.1","routeId":"Toei.Higashi16","routeLabelJa":"東１６ 有明一丁目行","routeCode":"東１６","direction":"1","stopCount":25,"geometrySource":"odpt-road-shape","operator":"Toei","patternCount":1}},{"type":"Feature","geometry":{"type":"LineString","coordinates":[[139.88239,35.68584],[139.88109,35.68216],[139.87815,35.67583],[139.87343,35.66771],[139.87228,35.65062],[139.87185,35.64789],[139.86983,35.64566],[139.86099,35.64873],[139.85919,35.64749]]},"properties":{"patternId":"Toei.Rinkai28-1.68908.2","routeId":"Toei.Rinkai28-1","routeLabelJa":"臨海２８－１ 臨海車庫前行","routeCode":"臨海２８－１","direction":"2","stopCount":16,"geometrySource":"odpt-road-shape","operator":"Toei","patternCount":1}},{"type":"Feature","geometry":{"type":"LineString","coordinates":[[139.85937,35.64769],[139.86114,35.6487],[139.86976,35.64562],[139.87177,35.64776],[139.87298,35.66334],[139.87353,35.66333],[139.87351,35.66314]]},"properties":{"patternId":"Toei.Rinkai28-1.68909.1","routeId":"Toei.Rinkai28-1","routeLabelJa":"臨海２８－１ 葛西駅前行","routeCode":"臨海２８－１","direction":"1","stopCount":11,"geometrySource":"odpt-road-shape","operator":"Toei","patternCount":1}},{"type":"Feature","geometry":{"type":"LineString","coordinates":[[139.8732,35.66308],[139.87206,35.64847],[139.87185,35.64789],[139.87097,35.64666],[139.86977,35.6456],[139.86121,35.64859],[139.85936,35.6476]]},"properties":{"patternId":"Toei.Rinkai28-1.68909.2","routeId":"Toei.Rinkai28-1","routeLabelJa":"臨海２８－１ 臨海車庫前行","routeCode":"臨海２８－１","direction":"2","stopCount":10,"geometrySource":"odpt-road-shape","operator":"Toei","patternCount":1}},{"type":"Feature","geometry":{"type":"LineString","coordinates":[[139.86991,35.64592],[139.87141,35.64748],[139.87199,35.64916],[139.87298,35.66299]]},"properties":{"patternId":"Toei.Rinkai28-2.69005.1","routeId":"Toei.Rinkai28-2","routeLabelJa":"臨海２８－２ 葛西駅前行","routeCode":"臨海２８－２","direction":"1","stopCount":7,"geometrySource":"odpt-road-shape","operator":"Toei","patternCount":1}},{"type":"Feature","geometry":{"type":"LineString","coordinates":[[139.85872,35.64684],[139.85858,35.64699],[139.86109,35.64882],[139.86963,35.64568],[139.87145,35.6475],[139.87201,35.64919],[139.87331,35.66771],[139.8764,35.67289],[139.8789,35.67758],[139.88101,35.68234],[139.8821,35.68585]]},"properties":{"patternId":"Toei.Rinkai28-2.69006.1","routeId":"Toei.Rinkai28-2","routeLabelJa":"臨海２８－２ 一之江駅前行","routeCode":"臨海２８－２","direction":"1","stopCount":18,"geometrySource":"odpt-road-shape","operator":"Toei","patternCount":1}},{"type":"Feature","geometry":{"type":"LineString","coordinates":[[139.78497,35.6352],[139.79487,35.64052],[139.79909,35.64533],[139.80184,35.64565],[139.80128,35.64963],[139.79601,35.65494],[139.79549,35.65465],[139.79504,35.65511],[139.79522,35.65524],[139.79571,35.65483],[139.79595,35.65499],[139.79215,35.65883],[139.79169,35.65896],[139.78816,35.65865],[139.78777,35.6615],[139.78476,35.66443],[139.78721,35.66629],[139.78537,35.66803],[139.78427,35.67205],[139.78161,35.67499],[139.77945,35.67625],[139.77793,35.67666],[139.76938,35.68016],[139.76874,35.67972],[139.76814,35.67885],[139.76788,35.67899],[139.76798,35.67923]]},"properties":{"patternId":"Toei.Higashi16.73006.2","routeId":"Toei.Higashi16","routeLabelJa":"東１６ 東京駅八重洲口行","routeCode":"東１６","direction":"2","stopCount":25,"geometrySource":"odpt-road-shape","operator":"Toei","patternCount":1}},{"type":"Feature","geometry":{"type":"LineString","coordinates":[[139.88236,35.68585],[139.88149,35.68303],[139.87897,35.67746],[139.8735,35.66769],[139.8723,35.65062],[139.87207,35.64848],[139.87184,35.64786],[139.87119,35.6469],[139.8698,35.64556],[139.86111,35.64877],[139.85904,35.64719],[139.85937,35.647]]},"properties":{"patternId":"Toei.Rinkai28-2.69006.2","routeId":"Toei.Rinkai28-2","routeLabelJa":"臨海２８－２ 臨海車庫行","routeCode":"臨海２８－２","direction":"2","stopCount":17,"geometrySource":"odpt-road-shape","operator":"Toei","patternCount":1}},{"type":"Feature","geometry":{"type":"LineString","coordinates":[[139.85873,35.64683],[139.85858,35.647],[139.86107,35.64883],[139.86966,35.64566],[139.87112,35.64707],[139.87184,35.64836],[139.87201,35.64917],[139.87297,35.66299]]},"properties":{"patternId":"Toei.Rinkai28-2.69007.1","routeId":"Toei.Rinkai28-2","routeLabelJa":"臨海２８－２ 葛西駅前行","routeCode":"臨海２８－２","direction":"1","stopCount":12,"geometrySource":"odpt-road-shape","operator":"Toei","patternCount":1}},{"type":"Feature","geometry":{"type":"LineString","coordinates":[[139.87319,35.66301],[139.87206,35.64847],[139.87123,35.64692],[139.86976,35.64556],[139.86111,35.64876],[139.85904,35.6472],[139.85938,35.64699]]},"properties":{"patternId":"Toei.Rinkai28-2.69007.2","routeId":"Toei.Rinkai28-2","routeLabelJa":"臨海２８－２ 臨海車庫行","routeCode":"臨海２８－２","direction":"2","stopCount":11,"geometrySource":"odpt-road-shape","operator":"Toei","patternCount":1}},{"type":"Feature","geometry":{"type":"LineString","coordinates":[[139.87267,35.64333],[139.87253,35.64358],[139.87559,35.64476],[139.87624,35.6517],[139.87222,35.65217],[139.87296,35.66301]]},"properties":{"patternId":"Toei.Rinkai28-2.69008.1","routeId":"Toei.Rinkai28-2","routeLabelJa":"臨海２８－２ 葛西駅前行","routeCode":"臨海２８－２","direction":"1","stopCount":10,"geometrySource":"odpt-road-shape","operator":"Toei","patternCount":1}},{"type":"Feature","geometry":{"type":"LineString","coordinates":[[139.87318,35.66232],[139.87244,35.65226],[139.87629,35.65181],[139.8756,35.64472],[139.87219,35.64344]]},"properties":{"patternId":"Toei.Rinkai28-2.69008.2","routeId":"Toei.Rinkai28-2","routeLabelJa":"臨海２８－２ コーシャハイム南葛西行","routeCode":"臨海２８－２","direction":"2","stopCount":8,"geometrySource":"odpt-road-shape","operator":"Toei","patternCount":1}},{"type":"Feature","geometry":{"type":"LineString","coordinates":[[139.8717,35.64797],[139.872,35.64919],[139.87317,35.66546],[139.87244,35.66559],[139.87195,35.66647],[139.86684,35.66587],[139.86492,35.66583],[139.86696,35.67136],[139.86724,35.67174],[139.86487,35.67282],[139.86328,35.67417],[139.86639,35.67686],[139.86512,35.67754],[139.86251,35.67958],[139.86162,35.67999],[139.86356,35.68361],[139.86392,35.68355]]},"properties":{"patternId":"Toei.Kasai24.69102.2","routeId":"Toei.Kasai24","routeLabelJa":"葛西２４ 船堀駅前行","routeCode":"葛西２４","direction":"2","stopCount":16,"geometrySource":"odpt-road-shape","operator":"Toei","patternCount":1}},{"type":"Feature","geometry":{"type":"LineString","coordinates":[[139.8736,35.66304],[139.87316,35.66298],[139.87231,35.65062],[139.87207,35.64848],[139.87154,35.64736],[139.87941,35.64661],[139.8794,35.64691]]},"properties":{"patternId":"Toei.Kasai24.69103.1","routeId":"Toei.Kasai24","routeLabelJa":"葛西２４ なぎさニュータウン行","routeCode":"葛西２４","direction":"1","stopCount":7,"geometrySource":"odpt-road-shape","operator":"Toei","patternCount":1}},{"type":"Feature","geometry":{"type":"LineString","coordinates":[[139.87965,35.64718],[139.87955,35.64661],[139.87941,35.64661],[139.8714,35.64742],[139.87184,35.64834],[139.872,35.64919],[139.87297,35.66298],[139.87265,35.66308]]},"properties":{"patternId":"Toei.Kasai24.69103.2","routeId":"Toei.Kasai24","routeLabelJa":"葛西２４ 葛西駅前行","routeCode":"葛西２４","direction":"2","stopCount":8,"geometrySource":"odpt-road-shape","operator":"Toei","patternCount":1}},{"type":"Feature","geometry":{"type":"LineString","coordinates":[[139.85915,35.66412],[139.85882,35.66406],[139.85837,35.66042],[139.85857,35.65955],[139.85909,35.65882],[139.86083,35.65744],[139.86382,35.65659],[139.86867,35.6565],[139.86836,35.65458],[139.86942,35.6547],[139.87,35.65453],[139.86956,35.65369],[139.86918,35.64835],[139.87167,35.64735],[139.87945,35.64665],[139.87945,35.64701]]},"properties":{"patternId":"Toei.Nishikatsu20Kou.69201.1","routeId":"Toei.Nishikatsu20Kou","routeLabelJa":"西葛２０甲 なぎさニュータウン行","routeCode":"西葛２０甲","direction":"1","stopCount":10,"geometrySource":"odpt-road-shape","operator":"Toei","patternCount":1}},{"type":"Feature","geometry":{"type":"LineString","coordinates":[[139.87963,35.64705],[139.87954,35.64664],[139.87167,35.64735],[139.86918,35.64835],[139.86956,35.65369],[139.87,35.65453],[139.86942,35.6547],[139.86836,35.65458],[139.86867,35.6565],[139.86381,35.65659],[139.86083,35.65744],[139.85909,35.65883],[139.85857,35.65955],[139.85837,35.66042],[139.85886,35.66442],[139.8591,35.6644],[139.85916,35.66414]]},"properties":{"patternId":"Toei.Nishikatsu20Kou.69201.2","routeId":"Toei.Nishikatsu20Kou","routeLabelJa":"西葛２０甲 西葛西駅前行","routeCode":"西葛２０甲","direction":"2","stopCount":10,"geometrySource":"odpt-road-shape","operator":"Toei","patternCount":1}},{"type":"Feature","geometry":{"type":"LineString","coordinates":[[139.85916,35.66421],[139.85911,35.66403],[139.85882,35.66406],[139.85839,35.66078],[139.85842,35.66],[139.85883,35.65912],[139.86083,35.65744],[139.86381,35.65659],[139.86335,35.65104],[139.86295,35.65022],[139.86117,35.64879],[139.86986,35.6456],[139.8663,35.64247],[139.86253,35.64374],[139.86188,35.64367]]},"properties":{"patternId":"Toei.Nishikatsu20Otsu.69202.1","routeId":"Toei.Nishikatsu20Otsu","routeLabelJa":"西葛２０乙 葛西臨海公園駅前行","routeCode":"西葛２０乙","direction":"1","stopCount":12,"geometrySource":"odpt-road-shape","operator":"Toei","patternCount":1}},{"type":"Feature","geometry":{"type":"LineString","coordinates":[[139.86226,35.64392],[139.86629,35.64255],[139.86961,35.6456],[139.86095,35.64879],[139.86266,35.65007],[139.86324,35.65108],[139.86368,35.65662],[139.86052,35.65761],[139.85909,35.65883],[139.85857,35.65955],[139.85839,35.66078],[139.85886,35.66442],[139.85917,35.66423]]},"properties":{"patternId":"Toei.Nishikatsu20Otsu.69202.2","routeId":"Toei.Nishikatsu20Otsu","routeLabelJa":"西葛２０乙 西葛西駅前行","routeCode":"西葛２０乙","direction":"2","stopCount":12,"geometrySource":"odpt-road-shape","operator":"Toei","patternCount":1}},{"type":"Feature","geometry":{"type":"LineString","coordinates":[[139.8735,35.66319],[139.87318,35.6633],[139.87301,35.66038],[139.88148,35.6591],[139.88013,35.65131],[139.87954,35.64664],[139.87582,35.64697],[139.87561,35.64474],[139.87061,35.64291],[139.87209,35.64179],[139.87173,35.64116],[139.87144,35.64104],[139.86676,35.64274],[139.86614,35.64249],[139.86244,35.64375],[139.86187,35.64368]]},"properties":{"patternId":"Toei.Kasai21.69301.1","routeId":"Toei.Kasai21","routeLabelJa":"葛西２１ 葛西臨海公園駅前行","routeCode":"葛西２１","direction":"1","stopCount":13,"geometrySource":"odpt-road-shape","operator":"Toei","patternCount":2}},{"type":"Feature","geometry":{"type":"LineString","coordinates":[[139.8735,35.66319],[139.87318,35.6633],[139.87301,35.66038],[139.88148,35.6591],[139.88013,35.65131],[139.87954,35.64664],[139.87582,35.64697],[139.87561,35.64474],[139.8721,35.64341]]},"properties":{"patternId":"Toei.Kasai21.69302.1","routeId":"Toei.Kasai21","routeLabelJa":"葛西２１ コーシャハイム南葛西行","routeCode":"葛西２１","direction":"1","stopCount":11,"geometrySource":"odpt-road-shape","operator":"Toei","patternCount":1}},{"type":"Feature","geometry":{"type":"LineString","coordinates":[[139.81096,35.67021],[139.81224,35.67561],[139.81018,35.69355],[139.80935,35.69455],[139.80928,35.6953],[139.81396,35.69561],[139.81394,35.69591],[139.81449,35.69589]]},"properties":{"patternId":"Toei.Nishiki13.72104.2","routeId":"Toei.Nishiki13","routeLabelJa":"錦１３ 錦糸町駅前行","routeCode":"錦１３","direction":"2","stopCount":12,"geometrySource":"odpt-road-shape","operator":"Toei","patternCount":1}},{"type":"Feature","geometry":{"type":"LineString","coordinates":[[139.862,35.64402],[139.86617,35.64256],[139.86724,35.64338],[139.8719,35.64176],[139.87209,35.64179],[139.87061,35.64291],[139.87561,35.64474],[139.87582,35.64697],[139.87944,35.64665],[139.87999,35.65131],[139.88132,35.65895],[139.87289,35.66024],[139.87299,35.663],[139.87352,35.66298],[139.8735,35.66316]]},"properties":{"patternId":"Toei.Kasai21.69308.2","routeId":"Toei.Kasai21","routeLabelJa":"葛西２１ 葛西駅前行","routeCode":"葛西２１","direction":"2","stopCount":13,"geometrySource":"odpt-road-shape","operator":"Toei","patternCount":1}},{"type":"Feature","geometry":{"type":"LineString","coordinates":[[139.87268,35.64332],[139.87255,35.64361],[139.87561,35.64474],[139.87582,35.64697],[139.87944,35.64665],[139.87999,35.65131],[139.88135,35.65894],[139.87283,35.66024],[139.87299,35.663],[139.87352,35.66298],[139.8735,35.66316]]},"properties":{"patternId":"Toei.Kasai21.69309.2","routeId":"Toei.Kasai21","routeLabelJa":"葛西２１ 葛西駅前行","routeCode":"葛西２１","direction":"2","stopCount":12,"geometrySource":"odpt-road-shape","operator":"Toei","patternCount":1}},{"type":"Feature","geometry":{"type":"LineString","coordinates":[[139.80645,35.6695],[139.81031,35.66937],[139.82586,35.66994],[139.82566,35.66639],[139.82537,35.66589],[139.82395,35.66451],[139.82377,35.66273],[139.82426,35.65599],[139.82575,35.64556],[139.82636,35.64558],[139.82647,35.64519],[139.82712,35.64522],[139.82719,35.64474],[139.83616,35.64559],[139.83533,35.64358],[139.83499,35.63954],[139.83698,35.63971],[139.83659,35.63486],[139.8346,35.63496],[139.83435,35.63352],[139.82387,35.63258],[139.82297,35.63909],[139.82539,35.64484],[139.82557,35.64576],[139.82411,35.656],[139.82365,35.66208],[139.8237,35.66414],[139.8239,35.66459],[139.82553,35.66627],[139.82573,35.66987],[139.81712,35.66955]]},"properties":{"patternId":"Toei.Ki11Kou.72001.3","routeId":"Toei.Ki11Kou","routeLabelJa":"木１１甲 東陽町駅前行","routeCode":"木１１甲","direction":"3","stopCount":28,"geometrySource":"odpt-road-shape","operator":"Toei","patternCount":1}},{"type":"Feature","geometry":{"type":"LineString","coordinates":[[139.81691,35.66968],[139.82586,35.66994],[139.82566,35.66639],[139.82537,35.66589],[139.82395,35.66451],[139.82377,35.66273],[139.82426,35.65599],[139.82575,35.64556],[139.82636,35.64558],[139.82647,35.64519],[139.82712,35.64522],[139.82719,35.64474],[139.83616,35.64559],[139.83533,35.64358],[139.83499,35.63954],[139.83698,35.63971],[139.83632,35.63191],[139.83579,35.629],[139.83085,35.62852],[139.83107,35.62696],[139.83222,35.62706],[139.83254,35.62479],[139.83541,35.625],[139.83488,35.6189],[139.83462,35.61897],[139.83458,35.61946]]},"properties":{"patternId":"Toei.Ki11Kou.72002.1","routeId":"Toei.Ki11Kou","routeLabelJa":"木１１甲 若洲キャンプ場前行","routeCode":"木１１甲","direction":"1","stopCount":18,"geometrySource":"odpt-road-shape","operator":"Toei","patternCount":1}},{"type":"Feature","geometry":{"type":"LineString","coordinates":[[139.83458,35.61949],[139.83512,35.62492],[139.83256,35.62468],[139.83222,35.62706],[139.83094,35.62695],[139.8307,35.62862],[139.83555,35.62909],[139.83613,35.63153],[139.83632,35.63487],[139.8346,35.63496],[139.83435,35.63352],[139.82387,35.63258],[139.82297,35.63909],[139.82539,35.64484],[139.82557,35.64576],[139.82411,35.656],[139.82365,35.66208],[139.8237,35.66414],[139.8239,35.66459],[139.82553,35.66627],[139.82573,35.66987],[139.81712,35.66955]]},"properties":{"patternId":"Toei.Ki11Kou.72002.2","routeId":"Toei.Ki11Kou","routeLabelJa":"木１１甲 東陽町駅前行","routeCode":"木１１甲","direction":"2","stopCount":19,"geometrySource":"odpt-road-shape","operator":"Toei","patternCount":1}},{"type":"Feature","geometry":{"type":"LineString","coordinates":[[139.82648,35.64534],[139.82647,35.64519],[139.82712,35.64522],[139.82719,35.64474],[139.83616,35.64559],[139.83533,35.64358],[139.83499,35.63954],[139.83698,35.63971],[139.83632,35.63191],[139.83579,35.629],[139.83085,35.62852],[139.83107,35.62696],[139.83222,35.62706],[139.83254,35.62479],[139.83541,35.625],[139.83488,35.6189],[139.83462,35.61897],[139.83458,35.61946]]},"properties":{"patternId":"Toei.Ki11Kou.72003.1","routeId":"Toei.Ki11Kou","routeLabelJa":"木１１甲 若洲キャンプ場前行","routeCode":"木１１甲","direction":"1","stopCount":11,"geometrySource":"odpt-road-shape","operator":"Toei","patternCount":1}},{"type":"Feature","geometry":{"type":"LineString","coordinates":[[139.80257,35.64323],[139.80237,35.64321],[139.80277,35.64023],[139.80494,35.64102],[139.80524,35.64068],[139.80708,35.64086],[139.80959,35.64183],[139.81294,35.6422],[139.81179,35.65064],[139.80129,35.64962],[139.796,35.65493],[139.79547,35.65466],[139.79506,35.65522],[139.79571,35.65482],[139.79594,35.65499],[139.79192,35.65893],[139.78671,35.65846],[139.78174,35.65514],[139.77371,35.66346],[139.77635,35.66544],[139.77686,35.6656],[139.77767,35.66642],[139.77928,35.67073],[139.78015,35.67225],[139.78017,35.67277],[139.78088,35.67274],[139.78283,35.67369],[139.7816,35.675],[139.77947,35.67626],[139.77792,35.67666],[139.76937,35.68017],[139.76866,35.67963],[139.76814,35.67884],[139.7679,35.67896],[139.76794,35.67921]]},"properties":{"patternId":"Toei.Higashi15.72202.1","routeId":"Toei.Higashi15","routeLabelJa":"東１５ 東京駅八重洲口行","routeCode":"東１５","direction":"1","stopCount":30,"geometrySource":"odpt-road-shape","operator":"Toei","patternCount":1}},{"type":"Feature","geometry":{"type":"LineString","coordinates":[[139.83458,35.61949],[139.83512,35.62492],[139.83256,35.62468],[139.83222,35.62706],[139.83094,35.62695],[139.8307,35.62862],[139.83555,35.62909],[139.83613,35.63153],[139.83632,35.63487],[139.8346,35.63496],[139.83435,35.63352],[139.82393,35.6325],[139.82297,35.63909],[139.82527,35.64456],[139.82719,35.64474],[139.82712,35.64522],[139.82609,35.64516],[139.82602,35.64557],[139.82626,35.64558]]},"properties":{"patternId":"Toei.Ki11Kou.72003.2","routeId":"Toei.Ki11Kou","routeLabelJa":"木１１甲 新木場駅前（構内）行","routeCode":"木１１甲","direction":"2","stopCount":13,"geometrySource":"odpt-road-shape","operator":"Toei","patternCount":1}},{"type":"Feature","geometry":{"type":"LineString","coordinates":[[139.81691,35.66968],[139.82586,35.66994],[139.82566,35.66639],[139.82537,35.66589],[139.82395,35.66451],[139.82377,35.66273],[139.82426,35.65599],[139.82575,35.64556],[139.82636,35.64558],[139.82647,35.64519],[139.82712,35.64522],[139.82719,35.64474],[139.83616,35.64559],[139.83533,35.64358],[139.83499,35.63954],[139.83698,35.63971],[139.83651,35.63363],[139.83579,35.629],[139.83488,35.6189],[139.83462,35.61897],[139.83458,35.61946]]},"properties":{"patternId":"Toei.Ki11Kou.72004.1","routeId":"Toei.Ki11Kou","routeLabelJa":"木１１甲 若洲キャンプ場前行","routeCode":"木１１甲","direction":"1","stopCount":14,"geometrySource":"odpt-road-shape","operator":"Toei","patternCount":1}},{"type":"Feature","geometry":{"type":"LineString","coordinates":[[139.83458,35.61949],[139.83542,35.62848],[139.83613,35.63153],[139.83632,35.63487],[139.8346,35.63496],[139.83435,35.63352],[139.82387,35.63258],[139.82297,35.63909],[139.82539,35.64484],[139.82557,35.64576],[139.82411,35.656],[139.82365,35.66208],[139.8237,35.66414],[139.8239,35.66459],[139.82553,35.66627],[139.82573,35.66987],[139.81712,35.66955]]},"properties":{"patternId":"Toei.Ki11Kou.72004.2","routeId":"Toei.Ki11Kou","routeLabelJa":"木１１甲 東陽町駅前行","routeCode":"木１１甲","direction":"2","stopCount":15,"geometrySource":"odpt-road-shape","operator":"Toei","patternCount":1}},{"type":"Feature","geometry":{"type":"LineString","coordinates":[[139.81691,35.66968],[139.82586,35.66994],[139.82566,35.66639],[139.82537,35.66589],[139.82395,35.66451],[139.82377,35.66273],[139.82426,35.65599],[139.82575,35.64556],[139.82602,35.64561]]},"properties":{"patternId":"Toei.Ki11Kou.72009.1","routeId":"Toei.Ki11Kou","routeLabelJa":"木１１甲 新木場駅前（構内）行","routeCode":"木１１甲","direction":"1","stopCount":8,"geometrySource":"odpt-road-shape","operator":"Toei","patternCount":1}},{"type":"Feature","geometry":{"type":"LineString","coordinates":[[139.82548,35.64563],[139.82411,35.656],[139.82365,35.66208],[139.82376,35.66436],[139.82553,35.66627],[139.82573,35.66987],[139.81713,35.66949]]},"properties":{"patternId":"Toei.Ki11Kou.72009.2","routeId":"Toei.Ki11Kou","routeLabelJa":"木１１甲 東陽町駅前行","routeCode":"木１１甲","direction":"2","stopCount":7,"geometrySource":"odpt-road-shape","operator":"Toei","patternCount":1}},{"type":"Feature","geometry":{"type":"LineString","coordinates":[[139.79357,35.67309],[139.79185,35.66872],[139.79631,35.66505],[139.79961,35.66183],[139.80079,35.66019],[139.8016,35.65776],[139.79841,35.65563],[139.79725,35.65415],[139.80159,35.6492],[139.80191,35.64706],[139.80131,35.64546],[139.79981,35.64532],[139.79771,35.64358],[139.79554,35.64104]]},"properties":{"patternId":"Toei.KM01.72815.1","routeId":"Toei.KM01","routeLabelJa":"海０１（ＫＭ０１） 有明小中学校前行","routeCode":"海０１（ＫＭ０１）","direction":"1","stopCount":16,"geometrySource":"stop-to-stop","operator":"Toei","patternCount":1}},{"type":"Feature","geometry":{"type":"LineString","coordinates":[[139.82388,35.66092],[139.82426,35.65599],[139.82575,35.64556],[139.82602,35.64561]]},"properties":{"patternId":"Toei.Ki11Kou.72010.1","routeId":"Toei.Ki11Kou","routeLabelJa":"木１１甲 新木場駅前（構内）行","routeCode":"木１１甲","direction":"1","stopCount":4,"geometrySource":"odpt-road-shape","operator":"Toei","patternCount":1}},{"type":"Feature","geometry":{"type":"LineString","coordinates":[[139.82379,35.66023],[139.8237,35.66414],[139.8239,35.66459],[139.82553,35.66627],[139.82573,35.66987],[139.81712,35.66955]]},"properties":{"patternId":"Toei.Ki11Kou.72011.2","routeId":"Toei.Ki11Kou","routeLabelJa":"木１１甲 東陽町駅前行","routeCode":"木１１甲","direction":"2","stopCount":4,"geometrySource":"odpt-road-shape","operator":"Toei","patternCount":1}},{"type":"Feature","geometry":{"type":"LineString","coordinates":[[139.82642,35.64547],[139.82647,35.64519],[139.82712,35.64522],[139.82719,35.64474],[139.83616,35.64559],[139.83533,35.64358],[139.83499,35.63954],[139.83698,35.63971],[139.83659,35.63486],[139.8346,35.63496],[139.83435,35.63352],[139.82393,35.6325],[139.82297,35.63909],[139.82527,35.64456],[139.82719,35.64474],[139.82712,35.64522],[139.82609,35.64516],[139.82602,35.64557],[139.82626,35.64558]]},"properties":{"patternId":"Toei.Ki11Kou.72012.3","routeId":"Toei.Ki11Kou","routeLabelJa":"木１１甲 新木場駅前（構内）行","routeCode":"木１１甲","direction":"3","stopCount":12,"geometrySource":"odpt-road-shape","operator":"Toei","patternCount":1}},{"type":"Feature","geometry":{"type":"LineString","coordinates":[[139.82644,35.64534],[139.82647,35.64519],[139.82712,35.64522],[139.82719,35.64474],[139.83616,35.64559],[139.83533,35.64358],[139.83499,35.63954],[139.83698,35.63971],[139.83651,35.63363],[139.83579,35.629],[139.83488,35.6189],[139.83462,35.61897],[139.83458,35.61946]]},"properties":{"patternId":"Toei.Ki11Kou.72014.1","routeId":"Toei.Ki11Kou","routeLabelJa":"木１１甲 若洲キャンプ場前行","routeCode":"木１１甲","direction":"1","stopCount":7,"geometrySource":"odpt-road-shape","operator":"Toei","patternCount":1}},{"type":"Feature","geometry":{"type":"LineString","coordinates":[[139.83458,35.61949],[139.83542,35.62848],[139.83613,35.63153],[139.83632,35.63487],[139.8346,35.63496],[139.83435,35.63352],[139.82393,35.6325],[139.82297,35.63909],[139.82527,35.64456],[139.82719,35.64474],[139.82712,35.64522],[139.82615,35.64512],[139.82602,35.6456]]},"properties":{"patternId":"Toei.Ki11Kou.72014.2","routeId":"Toei.Ki11Kou","routeLabelJa":"木１１甲 新木場駅前（構内）行","routeCode":"木１１甲","direction":"2","stopCount":9,"geometrySource":"odpt-road-shape","operator":"Toei","patternCount":1}},{"type":"Feature","geometry":{"type":"LineString","coordinates":[[139.81103,35.66746],[139.8115,35.66345],[139.80567,35.66285],[139.80746,35.65966],[139.81068,35.65642],[139.81109,35.65579],[139.81309,35.64215],[139.81005,35.64184],[139.80708,35.64078],[139.804,35.6405],[139.80399,35.64071],[139.80492,35.64102],[139.80527,35.64059],[139.8037,35.64045],[139.80263,35.64012],[139.80221,35.64319],[139.80258,35.64322]]},"properties":{"patternId":"Toei.Nishiki13.72107.1","routeId":"Toei.Nishiki13","routeLabelJa":"錦１３ 深川車庫前行","routeCode":"錦１３","direction":"1","stopCount":12,"geometrySource":"odpt-road-shape","operator":"Toei","patternCount":1}},{"type":"Feature","geometry":{"type":"LineString","coordinates":[[139.77304,35.64758],[139.77443,35.64765],[139.77511,35.64815],[139.77464,35.64861],[139.77319,35.64783],[139.77274,35.64799],[139.77202,35.6487],[139.78656,35.65863],[139.79199,35.65917],[139.80141,35.64976],[139.80202,35.64558],[139.79945,35.64534],[139.79994,35.64189],[139.80236,35.64212],[139.80221,35.64319],[139.80258,35.64322]]},"properties":{"patternId":"Toei.Nishiki13Shutsunyuu.72113.2","routeId":"Toei.Nishiki13Shutsunyuu","routeLabelJa":"錦１３出入 深川車庫前行","routeCode":"錦１３出入","direction":"2","stopCount":19,"geometrySource":"odpt-road-shape","operator":"Toei","patternCount":1}},{"type":"Feature","geometry":{"type":"LineString","coordinates":[[139.81454,35.69586],[139.81472,35.69568],[139.81514,35.69573],[139.81576,35.68897],[139.81075,35.68868],[139.81224,35.67561],[139.8107,35.66884],[139.8115,35.66345],[139.80567,35.66285],[139.80755,35.65957],[139.8045,35.65924],[139.80404,35.65969],[139.80229,35.6583],[139.79649,35.65446],[139.79601,35.65494],[139.7956,35.65466],[139.79529,35.6548]]},"properties":{"patternId":"Toei.Nishiki13.72114.1","routeId":"Toei.Nishiki13","routeLabelJa":"錦１３ 豊洲駅前行","routeCode":"錦１３","direction":"1","stopCount":20,"geometrySource":"odpt-road-shape","operator":"Toei","patternCount":1}},{"type":"Feature","geometry":{"type":"LineString","coordinates":[[139.79732,35.65525],[139.80396,35.65964],[139.80426,35.65927],[139.80724,35.65962],[139.80542,35.66286],[139.80887,35.66326],[139.80881,35.66375],[139.81138,35.66421],[139.8107,35.66884],[139.81224,35.67561],[139.81018,35.69355],[139.80935,35.69455],[139.80928,35.6953],[139.81396,35.69561],[139.81394,35.69591],[139.81449,35.69589]]},"properties":{"patternId":"Toei.Nishiki13.72114.2","routeId":"Toei.Nishiki13","routeLabelJa":"錦１３ 錦糸町駅前行","routeCode":"錦１３","direction":"2","stopCount":20,"geometrySource":"odpt-road-shape","operator":"Toei","patternCount":1}},{"type":"Feature","geometry":{"type":"LineString","coordinates":[[139.81103,35.66746],[139.8115,35.66345],[139.80567,35.66285],[139.80751,35.65953],[139.80434,35.65924],[139.80405,35.65961],[139.79649,35.65446],[139.79601,35.65494],[139.7956,35.65466],[139.79531,35.65481],[139.79507,35.65523],[139.79572,35.65483],[139.79594,35.655],[139.79196,35.65892],[139.78665,35.65844],[139.77456,35.65037],[139.77565,35.64931],[139.77464,35.64861],[139.77512,35.64806],[139.77317,35.64714]]},"properties":{"patternId":"Toei.Nishiki13.72115.1","routeId":"Toei.Nishiki13","routeLabelJa":"錦１３ 晴海埠頭行","routeCode":"錦１３","direction":"1","stopCount":17,"geometrySource":"odpt-road-shape","operator":"Toei","patternCount":1}},{"type":"Feature","geometry":{"type":"LineString","coordinates":[[139.81454,35.69586],[139.81472,35.69568],[139.81514,35.69573],[139.81576,35.68897],[139.81075,35.68868],[139.81224,35.67561],[139.8107,35.66884],[139.8115,35.66345],[139.80567,35.66285],[139.80746,35.65966],[139.80444,35.65923],[139.80404,35.65957],[139.79649,35.65446],[139.79601,35.65494],[139.7956,35.65466],[139.79531,35.65481],[139.79507,35.65523],[139.79572,35.65483],[139.79594,35.655],[139.79196,35.65892],[139.78665,35.65844],[139.77202,35.6487],[139.77274,35.64799],[139.77319,35.64783],[139.77464,35.64861],[139.77511,35.64815],[139.77492,35.64778]]},"properties":{"patternId":"Toei.Nishiki13.72116.1","routeId":"Toei.Nishiki13","routeLabelJa":"錦１３ 晴海埠頭行","routeCode":"錦１３","direction":"1","stopCount":29,"geometrySource":"odpt-road-shape","operator":"Toei","patternCount":1}},{"type":"Feature","geometry":{"type":"LineString","coordinates":[[139.77475,35.64785],[139.77513,35.64802],[139.77464,35.64861],[139.77319,35.64783],[139.77273,35.64799],[139.77202,35.6487],[139.78656,35.65863],[139.79199,35.65917],[139.79658,35.6547],[139.80401,35.65971],[139.80439,35.65935],[139.80724,35.65962],[139.80542,35.66286],[139.80887,35.66326],[139.80881,35.66375],[139.81138,35.66421],[139.8107,35.66884],[139.81224,35.67561],[139.81018,35.69355],[139.80935,35.69455],[139.80928,35.6953],[139.81396,35.69561],[139.81394,35.69591],[139.81449,35.69589]]},"properties":{"patternId":"Toei.Nishiki13.72116.2","routeId":"Toei.Nishiki13","routeLabelJa":"錦１３ 錦糸町駅前行","routeCode":"錦１３","direction":"2","stopCount":30,"geometrySource":"odpt-road-shape","operator":"Toei","patternCount":1}},{"type":"Feature","geometry":{"type":"LineString","coordinates":[[139.80257,35.64323],[139.80237,35.64321],[139.8025,35.64212],[139.79994,35.64188],[139.79944,35.64543],[139.80183,35.64566],[139.80129,35.64962],[139.796,35.65493],[139.79547,35.65466],[139.79506,35.65522],[139.79571,35.65482],[139.79594,35.65499],[139.79217,35.65882],[139.79169,35.65896],[139.78671,35.65846],[139.78174,35.65514],[139.77371,35.66346],[139.77635,35.66544],[139.77686,35.6656],[139.77767,35.66642],[139.77928,35.67073],[139.78015,35.67225],[139.78017,35.67277],[139.78088,35.67274],[139.78283,35.67369],[139.7816,35.675],[139.77947,35.67626],[139.77792,35.67666],[139.76937,35.68017],[139.76866,35.67963],[139.76814,35.67884],[139.7679,35.67896],[139.76794,35.67921]]},"properties":{"patternId":"Toei.Higashi15.72201.1","routeId":"Toei.Higashi15","routeLabelJa":"東１５ 東京駅八重洲口行","routeCode":"東１５","direction":"1","stopCount":28,"geometrySource":"odpt-road-shape","operator":"Toei","patternCount":1}},{"type":"Feature","geometry":{"type":"LineString","coordinates":[[139.76941,35.65378],[139.77756,35.65932],[139.77402,35.66314],[139.7706,35.6665],[139.76605,35.67039],[139.76175,35.67342],[139.76202,35.6737],[139.76425,35.68046],[139.76493,35.68033],[139.76499,35.68055],[139.76473,35.68086]]},"properties":{"patternId":"Toei.T04.72301.1","routeId":"Toei.T04","routeLabelJa":"都０４ 東京駅丸の内南口行","routeCode":"都０４","direction":"1","stopCount":13,"geometrySource":"odpt-road-shape","operator":"Toei","patternCount":1}},{"type":"Feature","geometry":{"type":"LineString","coordinates":[[139.76471,35.68088],[139.76485,35.68122],[139.76513,35.68114],[139.76509,35.6803],[139.76572,35.67954],[139.76505,35.67757],[139.76342,35.67794],[139.76184,35.67352],[139.76613,35.67047],[139.77068,35.66663],[139.77776,35.65933],[139.76952,35.65369]]},"properties":{"patternId":"Toei.T04.72301.2","routeId":"Toei.T04","routeLabelJa":"都０４ 豊海水産埠頭行","routeCode":"都０４","direction":"2","stopCount":13,"geometrySource":"odpt-road-shape","operator":"Toei","patternCount":1}},{"type":"Feature","geometry":{"type":"LineString","coordinates":[[139.77853,35.65864],[139.78309,35.65416],[139.78382,35.65365],[139.78981,35.64749],[139.79517,35.64059],[139.78534,35.63522]]},"properties":{"patternId":"Toei.T04.72302.1","routeId":"Toei.T04","routeLabelJa":"都０４ 有明一丁目行","routeCode":"都０４","direction":"1","stopCount":8,"geometrySource":"odpt-road-shape","operator":"Toei","patternCount":1}},{"type":"Feature","geometry":{"type":"LineString","coordinates":[[139.78501,35.63521],[139.79494,35.64057],[139.78846,35.64852],[139.78377,35.65284],[139.78264,35.65427],[139.77823,35.65861]]},"properties":{"patternId":"Toei.T04.72302.2","routeId":"Toei.T04","routeLabelJa":"都０４ 勝どき駅前行","routeCode":"都０４","direction":"2","stopCount":8,"geometrySource":"odpt-road-shape","operator":"Toei","patternCount":1}},{"type":"Feature","geometry":{"type":"LineString","coordinates":[[139.76567,35.67994],[139.76576,35.6795],[139.76506,35.67757],[139.76341,35.67793],[139.76184,35.67351],[139.76465,35.67157],[139.77069,35.6666],[139.78179,35.65542],[139.78669,35.6587],[139.79199,35.65917],[139.79235,35.65894],[139.80141,35.6497],[139.80202,35.64563],[139.79945,35.64538],[139.79994,35.64188],[139.80234,35.64212],[139.80218,35.64325],[139.80259,35.64329]]},"properties":{"patternId":"Toei.T05-2Shutsunyuu.72403.2","routeId":"Toei.T05-2Shutsunyuu","routeLabelJa":"都０５－１出入 深川車庫前行","routeCode":"都０５－１出入","direction":"2","stopCount":26,"geometrySource":"odpt-road-shape","operator":"Toei","patternCount":1}},{"type":"Feature","geometry":{"type":"LineString","coordinates":[[139.7729,35.64734],[139.77457,35.64771],[139.77511,35.64816],[139.77464,35.64861],[139.77356,35.6479],[139.77309,35.64784],[139.77201,35.6487],[139.78159,35.65528],[139.77058,35.66651],[139.76604,35.67041],[139.76177,35.67344],[139.76202,35.67373],[139.76421,35.68038],[139.76553,35.68014]]},"properties":{"patternId":"Toei.T05-1.72414.1","routeId":"Toei.T05-1","routeLabelJa":"都０５－１ 東京駅丸の内南口行","routeCode":"都０５－１","direction":"1","stopCount":14,"geometrySource":"odpt-road-shape","operator":"Toei","patternCount":1}},{"type":"Feature","geometry":{"type":"LineString","coordinates":[[139.76836,35.67983],[139.76864,35.68063],[139.77824,35.67661],[139.77945,35.67625],[139.78161,35.67499],[139.78428,35.67215],[139.7855,35.66798],[139.78736,35.66625],[139.78493,35.66441],[139.78781,35.66163],[139.78825,35.65887],[139.792,35.65918],[139.80143,35.64972],[139.80201,35.64559],[139.7992,35.64531],[139.79487,35.64042],[139.78429,35.63462],[139.78497,35.63408],[139.78835,35.6299],[139.78885,35.62897],[139.79191,35.63063],[139.79277,35.62956],[139.79324,35.62984]]},"properties":{"patternId":"Toei.Higashi16.73002.1","routeId":"Toei.Higashi16","routeLabelJa":"東１６ 東京ビッグサイト行","routeCode":"東１６","direction":"1","stopCount":28,"geometrySource":"odpt-road-shape","operator":"Toei","patternCount":1}},{"type":"Feature","geometry":{"type":"LineString","coordinates":[[139.7931,35.63024],[139.79273,35.63015],[139.79306,35.62972],[139.79276,35.62956],[139.79204,35.63047],[139.78875,35.62868],[139.7883,35.6298],[139.78477,35.63414],[139.78407,35.63461],[139.79487,35.64052],[139.79909,35.64533],[139.80184,35.64565],[139.80128,35.64963],[139.79601,35.65494],[139.79549,35.65465],[139.79504,35.65511],[139.79522,35.65524],[139.79571,35.65483],[139.79595,35.65499],[139.79215,35.65883],[139.79169,35.65896],[139.78816,35.65865],[139.78777,35.6615],[139.78476,35.66443],[139.78721,35.66629],[139.78537,35.66803],[139.78427,35.67205],[139.78161,35.67499],[139.77945,35.67625],[139.77793,35.67666],[139.76938,35.68016],[139.76874,35.67972],[139.76814,35.67885],[139.76788,35.67899],[139.76798,35.67923]]},"properties":{"patternId":"Toei.Higashi16.73002.2","routeId":"Toei.Higashi16","routeLabelJa":"東１６ 東京駅八重洲口行","routeCode":"東１６","direction":"2","stopCount":29,"geometrySource":"odpt-road-shape","operator":"Toei","patternCount":1}},{"type":"Feature","geometry":{"type":"LineString","coordinates":[[139.76567,35.67994],[139.76576,35.6795],[139.76506,35.67757],[139.76341,35.67793],[139.76184,35.67351],[139.76467,35.67156],[139.76974,35.6674],[139.78194,35.65527],[139.77456,35.65038],[139.77563,35.6493],[139.77464,35.64861],[139.7751,35.64803],[139.77318,35.64718]]},"properties":{"patternId":"Toei.T05-1.72414.2","routeId":"Toei.T05-1","routeLabelJa":"都０５－１ 晴海埠頭行","routeCode":"都０５－１","direction":"2","stopCount":15,"geometrySource":"odpt-road-shape","operator":"Toei","patternCount":1}},{"type":"Feature","geometry":{"type":"LineString","coordinates":[[139.8026,35.64314],[139.79978,35.64229],[139.79985,35.64552],[139.80107,35.64562],[139.80159,35.6468],[139.80129,35.64908],[139.79839,35.65237],[139.79323,35.6576],[139.79074,35.65878],[139.78602,35.65791],[139.77514,35.65057],[139.77319,35.64708]]},"properties":{"patternId":"Toei.T05-2Shutsunyuu.72416.1","routeId":"Toei.T05-2Shutsunyuu","routeLabelJa":"都０５－１出入 晴海埠頭行","routeCode":"都０５－１出入","direction":"1","stopCount":17,"geometrySource":"stop-to-stop","operator":"Toei","patternCount":1}},{"type":"Feature","geometry":{"type":"LineString","coordinates":[[139.77278,35.64736],[139.77234,35.64829],[139.77505,35.65094],[139.78552,35.65804],[139.79065,35.65912],[139.79277,35.65868],[139.79868,35.65267],[139.80159,35.6492],[139.80191,35.64706],[139.80131,35.64546],[139.79981,35.64532],[139.79991,35.64248],[139.80144,35.64209],[139.80262,35.64328]]},"properties":{"patternId":"Toei.T05-2Shutsunyuu.72416.2","routeId":"Toei.T05-2Shutsunyuu","routeLabelJa":"都０５－１出入 深川車庫前行","routeCode":"都０５－１出入","direction":"2","stopCount":19,"geometrySource":"stop-to-stop","operator":"Toei","patternCount":1}},{"type":"Feature","geometry":{"type":"LineString","coordinates":[[139.8058,35.66985],[139.80698,35.67614],[139.80435,35.70865],[139.80852,35.70887],[139.8084,35.71025]]},"properties":{"patternId":"Toei.Nari10.72505.1","routeId":"Toei.Nari10","routeLabelJa":"業１０ とうきょうスカイツリー駅前行","routeCode":"業１０","direction":"1","stopCount":16,"geometrySource":"odpt-road-shape","operator":"Toei","patternCount":1}},{"type":"Feature","geometry":{"type":"LineString","coordinates":[[139.76836,35.67983],[139.76864,35.68063],[139.77824,35.67661],[139.77945,35.67625],[139.78159,35.675],[139.78305,35.6755],[139.78412,35.67482],[139.78372,35.6744]]},"properties":{"patternId":"Toei.Higashi16.73003.1","routeId":"Toei.Higashi16","routeLabelJa":"東１６ 住友ツインビル前行","routeCode":"東１６","direction":"1","stopCount":6,"geometrySource":"odpt-road-shape","operator":"Toei","patternCount":1}},{"type":"Feature","geometry":{"type":"LineString","coordinates":[[139.8084,35.71027],[139.80845,35.71141],[139.80569,35.71286],[139.80521,35.71235],[139.80415,35.70988],[139.80711,35.67623],[139.80618,35.67068]]},"properties":{"patternId":"Toei.Nari10.72505.2","routeId":"Toei.Nari10","routeLabelJa":"業１０ 木場駅前行","routeCode":"業１０","direction":"2","stopCount":17,"geometrySource":"odpt-road-shape","operator":"Toei","patternCount":1}},{"type":"Feature","geometry":{"type":"LineString","coordinates":[[139.80257,35.64326],[139.80237,35.64324],[139.80251,35.64213],[139.79994,35.64188],[139.79944,35.64542],[139.80185,35.64565],[139.80128,35.64963],[139.79215,35.65882],[139.79167,35.65896],[139.78719,35.65858],[139.78641,35.65831],[139.78468,35.65713],[139.78046,35.66121],[139.77766,35.65924],[139.7709,35.66619],[139.76613,35.67033],[139.76322,35.67249],[139.75888,35.66842],[139.75841,35.66743],[139.75905,35.66731]]},"properties":{"patternId":"Toei.Nari10Shutsunyuu.72509.1","routeId":"Toei.Nari10Shutsunyuu","routeLabelJa":"業１０出入 新橋行","routeCode":"業１０出入","direction":"1","stopCount":22,"geometrySource":"odpt-road-shape","operator":"Toei","patternCount":1}},{"type":"Feature","geometry":{"type":"LineString","coordinates":[[139.75852,35.66695],[139.7585,35.6674],[139.76051,35.66672],[139.76123,35.66762],[139.76509,35.67126],[139.77075,35.66654],[139.77768,35.6594],[139.78238,35.66271],[139.78661,35.65866],[139.79197,35.65918],[139.80143,35.64973],[139.80204,35.64559],[139.79945,35.64534],[139.79994,35.64188],[139.80233,35.64211],[139.80219,35.64322],[139.80257,35.64326]]},"properties":{"patternId":"Toei.Nari10Shutsunyuu.72510.2","routeId":"Toei.Nari10Shutsunyuu","routeLabelJa":"業１０出入 深川車庫前行","routeCode":"業１０出入","direction":"2","stopCount":23,"geometrySource":"odpt-road-shape","operator":"Toei","patternCount":1}},{"type":"Feature","geometry":{"type":"LineString","coordinates":[[139.80257,35.64326],[139.80219,35.64322],[139.80128,35.64963],[139.79215,35.65882],[139.79167,35.65896],[139.78719,35.65858],[139.78641,35.65831],[139.78468,35.65713],[139.78046,35.66121],[139.77766,35.65924],[139.7709,35.66619],[139.76613,35.67033],[139.76322,35.67249],[139.75888,35.66842],[139.75841,35.66743],[139.75905,35.66731]]},"properties":{"patternId":"Toei.Nari10Shutsunyuu.72511.1","routeId":"Toei.Nari10Shutsunyuu","routeLabelJa":"業１０出入 新橋行","routeCode":"業１０出入","direction":"1","stopCount":19,"geometrySource":"odpt-road-shape","operator":"Toei","patternCount":1}},{"type":"Feature","geometry":{"type":"LineString","coordinates":[[139.75951,35.66753],[139.75978,35.66809],[139.75888,35.66842],[139.7633,35.67258],[139.76612,35.67047],[139.77073,35.66656],[139.77768,35.6594],[139.78238,35.66271],[139.78661,35.65866],[139.79197,35.65918],[139.79657,35.65469],[139.80396,35.65964],[139.80446,35.6593],[139.80726,35.6596],[139.80541,35.66289],[139.80515,35.6644],[139.80523,35.66821],[139.80579,35.66954],[139.80698,35.67614],[139.80435,35.70865],[139.80852,35.70887],[139.8084,35.71025]]},"properties":{"patternId":"Toei.Nari10.72512.1","routeId":"Toei.Nari10","routeLabelJa":"業１０ とうきょうスカイツリー駅前行","routeCode":"業１０","direction":"1","stopCount":37,"geometrySource":"odpt-road-shape","operator":"Toei","patternCount":1}},{"type":"Feature","geometry":{"type":"LineString","coordinates":[[139.8084,35.71027],[139.80845,35.71141],[139.80569,35.71286],[139.80521,35.71235],[139.80415,35.70988],[139.80711,35.67623],[139.80589,35.66931],[139.80542,35.66798],[139.8054,35.66425],[139.80566,35.66291],[139.80744,35.65974],[139.80715,35.65951],[139.8045,35.65925],[139.80405,35.65958],[139.79649,35.65446],[139.79195,35.65893],[139.78672,35.65846],[139.78468,35.65713],[139.78046,35.66121],[139.77766,35.65924],[139.7709,35.66619],[139.76613,35.67033],[139.76322,35.67249],[139.75888,35.66842],[139.75841,35.66743],[139.75905,35.66731]]},"properties":{"patternId":"Toei.Nari10.72512.2","routeId":"Toei.Nari10","routeLabelJa":"業１０ 新橋行","routeCode":"業１０","direction":"2","stopCount":38,"geometrySource":"odpt-road-shape","operator":"Toei","patternCount":1}},{"type":"Feature","geometry":{"type":"LineString","coordinates":[[139.75852,35.66695],[139.7585,35.6674],[139.76051,35.66672],[139.76123,35.66762],[139.76509,35.67126],[139.77073,35.66656],[139.77768,35.6594],[139.78238,35.66271],[139.78661,35.65866],[139.79197,35.65918],[139.79657,35.65469],[139.80398,35.65962],[139.80452,35.65926],[139.80742,35.65951],[139.80541,35.66289],[139.80515,35.6644],[139.80523,35.66821],[139.80579,35.66954],[139.80698,35.67614],[139.80435,35.70865],[139.80852,35.70887],[139.8084,35.71025]]},"properties":{"patternId":"Toei.Nari10.72513.1","routeId":"Toei.Nari10","routeLabelJa":"業１０ とうきょうスカイツリー駅前行","routeCode":"業１０","direction":"1","stopCount":37,"geometrySource":"odpt-road-shape","operator":"Toei","patternCount":1}},{"type":"Feature","geometry":{"type":"LineString","coordinates":[[139.8084,35.71027],[139.80845,35.71141],[139.80569,35.71286],[139.80521,35.71235],[139.80415,35.70988],[139.80711,35.67623],[139.80589,35.66931],[139.80542,35.66798],[139.8054,35.66425],[139.80566,35.66291],[139.80754,35.65953],[139.80445,35.65926],[139.80405,35.65957],[139.79649,35.65446],[139.79195,35.65893],[139.78672,35.65846],[139.78468,35.65713],[139.78046,35.66121],[139.77766,35.65924],[139.7709,35.66619],[139.76501,35.67118],[139.76123,35.66762],[139.76051,35.66672],[139.75933,35.66712],[139.75913,35.66669],[139.75852,35.66693]]},"properties":{"patternId":"Toei.Nari10.72513.2","routeId":"Toei.Nari10","routeLabelJa":"業１０ 新橋行","routeCode":"業１０","direction":"2","stopCount":38,"geometrySource":"odpt-road-shape","operator":"Toei","patternCount":1}},{"type":"Feature","geometry":{"type":"LineString","coordinates":[[139.80618,35.67067],[139.80542,35.66798],[139.8054,35.66425],[139.80566,35.66291],[139.80756,35.65957],[139.80447,35.65928],[139.80407,35.65956],[139.79649,35.65446],[139.79195,35.65893],[139.78672,35.65846],[139.78468,35.65713],[139.78046,35.66121],[139.77766,35.65924],[139.7709,35.66619],[139.76613,35.67033],[139.76322,35.67249],[139.75888,35.66842],[139.75841,35.66743],[139.75905,35.66731]]},"properties":{"patternId":"Toei.Nari10.72514.2","routeId":"Toei.Nari10","routeLabelJa":"業１０ 新橋行","routeCode":"業１０","direction":"2","stopCount":22,"geometrySource":"odpt-road-shape","operator":"Toei","patternCount":1}},{"type":"Feature","geometry":{"type":"LineString","coordinates":[[139.8062,35.68765],[139.80711,35.67623],[139.80589,35.66931],[139.80542,35.66798],[139.80536,35.66517],[139.80566,35.66291],[139.80754,35.65955],[139.80453,35.65928],[139.80406,35.65953],[139.79649,35.65446],[139.79195,35.65893],[139.78672,35.65846],[139.78468,35.65713],[139.78046,35.66121],[139.77766,35.65924],[139.7709,35.66619],[139.76613,35.67033],[139.76322,35.67249],[139.75888,35.66842],[139.75841,35.66743],[139.75905,35.66731]]},"properties":{"patternId":"Toei.Nari10.72515.2","routeId":"Toei.Nari10","routeLabelJa":"業１０ 新橋行","routeCode":"業１０","direction":"2","stopCount":29,"geometrySource":"odpt-road-shape","operator":"Toei","patternCount":1}},{"type":"Feature","geometry":{"type":"LineString","coordinates":[[139.77805,35.65971],[139.78238,35.66271],[139.78661,35.65866],[139.79197,35.65918],[139.79657,35.65469],[139.80406,35.65961],[139.80455,35.65928],[139.80732,35.65951],[139.80541,35.66289],[139.80515,35.6644],[139.80523,35.66821],[139.80579,35.66954],[139.80698,35.67614],[139.80435,35.70865],[139.80852,35.70887],[139.8084,35.71025]]},"properties":{"patternId":"Toei.Nari10.72516.1","routeId":"Toei.Nari10","routeLabelJa":"業１０ とうきょうスカイツリー駅前行","routeCode":"業１０","direction":"1","stopCount":30,"geometrySource":"odpt-road-shape","operator":"Toei","patternCount":1}},{"type":"Feature","geometry":{"type":"LineString","coordinates":[[139.80257,35.64326],[139.80219,35.64322],[139.80128,35.64963],[139.79638,35.65458],[139.80402,35.65964],[139.80441,35.65923],[139.8073,35.65955],[139.80541,35.66289],[139.80515,35.6644],[139.80523,35.66821],[139.80579,35.66954],[139.80698,35.67614],[139.80435,35.70865],[139.80852,35.70887],[139.8084,35.71025]]},"properties":{"patternId":"Toei.Nari10Shutsunyuu.72517.1","routeId":"Toei.Nari10Shutsunyuu","routeLabelJa":"業１０出入 とうきょうスカイツリー駅前行","routeCode":"業１０出入","direction":"1","stopCount":27,"geometrySource":"odpt-road-shape","operator":"Toei","patternCount":1}},{"type":"Feature","geometry":{"type":"LineString","coordinates":[[139.8084,35.71027],[139.80845,35.71141],[139.80569,35.71286],[139.80521,35.71235],[139.80415,35.70988],[139.80711,35.67623],[139.80589,35.66931],[139.80542,35.66798],[139.8054,35.66426],[139.80566,35.66291],[139.80752,35.65956],[139.80447,35.65921],[139.80411,35.65954],[139.79667,35.65458],[139.80143,35.64974],[139.80237,35.64324],[139.80257,35.64326]]},"properties":{"patternId":"Toei.Nari10Shutsunyuu.72517.2","routeId":"Toei.Nari10Shutsunyuu","routeLabelJa":"業１０出入 深川車庫前行","routeCode":"業１０出入","direction":"2","stopCount":29,"geometrySource":"odpt-road-shape","operator":"Toei","patternCount":1}},{"type":"Feature","geometry":{"type":"LineString","coordinates":[[139.79296,35.62985],[139.79306,35.62972],[139.79277,35.62956],[139.79204,35.63047],[139.78882,35.62873],[139.7883,35.62979],[139.78474,35.63417],[139.78411,35.63461],[139.79494,35.64056],[139.78898,35.64793],[139.78386,35.65277],[139.77373,35.66344],[139.77066,35.66645],[139.7657,35.67068],[139.76182,35.67343],[139.76425,35.68047],[139.76493,35.68033],[139.76485,35.68068]]},"properties":{"patternId":"Toei.T05-2.72601.1","routeId":"Toei.T05-2","routeLabelJa":"都０５－２ 東京駅丸の内南口行","routeCode":"都０５－２","direction":"1","stopCount":20,"geometrySource":"odpt-road-shape","operator":"Toei","patternCount":1}},{"type":"Feature","geometry":{"type":"LineString","coordinates":[[139.76483,35.68071],[139.76479,35.68117],[139.76513,35.68114],[139.76508,35.68028],[139.76574,35.67952],[139.76506,35.67758],[139.76342,35.67792],[139.76187,35.6735],[139.76612,35.67047],[139.77004,35.66717],[139.77369,35.66365],[139.77838,35.65872],[139.78292,35.6543],[139.78421,35.65329],[139.79052,35.64666],[139.79516,35.6406],[139.78433,35.63462],[139.78502,35.63402],[139.78806,35.63026],[139.78885,35.62896],[139.79191,35.63062],[139.79277,35.62956],[139.79326,35.62982]]},"properties":{"patternId":"Toei.T05-2.72601.2","routeId":"Toei.T05-2","routeLabelJa":"都０５－２ 東京ビッグサイト行","routeCode":"都０５－２","direction":"2","stopCount":20,"geometrySource":"odpt-road-shape","operator":"Toei","patternCount":1}},{"type":"Feature","geometry":{"type":"LineString","coordinates":[[139.78496,35.63519],[139.79494,35.64056],[139.78898,35.64793],[139.78386,35.65277],[139.77373,35.66344],[139.77066,35.66645],[139.7657,35.67068],[139.76182,35.67343],[139.76425,35.68047],[139.76493,35.68033],[139.76485,35.68068]]},"properties":{"patternId":"Toei.T05-2.72602.1","routeId":"Toei.T05-2","routeLabelJa":"都０５－２ 東京駅丸の内南口行","routeCode":"都０５－２","direction":"1","stopCount":16,"geometrySource":"odpt-road-shape","operator":"Toei","patternCount":1}},{"type":"Feature","geometry":{"type":"LineString","coordinates":[[139.76483,35.68071],[139.76479,35.68117],[139.76513,35.68114],[139.76508,35.68028],[139.76574,35.67952],[139.76506,35.67758],[139.76342,35.67792],[139.76187,35.6735],[139.76612,35.67047],[139.77004,35.66717],[139.77369,35.66365],[139.77838,35.65872],[139.78292,35.6543],[139.78421,35.65329],[139.79052,35.64666],[139.79516,35.6406],[139.78533,35.63519]]},"properties":{"patternId":"Toei.T05-2.72602.2","routeId":"Toei.T05-2","routeLabelJa":"都０５－２ 有明一丁目行","routeCode":"都０５－２","direction":"2","stopCount":17,"geometrySource":"odpt-road-shape","operator":"Toei","patternCount":1}},{"type":"Feature","geometry":{"type":"LineString","coordinates":[[139.79329,35.63863],[139.79277,35.63836],[139.7922,35.63908],[139.79494,35.64056],[139.78994,35.64687],[139.78724,35.64972],[139.78386,35.65277],[139.78301,35.65384],[139.77066,35.66645],[139.7657,35.67068],[139.76182,35.67343],[139.76425,35.68047],[139.76493,35.68033],[139.76485,35.68068]]},"properties":{"patternId":"Toei.T05-2.72603.1","routeId":"Toei.T05-2","routeLabelJa":"都０５－２ 東京駅丸の内南口行","routeCode":"都０５－２","direction":"1","stopCount":14,"geometrySource":"odpt-road-shape","operator":"Toei","patternCount":1}},{"type":"Feature","geometry":{"type":"LineString","coordinates":[[139.76483,35.68071],[139.76479,35.68117],[139.76513,35.68114],[139.76508,35.68028],[139.76574,35.67952],[139.76506,35.67758],[139.76342,35.67792],[139.76187,35.6735],[139.76612,35.67047],[139.77083,35.66646],[139.77838,35.65872],[139.78292,35.6543],[139.78421,35.65329],[139.78968,35.64763],[139.79516,35.6406],[139.79226,35.639],[139.79259,35.6386],[139.79325,35.63888],[139.79339,35.63873]]},"properties":{"patternId":"Toei.T05-2.72603.2","routeId":"Toei.T05-2","routeLabelJa":"都０５－２ 有明ガーデン行","routeCode":"都０５－２","direction":"2","stopCount":15,"geometrySource":"odpt-road-shape","operator":"Toei","patternCount":1}},{"type":"Feature","geometry":{"type":"LineString","coordinates":[[139.80257,35.64323],[139.80237,35.64321],[139.80277,35.64024],[139.80496,35.64104],[139.80524,35.64067],[139.80696,35.64084],[139.80997,35.6419],[139.81294,35.6422],[139.8118,35.65063],[139.80128,35.64961],[139.796,35.65491],[139.79548,35.65466],[139.79503,35.65519],[139.79524,35.65523],[139.7957,35.65483],[139.79593,35.65497],[139.79226,35.65871],[139.79202,35.65916],[139.79485,35.66163],[139.7977,35.66363],[139.79108,35.66924],[139.79447,35.67198],[139.79509,35.67295]]},"properties":{"patternId":"Toei.Mon19.72701.1","routeId":"Toei.Mon19","routeLabelJa":"門１９ 門前仲町行","routeCode":"門１９","direction":"1","stopCount":17,"geometrySource":"odpt-road-shape","operator":"Toei","patternCount":1}},{"type":"Feature","geometry":{"type":"LineString","coordinates":[[139.79386,35.67295],[139.79493,35.67239],[139.79476,35.67211],[139.79118,35.66916],[139.79777,35.66356],[139.79478,35.66137],[139.79229,35.65921],[139.80143,35.64974],[139.81196,35.65073],[139.8131,35.64214],[139.8102,35.64186],[139.80692,35.64076],[139.80399,35.64052],[139.80402,35.64071],[139.80496,35.64104],[139.80527,35.64059],[139.80374,35.64046],[139.80262,35.6401],[139.80219,35.64325],[139.80257,35.64328]]},"properties":{"patternId":"Toei.Mon19.72701.2","routeId":"Toei.Mon19","routeLabelJa":"門１９ 深川車庫前行","routeCode":"門１９","direction":"2","stopCount":17,"geometrySource":"odpt-road-shape","operator":"Toei","patternCount":1}},{"type":"Feature","geometry":{"type":"LineString","coordinates":[[139.80257,35.64323],[139.80237,35.64321],[139.80277,35.64024],[139.80496,35.64104],[139.80524,35.64067],[139.80696,35.64084],[139.80997,35.6419],[139.81294,35.6422],[139.8118,35.65063],[139.80128,35.64961],[139.79636,35.65456],[139.8022,35.65841],[139.801,35.65953],[139.79904,35.66232],[139.79777,35.66356],[139.79108,35.66924],[139.79447,35.67198],[139.79509,35.67295]]},"properties":{"patternId":"Toei.Mon19.72703.1","routeId":"Toei.Mon19","routeLabelJa":"門１９ 門前仲町行","routeCode":"門１９","direction":"1","stopCount":18,"geometrySource":"odpt-road-shape","operator":"Toei","patternCount":1}},{"type":"Feature","geometry":{"type":"LineString","coordinates":[[139.79386,35.67295],[139.79493,35.67239],[139.79476,35.67211],[139.79118,35.66916],[139.79641,35.66484],[139.79923,35.66226],[139.80115,35.65944],[139.8023,35.65831],[139.79667,35.65458],[139.80143,35.64974],[139.81196,35.65073],[139.8131,35.64214],[139.8102,35.64186],[139.80692,35.64076],[139.80399,35.64052],[139.80402,35.64071],[139.80496,35.64104],[139.80527,35.64059],[139.80374,35.64046],[139.80262,35.6401],[139.80219,35.64325],[139.80257,35.64328]]},"properties":{"patternId":"Toei.Mon19.72703.2","routeId":"Toei.Mon19","routeLabelJa":"門１９ 深川車庫前行","routeCode":"門１９","direction":"2","stopCount":18,"geometrySource":"odpt-road-shape","operator":"Toei","patternCount":1}},{"type":"Feature","geometry":{"type":"LineString","coordinates":[[139.7932,35.63015],[139.79306,35.63033],[139.79273,35.63015],[139.79306,35.62971],[139.79278,35.62956],[139.79191,35.63063],[139.79505,35.63228],[139.79357,35.63405],[139.79191,35.6334],[139.7915,35.63395],[139.79225,35.63421],[139.79276,35.63379],[139.79375,35.63419],[139.79519,35.63239],[139.7994,35.63469],[139.79957,35.63524],[139.79878,35.63779],[139.79923,35.63844],[139.80277,35.64024],[139.80496,35.64104],[139.80524,35.64067],[139.80696,35.64084],[139.80997,35.6419],[139.81294,35.6422],[139.8118,35.65063],[139.80128,35.64961],[139.796,35.65491],[139.79548,35.65466],[139.79503,35.65519],[139.79524,35.65523],[139.7957,35.65483],[139.79593,35.65497],[139.79226,35.65871],[139.79202,35.65916],[139.79485,35.66163],[139.7977,35.66363],[139.79108,35.66924],[139.79447,35.67198],[139.79509,35.67295]]},"properties":{"patternId":"Toei.Mon19.72704.1","routeId":"Toei.Mon19","routeLabelJa":"門１９ 門前仲町行","routeCode":"門１９","direction":"1","stopCount":21,"geometrySource":"odpt-road-shape","operator":"Toei","patternCount":1}},{"type":"Feature","geometry":{"type":"LineString","coordinates":[[139.79386,35.67295],[139.79493,35.67239],[139.79476,35.67211],[139.79118,35.66916],[139.79777,35.66356],[139.79478,35.66137],[139.79229,35.65921],[139.80143,35.64974],[139.81196,35.65073],[139.8131,35.64214],[139.8102,35.64186],[139.80692,35.64076],[139.80399,35.64052],[139.80402,35.64071],[139.80496,35.64104],[139.80527,35.64059],[139.80374,35.64046],[139.80262,35.6401],[139.79927,35.63835],[139.79897,35.63804],[139.7989,35.63756],[139.79968,35.63519],[139.79956,35.63466],[139.79516,35.63215],[139.79357,35.63405],[139.79191,35.6334],[139.7915,35.63395],[139.79225,35.63421],[139.79276,35.63379],[139.79375,35.63419],[139.79528,35.63228],[139.79204,35.63047],[139.79278,35.62956],[139.79324,35.62984]]},"properties":{"patternId":"Toei.Mon19.72704.2","routeId":"Toei.Mon19","routeLabelJa":"門１９ 東京ビッグサイト行","routeCode":"門１９","direction":"2","stopCount":21,"geometrySource":"odpt-road-shape","operator":"Toei","patternCount":1}},{"type":"Feature","geometry":{"type":"LineString","coordinates":[[139.79354,35.67304],[139.79496,35.67241],[139.79382,35.67126],[139.79122,35.66916],[139.7993,35.66218],[139.80124,35.65936],[139.80231,35.65831],[139.79667,35.6546],[139.80145,35.64974],[139.80203,35.64558],[139.79918,35.64529],[139.79502,35.64051],[139.78485,35.63499],[139.78246,35.63316],[139.78003,35.63053],[139.77044,35.6253],[139.77038,35.62491],[139.77299,35.62163],[139.77676,35.61699],[139.77735,35.61671],[139.77787,35.61679],[139.78083,35.61841],[139.77958,35.62033],[139.77723,35.62541],[139.77896,35.62632],[139.77858,35.62679]]},"properties":{"patternId":"Toei.KM01.72801.1","routeId":"Toei.KM01","routeLabelJa":"海０１（ＫＭ０１） 東京テレポート駅前行","routeCode":"海０１（ＫＭ０１）","direction":"1","stopCount":29,"geometrySource":"odpt-road-shape","operator":"Toei","patternCount":1}},{"type":"Feature","geometry":{"type":"LineString","coordinates":[[139.77959,35.62696],[139.77968,35.62677],[139.77746,35.62552],[139.77982,35.62038],[139.78109,35.61839],[139.77796,35.6167],[139.77719,35.61659],[139.77677,35.61678],[139.77258,35.62191],[139.77017,35.62501],[139.77023,35.62529],[139.77991,35.63061],[139.78067,35.63121],[139.78224,35.63312],[139.78467,35.63498],[139.79491,35.64057],[139.7991,35.64535],[139.80183,35.64566],[139.80113,35.64984],[139.7964,35.65457],[139.80219,35.65843],[139.80103,35.65948],[139.79917,35.66214],[139.79802,35.66332],[139.79111,35.66926],[139.79453,35.67203],[139.79514,35.67295]]},"properties":{"patternId":"Toei.KM01.72801.2","routeId":"Toei.KM01","routeLabelJa":"海０１（ＫＭ０１） 門前仲町行","routeCode":"海０１（ＫＭ０１）","direction":"2","stopCount":30,"geometrySource":"odpt-road-shape","operator":"Toei","patternCount":1}},{"type":"Feature","geometry":{"type":"LineString","coordinates":[[139.79724,35.65414],[139.80145,35.64974],[139.80203,35.64558],[139.79918,35.64529],[139.79502,35.64051],[139.78485,35.63499],[139.78246,35.63316],[139.78003,35.63053],[139.77036,35.62519],[139.77038,35.62491],[139.77676,35.61699],[139.77735,35.61671],[139.77787,35.61679],[139.78083,35.61841],[139.77958,35.62033],[139.77723,35.62541],[139.77896,35.62632],[139.77858,35.62679]]},"properties":{"patternId":"Toei.KM01.72805.1","routeId":"Toei.KM01","routeLabelJa":"海０１（ＫＭ０１） 東京テレポート駅前行","routeCode":"海０１（ＫＭ０１）","direction":"1","stopCount":21,"geometrySource":"odpt-road-shape","operator":"Toei","patternCount":1}},{"type":"Feature","geometry":{"type":"LineString","coordinates":[[139.79354,35.67304],[139.79496,35.67241],[139.79382,35.67126],[139.79122,35.66916],[139.7993,35.66218],[139.80124,35.65936],[139.80231,35.65831],[139.79667,35.6546],[139.80145,35.64974],[139.80203,35.64558],[139.79918,35.64529],[139.79502,35.64051],[139.78532,35.63519]]},"properties":{"patternId":"Toei.KM01.72807.1","routeId":"Toei.KM01","routeLabelJa":"海０１（ＫＭ０１） 有明一丁目行","routeCode":"海０１（ＫＭ０１）","direction":"1","stopCount":20,"geometrySource":"odpt-road-shape","operator":"Toei","patternCount":1}},{"type":"Feature","geometry":{"type":"LineString","coordinates":[[139.80131,35.64547],[139.79918,35.64529],[139.79502,35.64051],[139.78485,35.63499],[139.78246,35.63316],[139.78003,35.63053],[139.77044,35.6253],[139.77038,35.62491],[139.77299,35.62163],[139.77676,35.61699],[139.77735,35.61671],[139.77787,35.61679],[139.78083,35.61841],[139.77958,35.62033],[139.77723,35.62541],[139.77896,35.62632],[139.77858,35.62679]]},"properties":{"patternId":"Toei.KM01.72809.1","routeId":"Toei.KM01","routeLabelJa":"海０１（ＫＭ０１） 東京テレポート駅前行","routeCode":"海０１（ＫＭ０１）","direction":"1","stopCount":17,"geometrySource":"odpt-road-shape","operator":"Toei","patternCount":1}},{"type":"Feature","geometry":{"type":"LineString","coordinates":[[139.79354,35.67304],[139.79496,35.67241],[139.79382,35.67126],[139.79122,35.66916],[139.7993,35.66218],[139.80124,35.65936],[139.80231,35.65831],[139.79667,35.6546],[139.80145,35.64974],[139.80203,35.64558],[139.79918,35.64529],[139.79502,35.64051],[139.78485,35.63499],[139.78246,35.63316],[139.78039,35.63078],[139.77543,35.62799],[139.77746,35.62552],[139.77896,35.62632],[139.77858,35.62679]]},"properties":{"patternId":"Toei.KM01.72812.1","routeId":"Toei.KM01","routeLabelJa":"海０１（ＫＭ０１） 東京テレポート駅前行","routeCode":"海０１（ＫＭ０１）","direction":"1","stopCount":23,"geometrySource":"odpt-road-shape","operator":"Toei","patternCount":1}},{"type":"Feature","geometry":{"type":"LineString","coordinates":[[139.77978,35.62688],[139.77721,35.6254],[139.77522,35.62804],[139.77991,35.63061],[139.78067,35.63121],[139.78224,35.63312],[139.78425,35.63471],[139.79491,35.64057],[139.7991,35.64535],[139.80183,35.64566],[139.80113,35.64984],[139.7964,35.65457],[139.80219,35.65843],[139.80103,35.65948],[139.79917,35.66214],[139.79802,35.66332],[139.79111,35.66926],[139.79453,35.67203],[139.79514,35.67295]]},"properties":{"patternId":"Toei.KM01.72812.2","routeId":"Toei.KM01","routeLabelJa":"海０１（ＫＭ０１） 門前仲町行","routeCode":"海０１（ＫＭ０１）","direction":"2","stopCount":23,"geometrySource":"odpt-road-shape","operator":"Toei","patternCount":1}},{"type":"Feature","geometry":{"type":"LineString","coordinates":[[139.79354,35.67304],[139.79496,35.67241],[139.79382,35.67126],[139.79122,35.66916],[139.7993,35.66218],[139.80124,35.65936],[139.80231,35.65831],[139.79667,35.6546],[139.80145,35.64974],[139.80203,35.64558],[139.79918,35.64529],[139.79502,35.64051],[139.78485,35.63499],[139.78246,35.63316],[139.78039,35.63078],[139.77626,35.62839]]},"properties":{"patternId":"Toei.KM01.72813.1","routeId":"Toei.KM01","routeLabelJa":"海０１（ＫＭ０１） 台場二丁目行","routeCode":"海０１（ＫＭ０１）","direction":"1","stopCount":22,"geometrySource":"odpt-road-shape","operator":"Toei","patternCount":1}},{"type":"Feature","geometry":{"type":"LineString","coordinates":[[139.77978,35.62688],[139.77721,35.6254],[139.77522,35.62804],[139.77991,35.63061],[139.78067,35.63121],[139.78224,35.63312],[139.78425,35.63471],[139.79491,35.64057],[139.7991,35.64535],[139.80183,35.64566],[139.80128,35.64959],[139.7964,35.65457],[139.79699,35.65502]]},"properties":{"patternId":"Toei.KM01.72814.2","routeId":"Toei.KM01","routeLabelJa":"海０１（ＫＭ０１） 豊洲駅前行","routeCode":"海０１（ＫＭ０１）","direction":"2","stopCount":15,"geometrySource":"odpt-road-shape","operator":"Toei","patternCount":1}},{"type":"Feature","geometry":{"type":"LineString","coordinates":[[139.79708,35.65431],[139.80141,35.64976],[139.80178,35.64737],[139.8028,35.64747],[139.80296,35.64567],[139.80463,35.64579],[139.8042,35.64889],[139.80323,35.6489],[139.8031,35.64978],[139.8013,35.64959],[139.79709,35.65375]]},"properties":{"patternId":"Toei.Toyosu01.73305.3","routeId":"Toei.Toyosu01","routeLabelJa":"豊洲０１ 豊洲駅前行","routeCode":"豊洲０１","direction":"3","stopCount":7,"geometrySource":"odpt-road-shape","operator":"Toei","patternCount":1}},{"type":"Feature","geometry":{"type":"LineString","coordinates":[[139.79708,35.6543],[139.80141,35.64976],[139.80178,35.64737],[139.8028,35.64747],[139.80296,35.64567],[139.80463,35.64579],[139.80439,35.64787]]},"properties":{"patternId":"Toei.Toyosu01.73306.1","routeId":"Toei.Toyosu01","routeLabelJa":"豊洲０１ キャナルコート４街区前行","routeCode":"豊洲０１","direction":"1","stopCount":5,"geometrySource":"odpt-road-shape","operator":"Toei","patternCount":1}},{"type":"Feature","geometry":{"type":"LineString","coordinates":[[139.73016,35.68649],[139.72977,35.68663],[139.72958,35.68592],[139.73182,35.68545],[139.73498,35.68412],[139.73767,35.68398],[139.74079,35.68428],[139.74423,35.68399],[139.74437,35.68247],[139.74597,35.67983],[139.74756,35.67924],[139.74906,35.67763],[139.7496,35.6774],[139.75107,35.67729],[139.75318,35.67782],[139.75359,35.67777],[139.75835,35.67576],[139.75917,35.67541],[139.76631,35.67032],[139.77069,35.66658],[139.78196,35.65525],[139.77202,35.64869],[139.77117,35.64956],[139.7712,35.65002],[139.77339,35.65155],[139.77295,35.65199],[139.77324,35.65216]]},"properties":{"patternId":"Toei.T03.73507.2","routeId":"Toei.T03","routeLabelJa":"都０３ 晴海五丁目ターミナル行","routeCode":"都０３","direction":"2","stopCount":22,"geometrySource":"odpt-road-shape","operator":"Toei","patternCount":1}},{"type":"Feature","geometry":{"type":"LineString","coordinates":[[139.7605,35.67445],[139.76631,35.67032],[139.77069,35.66658],[139.78196,35.65525],[139.77202,35.64869],[139.77117,35.64956],[139.7712,35.65002],[139.77339,35.65155],[139.77295,35.65199],[139.77324,35.65216]]},"properties":{"patternId":"Toei.T03.73508.2","routeId":"Toei.T03","routeLabelJa":"都０３ 晴海五丁目ターミナル行","routeCode":"都０３","direction":"2","stopCount":14,"geometrySource":"odpt-road-shape","operator":"Toei","patternCount":1}},{"type":"Feature","geometry":{"type":"LineString","coordinates":[[139.76512,35.68226],[139.76522,35.68247],[139.76574,35.68242],[139.76582,35.68268],[139.76506,35.68287],[139.7621,35.6739],[139.76176,35.67341],[139.75901,35.67534],[139.75359,35.67763],[139.75295,35.67766],[139.75107,35.67711],[139.74954,35.67703],[139.74928,35.67717],[139.74737,35.67919],[139.74595,35.67966],[139.74559,35.68007],[139.7443,35.68226],[139.74392,35.6836],[139.74361,35.68393],[139.74083,35.68416],[139.7374,35.68385],[139.73477,35.68404],[139.73099,35.68558],[139.7312,35.68604],[139.73034,35.6864]]},"properties":{"patternId":"Toei.T03.73601.1","routeId":"Toei.T03","routeLabelJa":"都０３ 四谷駅行","routeCode":"都０３","direction":"1","stopCount":11,"geometrySource":"odpt-road-shape","operator":"Toei","patternCount":1}},{"type":"Feature","geometry":{"type":"LineString","coordinates":[[139.73016,35.68649],[139.72977,35.68663],[139.72958,35.68592],[139.73182,35.68545],[139.73498,35.68412],[139.73767,35.68398],[139.74079,35.68428],[139.74423,35.68399],[139.74437,35.68247],[139.74597,35.67983],[139.74756,35.67924],[139.74906,35.67763],[139.7496,35.6774],[139.75107,35.67729],[139.75318,35.67782],[139.75359,35.67777],[139.75917,35.67541],[139.76186,35.6735],[139.76506,35.68287],[139.76589,35.68267],[139.76563,35.68189],[139.76512,35.68199],[139.76512,35.68226]]},"properties":{"patternId":"Toei.T03.73601.2","routeId":"Toei.T03","routeLabelJa":"都０３ 東京駅丸の内北口行","routeCode":"都０３","direction":"2","stopCount":12,"geometrySource":"odpt-road-shape","operator":"Toei","patternCount":1}},{"type":"Feature","geometry":{"type":"LineString","coordinates":[[139.79732,35.65526],[139.80399,35.65968],[139.80448,35.65936],[139.80734,35.65967],[139.80536,35.66291],[139.81689,35.664],[139.81651,35.66951],[139.8154,35.66942]]},"properties":{"patternId":"Toei.You12-1.74404.2","routeId":"Toei.You12-1","routeLabelJa":"陽１２－１ 東陽町駅前行","routeCode":"陽１２－１","direction":"2","stopCount":9,"geometrySource":"odpt-road-shape","operator":"Toei","patternCount":1}},{"type":"Feature","geometry":{"type":"LineString","coordinates":[[139.81705,35.65863],[139.81677,35.65849],[139.81642,35.65884],[139.81499,35.65788],[139.81278,35.66018],[139.8044,35.6593],[139.80405,35.65958],[139.8032,35.66418],[139.80293,35.66451],[139.80282,35.66515],[139.80288,35.6696],[139.80595,35.66947],[139.80541,35.66765],[139.8054,35.66426],[139.80568,35.66283],[139.8036,35.6618],[139.80405,35.65958],[139.8044,35.6593],[139.81288,35.66018],[139.81508,35.65794],[139.81678,35.65906],[139.81706,35.65866]]},"properties":{"patternId":"Toei.Koutou01.73803.3","routeId":"Toei.Koutou01","routeLabelJa":"江東０１ 潮見駅前行","routeCode":"江東０１","direction":"3","stopCount":13,"geometrySource":"odpt-road-shape","operator":"Toei","patternCount":1}},{"type":"Feature","geometry":{"type":"LineString","coordinates":[[139.81705,35.65863],[139.81677,35.65849],[139.81643,35.65884],[139.81508,35.65794],[139.81586,35.65716],[139.81618,35.65526],[139.81575,35.65407],[139.81668,35.64687],[139.8124,35.64644],[139.81189,35.64922],[139.80906,35.64898],[139.80863,35.65188],[139.81594,35.65261],[139.81575,35.65407],[139.81618,35.65496],[139.81599,35.65648],[139.81589,35.65701],[139.81499,35.65788],[139.81678,35.65906],[139.81706,35.65866]]},"properties":{"patternId":"Toei.Koutou01.73804.3","routeId":"Toei.Koutou01","routeLabelJa":"江東０１ 潮見駅前行","routeCode":"江東０１","direction":"3","stopCount":13,"geometrySource":"odpt-road-shape","operator":"Toei","patternCount":1}},{"type":"Feature","geometry":{"type":"LineString","coordinates":[[139.81705,35.65863],[139.81677,35.65849],[139.81642,35.65884],[139.81499,35.65788],[139.81278,35.66018],[139.80471,35.65926],[139.80398,35.65963],[139.79448,35.65295],[139.79598,35.65147],[139.79809,35.65282],[139.79639,35.65455],[139.80398,35.65963],[139.8044,35.6593],[139.81288,35.66018],[139.81508,35.65794],[139.81678,35.65906],[139.81706,35.65866]]},"properties":{"patternId":"Toei.Koutou01.73805.3","routeId":"Toei.Koutou01","routeLabelJa":"江東０１ 潮見駅前行","routeCode":"江東０１","direction":"3","stopCount":4,"geometrySource":"odpt-road-shape","operator":"Toei","patternCount":1}},{"type":"Feature","geometry":{"type":"LineString","coordinates":[[139.81653,35.66885],[139.81685,35.66397],[139.80568,35.66285],[139.80751,35.65962],[139.80448,35.65923],[139.804,35.65959],[139.79669,35.65459],[139.79837,35.6529],[139.79657,35.65167]]},"properties":{"patternId":"Toei.You12-1.74403.1","routeId":"Toei.You12-1","routeLabelJa":"陽１２－１ 昭和大学江東豊洲病院前行","routeCode":"陽１２－１","direction":"1","stopCount":10,"geometrySource":"odpt-road-shape","operator":"Toei","patternCount":1}},{"type":"Feature","geometry":{"type":"LineString","coordinates":[[139.79655,35.65165],[139.79608,35.65138],[139.79437,35.65306],[139.804,35.65967],[139.8045,35.65935],[139.80724,35.65963],[139.80542,35.66289],[139.81684,35.66405],[139.81643,35.66955],[139.81539,35.66943]]},"properties":{"patternId":"Toei.You12-1.74403.2","routeId":"Toei.You12-1","routeLabelJa":"陽１２－１ 東陽町駅前行","routeCode":"陽１２－１","direction":"2","stopCount":10,"geometrySource":"odpt-road-shape","operator":"Toei","patternCount":1}},{"type":"Feature","geometry":{"type":"LineString","coordinates":[[139.81653,35.66884],[139.81684,35.66396],[139.80568,35.66285],[139.80748,35.65953],[139.80449,35.65919],[139.804,35.6596],[139.79378,35.65241],[139.79082,35.64908],[139.78331,35.64402],[139.78178,35.64551],[139.78143,35.64508],[139.78127,35.64524],[139.78181,35.64559],[139.78416,35.6432],[139.78437,35.64303],[139.78458,35.64318],[139.78416,35.64346]]},"properties":{"patternId":"Toei.You12-2.74504.1","routeId":"Toei.You12-2","routeLabelJa":"陽１２－２ 豊洲市場行","routeCode":"陽１２－２","direction":"1","stopCount":13,"geometrySource":"odpt-road-shape","operator":"Toei","patternCount":1}},{"type":"Feature","geometry":{"type":"LineString","coordinates":[[139.81653,35.66884],[139.81684,35.66396],[139.80568,35.66285],[139.80748,35.65956],[139.80452,35.65922],[139.80399,35.65957],[139.79378,35.65241],[139.79143,35.64959],[139.78697,35.64644]]},"properties":{"patternId":"Toei.You12-2.74505.1","routeId":"Toei.You12-2","routeLabelJa":"陽１２－２ 市場前駅前行","routeCode":"陽１２－２","direction":"1","stopCount":11,"geometrySource":"odpt-road-shape","operator":"Toei","patternCount":1}}],"meta":{"source":"cache","generatedAt":"2026-09-12T19:39:02+09:00","degraded":false,"note":"Toei bus route patterns, 23-ward bbox, 651 of 757 patterns"}}