{"type":"FeatureCollection","features":[{"type":"Feature","geometry":{"type":"Point","coordinates":[139.82617,35.69245]},"properties":{"stopId":"Toei.Gonohashi.755.2","name":"Gonohashi","nameJa":"五ノ橋","routeCount":23,"operator":"Toei"}},{"type":"Feature","geometry":{"type":"Point","coordinates":[139.82661,35.68743]},"properties":{"stopId":"Toei.OjimaItchome.234.1","name":"Ōjima-Itchōme (Ōjima 1)","nameJa":"大島一丁目","routeCount":21,"operator":"Toei"}},{"type":"Feature","geometry":{"type":"Point","coordinates":[139.8257,35.69593]},"properties":{"stopId":"Toei.KameidoStationDori.368.12","name":"Kameido Sta. Dōri","nameJa":"亀戸駅通り","routeCount":21,"operator":"Toei"}},{"type":"Feature","geometry":{"type":"Point","coordinates":[139.82596,35.69256]},"properties":{"stopId":"Toei.Gonohashi.755.1","name":"Gonohashi","nameJa":"五ノ橋","routeCount":21,"operator":"Toei"}},{"type":"Feature","geometry":{"type":"Point","coordinates":[139.82618,35.69]},"properties":{"stopId":"Toei.NishiOjimaStation.1140.4","name":"Nishi-Ōjima Sta.","nameJa":"西大島駅前","routeCount":21,"operator":"Toei"}},{"type":"Feature","geometry":{"type":"Point","coordinates":[139.82594,35.69569]},"properties":{"stopId":"Toei.KameidoStationDori.368.14","name":"Kameido Sta. Dōri","nameJa":"亀戸駅通り","routeCount":20,"operator":"Toei"}},{"type":"Feature","geometry":{"type":"Point","coordinates":[139.79868,35.65267]},"properties":{"stopId":"Toei.FukagawaGochu.619.2","name":"Fukagawa-Gochū","nameJa":"深川五中前","routeCount":20,"operator":"Toei"}},{"type":"Feature","geometry":{"type":"Point","coordinates":[139.87351,35.6667]},"properties":{"stopId":"Toei.NagashimachoKosaten.1106.4","name":"Nagashimachō-Kōsaten","nameJa":"長島町交差点","routeCount":20,"operator":"Toei"}},{"type":"Feature","geometry":{"type":"Point","coordinates":[139.80159,35.6492]},"properties":{"stopId":"Toei.ShinonomebashiKosaten.621.1","name":"Shinonomebashi-Kōsaten","nameJa":"東雲橋交差点","routeCount":19,"operator":"Toei"}},{"type":"Feature","geometry":{"type":"Point","coordinates":[139.82647,35.68892]},"properties":{"stopId":"Toei.NishiOjimaStation.1140.1","name":"Nishi-Ōjima Sta.","nameJa":"西大島駅前","routeCount":19,"operator":"Toei"}},{"type":"Feature","geometry":{"type":"Point","coordinates":[139.8016,35.65776]},"properties":{"stopId":"Toei.Edagawa.166.3","name":"Edagawa","nameJa":"枝川","routeCount":18,"operator":"Toei"}},{"type":"Feature","geometry":{"type":"Point","coordinates":[139.73715,35.75567]},"properties":{"stopId":"Toei.OjiNichome.198.2","name":"Ōji-Nichōme (Ōji 2)","nameJa":"王子二丁目","routeCount":18,"operator":"Toei"}},{"type":"Feature","geometry":{"type":"Point","coordinates":[139.7374,35.75961]},"properties":{"stopId":"Toei.OjiSanchome.199.2","name":"Ōji-Sanchōme (Ōji 3)","nameJa":"王子三丁目","routeCount":18,"operator":"Toei"}},{"type":"Feature","geometry":{"type":"Point","coordinates":[139.73689,35.76276]},"properties":{"stopId":"Toei.OjiYonchome.200.1","name":"Ōji-Yonchōme (Ōji 4)","nameJa":"王子四丁目","routeCount":18,"operator":"Toei"}},{"type":"Feature","geometry":{"type":"Point","coordinates":[139.73705,35.76197]},"properties":{"stopId":"Toei.OjiYonchome.200.2","name":"Ōji-Yonchōme (Ōji 4)","nameJa":"王子四丁目","routeCount":18,"operator":"Toei"}},{"type":"Feature","geometry":{"type":"Point","coordinates":[139.82641,35.68738]},"properties":{"stopId":"Toei.OjimaItchome.234.2","name":"Ōjima-Itchōme (Ōjima 1)","nameJa":"大島一丁目","routeCount":18,"operator":"Toei"}},{"type":"Feature","geometry":{"type":"Point","coordinates":[139.82758,35.67955]},"properties":{"stopId":"Toei.KitasunaNichome.410.1","name":"Kitasuna-Nichōme (Kitasuna 2)","nameJa":"北砂二丁目","routeCount":18,"operator":"Toei"}},{"type":"Feature","geometry":{"type":"Point","coordinates":[139.82757,35.68184]},"properties":{"stopId":"Toei.KitasunaSanchome.411.2","name":"Kitasuna-Sanchōme (Kitasuna 3)","nameJa":"北砂三丁目","routeCount":18,"operator":"Toei"}},{"type":"Feature","geometry":{"type":"Point","coordinates":[139.79841,35.65563]},"properties":{"stopId":"Toei.ToyosuYonchome.1021.2","name":"Toyosu-Yonchōme (Toyosu 4)","nameJa":"豊洲四丁目","routeCount":18,"operator":"Toei"}},{"type":"Feature","geometry":{"type":"Point","coordinates":[139.73738,35.75577]},"properties":{"stopId":"Toei.OjiNichome.198.1","name":"Ōji-Nichōme (Ōji 2)","nameJa":"王子二丁目","routeCount":17,"operator":"Toei"}},{"type":"Feature","geometry":{"type":"Point","coordinates":[139.73759,35.75839]},"properties":{"stopId":"Toei.OjiSanchome.199.1","name":"Ōji-Sanchōme (Ōji 3)","nameJa":"王子三丁目","routeCount":17,"operator":"Toei"}},{"type":"Feature","geometry":{"type":"Point","coordinates":[139.81753,35.69569]},"properties":{"stopId":"Toei.KotoShako.493.1","name":"Kōtō-Shako","nameJa":"江東車庫前","routeCount":17,"operator":"Toei"}},{"type":"Feature","geometry":{"type":"Point","coordinates":[139.80191,35.64706]},"properties":{"stopId":"Toei.ShinonomeItchome.622.2","name":"Shinonome-Itchōme (Shinonome 1)","nameJa":"東雲一丁目","routeCount":17,"operator":"Toei"}},{"type":"Feature","geometry":{"type":"Point","coordinates":[139.79446,35.65637]},"properties":{"stopId":"Toei.ToyosuNichome.1024.1","name":"Toyosu-Nichōme (Toyosu 2)","nameJa":"豊洲二丁目","routeCount":17,"operator":"Toei"}},{"type":"Feature","geometry":{"type":"Point","coordinates":[139.79725,35.65415]},"properties":{"stopId":"Toei.ToyosuStation.1025.11","name":"Toyosu Sta.","nameJa":"豊洲駅前","routeCount":17,"operator":"Toei"}},{"type":"Feature","geometry":{"type":"Point","coordinates":[139.79323,35.6576]},"properties":{"stopId":"Toei.IHI.1026.1","name":"IHI","nameJa":"ＩＨＩ前","routeCount":17,"operator":"Toei"}},{"type":"Feature","geometry":{"type":"Point","coordinates":[139.82102,35.69618]},"properties":{"stopId":"Toei.KameidoItchome.2218.1","name":"Kameido-Itchōme (Kameido 1)","nameJa":"亀戸一丁目","routeCount":17,"operator":"Toei"}},{"type":"Feature","geometry":{"type":"Point","coordinates":[139.79839,35.65237]},"properties":{"stopId":"Toei.FukagawaGochu.619.1","name":"Fukagawa-Gochū","nameJa":"深川五中前","routeCount":16,"operator":"Toei"}},{"type":"Feature","geometry":{"type":"Point","coordinates":[139.79452,35.65688]},"properties":{"stopId":"Toei.ToyosuNichome.1024.2","name":"Toyosu-Nichōme (Toyosu 2)","nameJa":"豊洲二丁目","routeCount":16,"operator":"Toei"}},{"type":"Feature","geometry":{"type":"Point","coordinates":[139.79277,35.65868]},"properties":{"stopId":"Toei.IHI.1026.2","name":"IHI","nameJa":"ＩＨＩ前","routeCount":16,"operator":"Toei"}},{"type":"Feature","geometry":{"type":"Point","coordinates":[139.82731,35.67899]},"properties":{"stopId":"Toei.KitasunaNichome.410.2","name":"Kitasuna-Nichōme (Kitasuna 2)","nameJa":"北砂二丁目","routeCount":15,"operator":"Toei"}},{"type":"Feature","geometry":{"type":"Point","coordinates":[139.82733,35.68189]},"properties":{"stopId":"Toei.KitasunaSanchome.411.1","name":"Kitasuna-Sanchōme (Kitasuna 3)","nameJa":"北砂三丁目","routeCount":15,"operator":"Toei"}},{"type":"Feature","geometry":{"type":"Point","coordinates":[139.81764,35.69611]},"properties":{"stopId":"Toei.KotoShako.493.2","name":"Kōtō-Shako","nameJa":"江東車庫前","routeCount":15,"operator":"Toei"}},{"type":"Feature","geometry":{"type":"Point","coordinates":[139.79981,35.64532]},"properties":{"stopId":"Toei.ShinonomeMiyakobashi.620.2","name":"Shinonome-Miyakobashi","nameJa":"東雲都橋","routeCount":15,"operator":"Toei"}},{"type":"Feature","geometry":{"type":"Point","coordinates":[139.77205,35.66493]},"properties":{"stopId":"Toei.TsukijiRokuchome.946.1","name":"Tsukiji-Rokuchōme (Tsukiji 6)","nameJa":"築地六丁目","routeCount":15,"operator":"Toei"}},{"type":"Feature","geometry":{"type":"Point","coordinates":[139.77315,35.66424]},"properties":{"stopId":"Toei.TsukijiRokuchome.946.2","name":"Tsukiji-Rokuchōme (Tsukiji 6)","nameJa":"築地六丁目","routeCount":15,"operator":"Toei"}},{"type":"Feature","geometry":{"type":"Point","coordinates":[139.80131,35.64546]},"properties":{"stopId":"Toei.FukagawaShakoIriguchi.1361.2","name":"Fukagawa-Shako-Iriguchi","nameJa":"深川車庫入口","routeCount":15,"operator":"Toei"}},{"type":"Feature","geometry":{"type":"Point","coordinates":[139.82151,35.66965]},"properties":{"stopId":"Toei.KotoUntenMenkyoShikenjo.1475.1","name":"Kōtō-Unten-Menkyo-Shikenjō (Kōtō Driver's License Center)","nameJa":"江東運転免許試験場前","routeCount":15,"operator":"Toei"}},{"type":"Feature","geometry":{"type":"Point","coordinates":[139.82081,35.69647]},"properties":{"stopId":"Toei.KameidoItchome.2218.2","name":"Kameido-Itchōme (Kameido 1)","nameJa":"亀戸一丁目","routeCount":15,"operator":"Toei"}},{"type":"Feature","geometry":{"type":"Point","coordinates":[139.79074,35.65878]},"properties":{"stopId":"Toei.Harumibashi.2288.3","name":"Harumibashi","nameJa":"春海橋","routeCount":15,"operator":"Toei"}},{"type":"Feature","geometry":{"type":"Point","coordinates":[139.73588,35.76516]},"properties":{"stopId":"Toei.OjiGochome.201.1","name":"Ōji-Gochōme (Ōji 5)","nameJa":"王子五丁目","routeCount":14,"operator":"Toei"}},{"type":"Feature","geometry":{"type":"Point","coordinates":[139.87335,35.66394]},"properties":{"stopId":"Toei.KasaiStation.307.10","name":"Kasai Sta.","nameJa":"葛西駅前","routeCount":14,"operator":"Toei"}},{"type":"Feature","geometry":{"type":"Point","coordinates":[139.77632,35.66046]},"properties":{"stopId":"Toei.KachidokibashiMinamizume.325.1","name":"Kachidokibashi-Minamizume","nameJa":"勝どき橋南詰","routeCount":14,"operator":"Toei"}},{"type":"Feature","geometry":{"type":"Point","coordinates":[139.81387,35.69576]},"properties":{"stopId":"Toei.KinshichoStation.442.14","name":"Kinshichō Sta.","nameJa":"錦糸町駅前","routeCount":14,"operator":"Toei"}},{"type":"Feature","geometry":{"type":"Point","coordinates":[139.80648,35.66161]},"properties":{"stopId":"Toei.ShiohamaNichome.594.2","name":"Shiohama-Nichōme (Shiohama 2)","nameJa":"塩浜二丁目","routeCount":14,"operator":"Toei"}},{"type":"Feature","geometry":{"type":"Point","coordinates":[139.82413,35.65843]},"properties":{"stopId":"Toei.ShinsunaItchome.717.1","name":"Shinsuna-Itchōme (Shinsuna 1)","nameJa":"新砂一丁目","routeCount":14,"operator":"Toei"}},{"type":"Feature","geometry":{"type":"Point","coordinates":[139.71553,35.73267]},"properties":{"stopId":"Toei.HarezaIkebukuro.998.1","name":"Hareza Ikebukuro","nameJa":"Hareza池袋","routeCount":14,"operator":"Toei"}},{"type":"Feature","geometry":{"type":"Point","coordinates":[139.8252,35.64983]},"properties":{"stopId":"Toei.Yumenoshima.1577.2","name":"Yumenoshima","nameJa":"夢の島","routeCount":14,"operator":"Toei"}},{"type":"Feature","geometry":{"type":"Point","coordinates":[139.82395,35.6609]},"properties":{"stopId":"Toei.ShinTokyoYubinkyoku.2209.2","name":"Shin Tokyo Yūbinkyoku (Shin Tokyo Post Office)","nameJa":"新東京郵便局前","routeCount":14,"operator":"Toei"}},{"type":"Feature","geometry":{"type":"Point","coordinates":[139.79065,35.65912]},"properties":{"stopId":"Toei.Harumibashi.2288.1","name":"Harumibashi","nameJa":"春海橋","routeCount":14,"operator":"Toei"}},{"type":"Feature","geometry":{"type":"Point","coordinates":[139.85888,35.64693]},"properties":{"stopId":"Toei.RinkaiShako.2500.1","name":"Rinkai-Shako (Kasai-rinkai-koen-kita-iriguchi (Kasai Rinkai Park) )","nameJa":"臨海車庫","routeCount":14,"operator":"Toei"}},{"type":"Feature","geometry":{"type":"Point","coordinates":[139.86787,35.70188]},"properties":{"stopId":"Toei.KeiyoKosaten.468.2","name":"Keiyō-Kōsaten","nameJa":"京葉交差点","routeCount":13,"operator":"Toei"}},{"type":"Feature","geometry":{"type":"Point","coordinates":[139.82492,35.66562]},"properties":{"stopId":"Toei.ShinsunaNichome.718.1","name":"Shinsuna-Nichōme (Shinsuna 2)","nameJa":"新砂二丁目","routeCount":13,"operator":"Toei"}},{"type":"Feature","geometry":{"type":"Point","coordinates":[139.82487,35.66534]},"properties":{"stopId":"Toei.ShinsunaNichome.718.2","name":"Shinsuna-Nichōme (Shinsuna 2)","nameJa":"新砂二丁目","routeCount":13,"operator":"Toei"}},{"type":"Feature","geometry":{"type":"Point","coordinates":[139.82612,35.67108]},"properties":{"stopId":"Toei.Nissobashi.1177.2","name":"Nissōbashi","nameJa":"日曹橋","routeCount":13,"operator":"Toei"}},{"type":"Feature","geometry":{"type":"Point","coordinates":[139.83822,35.67579]},"properties":{"stopId":"Toei.HigashisunaYonchome.1295.1","name":"Higashisuna-Yonchōme (Higashisuna 4)","nameJa":"東砂四丁目","routeCount":13,"operator":"Toei"}},{"type":"Feature","geometry":{"type":"Point","coordinates":[139.83728,35.67574]},"properties":{"stopId":"Toei.HigashisunaYonchome.1295.2","name":"Higashisuna-Yonchōme (Higashisuna 4)","nameJa":"東砂四丁目","routeCount":13,"operator":"Toei"}},{"type":"Feature","geometry":{"type":"Point","coordinates":[139.80262,35.64328]},"properties":{"stopId":"Toei.FukagawaShako.1362.4","name":"Fukagawa-Shako","nameJa":"深川車庫前","routeCount":13,"operator":"Toei"}},{"type":"Feature","geometry":{"type":"Point","coordinates":[139.82663,35.67335]},"properties":{"stopId":"Toei.MinamisunaSanchome.1476.2","name":"Minamisuna-Sanchōme (Minamisuna 3)","nameJa":"南砂三丁目","routeCount":13,"operator":"Toei"}},{"type":"Feature","geometry":{"type":"Point","coordinates":[139.87278,35.66116]},"properties":{"stopId":"Toei.NakachoNishigumi.1801.1","name":"Nakachō-Nishigumi","nameJa":"仲町西組","routeCount":13,"operator":"Toei"}},{"type":"Feature","geometry":{"type":"Point","coordinates":[139.82372,35.66019]},"properties":{"stopId":"Toei.ShinTokyoYubinkyoku.2209.1","name":"Shin Tokyo Yūbinkyoku (Shin Tokyo Post Office)","nameJa":"新東京郵便局前","routeCount":13,"operator":"Toei"}},{"type":"Feature","geometry":{"type":"Point","coordinates":[139.82384,35.66273]},"properties":{"stopId":"Toei.TokyoChikatetsuSogoUndojo.2210.1","name":"Tokyo Chikatetsu-Sōgō-Undōjō","nameJa":"東京地下鉄総合運動場前","routeCount":13,"operator":"Toei"}},{"type":"Feature","geometry":{"type":"Point","coordinates":[139.80457,35.74986]},"properties":{"stopId":"Toei.KitaSenjuStation.416.1","name":"Kita-Senju Sta.","nameJa":"北千住駅前","routeCount":12,"operator":"Toei"}},{"type":"Feature","geometry":{"type":"Point","coordinates":[139.80589,35.65929]},"properties":{"stopId":"Toei.EdagawaNichome.168.2","name":"Edagawa-Nichōme (Edagawa 2)","nameJa":"枝川二丁目","routeCount":12,"operator":"Toei"}},{"type":"Feature","geometry":{"type":"Point","coordinates":[139.77658,35.66061]},"properties":{"stopId":"Toei.KachidokibashiMinamizume.325.2","name":"Kachidokibashi-Minamizume","nameJa":"勝どき橋南詰","routeCount":12,"operator":"Toei"}},{"type":"Feature","geometry":{"type":"Point","coordinates":[139.77852,35.65868]},"properties":{"stopId":"Toei.KachidokiStation.326.2","name":"Kachidoki Sta.","nameJa":"勝どき駅前","routeCount":12,"operator":"Toei"}},{"type":"Feature","geometry":{"type":"Point","coordinates":[139.72002,35.73631]},"properties":{"stopId":"Toei.KamiIkebukuroItchome.342.2","name":"Kami-Ikebukuro-Itchōme (Kami-Ikebukuro 1)","nameJa":"上池袋一丁目","routeCount":12,"operator":"Toei"}},{"type":"Feature","geometry":{"type":"Point","coordinates":[139.72187,35.73805]},"properties":{"stopId":"Toei.KamiIkebukuroSanchome.343.1","name":"Kami-Ikebukuro-Sanchōme (Kami-Ikebukuro 3)","nameJa":"上池袋三丁目","routeCount":12,"operator":"Toei"}},{"type":"Feature","geometry":{"type":"Point","coordinates":[139.8347,35.67603]},"properties":{"stopId":"Toei.Kametakabashi.377.4","name":"Kametakabashi","nameJa":"亀高橋","routeCount":12,"operator":"Toei"}},{"type":"Feature","geometry":{"type":"Point","coordinates":[139.73475,35.76859]},"properties":{"stopId":"Toei.KitakuKamiyacho.403.1","name":"Kitaku-Kamiyachō","nameJa":"北区神谷町","routeCount":12,"operator":"Toei"}},{"type":"Feature","geometry":{"type":"Point","coordinates":[139.76569,35.67057]},"properties":{"stopId":"Toei.GinzaYonchome.448.7","name":"Ginza-Yonchōme (Ginza 4)","nameJa":"銀座四丁目","routeCount":12,"operator":"Toei"}},{"type":"Feature","geometry":{"type":"Point","coordinates":[139.80129,35.64908]},"properties":{"stopId":"Toei.ShinonomebashiKosaten.621.4","name":"Shinonomebashi-Kōsaten","nameJa":"東雲橋交差点","routeCount":12,"operator":"Toei"}},{"type":"Feature","geometry":{"type":"Point","coordinates":[139.80159,35.6468]},"properties":{"stopId":"Toei.ShinonomeItchome.622.1","name":"Shinonome-Itchōme (Shinonome 1)","nameJa":"東雲一丁目","routeCount":12,"operator":"Toei"}},{"type":"Feature","geometry":{"type":"Point","coordinates":[139.82546,35.64561]},"properties":{"stopId":"Toei.ShinKibaStation.691.1","name":"Shin-Kiba Sta.","nameJa":"新木場駅前（明治通り）","routeCount":12,"operator":"Toei"}},{"type":"Feature","geometry":{"type":"Point","coordinates":[139.82385,35.6586]},"properties":{"stopId":"Toei.ShinsunaItchome.717.3","name":"Shinsuna-Itchōme (Shinsuna 1)","nameJa":"新砂一丁目","routeCount":12,"operator":"Toei"}},{"type":"Feature","geometry":{"type":"Point","coordinates":[139.70683,35.69566]},"properties":{"stopId":"Toei.NisshinShokuhin.722.1","name":"Nisshin-Shokuhin","nameJa":"日清食品前","routeCount":12,"operator":"Toei"}},{"type":"Feature","geometry":{"type":"Point","coordinates":[139.81476,35.70169]},"properties":{"stopId":"Toei.TaiheiSanchome.851.3","name":"Taihei-Sanchōme (Taihei 3)","nameJa":"太平三丁目","routeCount":12,"operator":"Toei"}},{"type":"Feature","geometry":{"type":"Point","coordinates":[139.76929,35.66786]},"properties":{"stopId":"Toei.Tsukiji.939.1","name":"Tsukiji","nameJa":"築地","routeCount":12,"operator":"Toei"}},{"type":"Feature","geometry":{"type":"Point","coordinates":[139.76885,35.66788]},"properties":{"stopId":"Toei.Tsukiji.939.2","name":"Tsukiji","nameJa":"築地","routeCount":12,"operator":"Toei"}},{"type":"Feature","geometry":{"type":"Point","coordinates":[139.77036,35.66698]},"properties":{"stopId":"Toei.TsukijiSanchome.945.1","name":"Tsukiji-Sanchōme (Tsukiji 3)","nameJa":"築地三丁目","routeCount":12,"operator":"Toei"}},{"type":"Feature","geometry":{"type":"Point","coordinates":[139.7701,35.66686]},"properties":{"stopId":"Toei.TsukijiSanchome.945.2","name":"Tsukiji-Sanchōme (Tsukiji 3)","nameJa":"築地三丁目","routeCount":12,"operator":"Toei"}},{"type":"Feature","geometry":{"type":"Point","coordinates":[139.72765,35.74376]},"properties":{"stopId":"Toei.NishiSugamo.1162.1","name":"Nishi-Sugamo","nameJa":"西巣鴨","routeCount":12,"operator":"Toei"}},{"type":"Feature","geometry":{"type":"Point","coordinates":[139.78602,35.65791]},"properties":{"stopId":"Toei.HarumiItchome.1252.4","name":"Harumi-Itchōme (Harumi 1)","nameJa":"晴海一丁目","routeCount":12,"operator":"Toei"}},{"type":"Feature","geometry":{"type":"Point","coordinates":[139.72611,35.74181]},"properties":{"stopId":"Toei.Horiwari.1402.2","name":"Horiwari","nameJa":"堀割","routeCount":12,"operator":"Toei"}},{"type":"Feature","geometry":{"type":"Point","coordinates":[139.72322,35.73923]},"properties":{"stopId":"Toei.KamiIkebukuroYonchome.2006.1","name":"Kami-Ikebukuro-Yonchōme (Kami-Ikebukuro 4)","nameJa":"上池袋四丁目","routeCount":12,"operator":"Toei"}},{"type":"Feature","geometry":{"type":"Point","coordinates":[139.82497,35.64953]},"properties":{"stopId":"Toei.Yumenoshima.1577.1","name":"Yumenoshima","nameJa":"夢の島","routeCount":12,"operator":"Toei"}},{"type":"Feature","geometry":{"type":"Point","coordinates":[139.87232,35.65481]},"properties":{"stopId":"Toei.KasaiMinamiKokoIriguchi.2031.1","name":"Kasai-Minami-Kōkō-Iriguchi","nameJa":"葛西南高校入口","routeCount":12,"operator":"Toei"}},{"type":"Feature","geometry":{"type":"Point","coordinates":[139.78056,35.65675]},"properties":{"stopId":"Toei.HarumiTritonSquare.2442.1","name":"Harumi Triton Square","nameJa":"晴海トリトンスクエア前","routeCount":12,"operator":"Toei"}},{"type":"Feature","geometry":{"type":"Point","coordinates":[139.87251,35.65769]},"properties":{"stopId":"Toei.NakachoKaikanIriguchi.2575.1","name":"Nakachō-Kaikan-Iriguchi","nameJa":"仲町会館入口","routeCount":12,"operator":"Toei"}},{"type":"Feature","geometry":{"type":"Point","coordinates":[139.79368,35.63973]},"properties":{"stopId":"Toei.KaetsuGakuenNishi.2594.1","name":"Kaetsu-Gakuen-Nishi","nameJa":"かえつ学園西","routeCount":12,"operator":"Toei"}},{"type":"Feature","geometry":{"type":"Point","coordinates":[139.78803,35.63665]},"properties":{"stopId":"Toei.AriakeTennisNoMori.74.2","name":"Ariake Tennis No-Mori","nameJa":"有明テニスの森","routeCount":11,"operator":"Toei"}},{"type":"Feature","geometry":{"type":"Point","coordinates":[139.7918,35.63867]},"properties":{"stopId":"Toei.AriakeNichome.77.2","name":"Ariake-Nichōme (Ariake 2)","nameJa":"有明二丁目","routeCount":11,"operator":"Toei"}},{"type":"Feature","geometry":{"type":"Point","coordinates":[139.73565,35.76502]},"properties":{"stopId":"Toei.OjiGochome.201.2","name":"Ōji-Gochōme (Ōji 5)","nameJa":"王子五丁目","routeCount":11,"operator":"Toei"}},{"type":"Feature","geometry":{"type":"Point","coordinates":[139.70752,35.69729]},"properties":{"stopId":"Toei.HigashiShinjukuStation.227.2","name":"Higashi-Shinjuku Sta.","nameJa":"東新宿駅前","routeCount":11,"operator":"Toei"}},{"type":"Feature","geometry":{"type":"Point","coordinates":[139.77817,35.65864]},"properties":{"stopId":"Toei.KachidokiStation.326.3","name":"Kachidoki Sta.","nameJa":"勝どき駅前","routeCount":11,"operator":"Toei"}},{"type":"Feature","geometry":{"type":"Point","coordinates":[139.83449,35.67628]},"properties":{"stopId":"Toei.Kametakabashi.377.3","name":"Kametakabashi","nameJa":"亀高橋","routeCount":11,"operator":"Toei"}},{"type":"Feature","geometry":{"type":"Point","coordinates":[139.73465,35.76805]},"properties":{"stopId":"Toei.KitakuKamiyacho.403.2","name":"Kitaku-Kamiyachō","nameJa":"北区神谷町","routeCount":11,"operator":"Toei"}},{"type":"Feature","geometry":{"type":"Point","coordinates":[139.81453,35.69589]},"properties":{"stopId":"Toei.KinshichoStation.442.1","name":"Kinshichō Sta.","nameJa":"錦糸町駅前","routeCount":11,"operator":"Toei"}},{"type":"Feature","geometry":{"type":"Point","coordinates":[139.82715,35.6766]},"properties":{"stopId":"Toei.Sakaigawa.565.4","name":"Sakaigawa","nameJa":"境川","routeCount":11,"operator":"Toei"}},{"type":"Feature","geometry":{"type":"Point","coordinates":[139.70714,35.69546]},"properties":{"stopId":"Toei.NisshinShokuhin.722.2","name":"Nisshin-Shokuhin","nameJa":"日清食品前","routeCount":11,"operator":"Toei"}},{"type":"Feature","geometry":{"type":"Point","coordinates":[139.80122,35.75397]},"properties":{"stopId":"Toei.SenjuYonchome.821.1","name":"Senju-Yonchōme (Senju 4)","nameJa":"千住四丁目","routeCount":11,"operator":"Toei"}},{"type":"Feature","geometry":{"type":"Point","coordinates":[139.81844,35.66954]},"properties":{"stopId":"Toei.ToyochoStation.989.9","name":"Tōyōchō Sta.","nameJa":"東陽町駅前","routeCount":11,"operator":"Toei"}},{"type":"Feature","geometry":{"type":"Point","coordinates":[139.7151,35.73264]},"properties":{"stopId":"Toei.HarezaIkebukuro.998.2","name":"Hareza Ikebukuro","nameJa":"Hareza池袋","routeCount":11,"operator":"Toei"}},{"type":"Feature","geometry":{"type":"Point","coordinates":[139.79844,35.65602]},"properties":{"stopId":"Toei.ToyosuYonchome.1021.1","name":"Toyosu-Yonchōme (Toyosu 4)","nameJa":"豊洲四丁目","routeCount":11,"operator":"Toei"}},{"type":"Feature","geometry":{"type":"Point","coordinates":[139.78093,35.65581]},"properties":{"stopId":"Toei.HarumiSanchome.1253.2","name":"Harumi-Sanchōme (Harumi 3)","nameJa":"晴海三丁目","routeCount":11,"operator":"Toei"}},{"type":"Feature","geometry":{"type":"Point","coordinates":[139.87159,35.64798]},"properties":{"stopId":"Toei.HorieDanchi.1394.1","name":"Horie-Danchi","nameJa":"堀江団地","routeCount":11,"operator":"Toei"}},{"type":"Feature","geometry":{"type":"Point","coordinates":[139.87295,35.6587]},"properties":{"stopId":"Toei.NakachoNishigumi.1801.3","name":"Nakachō-Nishigumi","nameJa":"仲町西組","routeCount":11,"operator":"Toei"}},{"type":"Feature","geometry":{"type":"Point","coordinates":[139.82147,35.66989]},"properties":{"stopId":"Toei.KotoUntenMenkyoShikenjo.1475.2","name":"Kōtō-Unten-Menkyo-Shikenjō (Kōtō Driver's License Center)","nameJa":"江東運転免許試験場前","routeCount":11,"operator":"Toei"}},{"type":"Feature","geometry":{"type":"Point","coordinates":[139.75623,35.7621]},"properties":{"stopId":"Toei.MiyagiNichome.1500.3","name":"Miyagi-Nichōme (Miyagi 2)","nameJa":"宮城二丁目","routeCount":11,"operator":"Toei"}},{"type":"Feature","geometry":{"type":"Point","coordinates":[139.87202,35.65074]},"properties":{"stopId":"Toei.SogoRecreationKoen.2030.1","name":"Sōgō Recreation Kōen (Sōgō Recreation Park)","nameJa":"総合レクリエーション公園前","routeCount":11,"operator":"Toei"}},{"type":"Feature","geometry":{"type":"Point","coordinates":[139.87263,35.65386]},"properties":{"stopId":"Toei.KasaiMinamiKokoIriguchi.2031.2","name":"Kasai-Minami-Kōkō-Iriguchi","nameJa":"葛西南高校入口","routeCount":11,"operator":"Toei"}},{"type":"Feature","geometry":{"type":"Point","coordinates":[139.78532,35.63515]},"properties":{"stopId":"Toei.AriakeItchome.2144.2","name":"Ariake-Itchōme (Ariake 1)","nameJa":"有明一丁目","routeCount":11,"operator":"Toei"}},{"type":"Feature","geometry":{"type":"Point","coordinates":[139.76204,35.76778]},"properties":{"stopId":"Toei.ArakawaDote.504.1","name":"Arakawa-Dote","nameJa":"荒川土手","routeCount":10,"operator":"Toei"}},{"type":"Feature","geometry":{"type":"Point","coordinates":[139.80339,35.77491]},"properties":{"stopId":"Toei.AdachiKuyakushoMae.51.2","name":"Adachi-Kuyakusho-Mae (Adachi City Office)","nameJa":"足立区役所前","routeCount":10,"operator":"Toei"}},{"type":"Feature","geometry":{"type":"Point","coordinates":[139.70804,35.70168]},"properties":{"stopId":"Toei.OkuboDori.226.2","name":"Ōkubo-Dōri","nameJa":"大久保通り","routeCount":10,"operator":"Toei"}},{"type":"Feature","geometry":{"type":"Point","coordinates":[139.7072,35.69719]},"properties":{"stopId":"Toei.HigashiShinjukuStation.227.1","name":"Higashi-Shinjuku Sta.","nameJa":"東新宿駅前","routeCount":10,"operator":"Toei"}},{"type":"Feature","geometry":{"type":"Point","coordinates":[139.87328,35.66307]},"properties":{"stopId":"Toei.KasaiStation.307.8","name":"Kasai Sta.","nameJa":"葛西駅前","routeCount":10,"operator":"Toei"}},{"type":"Feature","geometry":{"type":"Point","coordinates":[139.71918,35.73581]},"properties":{"stopId":"Toei.KamiIkebukuroItchome.342.1","name":"Kami-Ikebukuro-Itchōme (Kami-Ikebukuro 1)","nameJa":"上池袋一丁目","routeCount":10,"operator":"Toei"}},{"type":"Feature","geometry":{"type":"Point","coordinates":[139.721,35.73748]},"properties":{"stopId":"Toei.KamiIkebukuroSanchome.343.2","name":"Kami-Ikebukuro-Sanchōme (Kami-Ikebukuro 3)","nameJa":"上池袋三丁目","routeCount":10,"operator":"Toei"}},{"type":"Feature","geometry":{"type":"Point","coordinates":[139.83011,35.67665]},"properties":{"stopId":"Toei.KitasunaYonchome.412.2","name":"Kitasuna-Yonchōme (Kitasuna 4)","nameJa":"北砂四丁目","routeCount":10,"operator":"Toei"}},{"type":"Feature","geometry":{"type":"Point","coordinates":[139.84059,35.67496]},"properties":{"stopId":"Toei.KyuKasaibashi.430.3","name":"Kyū-Kasaibashi","nameJa":"旧葛西橋","routeCount":10,"operator":"Toei"}},{"type":"Feature","geometry":{"type":"Point","coordinates":[139.87569,35.67135]},"properties":{"stopId":"Toei.Kuwagawacho.462.1","name":"Kuwagawachō","nameJa":"桑川町","routeCount":10,"operator":"Toei"}},{"type":"Feature","geometry":{"type":"Point","coordinates":[139.82391,35.64173]},"properties":{"stopId":"Toei.ShinkibaFutoKoen.483.1","name":"Shinkiba-Futō-Kōen (Shinkiba-Futō Park)","nameJa":"新木場埠頭公園前","routeCount":10,"operator":"Toei"}},{"type":"Feature","geometry":{"type":"Point","coordinates":[139.81031,35.69546]},"properties":{"stopId":"Toei.Kotobashi.494.1","name":"Kōtōbashi","nameJa":"江東橋","routeCount":10,"operator":"Toei"}},{"type":"Feature","geometry":{"type":"Point","coordinates":[139.82893,35.67677]},"properties":{"stopId":"Toei.Sakaigawa.565.3","name":"Sakaigawa","nameJa":"境川","routeCount":10,"operator":"Toei"}},{"type":"Feature","geometry":{"type":"Point","coordinates":[139.70845,35.70396]},"properties":{"stopId":"Toei.ShinjukuCosmicCenter.709.2","name":"Shinjuku Cosmic Center","nameJa":"新宿コズミックセンター前","routeCount":10,"operator":"Toei"}},{"type":"Feature","geometry":{"type":"Point","coordinates":[139.80388,35.76472]},"properties":{"stopId":"Toei.SenjuShako.815.1","name":"Senju-Shako","nameJa":"千住車庫前","routeCount":10,"operator":"Toei"}},{"type":"Feature","geometry":{"type":"Point","coordinates":[139.71168,35.72331]},"properties":{"stopId":"Toei.MinamiIkebukuroItchome.846.1","name":"Minami-Ikebukuro-Itchōme (Minami-Ikebukuro 1)","nameJa":"南池袋一丁目","routeCount":10,"operator":"Toei"}},{"type":"Feature","geometry":{"type":"Point","coordinates":[139.81454,35.70177]},"properties":{"stopId":"Toei.TaiheiSanchome.851.1","name":"Taihei-Sanchōme (Taihei 3)","nameJa":"太平三丁目","routeCount":10,"operator":"Toei"}},{"type":"Feature","geometry":{"type":"Point","coordinates":[139.71273,35.72083]},"properties":{"stopId":"Toei.Chitosebashi.926.2","name":"Chitosebashi","nameJa":"千登世橋","routeCount":10,"operator":"Toei"}},{"type":"Feature","geometry":{"type":"Point","coordinates":[139.80357,35.76993]},"properties":{"stopId":"Toei.ToritsuAdachiKoko.1045.2","name":"Toritsu-Adachi-Kōkō","nameJa":"都立足立高校前","routeCount":10,"operator":"Toei"}},{"type":"Feature","geometry":{"type":"Point","coordinates":[139.70873,35.7064]},"properties":{"stopId":"Toei.SodaiRiko.1051.1","name":"Sōdai-Rikō(Waseda Univ.)","nameJa":"早大理工前","routeCount":10,"operator":"Toei"}},{"type":"Feature","geometry":{"type":"Point","coordinates":[139.84083,35.67291]},"properties":{"stopId":"Toei.HigashisunaRokuchome.1297.1","name":"Higashisuna-Rokuchōme (Higashisuna 6)","nameJa":"東砂六丁目","routeCount":10,"operator":"Toei"}},{"type":"Feature","geometry":{"type":"Point","coordinates":[139.87194,35.64781]},"properties":{"stopId":"Toei.HorieDanchi.1394.2","name":"Horie-Danchi","nameJa":"堀江団地","routeCount":10,"operator":"Toei"}},{"type":"Feature","geometry":{"type":"Point","coordinates":[139.72596,35.7419]},"properties":{"stopId":"Toei.Horiwari.1402.1","name":"Horiwari","nameJa":"堀割","routeCount":10,"operator":"Toei"}},{"type":"Feature","geometry":{"type":"Point","coordinates":[139.80522,35.70876]},"properties":{"stopId":"Toei.HonjoAzumabashi.1414.2","name":"Honjo-Azumabashi","nameJa":"本所吾妻橋","routeCount":10,"operator":"Toei"}},{"type":"Feature","geometry":{"type":"Point","coordinates":[139.82916,35.63289]},"properties":{"stopId":"Toei.ShinkibaMinami.2040.1","name":"Shinkiba-Minami","nameJa":"新木場南","routeCount":10,"operator":"Toei"}},{"type":"Feature","geometry":{"type":"Point","coordinates":[139.80348,35.77278]},"properties":{"stopId":"Toei.Yayoicho.1568.2","name":"Yayoichō","nameJa":"弥生町","routeCount":10,"operator":"Toei"}},{"type":"Feature","geometry":{"type":"Point","coordinates":[139.81436,35.70387]},"properties":{"stopId":"Toei.YokokawaSanchome.1579.2","name":"Yokokawa-Sanchōme (Yokokawa 3)","nameJa":"横川三丁目","routeCount":10,"operator":"Toei"}},{"type":"Feature","geometry":{"type":"Point","coordinates":[139.72282,35.7391]},"properties":{"stopId":"Toei.KamiIkebukuroYonchome.2006.2","name":"Kami-Ikebukuro-Yonchōme (Kami-Ikebukuro 4)","nameJa":"上池袋四丁目","routeCount":10,"operator":"Toei"}},{"type":"Feature","geometry":{"type":"Point","coordinates":[139.87238,35.65066]},"properties":{"stopId":"Toei.SogoRecreationKoen.2030.2","name":"Sōgō Recreation Kōen (Sōgō Recreation Park)","nameJa":"総合レクリエーション公園前","routeCount":10,"operator":"Toei"}},{"type":"Feature","geometry":{"type":"Point","coordinates":[139.82311,35.63743]},"properties":{"stopId":"Toei.ShinkibaNichome.2041.1","name":"Shinkiba-Nichōme (Shinkiba 2)","nameJa":"新木場二丁目","routeCount":10,"operator":"Toei"}},{"type":"Feature","geometry":{"type":"Point","coordinates":[139.83206,35.64525]},"properties":{"stopId":"Toei.ShinkibaItchome.2036.1","name":"Shinkiba-Itchōme (Shinkiba 1)","nameJa":"新木場一丁目","routeCount":10,"operator":"Toei"}},{"type":"Feature","geometry":{"type":"Point","coordinates":[139.8357,35.64431]},"properties":{"stopId":"Toei.ShinkibaHigashi.2037.1","name":"Shinkiba-Higashi","nameJa":"新木場東","routeCount":10,"operator":"Toei"}},{"type":"Feature","geometry":{"type":"Point","coordinates":[139.83512,35.6401]},"properties":{"stopId":"Toei.HigashiSengokubashi.2038.1","name":"Higashi-Sengokubashi","nameJa":"東千石橋","routeCount":10,"operator":"Toei"}},{"type":"Feature","geometry":{"type":"Point","coordinates":[139.83464,35.63466]},"properties":{"stopId":"Toei.ShinkibaSanchome.2039.1","name":"Shinkiba-Sanchōme (Shinkiba 3)","nameJa":"新木場三丁目","routeCount":10,"operator":"Toei"}},{"type":"Feature","geometry":{"type":"Point","coordinates":[139.82486,35.63254]},"properties":{"stopId":"Toei.MinamiSengokubashi.2170.1","name":"Minami-Sengokubashi","nameJa":"南千石橋","routeCount":10,"operator":"Toei"}},{"type":"Feature","geometry":{"type":"Point","coordinates":[139.83682,35.6366]},"properties":{"stopId":"Toei.TokyoHeliport.2169.1","name":"Tokyo Heliport","nameJa":"東京ヘリポート前","routeCount":10,"operator":"Toei"}},{"type":"Feature","geometry":{"type":"Point","coordinates":[139.82335,35.63571]},"properties":{"stopId":"Toei.MinamiSengokubashiKitazume.2254.1","name":"Minami-Sengokubashi-Kitazume","nameJa":"南千石橋北詰","routeCount":10,"operator":"Toei"}},{"type":"Feature","geometry":{"type":"Point","coordinates":[139.79227,35.71219]},"properties":{"stopId":"Toei.AsakusaItchome.38.4","name":"Asakusa-Itchōme (Asakusa 1)","nameJa":"浅草一丁目","routeCount":9,"operator":"Toei"}},{"type":"Feature","geometry":{"type":"Point","coordinates":[139.79259,35.71413]},"properties":{"stopId":"Toei.AsakusaKoenRokku.34.5","name":"Asakusa-Kōen-Rokku","nameJa":"浅草公園六区","routeCount":9,"operator":"Toei"}},{"type":"Feature","geometry":{"type":"Point","coordinates":[139.79554,35.64104]},"properties":{"stopId":"Toei.AriakeShoChuGakko.75.2","name":"Ariake-Shō-Chū-Gakkō","nameJa":"有明小中学校前","routeCount":9,"operator":"Toei"}},{"type":"Feature","geometry":{"type":"Point","coordinates":[139.79279,35.63944]},"properties":{"stopId":"Toei.AriakeNichome.77.1","name":"Ariake-Nichōme (Ariake 2)","nameJa":"有明二丁目","routeCount":9,"operator":"Toei"}},{"type":"Feature","geometry":{"type":"Point","coordinates":[139.77228,35.70799]},"properties":{"stopId":"Toei.UenoHirokoji.135.9","name":"Ueno-Hirokōji","nameJa":"上野広小路","routeCount":9,"operator":"Toei"}},{"type":"Feature","geometry":{"type":"Point","coordinates":[139.86766,35.70763]},"properties":{"stopId":"Toei.EdogawaKuyakusho.171.2","name":"Edogawa-Kuyakusho (Edogawa City Office)","nameJa":"江戸川区役所前","routeCount":9,"operator":"Toei"}},{"type":"Feature","geometry":{"type":"Point","coordinates":[139.70192,35.69327]},"properties":{"stopId":"Toei.Kabukicho.334.3","name":"Kabukichō","nameJa":"歌舞伎町","routeCount":9,"operator":"Toei"}},{"type":"Feature","geometry":{"type":"Point","coordinates":[139.70818,35.70142]},"properties":{"stopId":"Toei.OkuboDori.226.1","name":"Ōkubo-Dōri","nameJa":"大久保通り","routeCount":9,"operator":"Toei"}},{"type":"Feature","geometry":{"type":"Point","coordinates":[139.73387,35.71951]},"properties":{"stopId":"Toei.OtsukaNichome.243.1","name":"Ōtsuka-Nichōme (Ōtsuka 2)","nameJa":"大塚二丁目","routeCount":9,"operator":"Toei"}},{"type":"Feature","geometry":{"type":"Point","coordinates":[139.87545,35.67141]},"properties":{"stopId":"Toei.Kuwagawacho.462.2","name":"Kuwagawachō","nameJa":"桑川町","routeCount":9,"operator":"Toei"}},{"type":"Feature","geometry":{"type":"Point","coordinates":[139.83109,35.6767]},"properties":{"stopId":"Toei.KitasunaYonchome.412.1","name":"Kitasuna-Yonchōme (Kitasuna 4)","nameJa":"北砂四丁目","routeCount":9,"operator":"Toei"}},{"type":"Feature","geometry":{"type":"Point","coordinates":[139.84003,35.67538]},"properties":{"stopId":"Toei.KyuKasaibashi.430.2","name":"Kyū-Kasaibashi","nameJa":"旧葛西橋","routeCount":9,"operator":"Toei"}},{"type":"Feature","geometry":{"type":"Point","coordinates":[139.81495,35.69933]},"properties":{"stopId":"Toei.KinshiKoen.441.2","name":"Kinshi-Kōen (Kinshi Park)","nameJa":"錦糸公園前","routeCount":9,"operator":"Toei"}},{"type":"Feature","geometry":{"type":"Point","coordinates":[139.81392,35.69751]},"properties":{"stopId":"Toei.KinshichoStation.442.15","name":"Kinshichō Sta.","nameJa":"錦糸町駅前","routeCount":9,"operator":"Toei"}},{"type":"Feature","geometry":{"type":"Point","coordinates":[139.86803,35.70232]},"properties":{"stopId":"Toei.KeiyoKosaten.468.3","name":"Keiyō-Kōsaten","nameJa":"京葉交差点","routeCount":9,"operator":"Toei"}},{"type":"Feature","geometry":{"type":"Point","coordinates":[139.82787,35.67709]},"properties":{"stopId":"Toei.Sakaigawa.565.1","name":"Sakaigawa","nameJa":"境川","routeCount":9,"operator":"Toei"}},{"type":"Feature","geometry":{"type":"Point","coordinates":[139.80613,35.66159]},"properties":{"stopId":"Toei.ShiohamaNichome.594.1","name":"Shiohama-Nichōme (Shiohama 2)","nameJa":"塩浜二丁目","routeCount":9,"operator":"Toei"}},{"type":"Feature","geometry":{"type":"Point","coordinates":[139.74124,35.6293]},"properties":{"stopId":"Toei.ShinagawaStationKonanguchi.605.11","name":"Shinagawa Sta. Kōnanguchi (Kōnan Exit)","nameJa":"品川駅港南口","routeCount":9,"operator":"Toei"}},{"type":"Feature","geometry":{"type":"Point","coordinates":[139.7026,35.65853]},"properties":{"stopId":"Toei.ShibuyaStation.636.8","name":"Shibuya Sta.","nameJa":"渋谷駅前","routeCount":9,"operator":"Toei"}},{"type":"Feature","geometry":{"type":"Point","coordinates":[139.70863,35.70383]},"properties":{"stopId":"Toei.ShinjukuCosmicCenter.709.1","name":"Shinjuku Cosmic Center","nameJa":"新宿コズミックセンター前","routeCount":9,"operator":"Toei"}},{"type":"Feature","geometry":{"type":"Point","coordinates":[139.70415,35.69274]},"properties":{"stopId":"Toei.ShinjukuGochome.715.2","name":"Shinjuku-Gochōme (Shinjuku 5)","nameJa":"新宿五丁目","routeCount":9,"operator":"Toei"}},{"type":"Feature","geometry":{"type":"Point","coordinates":[139.74756,35.61081]},"properties":{"stopId":"Toei.ToritsuYashioKoko.836.3","name":"Toritsu-Yashio-Kōkō","nameJa":"都立八潮高校前","routeCount":9,"operator":"Toei"}},{"type":"Feature","geometry":{"type":"Point","coordinates":[139.7117,35.72365]},"properties":{"stopId":"Toei.MinamiIkebukuroItchome.846.2","name":"Minami-Ikebukuro-Itchōme (Minami-Ikebukuro 1)","nameJa":"南池袋一丁目","routeCount":9,"operator":"Toei"}},{"type":"Feature","geometry":{"type":"Point","coordinates":[139.70914,35.70773]},"properties":{"stopId":"Toei.GakushuinJoshiDaigaku.856.2","name":"Gakushūin-Joshi-Daigaku (Gakushuin Women's Col.)","nameJa":"学習院戸山キャンパス前","routeCount":9,"operator":"Toei"}},{"type":"Feature","geometry":{"type":"Point","coordinates":[139.70917,35.70903]},"properties":{"stopId":"Toei.GakushuinJoshiDaigaku.856.3","name":"Gakushūin-Joshi-Daigaku (Gakushuin Women's Col.)","nameJa":"学習院戸山キャンパス前","routeCount":9,"operator":"Toei"}},{"type":"Feature","geometry":{"type":"Point","coordinates":[139.71291,35.72088]},"properties":{"stopId":"Toei.Chitosebashi.926.1","name":"Chitosebashi","nameJa":"千登世橋","routeCount":9,"operator":"Toei"}},{"type":"Feature","geometry":{"type":"Point","coordinates":[139.74263,35.75717]},"properties":{"stopId":"Toei.ToshimaNichome.1001.2","name":"Toshima-Nichōme (Toshima 2)","nameJa":"豊島二丁目","routeCount":9,"operator":"Toei"}},{"type":"Feature","geometry":{"type":"Point","coordinates":[139.74447,35.75897]},"properties":{"stopId":"Toei.ToshimaSanchome.1002.2","name":"Toshima-Sanchōme (Toshima 3)","nameJa":"豊島三丁目","routeCount":9,"operator":"Toei"}},{"type":"Feature","geometry":{"type":"Point","coordinates":[139.74708,35.76166]},"properties":{"stopId":"Toei.ToshimaYonchome.1003.1","name":"Toshima-Yonchōme (Toshima 4)","nameJa":"豊島四丁目","routeCount":9,"operator":"Toei"}},{"type":"Feature","geometry":{"type":"Point","coordinates":[139.74911,35.76374]},"properties":{"stopId":"Toei.ToshimaRokuchome.1007.2","name":"Toshima-Rokuchōme (Toshima 6)","nameJa":"豊島六丁目","routeCount":9,"operator":"Toei"}},{"type":"Feature","geometry":{"type":"Point","coordinates":[139.74722,35.60741]},"properties":{"stopId":"Toei.ToritsuSangyoGijutsuKosenShinagawaCampus.1048.3","name":"Toritsu-Sangyō-Gijutsu-Kōsen-Shinagawa Campus","nameJa":"都立産業技術高専品川キャンパス前","routeCount":9,"operator":"Toei"}},{"type":"Feature","geometry":{"type":"Point","coordinates":[139.70885,35.70562]},"properties":{"stopId":"Toei.SodaiRiko.1051.2","name":"Sōdai-Rikō(Waseda Univ.)","nameJa":"早大理工前","routeCount":9,"operator":"Toei"}},{"type":"Feature","geometry":{"type":"Point","coordinates":[139.87375,35.66863]},"properties":{"stopId":"Toei.NagashimachoKosaten.1106.3","name":"Nagashimachō-Kōsaten","nameJa":"長島町交差点","routeCount":9,"operator":"Toei"}},{"type":"Feature","geometry":{"type":"Point","coordinates":[139.87372,35.69403]},"properties":{"stopId":"Toei.NishiIchinoeYonchome.1138.3","name":"Nishi-Ichinoe-Yonchōme (Nishi-Ichinoe 4)","nameJa":"西一之江四丁目","routeCount":9,"operator":"Toei"}},{"type":"Feature","geometry":{"type":"Point","coordinates":[139.82584,35.67077]},"properties":{"stopId":"Toei.Nissobashi.1177.1","name":"Nissōbashi","nameJa":"日曹橋","routeCount":9,"operator":"Toei"}},{"type":"Feature","geometry":{"type":"Point","coordinates":[139.86779,35.69978]},"properties":{"stopId":"Toei.HigashiKomatsugawaItchome.1280.1","name":"Higashi-Komatsugawa-Itchōme (Higashi-Komatsugawa 1)","nameJa":"東小松川一丁目","routeCount":9,"operator":"Toei"}},{"type":"Feature","geometry":{"type":"Point","coordinates":[139.86792,35.69944]},"properties":{"stopId":"Toei.HigashiKomatsugawaItchome.1280.3","name":"Higashi-Komatsugawa-Itchōme (Higashi-Komatsugawa 1)","nameJa":"東小松川一丁目","routeCount":9,"operator":"Toei"}},{"type":"Feature","geometry":{"type":"Point","coordinates":[139.8026,35.64314]},"properties":{"stopId":"Toei.FukagawaShako.1362.3","name":"Fukagawa-Shako","nameJa":"深川車庫前","routeCount":9,"operator":"Toei"}},{"type":"Feature","geometry":{"type":"Point","coordinates":[139.71164,35.72593]},"properties":{"stopId":"Toei.MinamiIkebukuroSanchome.1470.3","name":"Minami-Ikebukuro-Sanchōme (Minami-Ikebukuro 3)","nameJa":"南池袋三丁目","routeCount":9,"operator":"Toei"}},{"type":"Feature","geometry":{"type":"Point","coordinates":[139.8263,35.67273]},"properties":{"stopId":"Toei.MinamisunaSanchome.1476.1","name":"Minamisuna-Sanchōme (Minamisuna 3)","nameJa":"南砂三丁目","routeCount":9,"operator":"Toei"}},{"type":"Feature","geometry":{"type":"Point","coordinates":[139.79771,35.64358]},"properties":{"stopId":"Toei.MiyakobashiJutaku.1502.2","name":"Miyakobashi-Jūtaku","nameJa":"都橋住宅前","routeCount":9,"operator":"Toei"}},{"type":"Feature","geometry":{"type":"Point","coordinates":[139.80798,35.66304]},"properties":{"stopId":"Toei.ShiohamaHigashi.2003.1","name":"Shiohama-Higashi","nameJa":"塩浜東","routeCount":9,"operator":"Toei"}},{"type":"Feature","geometry":{"type":"Point","coordinates":[139.80838,35.71027]},"properties":{"stopId":"Toei.TOKYOSKYTREEStation.2028.3","name":"TOKYO SKYTREE Sta.","nameJa":"とうきょうスカイツリー駅前","routeCount":9,"operator":"Toei"}},{"type":"Feature","geometry":{"type":"Point","coordinates":[139.86416,35.68349]},"properties":{"stopId":"Toei.FunaboriStation.2032.2","name":"Funabori Sta.","nameJa":"船堀駅前","routeCount":9,"operator":"Toei"}},{"type":"Feature","geometry":{"type":"Point","coordinates":[139.86401,35.68396]},"properties":{"stopId":"Toei.FunaboriStation.2032.3","name":"Funabori Sta.","nameJa":"船堀駅前","routeCount":9,"operator":"Toei"}},{"type":"Feature","geometry":{"type":"Point","coordinates":[139.86292,35.6505]},"properties":{"stopId":"Toei.ChuoOroshiurishijoKasaiShijo.2061.2","name":"Chūō-Oroshiurishijō-Kasai-Shijō","nameJa":"中央卸売市場葛西市場前","routeCount":9,"operator":"Toei"}},{"type":"Feature","geometry":{"type":"Point","coordinates":[139.86069,35.64836]},"properties":{"stopId":"Toei.RinkaichoSanchome.2145.1","name":"Rinkaichō-Sanchōme (Rinkaichō 3)","nameJa":"臨海町三丁目","routeCount":9,"operator":"Toei"}},{"type":"Feature","geometry":{"type":"Point","coordinates":[139.86325,35.65199]},"properties":{"stopId":"Toei.Nakasakombashi.2146.2","name":"Nakasakombashi","nameJa":"中左近橋","routeCount":9,"operator":"Toei"}},{"type":"Feature","geometry":{"type":"Point","coordinates":[139.85938,35.64737]},"properties":{"stopId":"Toei.RinkaiShakoMae.2233.2","name":"Rinkai-Shako-Mae","nameJa":"臨海車庫前","routeCount":9,"operator":"Toei"}},{"type":"Feature","geometry":{"type":"Point","coordinates":[139.85901,35.64739]},"properties":{"stopId":"Toei.RinkaiShakoMae.2233.1","name":"Rinkai-Shako-Mae","nameJa":"臨海車庫前","routeCount":9,"operator":"Toei"}},{"type":"Feature","geometry":{"type":"Point","coordinates":[139.86439,35.68529]},"properties":{"stopId":"Toei.FunaboriItchome.2252.1","name":"Funabori-Itchōme (Funabori 1)","nameJa":"船堀一丁目","routeCount":9,"operator":"Toei"}},{"type":"Feature","geometry":{"type":"Point","coordinates":[139.78084,35.73573]},"properties":{"stopId":"Toei.ArakawaSanchome.68.1","name":"Arakawa-Sanchōme (Arakawa 3)","nameJa":"荒川三丁目","routeCount":8,"operator":"Toei"}},{"type":"Feature","geometry":{"type":"Point","coordinates":[139.79173,35.71022]},"properties":{"stopId":"Toei.AsakusaKotobukicho.35.12","name":"Asakusa-Kotobukichō","nameJa":"浅草寿町","routeCount":8,"operator":"Toei"}},{"type":"Feature","geometry":{"type":"Point","coordinates":[139.79194,35.71192]},"properties":{"stopId":"Toei.AsakusaItchome.38.1","name":"Asakusa-Itchōme (Asakusa 1)","nameJa":"浅草一丁目","routeCount":8,"operator":"Toei"}},{"type":"Feature","geometry":{"type":"Point","coordinates":[139.73635,35.74999]},"properties":{"stopId":"Toei.Asukayama.46.1","name":"Asukayama","nameJa":"飛鳥山","routeCount":8,"operator":"Toei"}},{"type":"Feature","geometry":{"type":"Point","coordinates":[139.78407,35.73481]},"properties":{"stopId":"Toei.ArakawaKuyakusho.64.2","name":"Arakawa-Kuyakusho (Arakawa City Office)","nameJa":"荒川区役所前","routeCount":8,"operator":"Toei"}},{"type":"Feature","geometry":{"type":"Point","coordinates":[139.78707,35.73319]},"properties":{"stopId":"Toei.ArakawaItchome.67.2","name":"Arakawa-Itchōme (Arakawa 1)","nameJa":"荒川一丁目","routeCount":8,"operator":"Toei"}},{"type":"Feature","geometry":{"type":"Point","coordinates":[139.78665,35.63613]},"properties":{"stopId":"Toei.AriakeTennisNoMori.74.1","name":"Ariake Tennis No-Mori","nameJa":"有明テニスの森","routeCount":8,"operator":"Toei"}},{"type":"Feature","geometry":{"type":"Point","coordinates":[139.71311,35.72952]},"properties":{"stopId":"Toei.IkebukuroStationHigashiguchi.87.3","name":"Ikebukuro Sta. Higashiguchi (East Exit)","nameJa":"池袋駅東口","routeCount":8,"operator":"Toei"}},{"type":"Feature","geometry":{"type":"Point","coordinates":[139.7249,35.69491]},"properties":{"stopId":"Toei.IchigayaNakanochoKosaten.102.2","name":"Ichigaya-Nakanochō-Kōsaten","nameJa":"市谷仲之町交差点","routeCount":8,"operator":"Toei"}},{"type":"Feature","geometry":{"type":"Point","coordinates":[139.87841,35.6906]},"properties":{"stopId":"Toei.IchinoeGochome.104.2","name":"Ichinoe-Gochōme(Ichinoe 5)","nameJa":"一之江五丁目","routeCount":8,"operator":"Toei"}},{"type":"Feature","geometry":{"type":"Point","coordinates":[139.79185,35.66872]},"properties":{"stopId":"Toei.Etchujima.170.2","name":"Etchūjima","nameJa":"越中島","routeCount":8,"operator":"Toei"}},{"type":"Feature","geometry":{"type":"Point","coordinates":[139.80247,35.65869]},"properties":{"stopId":"Toei.Edagawa.166.2","name":"Edagawa","nameJa":"枝川","routeCount":8,"operator":"Toei"}},{"type":"Feature","geometry":{"type":"Point","coordinates":[139.80574,35.65955]},"properties":{"stopId":"Toei.EdagawaNichome.168.1","name":"Edagawa-Nichōme (Edagawa 2)","nameJa":"枝川二丁目","routeCount":8,"operator":"Toei"}},{"type":"Feature","geometry":{"type":"Point","coordinates":[139.73858,35.7537]},"properties":{"stopId":"Toei.OjiStation.196.14","name":"Ōji Sta.","nameJa":"王子駅前","routeCount":8,"operator":"Toei"}},{"type":"Feature","geometry":{"type":"Point","coordinates":[139.78956,35.73125]},"properties":{"stopId":"Toei.OzekiYokocho.240.5","name":"Ōzeki-Yokochō","nameJa":"大関横丁","routeCount":8,"operator":"Toei"}},{"type":"Feature","geometry":{"type":"Point","coordinates":[139.73291,35.72017]},"properties":{"stopId":"Toei.OtsukaSanchome.244.1","name":"Ōtsuka-Sanchōme (Ōtsuka 3)","nameJa":"大塚三丁目","routeCount":8,"operator":"Toei"}},{"type":"Feature","geometry":{"type":"Point","coordinates":[139.70494,35.668]},"properties":{"stopId":"Toei.Omotesando.297.4","name":"Omotesandō","nameJa":"表参道","routeCount":8,"operator":"Toei"}},{"type":"Feature","geometry":{"type":"Point","coordinates":[139.71903,35.63441]},"properties":{"stopId":"Toei.KamiOsaki.346.1","name":"Kami-Ōsaki","nameJa":"上大崎","routeCount":8,"operator":"Toei"}},{"type":"Feature","geometry":{"type":"Point","coordinates":[139.87344,35.66322]},"properties":{"stopId":"Toei.KasaiStation.307.9","name":"Kasai Sta.","nameJa":"葛西駅前","routeCount":8,"operator":"Toei"}},{"type":"Feature","geometry":{"type":"Point","coordinates":[139.7833,35.77818]},"properties":{"stopId":"Toei.Kuriharacho.459.1","name":"Kuriharachō","nameJa":"栗原町","routeCount":8,"operator":"Toei"}},{"type":"Feature","geometry":{"type":"Point","coordinates":[139.76232,35.76783]},"properties":{"stopId":"Toei.ArakawaDote.504.2","name":"Arakawa-Dote","nameJa":"荒川土手","routeCount":8,"operator":"Toei"}},{"type":"Feature","geometry":{"type":"Point","coordinates":[139.6592,35.69789]},"properties":{"stopId":"Toei.KoenjiMinamiItchome.480.1","name":"Kōenji-Minami-Itchōme (Kōenji-Minami 1)","nameJa":"高円寺南一丁目","routeCount":8,"operator":"Toei"}},{"type":"Feature","geometry":{"type":"Point","coordinates":[139.86383,35.7021]},"properties":{"stopId":"Toei.KomatsugawaKeisatsusho.551.1","name":"Komatsugawa-Keisatsusho (Komatsugawa Police Station)","nameJa":"小松川警察署前","routeCount":8,"operator":"Toei"}},{"type":"Feature","geometry":{"type":"Point","coordinates":[139.82691,35.6763]},"properties":{"stopId":"Toei.Sakaigawa.565.2","name":"Sakaigawa","nameJa":"境川","routeCount":8,"operator":"Toei"}},{"type":"Feature","geometry":{"type":"Point","coordinates":[139.79985,35.64552]},"properties":{"stopId":"Toei.ShinonomeMiyakobashi.620.1","name":"Shinonome-Miyakobashi","nameJa":"東雲都橋","routeCount":8,"operator":"Toei"}},{"type":"Feature","geometry":{"type":"Point","coordinates":[139.70083,35.66002]},"properties":{"stopId":"Toei.ShibuyaStationNishiguchi.634.1","name":"Shibuya Sta. Nishiguchi (West Exit)","nameJa":"渋谷駅西口","routeCount":8,"operator":"Toei"}},{"type":"Feature","geometry":{"type":"Point","coordinates":[139.74729,35.61851]},"properties":{"stopId":"Toei.Showabashi.671.2","name":"Shōwabashi","nameJa":"昭和橋","routeCount":8,"operator":"Toei"}},{"type":"Feature","geometry":{"type":"Point","coordinates":[139.72313,35.6365]},"properties":{"stopId":"Toei.ShirokanedaiGochome.680.1","name":"Shirokanedai-Gochōme (Shirokanedai 5)","nameJa":"白金台五丁目","routeCount":8,"operator":"Toei"}},{"type":"Feature","geometry":{"type":"Point","coordinates":[139.70317,35.66568]},"properties":{"stopId":"Toei.JingumaeRokuchome.760.2","name":"Jingūmae-Rokuchōme (Jingūmae 6)","nameJa":"神宮前六丁目","routeCount":8,"operator":"Toei"}},{"type":"Feature","geometry":{"type":"Point","coordinates":[139.66845,35.69754]},"properties":{"stopId":"Toei.ShinNakanoStation.734.1","name":"Shin-Nakano Sta.","nameJa":"新中野駅前","routeCount":8,"operator":"Toei"}},{"type":"Feature","geometry":{"type":"Point","coordinates":[139.76241,35.67323]},"properties":{"stopId":"Toei.Sukiyabashi.778.3","name":"Sukiyabashi","nameJa":"数寄屋橋","routeCount":8,"operator":"Toei"}},{"type":"Feature","geometry":{"type":"Point","coordinates":[139.65212,35.69805]},"properties":{"stopId":"Toei.SuginamiShako.780.2","name":"Suginami-Shako","nameJa":"杉並車庫前","routeCount":8,"operator":"Toei"}},{"type":"Feature","geometry":{"type":"Point","coordinates":[139.79727,35.6975]},"properties":{"stopId":"Toei.ToeiRyogokuStation.785.1","name":"Toei-Ryōgoku Sta.","nameJa":"都営両国駅前","routeCount":8,"operator":"Toei"}},{"type":"Feature","geometry":{"type":"Point","coordinates":[139.80352,35.76556]},"properties":{"stopId":"Toei.SenjuShako.815.5","name":"Senju-Shako","nameJa":"千住車庫前","routeCount":8,"operator":"Toei"}},{"type":"Feature","geometry":{"type":"Point","coordinates":[139.80083,35.754]},"properties":{"stopId":"Toei.SenjuYonchome.821.2","name":"Senju-Yonchōme (Senju 4)","nameJa":"千住四丁目","routeCount":8,"operator":"Toei"}},{"type":"Feature","geometry":{"type":"Point","coordinates":[139.70992,35.71081]},"properties":{"stopId":"Toei.TakadanobabaNichome.857.3","name":"Takadanobaba-Nichōme (Takadanobaba 2)","nameJa":"高田馬場二丁目","routeCount":8,"operator":"Toei"}},{"type":"Feature","geometry":{"type":"Point","coordinates":[139.71078,35.71141]},"properties":{"stopId":"Toei.TakadanobabaNichome.857.4","name":"Takadanobaba-Nichōme (Takadanobaba 2)","nameJa":"高田馬場二丁目","routeCount":8,"operator":"Toei"}},{"type":"Feature","geometry":{"type":"Point","coordinates":[139.73311,35.74768]},"properties":{"stopId":"Toei.TakinogawaNichome.878.1","name":"Takinogawa-Nichōme (Takinogawa 2)","nameJa":"滝野川二丁目","routeCount":8,"operator":"Toei"}},{"type":"Feature","geometry":{"type":"Point","coordinates":[139.73086,35.74615]},"properties":{"stopId":"Toei.TakinogawaSanchome.879.1","name":"Takinogawa-Sanchōme (Takinogawa 3)","nameJa":"滝野川三丁目","routeCount":8,"operator":"Toei"}},{"type":"Feature","geometry":{"type":"Point","coordinates":[139.78181,35.66239]},"properties":{"stopId":"Toei.TsukishimaSanchome.937.2","name":"Tsukishima-Sanchōme (Tsukishima 3)","nameJa":"月島三丁目","routeCount":8,"operator":"Toei"}},{"type":"Feature","geometry":{"type":"Point","coordinates":[139.69456,35.69394]},"properties":{"stopId":"Toei.TokyoIdaiByoin.964.2","name":"Tokyo Idai-Byōin (Tokyo Medical Univ. Hp. )","nameJa":"東京医大病院前","routeCount":8,"operator":"Toei"}},{"type":"Feature","geometry":{"type":"Point","coordinates":[139.79347,35.66738]},"properties":{"stopId":"Toei.TokyoKaiyoDaigakuEtchujimaKosha.969.1","name":"Tokyo Kaiyō-Daigaku-Etchūjima-Kōsha (Tokyo Univ. Of Marine Science and Technology)","nameJa":"東京海洋大学越中島校舎前","routeCount":8,"operator":"Toei"}},{"type":"Feature","geometry":{"type":"Point","coordinates":[139.7431,35.75736]},"properties":{"stopId":"Toei.ToshimaNichome.1001.1","name":"Toshima-Nichōme (Toshima 2)","nameJa":"豊島二丁目","routeCount":8,"operator":"Toei"}},{"type":"Feature","geometry":{"type":"Point","coordinates":[139.74473,35.75909]},"properties":{"stopId":"Toei.ToshimaSanchome.1002.1","name":"Toshima-Sanchōme (Toshima 3)","nameJa":"豊島三丁目","routeCount":8,"operator":"Toei"}},{"type":"Feature","geometry":{"type":"Point","coordinates":[139.74778,35.76226]},"properties":{"stopId":"Toei.ToshimaYonchome.1003.2","name":"Toshima-Yonchōme (Toshima 4)","nameJa":"豊島四丁目","routeCount":8,"operator":"Toei"}},{"type":"Feature","geometry":{"type":"Point","coordinates":[139.75297,35.76348]},"properties":{"stopId":"Toei.ToshimaGochomeDanchi.1004.1","name":"Toshima-Gochōme-Danchi (Toshima 5-Danchi)","nameJa":"豊島五丁目団地","routeCount":8,"operator":"Toei"}},{"type":"Feature","geometry":{"type":"Point","coordinates":[139.74899,35.7635]},"properties":{"stopId":"Toei.ToshimaRokuchome.1007.1","name":"Toshima-Rokuchōme (Toshima 6)","nameJa":"豊島六丁目","routeCount":8,"operator":"Toei"}},{"type":"Feature","geometry":{"type":"Point","coordinates":[139.7486,35.70916]},"properties":{"stopId":"Toei.TomisakaUe.1018.1","name":"Tomisaka-Ue","nameJa":"富坂上","routeCount":8,"operator":"Toei"}},{"type":"Feature","geometry":{"type":"Point","coordinates":[139.79709,35.65432]},"properties":{"stopId":"Toei.ToyosuStation.1025.10","name":"Toyosu Sta.","nameJa":"豊洲駅前","routeCount":8,"operator":"Toei"}},{"type":"Feature","geometry":{"type":"Point","coordinates":[139.80337,35.77018]},"properties":{"stopId":"Toei.ToritsuAdachiKoko.1045.1","name":"Toritsu-Adachi-Kōkō","nameJa":"都立足立高校前","routeCount":8,"operator":"Toei"}},{"type":"Feature","geometry":{"type":"Point","coordinates":[139.79631,35.66505]},"properties":{"stopId":"Toei.ToritsuSansho.1050.2","name":"Toritsu-Sanshō","nameJa":"都立三商前","routeCount":8,"operator":"Toei"}},{"type":"Feature","geometry":{"type":"Point","coordinates":[139.68172,35.69721]},"properties":{"stopId":"Toei.NakanoSakaue.1089.2","name":"Nakano-Sakaue","nameJa":"中野坂上","routeCount":8,"operator":"Toei"}},{"type":"Feature","geometry":{"type":"Point","coordinates":[139.66206,35.69752]},"properties":{"stopId":"Toei.NakanoTenjin.1091.1","name":"Nakano-Tenjin (Nakano-Tenjin Shrine)","nameJa":"中野天神前","routeCount":8,"operator":"Toei"}},{"type":"Feature","geometry":{"type":"Point","coordinates":[139.67475,35.69774]},"properties":{"stopId":"Toei.HonchoSanchome.1092.1","name":"Honchō-Sanchōme (Honchō 3)","nameJa":"本町三丁目(ほんちょうさんちょうめ（なかのく）)","routeCount":8,"operator":"Toei"}},{"type":"Feature","geometry":{"type":"Point","coordinates":[139.67181,35.69764]},"properties":{"stopId":"Toei.NabeyaYokocho.1112.1","name":"Nabeya-Yokochō","nameJa":"鍋屋横丁","routeCount":8,"operator":"Toei"}},{"type":"Feature","geometry":{"type":"Point","coordinates":[139.8092,35.70894]},"properties":{"stopId":"Toei.TOKYOSKYTREEStationIriguchi.1120.1","name":"TOKYO SKYTREE Sta. Iriguchi","nameJa":"とうきょうスカイツリー駅入口","routeCount":8,"operator":"Toei"}},{"type":"Feature","geometry":{"type":"Point","coordinates":[139.81434,35.70624]},"properties":{"stopId":"Toei.NarihiraYonchome.1121.2","name":"Narihira-Yonchōme (Narihira 4)","nameJa":"業平四丁目","routeCount":8,"operator":"Toei"}},{"type":"Feature","geometry":{"type":"Point","coordinates":[139.68923,35.69566]},"properties":{"stopId":"Toei.NarukosakaShita.1122.1","name":"Narukosaka-Shita","nameJa":"成子坂下","routeCount":8,"operator":"Toei"}},{"type":"Feature","geometry":{"type":"Point","coordinates":[139.78054,35.77814]},"properties":{"stopId":"Toei.NishiaraiDaishi.1134.1","name":"Nishiarai-Daishi","nameJa":"西新井大師前","routeCount":8,"operator":"Toei"}},{"type":"Feature","geometry":{"type":"Point","coordinates":[139.87616,35.6923]},"properties":{"stopId":"Toei.NishiIchinoeSanchome.1137.1","name":"Nishi-Ichinoe-Sanchōme (Nishi-Ichinoe 3)","nameJa":"西一之江三丁目","routeCount":8,"operator":"Toei"}},{"type":"Feature","geometry":{"type":"Point","coordinates":[139.87655,35.69191]},"properties":{"stopId":"Toei.NishiIchinoeSanchome.1137.2","name":"Nishi-Ichinoe-Sanchōme (Nishi-Ichinoe 3)","nameJa":"西一之江三丁目","routeCount":8,"operator":"Toei"}},{"type":"Feature","geometry":{"type":"Point","coordinates":[139.87256,35.69501]},"properties":{"stopId":"Toei.NishiIchinoeYonchome.1138.2","name":"Nishi-Ichinoe-Yonchōme (Nishi-Ichinoe 4)","nameJa":"西一之江四丁目","routeCount":8,"operator":"Toei"}},{"type":"Feature","geometry":{"type":"Point","coordinates":[139.85912,35.66445]},"properties":{"stopId":"Toei.NishiKasaiStation.1146.4","name":"Nishi-Kasai Sta.","nameJa":"西葛西駅前","routeCount":8,"operator":"Toei"}},{"type":"Feature","geometry":{"type":"Point","coordinates":[139.65753,35.69808]},"properties":{"stopId":"Toei.HigashiKoenjiStation.1277.1","name":"Higashi-Kōenji Sta.","nameJa":"東高円寺駅前","routeCount":8,"operator":"Toei"}},{"type":"Feature","geometry":{"type":"Point","coordinates":[139.8676,35.69305]},"properties":{"stopId":"Toei.HigashiKomatsugawaShogakko.1279.1","name":"Higashi-Komatsugawa-Shōgakkō","nameJa":"東小松川小学校前","routeCount":8,"operator":"Toei"}},{"type":"Feature","geometry":{"type":"Point","coordinates":[139.86769,35.6953]},"properties":{"stopId":"Toei.HigashiKomatsugawaNichome.1281.1","name":"Higashi-Komatsugawa-Nichōme (Higashi-Komatsugawa 2)","nameJa":"東小松川二丁目","routeCount":8,"operator":"Toei"}},{"type":"Feature","geometry":{"type":"Point","coordinates":[139.84074,35.67267]},"properties":{"stopId":"Toei.HigashisunaRokuchome.1297.2","name":"Higashisuna-Rokuchōme (Higashisuna 6)","nameJa":"東砂六丁目","routeCount":8,"operator":"Toei"}},{"type":"Feature","geometry":{"type":"Point","coordinates":[139.80107,35.64562]},"properties":{"stopId":"Toei.FukagawaShakoIriguchi.1361.1","name":"Fukagawa-Shako-Iriguchi","nameJa":"深川車庫入口","routeCount":8,"operator":"Toei"}},{"type":"Feature","geometry":{"type":"Point","coordinates":[139.86285,35.68243]},"properties":{"stopId":"Toei.FunaboriShogakko.1377.1","name":"Funabori-Shōgakkō","nameJa":"船堀小学校前","routeCount":8,"operator":"Toei"}},{"type":"Feature","geometry":{"type":"Point","coordinates":[139.86276,35.68195]},"properties":{"stopId":"Toei.FunaboriShogakko.1377.2","name":"Funabori-Shōgakkō","nameJa":"船堀小学校前","routeCount":8,"operator":"Toei"}},{"type":"Feature","geometry":{"type":"Point","coordinates":[139.75253,35.70837]},"properties":{"stopId":"Toei.KasugaStation.1384.2","name":"Kasuga Sta.","nameJa":"春日駅前","routeCount":8,"operator":"Toei"}},{"type":"Feature","geometry":{"type":"Point","coordinates":[139.67858,35.69756]},"properties":{"stopId":"Toei.Hosenji.1388.1","name":"Hōsenji (Hōsenji Temple)","nameJa":"宝仙寺前","routeCount":8,"operator":"Toei"}},{"type":"Feature","geometry":{"type":"Point","coordinates":[139.66411,35.69751]},"properties":{"stopId":"Toei.HonchoRokuchome.1421.1","name":"Honchō-Rokuchōme (Honchō 6)","nameJa":"本町六丁目","routeCount":8,"operator":"Toei"}},{"type":"Feature","geometry":{"type":"Point","coordinates":[139.86622,35.68872]},"properties":{"stopId":"Toei.MatsueDaiichiChugakko.1434.1","name":"Matsue-Daiichi-Chūgakkō","nameJa":"松江第一中学校前","routeCount":8,"operator":"Toei"}},{"type":"Feature","geometry":{"type":"Point","coordinates":[139.88259,35.68588]},"properties":{"stopId":"Toei.IchinoeStation.1445.7","name":"Ichinoe Sta.","nameJa":"一之江駅前","routeCount":8,"operator":"Toei"}},{"type":"Feature","geometry":{"type":"Point","coordinates":[139.75513,35.76237]},"properties":{"stopId":"Toei.MiyagiNichome.1500.2","name":"Miyagi-Nichōme (Miyagi 2)","nameJa":"宮城二丁目","routeCount":8,"operator":"Toei"}},{"type":"Feature","geometry":{"type":"Point","coordinates":[139.70216,35.66405]},"properties":{"stopId":"Toei.MiyashitaKoen.1504.1","name":"Miyashita-Kōen (Miyashita Park)","nameJa":"宮下公園","routeCount":8,"operator":"Toei"}},{"type":"Feature","geometry":{"type":"Point","coordinates":[139.71642,35.63425]},"properties":{"stopId":"Toei.MeguroStation.1526.3","name":"Meguro Sta.","nameJa":"目黒駅前","routeCount":8,"operator":"Toei"}},{"type":"Feature","geometry":{"type":"Point","coordinates":[139.71085,35.72004]},"properties":{"stopId":"Toei.MejiroKeisatsusho.1530.2","name":"Mejiro-Keisatsusho (Mejiro Police Station)","nameJa":"目白警察署前","routeCount":8,"operator":"Toei"}},{"type":"Feature","geometry":{"type":"Point","coordinates":[139.81556,35.69191]},"properties":{"stopId":"Toei.MoriNichome.1533.1","name":"Mōri-Nichōme (Mōri 2)","nameJa":"毛利二丁目","routeCount":8,"operator":"Toei"}},{"type":"Feature","geometry":{"type":"Point","coordinates":[139.79507,35.67297]},"properties":{"stopId":"Toei.MonzenNakacho.1544.8","name":"Monzen-Nakachō","nameJa":"門前仲町","routeCount":8,"operator":"Toei"}},{"type":"Feature","geometry":{"type":"Point","coordinates":[139.80326,35.77249]},"properties":{"stopId":"Toei.Yayoicho.1568.1","name":"Yayoichō","nameJa":"弥生町","routeCount":8,"operator":"Toei"}},{"type":"Feature","geometry":{"type":"Point","coordinates":[139.81449,35.70478]},"properties":{"stopId":"Toei.YokokawaSanchome.1579.3","name":"Yokokawa-Sanchōme (Yokokawa 3)","nameJa":"横川三丁目","routeCount":8,"operator":"Toei"}},{"type":"Feature","geometry":{"type":"Point","coordinates":[139.65355,35.69788]},"properties":{"stopId":"Toei.KoenjiRikkyo.1598.2","name":"Kōenji-Rikkyō","nameJa":"高円寺陸橋","routeCount":8,"operator":"Toei"}},{"type":"Feature","geometry":{"type":"Point","coordinates":[139.78495,35.63522]},"properties":{"stopId":"Toei.AriakeItchome.2144.1","name":"Ariake-Itchōme (Ariake 1)","nameJa":"有明一丁目","routeCount":8,"operator":"Toei"}},{"type":"Feature","geometry":{"type":"Point","coordinates":[139.78001,35.66081]},"properties":{"stopId":"Toei.TsukishimaDaiichiShogakko.2182.1","name":"Tsukishima-Daiichi-Shōgakkō","nameJa":"月島第一小学校前","routeCount":8,"operator":"Toei"}},{"type":"Feature","geometry":{"type":"Point","coordinates":[139.78894,35.63736]},"properties":{"stopId":"Toei.AriakeColosseum.2185.1","name":"Ariake Colosseum","nameJa":"有明コロシアム前","routeCount":8,"operator":"Toei"}},{"type":"Feature","geometry":{"type":"Point","coordinates":[139.86182,35.64366]},"properties":{"stopId":"Toei.KasaiRinkaiKoenStation.2189.5","name":"Kasai-Rinkai-Kōen Sta. (Kasai Rinkai Park Sta.)","nameJa":"葛西臨海公園駅前","routeCount":8,"operator":"Toei"}},{"type":"Feature","geometry":{"type":"Point","coordinates":[139.83456,35.61953]},"properties":{"stopId":"Toei.WakasuCampJo.2269.1","name":"Wakasu Camp Jō","nameJa":"若洲キャンプ場前","routeCount":8,"operator":"Toei"}},{"type":"Feature","geometry":{"type":"Point","coordinates":[139.86994,35.64599]},"properties":{"stopId":"Toei.EdogawaRinkaiYubinkyoku.2289.1","name":"Edogawa Rinkai Yūbinkyoku (Edogawa Rinkai Post Office)","nameJa":"江戸川臨海郵便局前","routeCount":8,"operator":"Toei"}},{"type":"Feature","geometry":{"type":"Point","coordinates":[139.69325,35.71026]},"properties":{"stopId":"Toei.OtakibashiShako.2361.1","name":"Otakibashi-Shako","nameJa":"小滝橋車庫前","routeCount":8,"operator":"Toei"}},{"type":"Feature","geometry":{"type":"Point","coordinates":[139.69309,35.71013]},"properties":{"stopId":"Toei.OtakibashiShako.2361.2","name":"Otakibashi-Shako","nameJa":"小滝橋車庫前","routeCount":8,"operator":"Toei"}},{"type":"Feature","geometry":{"type":"Point","coordinates":[139.78162,35.66009]},"properties":{"stopId":"Toei.TsukishimaYonchome.938.2","name":"Tsukishima-Yonchōme (Tsukishima 4)","nameJa":"月島四丁目","routeCount":7,"operator":"Toei"}},{"type":"Feature","geometry":{"type":"Point","coordinates":[139.77768,35.6767]},"properties":{"stopId":"Toei.Kamejimabashi.376.1","name":"Kamejimabashi","nameJa":"亀島橋","routeCount":7,"operator":"Toei"}},{"type":"Feature","geometry":{"type":"Point","coordinates":[139.71204,35.71599]},"properties":{"stopId":"Toei.GakushuinShita.387.2","name":"Gakushūin-Shita","nameJa":"学習院下","routeCount":7,"operator":"Toei"}},{"type":"Feature","geometry":{"type":"Point","coordinates":[139.79146,35.71031]},"properties":{"stopId":"Toei.AsakusaKotobukicho.35.6","name":"Asakusa-Kotobukichō","nameJa":"浅草寿町","routeCount":7,"operator":"Toei"}},{"type":"Feature","geometry":{"type":"Point","coordinates":[139.77771,35.73696]},"properties":{"stopId":"Toei.ArakawaYonchome.69.1","name":"Arakawa-Yonchōme (Arakawa 4)","nameJa":"荒川四丁目","routeCount":7,"operator":"Toei"}},{"type":"Feature","geometry":{"type":"Point","coordinates":[139.73634,35.75032]},"properties":{"stopId":"Toei.Asukayama.46.2","name":"Asukayama","nameJa":"飛鳥山","routeCount":7,"operator":"Toei"}},{"type":"Feature","geometry":{"type":"Point","coordinates":[139.78376,35.73505]},"properties":{"stopId":"Toei.ArakawaKuyakusho.64.1","name":"Arakawa-Kuyakusho (Arakawa City Office)","nameJa":"荒川区役所前","routeCount":7,"operator":"Toei"}},{"type":"Feature","geometry":{"type":"Point","coordinates":[139.76335,35.76895]},"properties":{"stopId":"Toei.ArakawadoteSoshajo.66.2","name":"Arakawadote-Sōshajo","nameJa":"荒川土手操車所前","routeCount":7,"operator":"Toei"}},{"type":"Feature","geometry":{"type":"Point","coordinates":[139.78725,35.73328]},"properties":{"stopId":"Toei.ArakawaItchome.67.1","name":"Arakawa-Itchōme (Arakawa 1)","nameJa":"荒川一丁目","routeCount":7,"operator":"Toei"}},{"type":"Feature","geometry":{"type":"Point","coordinates":[139.78165,35.73567]},"properties":{"stopId":"Toei.ArakawaSanchome.68.2","name":"Arakawa-Sanchōme (Arakawa 3)","nameJa":"荒川三丁目","routeCount":7,"operator":"Toei"}},{"type":"Feature","geometry":{"type":"Point","coordinates":[139.71302,35.72961]},"properties":{"stopId":"Toei.IkebukuroStationHigashiguchi.87.4","name":"Ikebukuro Sta. Higashiguchi (East Exit)","nameJa":"池袋駅東口","routeCount":7,"operator":"Toei"}},{"type":"Feature","geometry":{"type":"Point","coordinates":[139.76637,35.77077]},"properties":{"stopId":"Toei.KohokuItchome.507.2","name":"Kōhoku-Itchōme (Kōhoku 1)","nameJa":"江北一丁目","routeCount":7,"operator":"Toei"}},{"type":"Feature","geometry":{"type":"Point","coordinates":[139.72444,35.69436]},"properties":{"stopId":"Toei.IchigayaNakanochoKosaten.102.1","name":"Ichigaya-Nakanochō-Kōsaten","nameJa":"市谷仲之町交差点","routeCount":7,"operator":"Toei"}},{"type":"Feature","geometry":{"type":"Point","coordinates":[139.87855,35.69039]},"properties":{"stopId":"Toei.IchinoeGochome.104.3","name":"Ichinoe-Gochōme(Ichinoe 5)","nameJa":"一之江五丁目","routeCount":7,"operator":"Toei"}},{"type":"Feature","geometry":{"type":"Point","coordinates":[139.88096,35.68856]},"properties":{"stopId":"Toei.IchinoeYonchome.109.2","name":"Ichinoe-Yonchōme(Ichinoe 4)","nameJa":"一之江四丁目","routeCount":7,"operator":"Toei"}},{"type":"Feature","geometry":{"type":"Point","coordinates":[139.73717,35.65456]},"properties":{"stopId":"Toei.AzabujubanStation.111.3","name":"Azabujūban Sta.","nameJa":"麻布十番駅前","routeCount":7,"operator":"Toei"}},{"type":"Feature","geometry":{"type":"Point","coordinates":[139.85761,35.67017]},"properties":{"stopId":"Toei.Ukita.136.1","name":"Ukita","nameJa":"宇喜田","routeCount":7,"operator":"Toei"}},{"type":"Feature","geometry":{"type":"Point","coordinates":[139.85798,35.66989]},"properties":{"stopId":"Toei.Ukita.136.2","name":"Ukita","nameJa":"宇喜田","routeCount":7,"operator":"Toei"}},{"type":"Feature","geometry":{"type":"Point","coordinates":[139.79141,35.66955]},"properties":{"stopId":"Toei.Etchujima.170.1","name":"Etchūjima","nameJa":"越中島","routeCount":7,"operator":"Toei"}},{"type":"Feature","geometry":{"type":"Point","coordinates":[139.87826,35.67587]},"properties":{"stopId":"Toei.FurukawaShinsuiKoen.178.3","name":"Furukawa-Shinsui-Kōen (Furukawa-Shinsui Park)","nameJa":"古川親水公園","routeCount":7,"operator":"Toei"}},{"type":"Feature","geometry":{"type":"Point","coordinates":[139.73769,35.75344]},"properties":{"stopId":"Toei.OjiStation.196.16","name":"Ōji Sta.","nameJa":"王子駅前","routeCount":7,"operator":"Toei"}},{"type":"Feature","geometry":{"type":"Point","coordinates":[139.74125,35.59357]},"properties":{"stopId":"Toei.OiKeibajo.216.1","name":"Ōi-Keibajō","nameJa":"大井競馬場前","routeCount":7,"operator":"Toei"}},{"type":"Feature","geometry":{"type":"Point","coordinates":[139.73572,35.71831]},"properties":{"stopId":"Toei.KubomachiShogakko.242.1","name":"Kubomachi-Shōgakkō","nameJa":"窪町小学校","routeCount":7,"operator":"Toei"}},{"type":"Feature","geometry":{"type":"Point","coordinates":[139.88121,35.68221]},"properties":{"stopId":"Toei.KasaiKokaKoko.309.3","name":"Kasai-Kōka-Kōkō","nameJa":"葛西工科高校前","routeCount":7,"operator":"Toei"}},{"type":"Feature","geometry":{"type":"Point","coordinates":[139.85404,35.67071]},"properties":{"stopId":"Toei.KasaibashiHigashizume.314.1","name":"Kasaibashi-Higashizume","nameJa":"葛西橋東詰","routeCount":7,"operator":"Toei"}},{"type":"Feature","geometry":{"type":"Point","coordinates":[139.85508,35.67036]},"properties":{"stopId":"Toei.KasaibashiHigashizume.314.2","name":"Kasaibashi-Higashizume","nameJa":"葛西橋東詰","routeCount":7,"operator":"Toei"}},{"type":"Feature","geometry":{"type":"Point","coordinates":[139.7436,35.71209]},"properties":{"stopId":"Toei.KasugaNichome.319.1","name":"Kasuga-Nichōme (Kasuga 2)","nameJa":"春日二丁目","routeCount":7,"operator":"Toei"}},{"type":"Feature","geometry":{"type":"Point","coordinates":[139.77803,35.65971]},"properties":{"stopId":"Toei.KachidokiStation.326.1","name":"Kachidoki Sta.","nameJa":"勝どき駅前","routeCount":7,"operator":"Toei"}},{"type":"Feature","geometry":{"type":"Point","coordinates":[139.8258,35.69789]},"properties":{"stopId":"Toei.KameidoStation.369.2","name":"Kameido Sta.","nameJa":"亀戸駅前","routeCount":7,"operator":"Toei"}},{"type":"Feature","geometry":{"type":"Point","coordinates":[139.82524,35.6979]},"properties":{"stopId":"Toei.KameidoStation.369.15","name":"Kameido Sta.","nameJa":"亀戸駅前","routeCount":7,"operator":"Toei"}},{"type":"Feature","geometry":{"type":"Point","coordinates":[139.83234,35.69684]},"properties":{"stopId":"Toei.KameidoRokuchome.372.1","name":"Kameido-Rokuchōme (Kameido 6)","nameJa":"亀戸六丁目","routeCount":7,"operator":"Toei"}},{"type":"Feature","geometry":{"type":"Point","coordinates":[139.71222,35.71587]},"properties":{"stopId":"Toei.GakushuinShita.387.1","name":"Gakushūin-Shita","nameJa":"学習院下","routeCount":7,"operator":"Toei"}},{"type":"Feature","geometry":{"type":"Point","coordinates":[139.73325,35.77351]},"properties":{"stopId":"Toei.KitaShako.407.2","name":"Kita-Shako","nameJa":"北車庫前","routeCount":7,"operator":"Toei"}},{"type":"Feature","geometry":{"type":"Point","coordinates":[139.81475,35.69923]},"properties":{"stopId":"Toei.KinshiKoen.441.1","name":"Kinshi-Kōen (Kinshi Park)","nameJa":"錦糸公園前","routeCount":7,"operator":"Toei"}},{"type":"Feature","geometry":{"type":"Point","coordinates":[139.81531,35.69439]},"properties":{"stopId":"Toei.Kinshibori.443.1","name":"Kinshibori","nameJa":"錦糸堀","routeCount":7,"operator":"Toei"}},{"type":"Feature","geometry":{"type":"Point","coordinates":[139.73593,35.64457]},"properties":{"stopId":"Toei.GyoranZakaShita.444.4","name":"Gyoran-Zaka-Shita","nameJa":"魚籃坂下","routeCount":7,"operator":"Toei"}},{"type":"Feature","geometry":{"type":"Point","coordinates":[139.7403,35.7144]},"properties":{"stopId":"Toei.KoishikawaYonchome.474.2","name":"Koishikawa-Yonchōme (Koishikawa 4)","nameJa":"小石川四丁目","routeCount":7,"operator":"Toei"}},{"type":"Feature","geometry":{"type":"Point","coordinates":[139.76897,35.77237]},"properties":{"stopId":"Toei.KohokuYonchome.508.4","name":"Kōhoku-Yonchōme (Kōhoku 4)","nameJa":"江北四丁目","routeCount":7,"operator":"Toei"}},{"type":"Feature","geometry":{"type":"Point","coordinates":[139.80326,35.77783]},"properties":{"stopId":"Toei.Koemoncho.514.2","name":"Koemonchō","nameJa":"小右衛門町","routeCount":7,"operator":"Toei"}},{"type":"Feature","geometry":{"type":"Point","coordinates":[139.80518,35.71209]},"properties":{"stopId":"Toei.Kototoibashi.533.1","name":"Kototoibashi","nameJa":"言問橋","routeCount":7,"operator":"Toei"}},{"type":"Feature","geometry":{"type":"Point","coordinates":[139.73872,35.71633]},"properties":{"stopId":"Toei.KohinataYonchome.536.2","name":"Kohinata-Yonchōme (Kohinata 4)","nameJa":"小日向四丁目","routeCount":7,"operator":"Toei"}},{"type":"Feature","geometry":{"type":"Point","coordinates":[139.7447,35.62788]},"properties":{"stopId":"Toei.ShokunikuShijo.674.1","name":"Shokuniku-Shijō","nameJa":"食肉市場前","routeCount":7,"operator":"Toei"}},{"type":"Feature","geometry":{"type":"Point","coordinates":[139.72259,35.63642]},"properties":{"stopId":"Toei.ShirokanedaiGochome.680.2","name":"Shirokanedai-Gochōme (Shirokanedai 5)","nameJa":"白金台五丁目","routeCount":7,"operator":"Toei"}},{"type":"Feature","geometry":{"type":"Point","coordinates":[139.78197,35.6745]},"properties":{"stopId":"Toei.ShinkawaNichome.689.2","name":"Shinkawa-Nichōme (Shinkawa 2)","nameJa":"新川二丁目","routeCount":7,"operator":"Toei"}},{"type":"Feature","geometry":{"type":"Point","coordinates":[139.70528,35.69173]},"properties":{"stopId":"Toei.ShinjukuIsetan.705.5","name":"Shinjuku-Isetan (Shinjuku-Isetan Department Store)","nameJa":"新宿伊勢丹前","routeCount":7,"operator":"Toei"}},{"type":"Feature","geometry":{"type":"Point","coordinates":[139.70543,35.6916]},"properties":{"stopId":"Toei.ShinjukuIsetan.705.7","name":"Shinjuku-Isetan (Shinjuku-Isetan Department Store)","nameJa":"新宿伊勢丹前","routeCount":7,"operator":"Toei"}},{"type":"Feature","geometry":{"type":"Point","coordinates":[139.70492,35.69282]},"properties":{"stopId":"Toei.ShinjukuGochome.715.1","name":"Shinjuku-Gochōme (Shinjuku 5)","nameJa":"新宿五丁目","routeCount":7,"operator":"Toei"}},{"type":"Feature","geometry":{"type":"Point","coordinates":[139.75851,35.66688]},"properties":{"stopId":"Toei.ShimbashiStation.737.1","name":"Shimbashi Sta.","nameJa":"新橋駅前","routeCount":7,"operator":"Toei"}},{"type":"Feature","geometry":{"type":"Point","coordinates":[139.82867,35.6966]},"properties":{"stopId":"Toei.Suijimmori.766.1","name":"Suijimmori","nameJa":"水神森","routeCount":7,"operator":"Toei"}},{"type":"Feature","geometry":{"type":"Point","coordinates":[139.65424,35.69602]},"properties":{"stopId":"Toei.SesionSuginami.781.1","name":"Sesion Suginami","nameJa":"セシオン杉並前","routeCount":7,"operator":"Toei"}},{"type":"Feature","geometry":{"type":"Point","coordinates":[139.8015,35.75063]},"properties":{"stopId":"Toei.SenjuNichome.820.1","name":"Senju-Nichōme (Senju 2)","nameJa":"千住二丁目","routeCount":7,"operator":"Toei"}},{"type":"Feature","geometry":{"type":"Point","coordinates":[139.80042,35.75168]},"properties":{"stopId":"Toei.SenjuNichome.820.2","name":"Senju-Nichōme (Senju 2)","nameJa":"千住二丁目","routeCount":7,"operator":"Toei"}},{"type":"Feature","geometry":{"type":"Point","coordinates":[139.71007,35.71201]},"properties":{"stopId":"Toei.TakadanobabaNichome.857.1","name":"Takadanobaba-Nichōme (Takadanobaba 2)","nameJa":"高田馬場二丁目","routeCount":7,"operator":"Toei"}},{"type":"Feature","geometry":{"type":"Point","coordinates":[139.73295,35.635]},"properties":{"stopId":"Toei.TakanawaKeisatsusho.864.1","name":"Takanawa-Keisatsusho (Takanawa Police Station)","nameJa":"高輪警察署前","routeCount":7,"operator":"Toei"}},{"type":"Feature","geometry":{"type":"Point","coordinates":[139.73253,35.63327]},"properties":{"stopId":"Toei.TakanawaSanchome.868.1","name":"Takanawa-Sanchōme (Takanawa 3)","nameJa":"高輪三丁目","routeCount":7,"operator":"Toei"}},{"type":"Feature","geometry":{"type":"Point","coordinates":[139.73243,35.63027]},"properties":{"stopId":"Toei.GrandPrinceHotelShinTakanawa.869.4","name":"Grand Prince Hotel Shin-Takanawa","nameJa":"グランドプリンスホテル新高輪前","routeCount":7,"operator":"Toei"}},{"type":"Feature","geometry":{"type":"Point","coordinates":[139.73312,35.74811]},"properties":{"stopId":"Toei.TakinogawaNichome.878.2","name":"Takinogawa-Nichōme (Takinogawa 2)","nameJa":"滝野川二丁目","routeCount":7,"operator":"Toei"}},{"type":"Feature","geometry":{"type":"Point","coordinates":[139.73078,35.74635]},"properties":{"stopId":"Toei.TakinogawaSanchome.879.2","name":"Takinogawa-Sanchōme (Takinogawa 3)","nameJa":"滝野川三丁目","routeCount":7,"operator":"Toei"}},{"type":"Feature","geometry":{"type":"Point","coordinates":[139.74496,35.62473]},"properties":{"stopId":"Toei.Rakusuibashi.972.1","name":"Rakusuibashi","nameJa":"楽水橋（品川車庫入口）","routeCount":7,"operator":"Toei"}},{"type":"Feature","geometry":{"type":"Point","coordinates":[139.74579,35.62124]},"properties":{"stopId":"Toei.Tennozubashi.960.3","name":"Tennōzubashi","nameJa":"天王洲橋","routeCount":7,"operator":"Toei"}},{"type":"Feature","geometry":{"type":"Point","coordinates":[139.77087,35.6794]},"properties":{"stopId":"Toei.ToriSanchome.997.1","name":"Tōri-Sanchōme (Tōri 3)","nameJa":"通り三丁目","routeCount":7,"operator":"Toei"}},{"type":"Feature","geometry":{"type":"Point","coordinates":[139.74549,35.71077]},"properties":{"stopId":"Toei.Denzuin.961.2","name":"Denzūin","nameJa":"伝通院前","routeCount":7,"operator":"Toei"}},{"type":"Feature","geometry":{"type":"Point","coordinates":[139.76796,35.67924]},"properties":{"stopId":"Toei.TokyoStationYaesuguchi.967.4","name":"Tokyo Sta. Yaesuguchi(Yaesu Exit)","nameJa":"東京駅八重洲口","routeCount":7,"operator":"Toei"}},{"type":"Feature","geometry":{"type":"Point","coordinates":[139.81758,35.66973]},"properties":{"stopId":"Toei.ToyochoStation.989.2","name":"Tōyōchō Sta.","nameJa":"東陽町駅前","routeCount":7,"operator":"Toei"}},{"type":"Feature","geometry":{"type":"Point","coordinates":[139.74016,35.76404]},"properties":{"stopId":"Toei.ToshimaHatchome.1006.2","name":"Toshima-Hatchōme (Toshima 8)","nameJa":"豊島八丁目","routeCount":7,"operator":"Toei"}},{"type":"Feature","geometry":{"type":"Point","coordinates":[139.76335,35.67747]},"properties":{"stopId":"Toei.TokyoKokusaiForum.1008.3","name":"Tokyo Kokusai Forum (Tokyo International Forum)","nameJa":"東京国際フォーラム前","routeCount":7,"operator":"Toei"}},{"type":"Feature","geometry":{"type":"Point","coordinates":[139.74891,35.7092]},"properties":{"stopId":"Toei.TomisakaUe.1018.2","name":"Tomisaka-Ue","nameJa":"富坂上","routeCount":7,"operator":"Toei"}},{"type":"Feature","geometry":{"type":"Point","coordinates":[139.86356,35.65591]},"properties":{"stopId":"Toei.NakaKasaiNanachome.1070.4","name":"Naka-Kasai-Nanachōme (Naka-Kasai 7)","nameJa":"中葛西七丁目","routeCount":7,"operator":"Toei"}},{"type":"Feature","geometry":{"type":"Point","coordinates":[139.86384,35.65623]},"properties":{"stopId":"Toei.NakaKasaiNanachome.1070.2","name":"Naka-Kasai-Nanachōme (Naka-Kasai 7)","nameJa":"中葛西七丁目","routeCount":7,"operator":"Toei"}},{"type":"Feature","geometry":{"type":"Point","coordinates":[139.79923,35.7293]},"properties":{"stopId":"Toei.Namidabashi.1115.1","name":"Namidabashi","nameJa":"泪橋","routeCount":7,"operator":"Toei"}},{"type":"Feature","geometry":{"type":"Point","coordinates":[139.81411,35.7064]},"properties":{"stopId":"Toei.NarihiraYonchome.1121.1","name":"Narihira-Yonchōme (Narihira 4)","nameJa":"業平四丁目","routeCount":7,"operator":"Toei"}},{"type":"Feature","geometry":{"type":"Point","coordinates":[139.85877,35.66442]},"properties":{"stopId":"Toei.NishiKasaiStation.1146.6","name":"Nishi-Kasai Sta.","nameJa":"西葛西駅前","routeCount":7,"operator":"Toei"}},{"type":"Feature","geometry":{"type":"Point","coordinates":[139.72855,35.74468]},"properties":{"stopId":"Toei.NishiSugamo.1162.2","name":"Nishi-Sugamo","nameJa":"西巣鴨","routeCount":7,"operator":"Toei"}},{"type":"Feature","geometry":{"type":"Point","coordinates":[139.87948,35.67837]},"properties":{"stopId":"Toei.NishiMizueGochome.1171.2","name":"Nishi-Mizue-Gochōme (Nishi-Mizue 5)","nameJa":"西瑞江五丁目","routeCount":7,"operator":"Toei"}},{"type":"Feature","geometry":{"type":"Point","coordinates":[139.71582,35.70961]},"properties":{"stopId":"Toei.NishiWaseda.1174.4","name":"Nishi-Waseda","nameJa":"西早稲田","routeCount":7,"operator":"Toei"}},{"type":"Feature","geometry":{"type":"Point","coordinates":[139.77574,35.67745]},"properties":{"stopId":"Toei.HatchoboriNichome.1232.2","name":"Hatchōbori-Nichōme (Hatchōbori 2)","nameJa":"八丁堀二丁目","routeCount":7,"operator":"Toei"}},{"type":"Feature","geometry":{"type":"Point","coordinates":[139.84548,35.68994]},"properties":{"stopId":"Toei.HigashiOjimaStation.1273.8","name":"Higashi-Ōjima Sta.","nameJa":"東大島駅前","routeCount":7,"operator":"Toei"}},{"type":"Feature","geometry":{"type":"Point","coordinates":[139.74792,35.61586]},"properties":{"stopId":"Toei.HigashiShinagawaSanchome.1287.2","name":"Higashi-Shinagawa-Sanchōme (Higashi-Shinagawa 3)","nameJa":"東品川三丁目","routeCount":7,"operator":"Toei"}},{"type":"Feature","geometry":{"type":"Point","coordinates":[139.75248,35.70858]},"properties":{"stopId":"Toei.KasugaStation.1384.1","name":"Kasuga Sta.","nameJa":"春日駅前","routeCount":7,"operator":"Toei"}},{"type":"Feature","geometry":{"type":"Point","coordinates":[139.88211,35.68599]},"properties":{"stopId":"Toei.IchinoeStation.1445.8","name":"Ichinoe Sta.","nameJa":"一之江駅前","routeCount":7,"operator":"Toei"}},{"type":"Feature","geometry":{"type":"Point","coordinates":[139.79845,35.73082]},"properties":{"stopId":"Toei.MinamiSenjuShako.1478.2","name":"Minami-Senju-Shako","nameJa":"南千住車庫前","routeCount":7,"operator":"Toei"}},{"type":"Feature","geometry":{"type":"Point","coordinates":[139.75694,35.76034]},"properties":{"stopId":"Toei.MiyagiShogakko.1497.1","name":"Miyagi-Shōgakkō","nameJa":"宮城小学校前","routeCount":7,"operator":"Toei"}},{"type":"Feature","geometry":{"type":"Point","coordinates":[139.75732,35.75799]},"properties":{"stopId":"Toei.MiyagiToeiJutaku.1498.2","name":"Miyagi-Toei-Jūtaku","nameJa":"宮城都営住宅前","routeCount":7,"operator":"Toei"}},{"type":"Feature","geometry":{"type":"Point","coordinates":[139.73721,35.71736]},"properties":{"stopId":"Toei.MyogadaniStation.1507.2","name":"Myōgadani Sta.","nameJa":"茗荷谷駅前","routeCount":7,"operator":"Toei"}},{"type":"Feature","geometry":{"type":"Point","coordinates":[139.76271,35.6754]},"properties":{"stopId":"Toei.YurakuchoStation.1570.1","name":"Yūrakuchō Sta.","nameJa":"有楽町駅前","routeCount":7,"operator":"Toei"}},{"type":"Feature","geometry":{"type":"Point","coordinates":[139.74785,35.61436]},"properties":{"stopId":"Toei.ShinagawaKeisatsushoIriguchi.2010.2","name":"Shinagawa-Keisatsusho-Iriguchi (Shinagawa Police Station)","nameJa":"品川警察署入口","routeCount":7,"operator":"Toei"}},{"type":"Feature","geometry":{"type":"Point","coordinates":[139.86428,35.68341]},"properties":{"stopId":"Toei.FunaboriStation.2032.1","name":"Funabori Sta.","nameJa":"船堀駅前","routeCount":7,"operator":"Toei"}},{"type":"Feature","geometry":{"type":"Point","coordinates":[139.70092,35.66269]},"properties":{"stopId":"Toei.JinNanItchome.2052.1","name":"Jin-Nan-Itchōme (Jin-Nan 1)","nameJa":"神南一丁目","routeCount":7,"operator":"Toei"}},{"type":"Feature","geometry":{"type":"Point","coordinates":[139.77979,35.67594]},"properties":{"stopId":"Toei.Shinkawa.2122.2","name":"Shinkawa","nameJa":"新川","routeCount":7,"operator":"Toei"}},{"type":"Feature","geometry":{"type":"Point","coordinates":[139.80024,35.70949]},"properties":{"stopId":"Toei.RiverPiaAzumabashi.2219.2","name":"River Pia Azumabashi","nameJa":"リバーピア吾妻橋前","routeCount":7,"operator":"Toei"}},{"type":"Feature","geometry":{"type":"Point","coordinates":[139.78339,35.65823]},"properties":{"stopId":"Toei.HarumiTritonSquareChuo.2437.1","name":"Harumi Triton Square Chūō","nameJa":"晴海トリトンスクエア中央","routeCount":7,"operator":"Toei"}},{"type":"Feature","geometry":{"type":"Point","coordinates":[139.73399,35.77076]},"properties":{"stopId":"Toei.KamiyaRikkyo.2290.3","name":"Kamiya-Rikkyō","nameJa":"神谷陸橋","routeCount":7,"operator":"Toei"}},{"type":"Feature","geometry":{"type":"Point","coordinates":[139.7785,35.6268]},"properties":{"stopId":"Toei.TokyoTeleportStation.2326.7","name":"Tokyo Teleport Sta.","nameJa":"東京テレポート駅前","routeCount":7,"operator":"Toei"}},{"type":"Feature","geometry":{"type":"Point","coordinates":[139.77888,35.6174]},"properties":{"stopId":"Toei.TelecomCenterStation.2327.1","name":"Telecom Center Sta.","nameJa":"テレコムセンター駅前","routeCount":7,"operator":"Toei"}},{"type":"Feature","geometry":{"type":"Point","coordinates":[139.80361,35.77508]},"properties":{"stopId":"Toei.AdachiKuyakusho.2330.3","name":"Adachi-Kuyakusho (Adachi City Office)","nameJa":"足立区役所","routeCount":7,"operator":"Toei"}},{"type":"Feature","geometry":{"type":"Point","coordinates":[139.7372,35.7637]},"properties":{"stopId":"Toei.OjiShobosho.2588.2","name":"Ōji-Shōbōsho (Ōji Fire Station)","nameJa":"王子消防署前","routeCount":7,"operator":"Toei"}},{"type":"Feature","geometry":{"type":"Point","coordinates":[139.78855,35.64829]},"properties":{"stopId":"Toei.ShinToyosuStation.2589.1","name":"Shin-Toyosu Sta.","nameJa":"新豊洲駅前","routeCount":7,"operator":"Toei"}},{"type":"Feature","geometry":{"type":"Point","coordinates":[139.78699,35.6464]},"properties":{"stopId":"Toei.ShijoMaeStation.2596.1","name":"Shijō-Mae Sta.","nameJa":"市場前駅前","routeCount":7,"operator":"Toei"}},{"type":"Feature","geometry":{"type":"Point","coordinates":[139.80635,35.67283]},"properties":{"stopId":"Toei.KibaSanchome.427.1","name":"Kiba-Sanchōme (Kiba 3)","nameJa":"木場三丁目","routeCount":6,"operator":"Toei"}},{"type":"Feature","geometry":{"type":"Point","coordinates":[139.73836,35.63766]},"properties":{"stopId":"Toei.Sengakuji.805.1","name":"Sengakuji (Sengakuji Temple)","nameJa":"泉岳寺前","routeCount":6,"operator":"Toei"}},{"type":"Feature","geometry":{"type":"Point","coordinates":[139.7916,35.72033]},"properties":{"stopId":"Toei.Senzoku.822.1","name":"Senzoku","nameJa":"千束","routeCount":6,"operator":"Toei"}},{"type":"Feature","geometry":{"type":"Point","coordinates":[139.70381,35.68911]},"properties":{"stopId":"Toei.ShinjukuYonchome.714.9","name":"Shinjuku-Yonchōme (Shinjuku 4)","nameJa":"新宿四丁目","routeCount":6,"operator":"Toei"}},{"type":"Feature","geometry":{"type":"Point","coordinates":[139.80661,35.67291]},"properties":{"stopId":"Toei.KibaSanchome.427.2","name":"Kiba-Sanchōme (Kiba 3)","nameJa":"木場三丁目","routeCount":6,"operator":"Toei"}},{"type":"Feature","geometry":{"type":"Point","coordinates":[139.80671,35.67477]},"properties":{"stopId":"Toei.KibaYonchome.428.1","name":"Kiba-Yonchōme (Kiba 4)","nameJa":"木場四丁目","routeCount":6,"operator":"Toei"}},{"type":"Feature","geometry":{"type":"Point","coordinates":[139.70315,35.68647]},"properties":{"stopId":"Toei.SendagayaGochome.832.1","name":"Sendagaya-Gochōme (Sendagaya 5)","nameJa":"千駄ヶ谷五丁目","routeCount":6,"operator":"Toei"}},{"type":"Feature","geometry":{"type":"Point","coordinates":[139.73657,35.64996]},"properties":{"stopId":"Toei.Sannohashi.587.1","name":"Sannohashi","nameJa":"三ノ橋","routeCount":6,"operator":"Toei"}},{"type":"Feature","geometry":{"type":"Point","coordinates":[139.80697,35.67482]},"properties":{"stopId":"Toei.KibaYonchome.428.2","name":"Kiba-Yonchōme (Kiba 4)","nameJa":"木場四丁目","routeCount":6,"operator":"Toei"}},{"type":"Feature","geometry":{"type":"Point","coordinates":[139.7049,35.67934]},"properties":{"stopId":"Toei.KitaSando.404.2","name":"Kita-Sandō","nameJa":"北参道","routeCount":6,"operator":"Toei"}},{"type":"Feature","geometry":{"type":"Point","coordinates":[139.84335,35.74384]},"properties":{"stopId":"Toei.AotoShako.3.3","name":"Aoto-Shako","nameJa":"青戸車庫前","routeCount":6,"operator":"Toei"}},{"type":"Feature","geometry":{"type":"Point","coordinates":[139.79055,35.7097]},"properties":{"stopId":"Toei.AsakusaKotobukicho.35.10","name":"Asakusa-Kotobukichō","nameJa":"浅草寿町","routeCount":6,"operator":"Toei"}},{"type":"Feature","geometry":{"type":"Point","coordinates":[139.80312,35.77588]},"properties":{"stopId":"Toei.AdachiKuyakushoMae.51.1","name":"Adachi-Kuyakusho-Mae (Adachi City Office)","nameJa":"足立区役所前","routeCount":6,"operator":"Toei"}},{"type":"Feature","geometry":{"type":"Point","coordinates":[139.71307,35.73096]},"properties":{"stopId":"Toei.IkebukuroStationHigashiguchi.87.16","name":"Ikebukuro Sta. Higashiguchi (East Exit)","nameJa":"池袋駅東口","routeCount":6,"operator":"Toei"}},{"type":"Feature","geometry":{"type":"Point","coordinates":[139.88199,35.68789]},"properties":{"stopId":"Toei.IchinoeYonchome.109.1","name":"Ichinoe-Yonchōme(Ichinoe 4)","nameJa":"一之江四丁目","routeCount":6,"operator":"Toei"}},{"type":"Feature","geometry":{"type":"Point","coordinates":[139.73679,35.65436]},"properties":{"stopId":"Toei.AzabujubanStation.111.4","name":"Azabujūban Sta.","nameJa":"麻布十番駅前","routeCount":6,"operator":"Toei"}},{"type":"Feature","geometry":{"type":"Point","coordinates":[139.77533,35.71143]},"properties":{"stopId":"Toei.UenoStation.131.5","name":"Ueno Sta.","nameJa":"上野駅前","routeCount":6,"operator":"Toei"}},{"type":"Feature","geometry":{"type":"Point","coordinates":[139.77408,35.71124]},"properties":{"stopId":"Toei.UenoKoenYamashita.133.8","name":"Ueno-Kōen-Yamashita (Ueno Park)","nameJa":"上野公園山下","routeCount":6,"operator":"Toei"}},{"type":"Feature","geometry":{"type":"Point","coordinates":[139.75407,35.61161]},"properties":{"stopId":"Toei.ShinagawaSeisokojo.220.1","name":"Shinagawa-Seisōkōjō","nameJa":"品川清掃工場前","routeCount":6,"operator":"Toei"}},{"type":"Feature","geometry":{"type":"Point","coordinates":[139.86787,35.70699]},"properties":{"stopId":"Toei.EdogawaKuyakusho.171.1","name":"Edogawa-Kuyakusho (Edogawa City Office)","nameJa":"江戸川区役所前","routeCount":6,"operator":"Toei"}},{"type":"Feature","geometry":{"type":"Point","coordinates":[139.86579,35.71032]},"properties":{"stopId":"Toei.EdogawaKoko.172.2","name":"Edogawa-Kōkō","nameJa":"江戸川高校前","routeCount":6,"operator":"Toei"}},{"type":"Feature","geometry":{"type":"Point","coordinates":[139.8776,35.67533]},"properties":{"stopId":"Toei.FurukawaShinsuiKoen.178.4","name":"Furukawa-Shinsui-Kōen (Furukawa-Shinsui Park)","nameJa":"古川親水公園","routeCount":6,"operator":"Toei"}},{"type":"Feature","geometry":{"type":"Point","coordinates":[139.73743,35.75379]},"properties":{"stopId":"Toei.OjiStation.196.4","name":"Ōji Sta.","nameJa":"王子駅前","routeCount":6,"operator":"Toei"}},{"type":"Feature","geometry":{"type":"Point","coordinates":[139.75423,35.61124]},"properties":{"stopId":"Toei.ShinagawaSeisokojo.220.2","name":"Shinagawa-Seisōkōjō","nameJa":"品川清掃工場前","routeCount":6,"operator":"Toei"}},{"type":"Feature","geometry":{"type":"Point","coordinates":[139.72902,35.73037]},"properties":{"stopId":"Toei.OtsukaStation.241.2","name":"Ōtsuka Sta.","nameJa":"大塚駅前","routeCount":6,"operator":"Toei"}},{"type":"Feature","geometry":{"type":"Point","coordinates":[139.7356,35.71873]},"properties":{"stopId":"Toei.KubomachiShogakko.242.2","name":"Kubomachi-Shōgakkō","nameJa":"窪町小学校","routeCount":6,"operator":"Toei"}},{"type":"Feature","geometry":{"type":"Point","coordinates":[139.73426,35.71951]},"properties":{"stopId":"Toei.OtsukaNichome.243.2","name":"Ōtsuka-Nichōme (Ōtsuka 2)","nameJa":"大塚二丁目","routeCount":6,"operator":"Toei"}},{"type":"Feature","geometry":{"type":"Point","coordinates":[139.73265,35.72073]},"properties":{"stopId":"Toei.OtsukaSanchome.244.3","name":"Ōtsuka-Sanchōme (Ōtsuka 3)","nameJa":"大塚三丁目","routeCount":6,"operator":"Toei"}},{"type":"Feature","geometry":{"type":"Point","coordinates":[139.81269,35.70912]},"properties":{"stopId":"Toei.Oshiage.276.4","name":"Oshiage","nameJa":"押上","routeCount":6,"operator":"Toei"}},{"type":"Feature","geometry":{"type":"Point","coordinates":[139.70582,35.66891]},"properties":{"stopId":"Toei.Omotesando.297.3","name":"Omotesandō","nameJa":"表参道","routeCount":6,"operator":"Toei"}},{"type":"Feature","geometry":{"type":"Point","coordinates":[139.87287,35.66311]},"properties":{"stopId":"Toei.KasaiStation.307.6","name":"Kasai Sta.","nameJa":"葛西駅前","routeCount":6,"operator":"Toei"}},{"type":"Feature","geometry":{"type":"Point","coordinates":[139.88093,35.68235]},"properties":{"stopId":"Toei.KasaiKokaKoko.309.4","name":"Kasai-Kōka-Kōkō","nameJa":"葛西工科高校前","routeCount":6,"operator":"Toei"}},{"type":"Feature","geometry":{"type":"Point","coordinates":[139.74355,35.71241]},"properties":{"stopId":"Toei.KasugaNichome.319.2","name":"Kasuga-Nichōme (Kasuga 2)","nameJa":"春日二丁目","routeCount":6,"operator":"Toei"}},{"type":"Feature","geometry":{"type":"Point","coordinates":[139.87143,35.76923]},"properties":{"stopId":"Toei.KanamachiStation.332.1","name":"Kanamachi Sta.","nameJa":"金町駅前","routeCount":6,"operator":"Toei"}},{"type":"Feature","geometry":{"type":"Point","coordinates":[139.83926,35.69716]},"properties":{"stopId":"Toei.KameidoKyuchome.374.2","name":"Kameido-Kyūchōme (Kameido 9)","nameJa":"亀戸九丁目","routeCount":6,"operator":"Toei"}},{"type":"Feature","geometry":{"type":"Point","coordinates":[139.82524,35.69808]},"properties":{"stopId":"Toei.KameidoStation.369.6","name":"Kameido Sta.","nameJa":"亀戸駅前","routeCount":6,"operator":"Toei"}},{"type":"Feature","geometry":{"type":"Point","coordinates":[139.82112,35.70157]},"properties":{"stopId":"Toei.KameidoTenjin.370.2","name":"Kameido-Tenjin (Kameido-Tenjin Shrine)","nameJa":"亀戸天神前","routeCount":6,"operator":"Toei"}},{"type":"Feature","geometry":{"type":"Point","coordinates":[139.83098,35.69704]},"properties":{"stopId":"Toei.KameidoRokuchome.372.2","name":"Kameido-Rokuchōme (Kameido 6)","nameJa":"亀戸六丁目","routeCount":6,"operator":"Toei"}},{"type":"Feature","geometry":{"type":"Point","coordinates":[139.83551,35.69697]},"properties":{"stopId":"Toei.KameidoNanachome.373.2","name":"Kameido-Nanachōme (Kameido 7)","nameJa":"亀戸七丁目","routeCount":6,"operator":"Toei"}},{"type":"Feature","geometry":{"type":"Point","coordinates":[139.77716,35.67717]},"properties":{"stopId":"Toei.Kamejimabashi.376.2","name":"Kamejimabashi","nameJa":"亀島橋","routeCount":6,"operator":"Toei"}},{"type":"Feature","geometry":{"type":"Point","coordinates":[139.78752,35.71034]},"properties":{"stopId":"Toei.Kikuyabashi.396.2","name":"Kikuyabashi","nameJa":"菊屋橋","routeCount":6,"operator":"Toei"}},{"type":"Feature","geometry":{"type":"Point","coordinates":[139.70462,35.67939]},"properties":{"stopId":"Toei.KitaSando.404.1","name":"Kita-Sandō","nameJa":"北参道","routeCount":6,"operator":"Toei"}},{"type":"Feature","geometry":{"type":"Point","coordinates":[139.80579,35.66987]},"properties":{"stopId":"Toei.KibaStation.425.1","name":"Kiba Sta.","nameJa":"木場駅前","routeCount":6,"operator":"Toei"}},{"type":"Feature","geometry":{"type":"Point","coordinates":[139.80617,35.67067]},"properties":{"stopId":"Toei.KibaStation.425.2","name":"Kiba Sta.","nameJa":"木場駅前","routeCount":6,"operator":"Toei"}},{"type":"Feature","geometry":{"type":"Point","coordinates":[139.73613,35.64456]},"properties":{"stopId":"Toei.GyoranZakaShita.444.5","name":"Gyoran-Zaka-Shita","nameJa":"魚籃坂下","routeCount":6,"operator":"Toei"}},{"type":"Feature","geometry":{"type":"Point","coordinates":[139.78385,35.77794]},"properties":{"stopId":"Toei.Kuriharacho.459.2","name":"Kuriharachō","nameJa":"栗原町","routeCount":6,"operator":"Toei"}},{"type":"Feature","geometry":{"type":"Point","coordinates":[139.7408,35.71425]},"properties":{"stopId":"Toei.KoishikawaYonchome.474.1","name":"Koishikawa-Yonchōme (Koishikawa 4)","nameJa":"小石川四丁目","routeCount":6,"operator":"Toei"}},{"type":"Feature","geometry":{"type":"Point","coordinates":[139.6602,35.69758]},"properties":{"stopId":"Toei.KoenjiMinamiItchome.480.2","name":"Kōenji-Minami-Itchōme (Kōenji-Minami 1)","nameJa":"高円寺南一丁目","routeCount":6,"operator":"Toei"}},{"type":"Feature","geometry":{"type":"Point","coordinates":[139.80957,35.69418]},"properties":{"stopId":"Toei.KotobashiItchome.495.1","name":"Kōtōbashi-Itchōme (Kōtōbashi 1)","nameJa":"江東橋一丁目","routeCount":6,"operator":"Toei"}},{"type":"Feature","geometry":{"type":"Point","coordinates":[139.72744,35.64688]},"properties":{"stopId":"Toei.Korinji.513.1","name":"Kōrinji (Kōrinji Temple)","nameJa":"光林寺前","routeCount":6,"operator":"Toei"}},{"type":"Feature","geometry":{"type":"Point","coordinates":[139.72748,35.64659]},"properties":{"stopId":"Toei.Korinji.513.2","name":"Kōrinji (Kōrinji Temple)","nameJa":"光林寺前","routeCount":6,"operator":"Toei"}},{"type":"Feature","geometry":{"type":"Point","coordinates":[139.80303,35.77788]},"properties":{"stopId":"Toei.Koemoncho.514.1","name":"Koemonchō","nameJa":"小右衛門町","routeCount":6,"operator":"Toei"}},{"type":"Feature","geometry":{"type":"Point","coordinates":[139.8498,35.69944]},"properties":{"stopId":"Toei.KomatsugawaSanchome.552.1","name":"Komatsugawa-Sanchōme (Komatsugawa 3)","nameJa":"小松川三丁目","routeCount":6,"operator":"Toei"}},{"type":"Feature","geometry":{"type":"Point","coordinates":[139.81049,35.69064]},"properties":{"stopId":"Toei.KotobashiGochome.2571.1","name":"Kōtōbashi-Gochōme (Kōtōbashi 5)","nameJa":"江東橋五丁目","routeCount":6,"operator":"Toei"}},{"type":"Feature","geometry":{"type":"Point","coordinates":[139.739,35.7164]},"properties":{"stopId":"Toei.KohinataYonchome.536.1","name":"Kohinata-Yonchōme (Kohinata 4)","nameJa":"小日向四丁目","routeCount":6,"operator":"Toei"}},{"type":"Feature","geometry":{"type":"Point","coordinates":[139.79991,35.64248]},"properties":{"stopId":"Toei.ShinonomeShogakko.618.1","name":"Shinonome-Shōgakkō","nameJa":"東雲小学校前","routeCount":6,"operator":"Toei"}},{"type":"Feature","geometry":{"type":"Point","coordinates":[139.84978,35.69922]},"properties":{"stopId":"Toei.KomatsugawaSanchome.552.2","name":"Komatsugawa-Sanchōme (Komatsugawa 3)","nameJa":"小松川三丁目","routeCount":6,"operator":"Toei"}},{"type":"Feature","geometry":{"type":"Point","coordinates":[139.86489,35.70263]},"properties":{"stopId":"Toei.KomatsugawaKeisatsusho.551.2","name":"Komatsugawa-Keisatsusho (Komatsugawa Police Station)","nameJa":"小松川警察署前","routeCount":6,"operator":"Toei"}},{"type":"Feature","geometry":{"type":"Point","coordinates":[139.80079,35.66019]},"properties":{"stopId":"Toei.ShiohamaItchome.593.2","name":"Shiohama-Itchōme (Shiohama 1)","nameJa":"塩浜一丁目","routeCount":6,"operator":"Toei"}},{"type":"Feature","geometry":{"type":"Point","coordinates":[139.78096,35.71152]},"properties":{"stopId":"Toei.ShitayaJinja.601.1","name":"Shitaya-Jinja (Shitaya-Jinja Shrine)","nameJa":"下谷神社前","routeCount":6,"operator":"Toei"}},{"type":"Feature","geometry":{"type":"Point","coordinates":[139.69795,35.72199]},"properties":{"stopId":"Toei.ShimoOchiaiYonchome.648.2","name":"Shimo-Ochiai-Yonchōme (Shimo-Ochiai 4)","nameJa":"下落合四丁目","routeCount":6,"operator":"Toei"}},{"type":"Feature","geometry":{"type":"Point","coordinates":[139.80252,35.64962]},"properties":{"stopId":"Toei.ShinonomebashiKosaten.621.2","name":"Shinonomebashi-Kōsaten","nameJa":"東雲橋交差点","routeCount":6,"operator":"Toei"}},{"type":"Feature","geometry":{"type":"Point","coordinates":[139.73121,35.64719]},"properties":{"stopId":"Toei.Shinohashi.623.1","name":"Shinohashi","nameJa":"四ノ橋","routeCount":6,"operator":"Toei"}},{"type":"Feature","geometry":{"type":"Point","coordinates":[139.73123,35.64739]},"properties":{"stopId":"Toei.Shinohashi.623.2","name":"Shinohashi","nameJa":"四ノ橋","routeCount":6,"operator":"Toei"}},{"type":"Feature","geometry":{"type":"Point","coordinates":[139.70222,35.66029]},"properties":{"stopId":"Toei.ShibuyaStationHigashiguchi.635.2","name":"Shibuya Sta. Higashiguchi (East Exit)","nameJa":"渋谷駅東口","routeCount":6,"operator":"Toei"}},{"type":"Feature","geometry":{"type":"Point","coordinates":[139.70218,35.72259]},"properties":{"stopId":"Toei.ShimoOchiaiSanchome.647.2","name":"Shimo-Ochiai-Sanchōme (Shimo-Ochiai 3)","nameJa":"下落合三丁目","routeCount":6,"operator":"Toei"}},{"type":"Feature","geometry":{"type":"Point","coordinates":[139.69789,35.72187]},"properties":{"stopId":"Toei.ShimoOchiaiYonchome.648.1","name":"Shimo-Ochiai-Yonchōme (Shimo-Ochiai 4)","nameJa":"下落合四丁目","routeCount":6,"operator":"Toei"}},{"type":"Feature","geometry":{"type":"Point","coordinates":[139.70258,35.7225]},"properties":{"stopId":"Toei.ShimoOchiaiSanchome.647.1","name":"Shimo-Ochiai-Sanchōme (Shimo-Ochiai 3)","nameJa":"下落合三丁目","routeCount":6,"operator":"Toei"}},{"type":"Feature","geometry":{"type":"Point","coordinates":[139.7476,35.61647]},"properties":{"stopId":"Toei.Showabashi.671.1","name":"Shōwabashi","nameJa":"昭和橋","routeCount":6,"operator":"Toei"}},{"type":"Feature","geometry":{"type":"Point","coordinates":[139.74495,35.62768]},"properties":{"stopId":"Toei.ShokunikuShijo.674.2","name":"Shokuniku-Shijō","nameJa":"食肉市場前","routeCount":6,"operator":"Toei"}},{"type":"Feature","geometry":{"type":"Point","coordinates":[139.70324,35.68683]},"properties":{"stopId":"Toei.SendagayaGochome.832.2","name":"Sendagaya-Gochōme (Sendagaya 5)","nameJa":"千駄ヶ谷五丁目","routeCount":6,"operator":"Toei"}},{"type":"Feature","geometry":{"type":"Point","coordinates":[139.82637,35.64526]},"properties":{"stopId":"Toei.ShinKibaStation.690.3","name":"Shin-Kiba Sta.","nameJa":"新木場駅前（構内）","routeCount":6,"operator":"Toei"}},{"type":"Feature","geometry":{"type":"Point","coordinates":[139.82648,35.64548]},"properties":{"stopId":"Toei.ShinKibaStation.690.4","name":"Shin-Kiba Sta.","nameJa":"新木場駅前（構内）","routeCount":6,"operator":"Toei"}},{"type":"Feature","geometry":{"type":"Point","coordinates":[139.82602,35.64561]},"properties":{"stopId":"Toei.ShinKibaStation.690.6","name":"Shin-Kiba Sta.","nameJa":"新木場駅前（構内）","routeCount":6,"operator":"Toei"}},{"type":"Feature","geometry":{"type":"Point","coordinates":[139.85905,35.71646]},"properties":{"stopId":"Toei.ShinKoiwaStation.696.3","name":"Shin-Koiwa Sta.","nameJa":"新小岩駅前","routeCount":6,"operator":"Toei"}},{"type":"Feature","geometry":{"type":"Point","coordinates":[139.86146,35.71491]},"properties":{"stopId":"Toei.ShinkoiwaItchome.697.1","name":"Shinkoiwa-Itchōme (Shinkoiwa 1)","nameJa":"新小岩一丁目","routeCount":6,"operator":"Toei"}},{"type":"Feature","geometry":{"type":"Point","coordinates":[139.73123,35.74065]},"properties":{"stopId":"Toei.ShinKoshinzuka.700.1","name":"Shin-Kōshinzuka","nameJa":"新庚申塚","routeCount":6,"operator":"Toei"}},{"type":"Feature","geometry":{"type":"Point","coordinates":[139.69893,35.6922]},"properties":{"stopId":"Toei.ShinjukuStationNishiguchi.702.3","name":"Shinjuku Sta. Nishiguchi (West Exit)","nameJa":"新宿駅西口","routeCount":6,"operator":"Toei"}},{"type":"Feature","geometry":{"type":"Point","coordinates":[139.69873,35.69197]},"properties":{"stopId":"Toei.ShinjukuStationNishiguchi.702.8","name":"Shinjuku Sta. Nishiguchi (West Exit)","nameJa":"新宿駅西口","routeCount":6,"operator":"Toei"}},{"type":"Feature","geometry":{"type":"Point","coordinates":[139.70365,35.68923]},"properties":{"stopId":"Toei.ShinjukuYonchome.714.8","name":"Shinjuku-Yonchōme (Shinjuku 4)","nameJa":"新宿四丁目","routeCount":6,"operator":"Toei"}},{"type":"Feature","geometry":{"type":"Point","coordinates":[139.78587,35.66534]},"properties":{"stopId":"Toei.TsukishimaStation.720.1","name":"Tsukishima Sta.","nameJa":"月島駅前","routeCount":6,"operator":"Toei"}},{"type":"Feature","geometry":{"type":"Point","coordinates":[139.78604,35.66518]},"properties":{"stopId":"Toei.TsukishimaStation.720.2","name":"Tsukishima Sta.","nameJa":"月島駅前","routeCount":6,"operator":"Toei"}},{"type":"Feature","geometry":{"type":"Point","coordinates":[139.82899,35.6969]},"properties":{"stopId":"Toei.Suijimmori.766.2","name":"Suijimmori","nameJa":"水神森","routeCount":6,"operator":"Toei"}},{"type":"Feature","geometry":{"type":"Point","coordinates":[139.86105,35.65727]},"properties":{"stopId":"Toei.ShindenJutaku.724.1","name":"Shinden-Jūtaku","nameJa":"新田住宅","routeCount":6,"operator":"Toei"}},{"type":"Feature","geometry":{"type":"Point","coordinates":[139.86119,35.65736]},"properties":{"stopId":"Toei.ShindenJutaku.724.2","name":"Shinden-Jūtaku","nameJa":"新田住宅","routeCount":6,"operator":"Toei"}},{"type":"Feature","geometry":{"type":"Point","coordinates":[139.66933,35.69737]},"properties":{"stopId":"Toei.ShinNakanoStation.734.2","name":"Shin-Nakano Sta.","nameJa":"新中野駅前","routeCount":6,"operator":"Toei"}},{"type":"Feature","geometry":{"type":"Point","coordinates":[139.70347,35.66575]},"properties":{"stopId":"Toei.JingumaeRokuchome.760.1","name":"Jingūmae-Rokuchōme (Jingūmae 6)","nameJa":"神宮前六丁目","routeCount":6,"operator":"Toei"}},{"type":"Feature","geometry":{"type":"Point","coordinates":[139.70733,35.67118]},"properties":{"stopId":"Toei.JingumaeItchome.758.1","name":"Jingūmae-Itchōme (Jingūmae 1)","nameJa":"神宮前一丁目","routeCount":6,"operator":"Toei"}},{"type":"Feature","geometry":{"type":"Point","coordinates":[139.7071,35.67066]},"properties":{"stopId":"Toei.JingumaeItchome.758.2","name":"Jingūmae-Itchōme (Jingūmae 1)","nameJa":"神宮前一丁目","routeCount":6,"operator":"Toei"}},{"type":"Feature","geometry":{"type":"Point","coordinates":[139.73377,35.73801]},"properties":{"stopId":"Toei.SugamoYonchome.776.1","name":"Sugamo-Yonchōme (Sugamo 4)","nameJa":"巣鴨四丁目","routeCount":6,"operator":"Toei"}},{"type":"Feature","geometry":{"type":"Point","coordinates":[139.84427,35.69745]},"properties":{"stopId":"Toei.SengenJinja.806.1","name":"Sengen-Jinja (Sengen-Jinja Shrine)","nameJa":"浅間神社","routeCount":6,"operator":"Toei"}},{"type":"Feature","geometry":{"type":"Point","coordinates":[139.65183,35.69785]},"properties":{"stopId":"Toei.SuginamiShako.780.3","name":"Suginami-Shako","nameJa":"杉並車庫前","routeCount":6,"operator":"Toei"}},{"type":"Feature","geometry":{"type":"Point","coordinates":[139.81062,35.68928]},"properties":{"stopId":"Toei.SumiyoshiItchome.789.5","name":"Sumiyoshi-Itchōme (Sumiyoshi 1)","nameJa":"住吉一丁目","routeCount":6,"operator":"Toei"}},{"type":"Feature","geometry":{"type":"Point","coordinates":[139.69517,35.72204]},"properties":{"stopId":"Toei.SeiboByoinIriguchi.795.1","name":"Seibo-Byōin-Iriguchi (Seibo Hp.)","nameJa":"聖母病院入口","routeCount":6,"operator":"Toei"}},{"type":"Feature","geometry":{"type":"Point","coordinates":[139.69505,35.72193]},"properties":{"stopId":"Toei.SeiboByoinIriguchi.795.2","name":"Seibo-Byōin-Iriguchi (Seibo Hp.)","nameJa":"聖母病院入口","routeCount":6,"operator":"Toei"}},{"type":"Feature","geometry":{"type":"Point","coordinates":[139.74731,35.61055]},"properties":{"stopId":"Toei.ToritsuYashioKoko.836.1","name":"Toritsu-Yashio-Kōkō","nameJa":"都立八潮高校前","routeCount":6,"operator":"Toei"}},{"type":"Feature","geometry":{"type":"Point","coordinates":[139.70666,35.67514]},"properties":{"stopId":"Toei.SendagayaShogakko.829.2","name":"Sendagaya-Shōgakkō","nameJa":"千駄ヶ谷小学校前","routeCount":6,"operator":"Toei"}},{"type":"Feature","geometry":{"type":"Point","coordinates":[139.79168,35.72072]},"properties":{"stopId":"Toei.Senzoku.822.2","name":"Senzoku","nameJa":"千束","routeCount":6,"operator":"Toei"}},{"type":"Feature","geometry":{"type":"Point","coordinates":[139.70685,35.67522]},"properties":{"stopId":"Toei.SendagayaShogakko.829.1","name":"Sendagaya-Shōgakkō","nameJa":"千駄ヶ谷小学校前","routeCount":6,"operator":"Toei"}},{"type":"Feature","geometry":{"type":"Point","coordinates":[139.81804,35.70141]},"properties":{"stopId":"Toei.TaiheiYonchome.852.2","name":"Taihei-Yonchōme (Taihei 4)","nameJa":"太平四丁目","routeCount":6,"operator":"Toei"}},{"type":"Feature","geometry":{"type":"Point","coordinates":[139.73807,35.63445]},"properties":{"stopId":"Toei.TakanawaKitamachi.863.1","name":"Takanawa-Kitamachi","nameJa":"高輪北町","routeCount":6,"operator":"Toei"}},{"type":"Feature","geometry":{"type":"Point","coordinates":[139.73742,35.64148]},"properties":{"stopId":"Toei.TakanawaItchome.866.1","name":"Takanawa-Itchōme (Takanawa 1)","nameJa":"高輪一丁目","routeCount":6,"operator":"Toei"}},{"type":"Feature","geometry":{"type":"Point","coordinates":[139.79245,35.79355]},"properties":{"stopId":"Toei.TakenotsukaStation.881.6","name":"Takenotsuka Sta.","nameJa":"竹の塚駅前","routeCount":6,"operator":"Toei"}},{"type":"Feature","geometry":{"type":"Point","coordinates":[139.76021,35.73822]},"properties":{"stopId":"Toei.TabataStation.898.1","name":"Tabata Sta.","nameJa":"田端駅前","routeCount":6,"operator":"Toei"}},{"type":"Feature","geometry":{"type":"Point","coordinates":[139.84498,35.68834]},"properties":{"stopId":"Toei.DaigoOjimaShogakko.911.1","name":"Daigo-Ōjima-Shōgakkō","nameJa":"第五大島小学校前","routeCount":6,"operator":"Toei"}},{"type":"Feature","geometry":{"type":"Point","coordinates":[139.85899,35.65885]},"properties":{"stopId":"Toei.DainanaKasaiShogakko.916.1","name":"Dainana-Kasai-Shōgakkō","nameJa":"第七葛西小学校前","routeCount":6,"operator":"Toei"}},{"type":"Feature","geometry":{"type":"Point","coordinates":[139.85915,35.65886]},"properties":{"stopId":"Toei.DainanaKasaiShogakko.916.2","name":"Dainana-Kasai-Shōgakkō","nameJa":"第七葛西小学校前","routeCount":6,"operator":"Toei"}},{"type":"Feature","geometry":{"type":"Point","coordinates":[139.78359,35.66163]},"properties":{"stopId":"Toei.TsukishimaYonchome.938.1","name":"Tsukishima-Yonchōme (Tsukishima 4)","nameJa":"月島四丁目","routeCount":6,"operator":"Toei"}},{"type":"Feature","geometry":{"type":"Point","coordinates":[139.72353,35.64725]},"properties":{"stopId":"Toei.Tengenjibashi.956.3","name":"Tengenjibashi","nameJa":"天現寺橋","routeCount":6,"operator":"Toei"}},{"type":"Feature","geometry":{"type":"Point","coordinates":[139.72359,35.64755]},"properties":{"stopId":"Toei.Tengenjibashi.956.4","name":"Tengenjibashi","nameJa":"天現寺橋","routeCount":6,"operator":"Toei"}},{"type":"Feature","geometry":{"type":"Point","coordinates":[139.74614,35.62107]},"properties":{"stopId":"Toei.Tennozubashi.960.5","name":"Tennōzubashi","nameJa":"天王洲橋","routeCount":6,"operator":"Toei"}},{"type":"Feature","geometry":{"type":"Point","coordinates":[139.74587,35.71086]},"properties":{"stopId":"Toei.Denzuin.961.4","name":"Denzūin","nameJa":"伝通院前","routeCount":6,"operator":"Toei"}},{"type":"Feature","geometry":{"type":"Point","coordinates":[139.69222,35.69452]},"properties":{"stopId":"Toei.TokyoIdaiByoin.964.1","name":"Tokyo Idai-Byōin (Tokyo Medical Univ. Hp. )","nameJa":"東京医大病院前","routeCount":6,"operator":"Toei"}},{"type":"Feature","geometry":{"type":"Point","coordinates":[139.66322,35.69733]},"properties":{"stopId":"Toei.NakanoTenjin.1091.2","name":"Nakano-Tenjin (Nakano-Tenjin Shrine)","nameJa":"中野天神前","routeCount":6,"operator":"Toei"}},{"type":"Feature","geometry":{"type":"Point","coordinates":[139.76482,35.68068]},"properties":{"stopId":"Toei.TokyoStationMarunouchiMinamiguchi.966.5","name":"Tokyo Sta. Marunouchi-Minamiguchi (Marunouchi South Exit)","nameJa":"東京駅丸の内南口","routeCount":6,"operator":"Toei"}},{"type":"Feature","geometry":{"type":"Point","coordinates":[139.74529,35.6241]},"properties":{"stopId":"Toei.Rakusuibashi.972.2","name":"Rakusuibashi","nameJa":"楽水橋（品川車庫入口）","routeCount":6,"operator":"Toei"}},{"type":"Feature","geometry":{"type":"Point","coordinates":[139.76651,35.59289]},"properties":{"stopId":"Toei.TokyozeikanOiShutchojo.973.1","name":"Tokyo zeikan-Ōi-Shutchōjo (Tokyo Customs Ōi Branch)","nameJa":"東京税関大井出張所前","routeCount":6,"operator":"Toei"}},{"type":"Feature","geometry":{"type":"Point","coordinates":[139.76592,35.59448]},"properties":{"stopId":"Toei.TokyozeikanOiShutchojo.973.2","name":"Tokyo zeikan-Ōi-Shutchōjo (Tokyo Customs Ōi Branch)","nameJa":"東京税関大井出張所前","routeCount":6,"operator":"Toei"}},{"type":"Feature","geometry":{"type":"Point","coordinates":[139.77242,35.67915]},"properties":{"stopId":"Toei.ToriSanchome.997.2","name":"Tōri-Sanchōme (Tōri 3)","nameJa":"通り三丁目","routeCount":6,"operator":"Toei"}},{"type":"Feature","geometry":{"type":"Point","coordinates":[139.81352,35.66932]},"properties":{"stopId":"Toei.ToyoSoshajo.987.1","name":"Tōyō-Sōshajo","nameJa":"東陽操車所前","routeCount":6,"operator":"Toei"}},{"type":"Feature","geometry":{"type":"Point","coordinates":[139.81161,35.66924]},"properties":{"stopId":"Toei.ToyoSanchome.991.3","name":"Tōyō-Sanchōme (Tōyō 3)","nameJa":"東陽三丁目","routeCount":6,"operator":"Toei"}},{"type":"Feature","geometry":{"type":"Point","coordinates":[139.75216,35.76391]},"properties":{"stopId":"Toei.ToshimaGochomeDanchi.1004.2","name":"Toshima-Gochōme-Danchi (Toshima 5-Danchi)","nameJa":"豊島五丁目団地","routeCount":6,"operator":"Toei"}},{"type":"Feature","geometry":{"type":"Point","coordinates":[139.76349,35.67849]},"properties":{"stopId":"Toei.TokyoKokusaiForum.1008.1","name":"Tokyo Kokusai Forum (Tokyo International Forum)","nameJa":"東京国際フォーラム前","routeCount":6,"operator":"Toei"}},{"type":"Feature","geometry":{"type":"Point","coordinates":[139.79568,35.65515]},"properties":{"stopId":"Toei.ToyosuStation.1025.5","name":"Toyosu Sta.","nameJa":"豊洲駅前","routeCount":6,"operator":"Toei"}},{"type":"Feature","geometry":{"type":"Point","coordinates":[139.8091,35.70873]},"properties":{"stopId":"Toei.TOKYOSKYTREEStationIriguchi.1120.2","name":"TOKYO SKYTREE Sta. Iriguchi","nameJa":"とうきょうスカイツリー駅入口","routeCount":6,"operator":"Toei"}},{"type":"Feature","geometry":{"type":"Point","coordinates":[139.84788,35.69855]},"properties":{"stopId":"Toei.NakagawaShimbashi.1072.1","name":"Nakagawa-Shimbashi","nameJa":"中川新橋","routeCount":6,"operator":"Toei"}},{"type":"Feature","geometry":{"type":"Point","coordinates":[139.68172,35.69704]},"properties":{"stopId":"Toei.NakanoSakaue.1089.3","name":"Nakano-Sakaue","nameJa":"中野坂上","routeCount":6,"operator":"Toei"}},{"type":"Feature","geometry":{"type":"Point","coordinates":[139.67501,35.69756]},"properties":{"stopId":"Toei.HonchoSanchome.1092.2","name":"Honchō-Sanchōme (Honchō 3)","nameJa":"本町三丁目(ほんちょうさんちょうめ（なかのく）)","routeCount":6,"operator":"Toei"}},{"type":"Feature","geometry":{"type":"Point","coordinates":[139.87314,35.66687]},"properties":{"stopId":"Toei.NagashimachoKosaten.1106.2","name":"Nagashimachō-Kōsaten","nameJa":"長島町交差点","routeCount":6,"operator":"Toei"}},{"type":"Feature","geometry":{"type":"Point","coordinates":[139.87941,35.647]},"properties":{"stopId":"Toei.NagisaNewTown.1111.1","name":"Nagisa New Town","nameJa":"なぎさニュータウン","routeCount":6,"operator":"Toei"}},{"type":"Feature","geometry":{"type":"Point","coordinates":[139.67173,35.69745]},"properties":{"stopId":"Toei.NabeyaYokocho.1112.2","name":"Nabeya-Yokochō","nameJa":"鍋屋横丁","routeCount":6,"operator":"Toei"}},{"type":"Feature","geometry":{"type":"Point","coordinates":[139.68934,35.69539]},"properties":{"stopId":"Toei.NarukosakaShita.1122.2","name":"Narukosaka-Shita","nameJa":"成子坂下","routeCount":6,"operator":"Toei"}},{"type":"Feature","geometry":{"type":"Point","coordinates":[139.79284,35.71775]},"properties":{"stopId":"Toei.NishiAsakusaSanchome.1129.1","name":"Nishi-Asakusa-Sanchōme (Nishi-Asakusa 3)","nameJa":"西浅草三丁目","routeCount":6,"operator":"Toei"}},{"type":"Feature","geometry":{"type":"Point","coordinates":[139.79248,35.71637]},"properties":{"stopId":"Toei.NishiAsakusaSanchome.1129.4","name":"Nishi-Asakusa-Sanchōme (Nishi-Asakusa 3)","nameJa":"西浅草三丁目","routeCount":6,"operator":"Toei"}},{"type":"Feature","geometry":{"type":"Point","coordinates":[139.78058,35.7779]},"properties":{"stopId":"Toei.NishiaraiDaishi.1134.2","name":"Nishiarai-Daishi","nameJa":"西新井大師前","routeCount":6,"operator":"Toei"}},{"type":"Feature","geometry":{"type":"Point","coordinates":[139.86066,35.66799]},"properties":{"stopId":"Toei.SportsCenter.1148.1","name":"Sports Center","nameJa":"スポーツセンター前","routeCount":6,"operator":"Toei"}},{"type":"Feature","geometry":{"type":"Point","coordinates":[139.86004,35.66732]},"properties":{"stopId":"Toei.SportsCenter.1148.2","name":"Sports Center","nameJa":"スポーツセンター前","routeCount":6,"operator":"Toei"}},{"type":"Feature","geometry":{"type":"Point","coordinates":[139.87917,35.67829]},"properties":{"stopId":"Toei.NishiMizueGochome.1171.1","name":"Nishi-Mizue-Gochōme (Nishi-Mizue 5)","nameJa":"西瑞江五丁目","routeCount":6,"operator":"Toei"}},{"type":"Feature","geometry":{"type":"Point","coordinates":[139.78122,35.65468]},"properties":{"stopId":"Toei.HarumiSanchome.1253.3","name":"Harumi-Sanchōme (Harumi 3)","nameJa":"晴海三丁目","routeCount":6,"operator":"Toei"}},{"type":"Feature","geometry":{"type":"Point","coordinates":[139.716,35.72776]},"properties":{"stopId":"Toei.HigashiIkebukuroItchome.1264.2","name":"Higashi-Ikebukuro-Itchōme (Toshima City Office)","nameJa":"東池袋一丁目","routeCount":6,"operator":"Toei"}},{"type":"Feature","geometry":{"type":"Point","coordinates":[139.716,35.7094]},"properties":{"stopId":"Toei.NishiWaseda.1174.3","name":"Nishi-Waseda","nameJa":"西早稲田","routeCount":6,"operator":"Toei"}},{"type":"Feature","geometry":{"type":"Point","coordinates":[139.77149,35.72837]},"properties":{"stopId":"Toei.NipporiStation.1178.5","name":"Nippori Sta.","nameJa":"日暮里駅前","routeCount":6,"operator":"Toei"}},{"type":"Feature","geometry":{"type":"Point","coordinates":[139.73639,35.65204]},"properties":{"stopId":"Toei.Ninohashi.1180.3","name":"Ninohashi","nameJa":"二ノ橋","routeCount":6,"operator":"Toei"}},{"type":"Feature","geometry":{"type":"Point","coordinates":[139.78558,35.65975]},"properties":{"stopId":"Toei.HarumiItchome.1252.1","name":"Harumi-Itchōme (Harumi 1)","nameJa":"晴海一丁目","routeCount":6,"operator":"Toei"}},{"type":"Feature","geometry":{"type":"Point","coordinates":[139.77593,35.67765]},"properties":{"stopId":"Toei.HatchoboriNichome.1232.4","name":"Hatchōbori-Nichōme (Hatchōbori 2)","nameJa":"八丁堀二丁目","routeCount":6,"operator":"Toei"}},{"type":"Feature","geometry":{"type":"Point","coordinates":[139.77514,35.65057]},"properties":{"stopId":"Toei.Harumirai.1250.2","name":"Harumirai","nameJa":"はるみらい前","routeCount":6,"operator":"Toei"}},{"type":"Feature","geometry":{"type":"Point","coordinates":[139.77988,35.65373]},"properties":{"stopId":"Toei.HotelMarinersCourtTokyo.1251.2","name":"Hotel Mariners' Court Tokyo","nameJa":"ホテルマリナーズコート東京前","routeCount":6,"operator":"Toei"}},{"type":"Feature","geometry":{"type":"Point","coordinates":[139.74762,35.61481]},"properties":{"stopId":"Toei.HigashiShinagawaSanchome.1287.3","name":"Higashi-Shinagawa-Sanchōme (Higashi-Shinagawa 3)","nameJa":"東品川三丁目","routeCount":6,"operator":"Toei"}},{"type":"Feature","geometry":{"type":"Point","coordinates":[139.78344,35.71108]},"properties":{"stopId":"Toei.HigashiUenoRokuchome.1268.2","name":"Higashi-Ueno-Rokuchōme (Higashi-Ueno 6)","nameJa":"東上野六丁目","routeCount":6,"operator":"Toei"}},{"type":"Feature","geometry":{"type":"Point","coordinates":[139.65745,35.69794]},"properties":{"stopId":"Toei.HigashiKoenjiStation.1277.2","name":"Higashi-Kōenji Sta.","nameJa":"東高円寺駅前","routeCount":6,"operator":"Toei"}},{"type":"Feature","geometry":{"type":"Point","coordinates":[139.79828,35.70673]},"properties":{"stopId":"Toei.HigashiKomagataItchome.1278.1","name":"Higashi-Komagata-Itchōme (Higashi-Komagata 1)","nameJa":"東駒形一丁目","routeCount":6,"operator":"Toei"}},{"type":"Feature","geometry":{"type":"Point","coordinates":[139.7981,35.70684]},"properties":{"stopId":"Toei.HigashiKomagataItchome.1278.2","name":"Higashi-Komagata-Itchōme (Higashi-Komagata 1)","nameJa":"東駒形一丁目","routeCount":6,"operator":"Toei"}},{"type":"Feature","geometry":{"type":"Point","coordinates":[139.8677,35.69188]},"properties":{"stopId":"Toei.HigashiKomatsugawaShogakko.1279.2","name":"Higashi-Komatsugawa-Shōgakkō","nameJa":"東小松川小学校前","routeCount":6,"operator":"Toei"}},{"type":"Feature","geometry":{"type":"Point","coordinates":[139.86782,35.69512]},"properties":{"stopId":"Toei.HigashiKomatsugawaNichome.1281.2","name":"Higashi-Komatsugawa-Nichōme (Higashi-Komatsugawa 2)","nameJa":"東小松川二丁目","routeCount":6,"operator":"Toei"}},{"type":"Feature","geometry":{"type":"Point","coordinates":[139.77557,35.72856]},"properties":{"stopId":"Toei.HigashiNipporiGochome.1310.1","name":"Higashi-Nippori-Gochōme (Higashi-Nippori 5)","nameJa":"東日暮里五丁目","routeCount":6,"operator":"Toei"}},{"type":"Feature","geometry":{"type":"Point","coordinates":[139.72251,35.65034]},"properties":{"stopId":"Toei.HirooStation.1357.1","name":"Hiroo Sta.","nameJa":"広尾駅前（広尾橋）","routeCount":6,"operator":"Toei"}},{"type":"Feature","geometry":{"type":"Point","coordinates":[139.82588,35.70438]},"properties":{"stopId":"Toei.Fukujimbashi.1371.2","name":"Fukujimbashi","nameJa":"福神橋","routeCount":6,"operator":"Toei"}},{"type":"Feature","geometry":{"type":"Point","coordinates":[139.73606,35.64716]},"properties":{"stopId":"Toei.Furukawabashi.1380.1","name":"Furukawabashi","nameJa":"古川橋","routeCount":6,"operator":"Toei"}},{"type":"Feature","geometry":{"type":"Point","coordinates":[139.73506,35.64657]},"properties":{"stopId":"Toei.Furukawabashi.1380.3","name":"Furukawabashi","nameJa":"古川橋","routeCount":6,"operator":"Toei"}},{"type":"Feature","geometry":{"type":"Point","coordinates":[139.67951,35.69727]},"properties":{"stopId":"Toei.Hosenji.1388.2","name":"Hōsenji (Hōsenji Temple)","nameJa":"宝仙寺前","routeCount":6,"operator":"Toei"}},{"type":"Feature","geometry":{"type":"Point","coordinates":[139.80297,35.70863]},"properties":{"stopId":"Toei.HonjoAzumabashi.1414.1","name":"Honjo-Azumabashi","nameJa":"本所吾妻橋","routeCount":6,"operator":"Toei"}},{"type":"Feature","geometry":{"type":"Point","coordinates":[139.66582,35.69729]},"properties":{"stopId":"Toei.HonchoRokuchome.1421.2","name":"Honchō-Rokuchōme (Honchō 6)","nameJa":"本町六丁目","routeCount":6,"operator":"Toei"}},{"type":"Feature","geometry":{"type":"Point","coordinates":[139.86671,35.68928]},"properties":{"stopId":"Toei.MatsueDaiichiChugakko.1434.2","name":"Matsue-Daiichi-Chūgakkō","nameJa":"松江第一中学校前","routeCount":6,"operator":"Toei"}},{"type":"Feature","geometry":{"type":"Point","coordinates":[139.86384,35.71272]},"properties":{"stopId":"Toei.MatsushimaSanchome.1435.2","name":"Matsushima-Sanchōme (Matsushima 3)","nameJa":"松島三丁目","routeCount":6,"operator":"Toei"}},{"type":"Feature","geometry":{"type":"Point","coordinates":[139.75128,35.59777]},"properties":{"stopId":"Toei.YashioMinami.2014.1","name":"Yashio-Minami","nameJa":"八潮南","routeCount":6,"operator":"Toei"}},{"type":"Feature","geometry":{"type":"Point","coordinates":[139.68888,35.72278]},"properties":{"stopId":"Toei.MinamiNagasakiNichome.1486.1","name":"Minami-Nagasaki-Nichōme (Minami-Nagasaki 2)","nameJa":"南長崎二丁目","routeCount":6,"operator":"Toei"}},{"type":"Feature","geometry":{"type":"Point","coordinates":[139.79128,35.7293]},"properties":{"stopId":"Toei.MinowaStation.1493.2","name":"Minowa Sta.","nameJa":"三ノ輪駅前","routeCount":6,"operator":"Toei"}},{"type":"Feature","geometry":{"type":"Point","coordinates":[139.73721,35.71765]},"properties":{"stopId":"Toei.MyogadaniStation.1507.1","name":"Myōgadani Sta.","nameJa":"茗荷谷駅前","routeCount":6,"operator":"Toei"}},{"type":"Feature","geometry":{"type":"Point","coordinates":[139.711,35.71987]},"properties":{"stopId":"Toei.MejiroKeisatsusho.1530.1","name":"Mejiro-Keisatsusho (Mejiro Police Station)","nameJa":"目白警察署前","routeCount":6,"operator":"Toei"}},{"type":"Feature","geometry":{"type":"Point","coordinates":[139.69386,35.72234]},"properties":{"stopId":"Toei.MejiroGochome.1532.1","name":"Mejiro-Gochōme (Mejiro 5)","nameJa":"目白五丁目","routeCount":6,"operator":"Toei"}},{"type":"Feature","geometry":{"type":"Point","coordinates":[139.69325,35.7225]},"properties":{"stopId":"Toei.MejiroGochome.1532.2","name":"Mejiro-Gochōme (Mejiro 5)","nameJa":"目白五丁目","routeCount":6,"operator":"Toei"}},{"type":"Feature","geometry":{"type":"Point","coordinates":[139.76255,35.67558]},"properties":{"stopId":"Toei.YurakuchoStation.1570.2","name":"Yūrakuchō Sta.","nameJa":"有楽町駅前","routeCount":6,"operator":"Toei"}},{"type":"Feature","geometry":{"type":"Point","coordinates":[139.76941,35.70819]},"properties":{"stopId":"Toei.YushimaSanchome.1574.1","name":"Yushima-Sanchōme (Yushima 3)","nameJa":"湯島三丁目","routeCount":6,"operator":"Toei"}},{"type":"Feature","geometry":{"type":"Point","coordinates":[139.76829,35.70842]},"properties":{"stopId":"Toei.YushimaSanchome.1574.2","name":"Yushima-Sanchōme (Yushima 3)","nameJa":"湯島三丁目","routeCount":6,"operator":"Toei"}},{"type":"Feature","geometry":{"type":"Point","coordinates":[139.7648,35.7075]},"properties":{"stopId":"Toei.YushimaYonchome.1575.2","name":"Yushima-Yonchōme (Yushima 4)","nameJa":"湯島四丁目","routeCount":6,"operator":"Toei"}},{"type":"Feature","geometry":{"type":"Point","coordinates":[139.72179,35.7109]},"properties":{"stopId":"Toei.Waseda.1618.19","name":"Waseda","nameJa":"早稲田","routeCount":6,"operator":"Toei"}},{"type":"Feature","geometry":{"type":"Point","coordinates":[139.79089,35.7242]},"properties":{"stopId":"Toei.Ryusen.1599.1","name":"Ryūsen","nameJa":"竜泉","routeCount":6,"operator":"Toei"}},{"type":"Feature","geometry":{"type":"Point","coordinates":[139.73114,35.66252]},"properties":{"stopId":"Toei.RoppongiStation.1609.2","name":"Roppongi Sta.","nameJa":"六本木駅前","routeCount":6,"operator":"Toei"}},{"type":"Feature","geometry":{"type":"Point","coordinates":[139.75845,35.60835]},"properties":{"stopId":"Toei.NiGoBerth.1622.1","name":"Ni-Gō Berth","nameJa":"２号バース前","routeCount":6,"operator":"Toei"}},{"type":"Feature","geometry":{"type":"Point","coordinates":[139.75855,35.60718]},"properties":{"stopId":"Toei.NiGoBerth.1622.2","name":"Ni-Gō Berth","nameJa":"２号バース前","routeCount":6,"operator":"Toei"}},{"type":"Feature","geometry":{"type":"Point","coordinates":[139.76088,35.6041]},"properties":{"stopId":"Toei.YonGoBerth.1624.1","name":"Yon-Gō Berth","nameJa":"４号バース前","routeCount":6,"operator":"Toei"}},{"type":"Feature","geometry":{"type":"Point","coordinates":[139.7611,35.60192]},"properties":{"stopId":"Toei.YonGoBerth.1624.2","name":"Yon-Gō Berth","nameJa":"４号バース前","routeCount":6,"operator":"Toei"}},{"type":"Feature","geometry":{"type":"Point","coordinates":[139.76199,35.60081]},"properties":{"stopId":"Toei.GoGoBerth.1625.1","name":"Go-Gō Berth","nameJa":"５号バース前","routeCount":6,"operator":"Toei"}},{"type":"Feature","geometry":{"type":"Point","coordinates":[139.76366,35.59746]},"properties":{"stopId":"Toei.RokuGoBerth.1626.1","name":"Roku-Gō Berth","nameJa":"６号バース前","routeCount":6,"operator":"Toei"}},{"type":"Feature","geometry":{"type":"Point","coordinates":[139.76255,35.59814]},"properties":{"stopId":"Toei.RokuGoBerth.1626.2","name":"Roku-Gō Berth","nameJa":"６号バース前","routeCount":6,"operator":"Toei"}},{"type":"Feature","geometry":{"type":"Point","coordinates":[139.77333,35.7085]},"properties":{"stopId":"Toei.UenoMatsuzakaya.2000.10","name":"Ueno-Matsuzakaya (Ueno-Matsuzakaya Department Store)","nameJa":"上野松坂屋前","routeCount":6,"operator":"Toei"}},{"type":"Feature","geometry":{"type":"Point","coordinates":[139.74756,35.61354]},"properties":{"stopId":"Toei.ShinagawaKeisatsushoIriguchi.2010.1","name":"Shinagawa-Keisatsusho-Iriguchi (Shinagawa Police Station)","nameJa":"品川警察署入口","routeCount":6,"operator":"Toei"}},{"type":"Feature","geometry":{"type":"Point","coordinates":[139.75308,35.6055]},"properties":{"stopId":"Toei.ShinagawaSogoFukushiCenter.2011.2","name":"Shinagawa-Sōgō-Fukushi Center","nameJa":"品川総合福祉センター前","routeCount":6,"operator":"Toei"}},{"type":"Feature","geometry":{"type":"Point","coordinates":[139.75231,35.60229]},"properties":{"stopId":"Toei.YashioKita.2012.1","name":"Yashio-Kita","nameJa":"八潮北","routeCount":6,"operator":"Toei"}},{"type":"Feature","geometry":{"type":"Point","coordinates":[139.75257,35.59739]},"properties":{"stopId":"Toei.OiShoboshoYashioShutchojo.2015.1","name":"Ōi-Shōbōsho-Yashio-Shutchōjo (Ōi Fire Station Yashio Branch)","nameJa":"大井消防署八潮出張所前","routeCount":6,"operator":"Toei"}},{"type":"Feature","geometry":{"type":"Point","coordinates":[139.75428,35.59879]},"properties":{"stopId":"Toei.YashioHigashi.2016.1","name":"Yashio-Higashi","nameJa":"八潮東","routeCount":6,"operator":"Toei"}},{"type":"Feature","geometry":{"type":"Point","coordinates":[139.75432,35.60159]},"properties":{"stopId":"Toei.YashioKoen.2017.1","name":"Yashio-Kōen (Yashio Park)","nameJa":"八潮公園前","routeCount":6,"operator":"Toei"}},{"type":"Feature","geometry":{"type":"Point","coordinates":[139.7366,35.73506]},"properties":{"stopId":"Toei.TogenukiJizo.2042.2","name":"Togenuki-Jizō","nameJa":"とげぬき地蔵前","routeCount":6,"operator":"Toei"}},{"type":"Feature","geometry":{"type":"Point","coordinates":[139.75355,35.60312]},"properties":{"stopId":"Toei.MeiseiGakuen.2046.1","name":"Meisei-Gakuen","nameJa":"明晴学園前","routeCount":6,"operator":"Toei"}},{"type":"Feature","geometry":{"type":"Point","coordinates":[139.86263,35.64981]},"properties":{"stopId":"Toei.ChuoOroshiurishijoKasaiShijo.2061.1","name":"Chūō-Oroshiurishijō-Kasai-Shijō","nameJa":"中央卸売市場葛西市場前","routeCount":6,"operator":"Toei"}},{"type":"Feature","geometry":{"type":"Point","coordinates":[139.85597,35.65362]},"properties":{"stopId":"Toei.RinkaichoItchome.2109.1","name":"Rinkaichō-Itchōme (Rinkaichō 1)","nameJa":"臨海町一丁目","routeCount":6,"operator":"Toei"}},{"type":"Feature","geometry":{"type":"Point","coordinates":[139.78026,35.67585]},"properties":{"stopId":"Toei.Shinkawa.2122.1","name":"Shinkawa","nameJa":"新川","routeCount":6,"operator":"Toei"}},{"type":"Feature","geometry":{"type":"Point","coordinates":[139.86147,35.64922]},"properties":{"stopId":"Toei.RinkaichoSanchome.2145.2","name":"Rinkaichō-Sanchōme (Rinkaichō 3)","nameJa":"臨海町三丁目","routeCount":6,"operator":"Toei"}},{"type":"Feature","geometry":{"type":"Point","coordinates":[139.86356,35.65272]},"properties":{"stopId":"Toei.Nakasakombashi.2146.4","name":"Nakasakombashi","nameJa":"中左近橋","routeCount":6,"operator":"Toei"}},{"type":"Feature","geometry":{"type":"Point","coordinates":[139.76857,35.59309]},"properties":{"stopId":"Toei.YashioNichome.2154.1","name":"Yashio-Nichōme (Yashio 2)","nameJa":"八潮二丁目","routeCount":6,"operator":"Toei"}},{"type":"Feature","geometry":{"type":"Point","coordinates":[139.79961,35.66183]},"properties":{"stopId":"Toei.Hamazonobashi.2204.2","name":"Hamazonobashi","nameJa":"浜園橋","routeCount":6,"operator":"Toei"}},{"type":"Feature","geometry":{"type":"Point","coordinates":[139.7594,35.60565]},"properties":{"stopId":"Toei.SanGoBerth.2207.1","name":"San-Gō Berth","nameJa":"３号バース前","routeCount":6,"operator":"Toei"}},{"type":"Feature","geometry":{"type":"Point","coordinates":[139.86479,35.68815]},"properties":{"stopId":"Toei.HigashiKomatsugawaShako.2251.2","name":"Higashi-Komatsugawa-Shako","nameJa":"東小松川車庫前","routeCount":6,"operator":"Toei"}},{"type":"Feature","geometry":{"type":"Point","coordinates":[139.80144,35.64209]},"properties":{"stopId":"Toei.ShinonomeNichome.2276.1","name":"Shinonome-Nichōme (Shinonome 2)","nameJa":"東雲二丁目","routeCount":6,"operator":"Toei"}},{"type":"Feature","geometry":{"type":"Point","coordinates":[139.7335,35.77133]},"properties":{"stopId":"Toei.KamiyaRikkyo.2290.2","name":"Kamiya-Rikkyō","nameJa":"神谷陸橋","routeCount":6,"operator":"Toei"}},{"type":"Feature","geometry":{"type":"Point","coordinates":[139.79136,35.63002]},"properties":{"stopId":"Toei.TokyoBigSightStation.2325.2","name":"Tokyo Big Sight Sta.","nameJa":"東京ビッグサイト駅前","routeCount":6,"operator":"Toei"}},{"type":"Feature","geometry":{"type":"Point","coordinates":[139.80406,35.77515]},"properties":{"stopId":"Toei.AdachiKuyakusho.2330.4","name":"Adachi-Kuyakusho (Adachi City Office)","nameJa":"足立区役所","routeCount":6,"operator":"Toei"}},{"type":"Feature","geometry":{"type":"Point","coordinates":[139.76466,35.59537]},"properties":{"stopId":"Toei.MinatogaokaFutoKoen.2383.1","name":"Minatogaoka-Futō-Kōen (Minatogaoka-Futō Park)","nameJa":"みなとが丘ふ頭公園前","routeCount":6,"operator":"Toei"}},{"type":"Feature","geometry":{"type":"Point","coordinates":[139.7141,35.73154]},"properties":{"stopId":"Toei.IkebukuroStationHigashiguchi.2405.10","name":"Ikebukuro Sta. Higashiguchi (East Exit) (Jūban-Noriba)","nameJa":"池袋駅東口（⑩のりば）","routeCount":6,"operator":"Toei"}},{"type":"Feature","geometry":{"type":"Point","coordinates":[139.77638,35.61755]},"properties":{"stopId":"Toei.TokyoKowanGodochosha.2407.4","name":"Tokyo Kōwan-Gōdōchōsha (Port and Harbor government Offices)","nameJa":"東京港湾合同庁舎前","routeCount":6,"operator":"Toei"}},{"type":"Feature","geometry":{"type":"Point","coordinates":[139.72963,35.66054]},"properties":{"stopId":"Toei.RoppongiHills.2480.1","name":"Roppongi Hills","nameJa":"六本木ヒルズ","routeCount":6,"operator":"Toei"}},{"type":"Feature","geometry":{"type":"Point","coordinates":[139.71725,35.71174]},"properties":{"stopId":"Toei.KansenEnKoen.2482.14","name":"Kansen-En-Kōen (Kansen-En Park)","nameJa":"甘泉園公園前","routeCount":6,"operator":"Toei"}},{"type":"Feature","geometry":{"type":"Point","coordinates":[139.77524,35.61896]},"properties":{"stopId":"Toei.NipponKagakuMiraikan.2546.1","name":"Nippon-Kagaku-Miraikan (NATIONAL MUSEUM OF EMERGING SCIENCE AND INNOVATION)","nameJa":"日本科学未来館前","routeCount":6,"operator":"Toei"}},{"type":"Feature","geometry":{"type":"Point","coordinates":[139.77604,35.6193]},"properties":{"stopId":"Toei.NipponKagakuMiraikan.2560.1","name":"Nippon-Kagaku-Miraikan (NATIONAL MUSEUM OF EMERGING SCIENCE AND INNOVATION)","nameJa":"日本科学未来館","routeCount":6,"operator":"Toei"}},{"type":"Feature","geometry":{"type":"Point","coordinates":[139.70469,35.68192]},"properties":{"stopId":"Toei.HatomoriShogakkonishi.2631.1","name":"Hatomori-Shōgakkō-nishi","nameJa":"鳩森小学校西","routeCount":6,"operator":"Toei"}},{"type":"Feature","geometry":{"type":"Point","coordinates":[139.70446,35.68283]},"properties":{"stopId":"Toei.HatomoriShogakkonishi.2631.2","name":"Hatomori-Shōgakkō-nishi","nameJa":"鳩森小学校西","routeCount":6,"operator":"Toei"}},{"type":"Feature","geometry":{"type":"Point","coordinates":[139.69932,35.71229]},"properties":{"stopId":"Toei.TakadanobabaSanchome.858.1","name":"Takadanobaba-Sanchōme (Takadanobaba 3)","nameJa":"高田馬場三丁目","routeCount":5,"operator":"Toei"}},{"type":"Feature","geometry":{"type":"Point","coordinates":[139.81256,35.64706]},"properties":{"stopId":"Toei.TatsumiStation.891.3","name":"Tatsumi Sta.","nameJa":"辰巳駅前","routeCount":5,"operator":"Toei"}},{"type":"Feature","geometry":{"type":"Point","coordinates":[139.8162,35.67468]},"properties":{"stopId":"Toei.Toyozumibashi.1027.3","name":"Toyozumibashi","nameJa":"豊住橋","routeCount":5,"operator":"Toei"}},{"type":"Feature","geometry":{"type":"Point","coordinates":[139.72605,35.71386]},"properties":{"stopId":"Toei.HOTELCHINZANSOTOKYO.799.2","name":"HOTEL-CHINZANSO-TOKYO","nameJa":"ホテル椿山荘東京前","routeCount":5,"operator":"Toei"}},{"type":"Feature","geometry":{"type":"Point","coordinates":[139.76744,35.71498]},"properties":{"stopId":"Toei.IkenohataNichome.86.1","name":"Ikenohata-Nichōme (Ikenohata 2)","nameJa":"池之端二丁目","routeCount":5,"operator":"Toei"}},{"type":"Feature","geometry":{"type":"Point","coordinates":[139.76847,35.71218]},"properties":{"stopId":"Toei.IkenohataItchome.767.1","name":"Ikenohata-Itchōme (Ikenohata 1)","nameJa":"池之端一丁目","routeCount":5,"operator":"Toei"}},{"type":"Feature","geometry":{"type":"Point","coordinates":[139.79558,35.64138]},"properties":{"stopId":"Toei.AriakeShoChuGakko.75.1","name":"Ariake-Shō-Chū-Gakkō","nameJa":"有明小中学校前","routeCount":5,"operator":"Toei"}},{"type":"Feature","geometry":{"type":"Point","coordinates":[139.74378,35.65423]},"properties":{"stopId":"Toei.AkabanebashiStation.22.7","name":"Akabanebashi Sta.","nameJa":"赤羽橋駅前","routeCount":5,"operator":"Toei"}},{"type":"Feature","geometry":{"type":"Point","coordinates":[139.74317,35.61029]},"properties":{"stopId":"Toei.AomonoYokocho.4.2","name":"Aomono-Yokochō","nameJa":"青物横丁","routeCount":5,"operator":"Toei"}},{"type":"Feature","geometry":{"type":"Point","coordinates":[139.76915,35.74307]},"properties":{"stopId":"Toei.AkadoShogakko.19.1","name":"Akado-Shōgakkō","nameJa":"赤土小学校前","routeCount":5,"operator":"Toei"}},{"type":"Feature","geometry":{"type":"Point","coordinates":[139.77365,35.69885]},"properties":{"stopId":"Toei.AkihabaraStation.27.4","name":"Akihabara Sta.","nameJa":"秋葉原駅前","routeCount":5,"operator":"Toei"}},{"type":"Feature","geometry":{"type":"Point","coordinates":[139.63642,35.70447]},"properties":{"stopId":"Toei.AsagayaStation.29.1","name":"Asagaya Sta.","nameJa":"阿佐ヶ谷駅前","routeCount":5,"operator":"Toei"}},{"type":"Feature","geometry":{"type":"Point","coordinates":[139.79535,35.71111]},"properties":{"stopId":"Toei.AsakusaKaminarimon.32.1","name":"Asakusa-Kaminarimon (Asakusa-Kaminarimon Gate)","nameJa":"浅草雷門","routeCount":5,"operator":"Toei"}},{"type":"Feature","geometry":{"type":"Point","coordinates":[139.79554,35.7109]},"properties":{"stopId":"Toei.AsakusaKaminarimon.32.4","name":"Asakusa-Kaminarimon (Asakusa-Kaminarimon Gate)","nameJa":"浅草雷門","routeCount":5,"operator":"Toei"}},{"type":"Feature","geometry":{"type":"Point","coordinates":[139.79631,35.71022]},"properties":{"stopId":"Toei.AsakusaKaminarimon.32.5","name":"Asakusa-Kaminarimon (Asakusa-Kaminarimon Gate)","nameJa":"浅草雷門","routeCount":5,"operator":"Toei"}},{"type":"Feature","geometry":{"type":"Point","coordinates":[139.7926,35.71144]},"properties":{"stopId":"Toei.AsakusaItchome.38.2","name":"Asakusa-Itchōme (Asakusa 1)","nameJa":"浅草一丁目","routeCount":5,"operator":"Toei"}},{"type":"Feature","geometry":{"type":"Point","coordinates":[139.79322,35.71116]},"properties":{"stopId":"Toei.AsakusaItchome.38.3","name":"Asakusa-Itchōme (Asakusa 1)","nameJa":"浅草一丁目","routeCount":5,"operator":"Toei"}},{"type":"Feature","geometry":{"type":"Point","coordinates":[139.77272,35.77462]},"properties":{"stopId":"Toei.Amidabashi.56.2","name":"Amidabashi","nameJa":"阿弥陀橋","routeCount":5,"operator":"Toei"}},{"type":"Feature","geometry":{"type":"Point","coordinates":[139.77696,35.73618]},"properties":{"stopId":"Toei.ArakawaYonchome.69.4","name":"Arakawa-Yonchōme (Arakawa 4)","nameJa":"荒川四丁目","routeCount":5,"operator":"Toei"}},{"type":"Feature","geometry":{"type":"Point","coordinates":[139.76752,35.71521]},"properties":{"stopId":"Toei.IkenohataNichome.86.2","name":"Ikenohata-Nichōme (Ikenohata 2)","nameJa":"池之端二丁目","routeCount":5,"operator":"Toei"}},{"type":"Feature","geometry":{"type":"Point","coordinates":[139.71202,35.72909]},"properties":{"stopId":"Toei.IkebukuroStationHigashiguchi.87.1","name":"Ikebukuro Sta. Higashiguchi (East Exit)","nameJa":"池袋駅東口","routeCount":5,"operator":"Toei"}},{"type":"Feature","geometry":{"type":"Point","coordinates":[139.71346,35.72961]},"properties":{"stopId":"Toei.IkebukuroStationHigashiguchi.87.6","name":"Ikebukuro Sta. Higashiguchi (East Exit)","nameJa":"池袋駅東口","routeCount":5,"operator":"Toei"}},{"type":"Feature","geometry":{"type":"Point","coordinates":[139.80484,35.70101]},"properties":{"stopId":"Toei.IshiwaraSanchome.96.3","name":"Ishiwara-Sanchōme (Ishiwara 3)","nameJa":"石原三丁目","routeCount":5,"operator":"Toei"}},{"type":"Feature","geometry":{"type":"Point","coordinates":[139.77197,35.70819]},"properties":{"stopId":"Toei.UenoHirokoji.135.8","name":"Ueno-Hirokōji","nameJa":"上野広小路","routeCount":5,"operator":"Toei"}},{"type":"Feature","geometry":{"type":"Point","coordinates":[139.84003,35.74045]},"properties":{"stopId":"Toei.UmedaShogakko.154.1","name":"Umeda-Shōgakkō","nameJa":"梅田小学校前","routeCount":5,"operator":"Toei"}},{"type":"Feature","geometry":{"type":"Point","coordinates":[139.84157,35.7422]},"properties":{"stopId":"Toei.UmedaShogakko.154.2","name":"Umeda-Shōgakkō","nameJa":"梅田小学校前","routeCount":5,"operator":"Toei"}},{"type":"Feature","geometry":{"type":"Point","coordinates":[139.72353,35.65895]},"properties":{"stopId":"Toei.NishiAzabu.1130.4","name":"Nishi-Azabu","nameJa":"西麻布","routeCount":5,"operator":"Toei"}},{"type":"Feature","geometry":{"type":"Point","coordinates":[139.73872,35.7539]},"properties":{"stopId":"Toei.OjiStation.196.13","name":"Ōji Sta.","nameJa":"王子駅前","routeCount":5,"operator":"Toei"}},{"type":"Feature","geometry":{"type":"Point","coordinates":[139.80548,35.66786]},"properties":{"stopId":"Toei.KibaRokuchomeGyazaria.429.2","name":"Kiba-Rokuchōme-Gyazaria (Kiba 6 Gyazaria)","nameJa":"木場六丁目ギャザリア前","routeCount":5,"operator":"Toei"}},{"type":"Feature","geometry":{"type":"Point","coordinates":[139.73552,35.60645]},"properties":{"stopId":"Toei.OimachiStationHigashiguchi.223.2","name":"Ōimachi Sta. Higashiguchi (East Exit)","nameJa":"大井町駅東口","routeCount":5,"operator":"Toei"}},{"type":"Feature","geometry":{"type":"Point","coordinates":[139.77884,35.73038]},"properties":{"stopId":"Toei.Osagari.231.1","name":"Ōsagari","nameJa":"大下","routeCount":5,"operator":"Toei"}},{"type":"Feature","geometry":{"type":"Point","coordinates":[139.77866,35.73098]},"properties":{"stopId":"Toei.Osagari.231.2","name":"Ōsagari","nameJa":"大下","routeCount":5,"operator":"Toei"}},{"type":"Feature","geometry":{"type":"Point","coordinates":[139.76338,35.74495]},"properties":{"stopId":"Toei.NishiOguItchome.272.1","name":"Nishi-Ogu-Itchōme (Nishi-Ogu 1)","nameJa":"西尾久一丁目","routeCount":5,"operator":"Toei"}},{"type":"Feature","geometry":{"type":"Point","coordinates":[139.76336,35.74447]},"properties":{"stopId":"Toei.NishiOguItchome.272.2","name":"Nishi-Ogu-Itchōme (Nishi-Ogu 1)","nameJa":"西尾久一丁目","routeCount":5,"operator":"Toei"}},{"type":"Feature","geometry":{"type":"Point","coordinates":[139.76946,35.74535]},"properties":{"stopId":"Toei.OguHonchoDori.275.1","name":"Ogu-Honchō-Dōri","nameJa":"尾久本町通り","routeCount":5,"operator":"Toei"}},{"type":"Feature","geometry":{"type":"Point","coordinates":[139.81291,35.70914]},"properties":{"stopId":"Toei.Oshiage.276.3","name":"Oshiage","nameJa":"押上","routeCount":5,"operator":"Toei"}},{"type":"Feature","geometry":{"type":"Point","coordinates":[139.81371,35.70836]},"properties":{"stopId":"Toei.Oshiage.276.6","name":"Oshiage","nameJa":"押上","routeCount":5,"operator":"Toei"}},{"type":"Feature","geometry":{"type":"Point","coordinates":[139.69452,35.71]},"properties":{"stopId":"Toei.Otakibashi.282.1","name":"Otakibashi","nameJa":"小滝橋","routeCount":5,"operator":"Toei"}},{"type":"Feature","geometry":{"type":"Point","coordinates":[139.6948,35.70999]},"properties":{"stopId":"Toei.Otakibashi.282.2","name":"Otakibashi","nameJa":"小滝橋","routeCount":5,"operator":"Toei"}},{"type":"Feature","geometry":{"type":"Point","coordinates":[139.76225,35.74987]},"properties":{"stopId":"Toei.Odai.283.1","name":"Odai","nameJa":"小台","routeCount":5,"operator":"Toei"}},{"type":"Feature","geometry":{"type":"Point","coordinates":[139.76209,35.75011]},"properties":{"stopId":"Toei.Odai.283.2","name":"Odai","nameJa":"小台","routeCount":5,"operator":"Toei"}},{"type":"Feature","geometry":{"type":"Point","coordinates":[139.7628,35.75574]},"properties":{"stopId":"Toei.Odaibashi.286.1","name":"Odaibashi","nameJa":"小台橋","routeCount":5,"operator":"Toei"}},{"type":"Feature","geometry":{"type":"Point","coordinates":[139.76251,35.75612]},"properties":{"stopId":"Toei.Odaibashi.286.2","name":"Odaibashi","nameJa":"小台橋","routeCount":5,"operator":"Toei"}},{"type":"Feature","geometry":{"type":"Point","coordinates":[139.77476,35.62106]},"properties":{"stopId":"Toei.TokyoInternationalCruiseTerminalStation.302.3","name":"Tokyo International Cruise Terminal Sta.","nameJa":"東京国際クルーズターミナル駅前","routeCount":5,"operator":"Toei"}},{"type":"Feature","geometry":{"type":"Point","coordinates":[139.87297,35.66396]},"properties":{"stopId":"Toei.KasaiStation.307.11","name":"Kasai Sta.","nameJa":"葛西駅前","routeCount":5,"operator":"Toei"}},{"type":"Feature","geometry":{"type":"Point","coordinates":[139.87222,35.67134]},"properties":{"stopId":"Toei.KasaiChugakko.312.2","name":"Kasai-Chūgakkō","nameJa":"葛西中学校前","routeCount":5,"operator":"Toei"}},{"type":"Feature","geometry":{"type":"Point","coordinates":[139.87198,35.67316]},"properties":{"stopId":"Toei.Shinkawabashi.315.2","name":"Shinkawabashi","nameJa":"新川橋","routeCount":5,"operator":"Toei"}},{"type":"Feature","geometry":{"type":"Point","coordinates":[139.75934,35.7353]},"properties":{"stopId":"Toei.KamiTabata.352.1","name":"Kami-Tabata","nameJa":"上田端","routeCount":5,"operator":"Toei"}},{"type":"Feature","geometry":{"type":"Point","coordinates":[139.83939,35.6974]},"properties":{"stopId":"Toei.KameidoKyuchome.374.1","name":"Kameido-Kyūchōme (Kameido 9)","nameJa":"亀戸九丁目","routeCount":5,"operator":"Toei"}},{"type":"Feature","geometry":{"type":"Point","coordinates":[139.75932,35.73587]},"properties":{"stopId":"Toei.KamiTabata.352.2","name":"Kami-Tabata","nameJa":"上田端","routeCount":5,"operator":"Toei"}},{"type":"Feature","geometry":{"type":"Point","coordinates":[139.8249,35.69669]},"properties":{"stopId":"Toei.KameidoStationDori.368.10","name":"Kameido Sta. Dōri","nameJa":"亀戸駅通り","routeCount":5,"operator":"Toei"}},{"type":"Feature","geometry":{"type":"Point","coordinates":[139.82455,35.69642]},"properties":{"stopId":"Toei.KameidoStationDori.368.11","name":"Kameido Sta. Dōri","nameJa":"亀戸駅通り","routeCount":5,"operator":"Toei"}},{"type":"Feature","geometry":{"type":"Point","coordinates":[139.82577,35.69803]},"properties":{"stopId":"Toei.KameidoStation.369.3","name":"Kameido Sta.","nameJa":"亀戸駅前","routeCount":5,"operator":"Toei"}},{"type":"Feature","geometry":{"type":"Point","coordinates":[139.82551,35.69804]},"properties":{"stopId":"Toei.KameidoStation.369.4","name":"Kameido Sta.","nameJa":"亀戸駅前","routeCount":5,"operator":"Toei"}},{"type":"Feature","geometry":{"type":"Point","coordinates":[139.80512,35.69803]},"properties":{"stopId":"Toei.KamezawaYonchome.375.1","name":"Kamezawa-Yonchōme (Kamezawa 4)","nameJa":"亀沢四丁目","routeCount":5,"operator":"Toei"}},{"type":"Feature","geometry":{"type":"Point","coordinates":[139.8254,35.69777]},"properties":{"stopId":"Toei.KameidoStation.369.16","name":"Kameido Sta.","nameJa":"亀戸駅前","routeCount":5,"operator":"Toei"}},{"type":"Feature","geometry":{"type":"Point","coordinates":[139.82035,35.70135]},"properties":{"stopId":"Toei.KameidoTenjin.370.1","name":"Kameido-Tenjin (Kameido-Tenjin Shrine)","nameJa":"亀戸天神前","routeCount":5,"operator":"Toei"}},{"type":"Feature","geometry":{"type":"Point","coordinates":[139.82532,35.70225]},"properties":{"stopId":"Toei.KameidoYonchome.371.2","name":"Kameido-Yonchōme (Kameido 4)","nameJa":"亀戸四丁目","routeCount":5,"operator":"Toei"}},{"type":"Feature","geometry":{"type":"Point","coordinates":[139.82557,35.70246]},"properties":{"stopId":"Toei.KameidoYonchome.371.4","name":"Kameido-Yonchōme (Kameido 4)","nameJa":"亀戸四丁目","routeCount":5,"operator":"Toei"}},{"type":"Feature","geometry":{"type":"Point","coordinates":[139.83575,35.69725]},"properties":{"stopId":"Toei.KameidoNanachome.373.1","name":"Kameido-Nanachōme (Kameido 7)","nameJa":"亀戸七丁目","routeCount":5,"operator":"Toei"}},{"type":"Feature","geometry":{"type":"Point","coordinates":[139.8062,35.68765]},"properties":{"stopId":"Toei.KikukawaStation.392.4","name":"Kikukawa Sta.","nameJa":"菊川駅前","routeCount":5,"operator":"Toei"}},{"type":"Feature","geometry":{"type":"Point","coordinates":[139.80604,35.68723]},"properties":{"stopId":"Toei.KikukawaStation.392.5","name":"Kikukawa Sta.","nameJa":"菊川駅前","routeCount":5,"operator":"Toei"}},{"type":"Feature","geometry":{"type":"Point","coordinates":[139.78744,35.71056]},"properties":{"stopId":"Toei.Kikuyabashi.396.1","name":"Kikuyabashi","nameJa":"菊屋橋","routeCount":5,"operator":"Toei"}},{"type":"Feature","geometry":{"type":"Point","coordinates":[139.71566,35.71799]},"properties":{"stopId":"Toei.Kishimojin.398.1","name":"Kishimojin (Kishimojin Temple)","nameJa":"鬼子母神前","routeCount":5,"operator":"Toei"}},{"type":"Feature","geometry":{"type":"Point","coordinates":[139.73302,35.77384]},"properties":{"stopId":"Toei.KitaShako.407.1","name":"Kita-Shako","nameJa":"北車庫前","routeCount":5,"operator":"Toei"}},{"type":"Feature","geometry":{"type":"Point","coordinates":[139.80656,35.6693]},"properties":{"stopId":"Toei.KibaStation.425.4","name":"Kiba Sta.","nameJa":"木場駅前","routeCount":5,"operator":"Toei"}},{"type":"Feature","geometry":{"type":"Point","coordinates":[139.84091,35.67545]},"properties":{"stopId":"Toei.KyuKasaibashi.430.5","name":"Kyū-Kasaibashi","nameJa":"旧葛西橋","routeCount":5,"operator":"Toei"}},{"type":"Feature","geometry":{"type":"Point","coordinates":[139.79916,35.79291]},"properties":{"stopId":"Toei.KyudoKosaten.432.2","name":"Kyūdō-Kōsaten","nameJa":"旧道交差点","routeCount":5,"operator":"Toei"}},{"type":"Feature","geometry":{"type":"Point","coordinates":[139.80341,35.72871]},"properties":{"stopId":"Toei.Kiyokawa.435.2","name":"Kiyokawa","nameJa":"清川","routeCount":5,"operator":"Toei"}},{"type":"Feature","geometry":{"type":"Point","coordinates":[139.81411,35.69538]},"properties":{"stopId":"Toei.KinshichoStation.442.8","name":"Kinshichō Sta.","nameJa":"錦糸町駅前","routeCount":5,"operator":"Toei"}},{"type":"Feature","geometry":{"type":"Point","coordinates":[139.76162,35.67088]},"properties":{"stopId":"Toei.GinzaNishiRokuchome.445.3","name":"Ginza-Nishi-Rokuchōme (Ginza-Nishi 6)","nameJa":"銀座西六丁目","routeCount":5,"operator":"Toei"}},{"type":"Feature","geometry":{"type":"Point","coordinates":[139.76604,35.67062]},"properties":{"stopId":"Toei.GinzaYonchome.448.8","name":"Ginza-Yonchōme (Ginza 4)","nameJa":"銀座四丁目","routeCount":5,"operator":"Toei"}},{"type":"Feature","geometry":{"type":"Point","coordinates":[139.76984,35.74839]},"properties":{"stopId":"Toei.Kumanomae.454.2","name":"Kumanomae","nameJa":"熊野前","routeCount":5,"operator":"Toei"}},{"type":"Feature","geometry":{"type":"Point","coordinates":[139.77837,35.6295]},"properties":{"stopId":"Toei.OdaibaKaihinKoenStation.469.2","name":"Odaiba-Kaihin-Kōen Sta. (Odaiba Marine Park Sta.)","nameJa":"お台場海浜公園駅前","routeCount":5,"operator":"Toei"}},{"type":"Feature","geometry":{"type":"Point","coordinates":[139.79462,35.793]},"properties":{"stopId":"Toei.KoenMae.484.2","name":"Kōen-Mae (Park)","nameJa":"公園前","routeCount":5,"operator":"Toei"}},{"type":"Feature","geometry":{"type":"Point","coordinates":[139.8164,35.67245]},"properties":{"stopId":"Toei.KotoKuyakusho.491.1","name":"Kōtō-Kuyakusho (Kōtō City Office)","nameJa":"江東区役所前","routeCount":5,"operator":"Toei"}},{"type":"Feature","geometry":{"type":"Point","coordinates":[139.80998,35.69512]},"properties":{"stopId":"Toei.Kotobashi.494.2","name":"Kōtōbashi","nameJa":"江東橋","routeCount":5,"operator":"Toei"}},{"type":"Feature","geometry":{"type":"Point","coordinates":[139.78107,35.71171]},"properties":{"stopId":"Toei.ShitayaJinja.601.2","name":"Shitaya-Jinja (Shitaya-Jinja Shrine)","nameJa":"下谷神社前","routeCount":5,"operator":"Toei"}},{"type":"Feature","geometry":{"type":"Point","coordinates":[139.75744,35.73031]},"properties":{"stopId":"Toei.KomagomeByoin.545.3","name":"Komagome-Byōin (Komagome Hp.)","nameJa":"駒込病院前","routeCount":5,"operator":"Toei"}},{"type":"Feature","geometry":{"type":"Point","coordinates":[139.86489,35.71948]},"properties":{"stopId":"Toei.KomatsuChugakko.553.1","name":"Komatsu-Chūgakkō","nameJa":"小松中学校前","routeCount":5,"operator":"Toei"}},{"type":"Feature","geometry":{"type":"Point","coordinates":[139.87132,35.6756]},"properties":{"stopId":"Toei.Sankaku.579.1","name":"Sankaku","nameJa":"三角","routeCount":5,"operator":"Toei"}},{"type":"Feature","geometry":{"type":"Point","coordinates":[139.73696,35.64952]},"properties":{"stopId":"Toei.Sannohashi.587.2","name":"Sannohashi","nameJa":"三ノ橋","routeCount":5,"operator":"Toei"}},{"type":"Feature","geometry":{"type":"Point","coordinates":[139.80558,35.66351]},"properties":{"stopId":"Toei.Shiohamabashi.592.2","name":"Shiohamabashi","nameJa":"塩浜橋","routeCount":5,"operator":"Toei"}},{"type":"Feature","geometry":{"type":"Point","coordinates":[139.74152,35.62845]},"properties":{"stopId":"Toei.ShinagawaStationKonanguchi.605.1","name":"Shinagawa Sta. Kōnanguchi (Kōnan Exit)","nameJa":"品川駅港南口","routeCount":5,"operator":"Toei"}},{"type":"Feature","geometry":{"type":"Point","coordinates":[139.73623,35.62903]},"properties":{"stopId":"Toei.ShinagawaStationTakanawaguchi.606.3","name":"Shinagawa Sta. Takanawaguchi (Takanawa Exit)","nameJa":"品川駅高輪口","routeCount":5,"operator":"Toei"}},{"type":"Feature","geometry":{"type":"Point","coordinates":[139.74071,35.62254]},"properties":{"stopId":"Toei.ShinagawaShako.608.1","name":"Shinagawa-Shako","nameJa":"品川車庫前","routeCount":5,"operator":"Toei"}},{"type":"Feature","geometry":{"type":"Point","coordinates":[139.80318,35.78239]},"properties":{"stopId":"Toei.Shimanecho.642.2","name":"Shimanechō","nameJa":"島根町","routeCount":5,"operator":"Toei"}},{"type":"Feature","geometry":{"type":"Point","coordinates":[139.86588,35.7201]},"properties":{"stopId":"Toei.ShimoKomatsubashi.650.2","name":"Shimo-Komatsubashi","nameJa":"下小松橋","routeCount":5,"operator":"Toei"}},{"type":"Feature","geometry":{"type":"Point","coordinates":[139.7613,35.74166]},"properties":{"stopId":"Toei.ShimoTabata.652.1","name":"Shimo-Tabata","nameJa":"下田端","routeCount":5,"operator":"Toei"}},{"type":"Feature","geometry":{"type":"Point","coordinates":[139.76076,35.74094]},"properties":{"stopId":"Toei.ShimoTabata.652.2","name":"Shimo-Tabata","nameJa":"下田端","routeCount":5,"operator":"Toei"}},{"type":"Feature","geometry":{"type":"Point","coordinates":[139.80641,35.6829]},"properties":{"stopId":"Toei.Shirakawa.675.3","name":"Shirakawa","nameJa":"白河","routeCount":5,"operator":"Toei"}},{"type":"Feature","geometry":{"type":"Point","coordinates":[139.8066,35.68313]},"properties":{"stopId":"Toei.Shirakawa.675.4","name":"Shirakawa","nameJa":"白河","routeCount":5,"operator":"Toei"}},{"type":"Feature","geometry":{"type":"Point","coordinates":[139.72844,35.63654]},"properties":{"stopId":"Toei.ShirokaneShogakko.683.2","name":"Shirokane-Shōgakkō","nameJa":"白金小学校前","routeCount":5,"operator":"Toei"}},{"type":"Feature","geometry":{"type":"Point","coordinates":[139.72972,35.72657]},"properties":{"stopId":"Toei.ShinOtsuka.685.2","name":"Shin-Ōtsuka","nameJa":"新大塚","routeCount":5,"operator":"Toei"}},{"type":"Feature","geometry":{"type":"Point","coordinates":[139.85782,35.71829]},"properties":{"stopId":"Toei.ShinKoiwaStationKitaguchi.695.9","name":"Shin-Koiwa Sta. Kitaguchi","nameJa":"新小岩駅北口","routeCount":5,"operator":"Toei"}},{"type":"Feature","geometry":{"type":"Point","coordinates":[139.86115,35.71757]},"properties":{"stopId":"Toei.ShinkoiwaNichome.698.2","name":"Shinkoiwa-Nichōme (Shinkoiwa 2)","nameJa":"新小岩二丁目","routeCount":5,"operator":"Toei"}},{"type":"Feature","geometry":{"type":"Point","coordinates":[139.73148,35.74083]},"properties":{"stopId":"Toei.ShinKoshinzuka.700.2","name":"Shin-Kōshinzuka","nameJa":"新庚申塚","routeCount":5,"operator":"Toei"}},{"type":"Feature","geometry":{"type":"Point","coordinates":[139.69895,35.69223]},"properties":{"stopId":"Toei.ShinjukuStationNishiguchi.702.4","name":"Shinjuku Sta. Nishiguchi (West Exit)","nameJa":"新宿駅西口","routeCount":5,"operator":"Toei"}},{"type":"Feature","geometry":{"type":"Point","coordinates":[139.6984,35.69169]},"properties":{"stopId":"Toei.ShinjukuStationNishiguchi.702.10","name":"Shinjuku Sta. Nishiguchi (West Exit)","nameJa":"新宿駅西口","routeCount":5,"operator":"Toei"}},{"type":"Feature","geometry":{"type":"Point","coordinates":[139.75907,35.6673]},"properties":{"stopId":"Toei.Shimbashi.736.3","name":"Shimbashi","nameJa":"新橋","routeCount":5,"operator":"Toei"}},{"type":"Feature","geometry":{"type":"Point","coordinates":[139.742,35.77271]},"properties":{"stopId":"Toei.ShindenNichome.728.2","name":"Shinden-Nichōme (Shinden 2)","nameJa":"新田二丁目","routeCount":5,"operator":"Toei"}},{"type":"Feature","geometry":{"type":"Point","coordinates":[139.7494,35.62135]},"properties":{"stopId":"Toei.Shintokaibashi.730.7","name":"Shintōkaibashi","nameJa":"新東海橋","routeCount":5,"operator":"Toei"}},{"type":"Feature","geometry":{"type":"Point","coordinates":[139.76085,35.7564]},"properties":{"stopId":"Toei.OdaiNichome.745.1","name":"Odai-Nichōme (Odai 2)","nameJa":"小台二丁目","routeCount":5,"operator":"Toei"}},{"type":"Feature","geometry":{"type":"Point","coordinates":[139.76042,35.75627]},"properties":{"stopId":"Toei.OdaiNichome.745.2","name":"Odai-Nichōme (Odai 2)","nameJa":"小台二丁目","routeCount":5,"operator":"Toei"}},{"type":"Feature","geometry":{"type":"Point","coordinates":[139.81743,35.70817]},"properties":{"stopId":"Toei.Jukkembashi.751.1","name":"Jukkembashi","nameJa":"十間橋","routeCount":5,"operator":"Toei"}},{"type":"Feature","geometry":{"type":"Point","coordinates":[139.76178,35.70298]},"properties":{"stopId":"Toei.JuntendoByoin.754.1","name":"Juntendō-Byōin (Juntendo Univ. Hp.)","nameJa":"順天堂病院前","routeCount":5,"operator":"Toei"}},{"type":"Feature","geometry":{"type":"Point","coordinates":[139.86729,35.67862]},"properties":{"stopId":"Toei.Jinyabashi.763.1","name":"Jinyabashi","nameJa":"陣屋橋","routeCount":5,"operator":"Toei"}},{"type":"Feature","geometry":{"type":"Point","coordinates":[139.8669,35.679]},"properties":{"stopId":"Toei.Jinyabashi.763.2","name":"Jinyabashi","nameJa":"陣屋橋","routeCount":5,"operator":"Toei"}},{"type":"Feature","geometry":{"type":"Point","coordinates":[139.76868,35.7122]},"properties":{"stopId":"Toei.IkenohataItchome.767.2","name":"Ikenohata-Itchōme (Ikenohata 1)","nameJa":"池之端一丁目","routeCount":5,"operator":"Toei"}},{"type":"Feature","geometry":{"type":"Point","coordinates":[139.73343,35.73865]},"properties":{"stopId":"Toei.SugamoYonchome.776.2","name":"Sugamo-Yonchōme (Sugamo 4)","nameJa":"巣鴨四丁目","routeCount":5,"operator":"Toei"}},{"type":"Feature","geometry":{"type":"Point","coordinates":[139.65448,35.69547]},"properties":{"stopId":"Toei.SesionSuginami.781.2","name":"Sesion Suginami","nameJa":"セシオン杉並前","routeCount":5,"operator":"Toei"}},{"type":"Feature","geometry":{"type":"Point","coordinates":[139.81492,35.68888]},"properties":{"stopId":"Toei.SumiyoshiStation.787.1","name":"Sumiyoshi Sta.","nameJa":"住吉駅前","routeCount":5,"operator":"Toei"}},{"type":"Feature","geometry":{"type":"Point","coordinates":[139.84417,35.69778]},"properties":{"stopId":"Toei.SengenJinja.806.2","name":"Sengen-Jinja (Sengen-Jinja Shrine)","nameJa":"浅間神社","routeCount":5,"operator":"Toei"}},{"type":"Feature","geometry":{"type":"Point","coordinates":[139.80274,35.76477]},"properties":{"stopId":"Toei.SenjuShako.815.2","name":"Senju-Shako","nameJa":"千住車庫前","routeCount":5,"operator":"Toei"}},{"type":"Feature","geometry":{"type":"Point","coordinates":[139.80241,35.76523]},"properties":{"stopId":"Toei.SenjuShako.815.4","name":"Senju-Shako","nameJa":"千住車庫前","routeCount":5,"operator":"Toei"}},{"type":"Feature","geometry":{"type":"Point","coordinates":[139.73954,35.6071]},"properties":{"stopId":"Toei.Sendaizaka.825.3","name":"Sendaizaka","nameJa":"仙台坂","routeCount":5,"operator":"Toei"}},{"type":"Feature","geometry":{"type":"Point","coordinates":[139.81742,35.70124]},"properties":{"stopId":"Toei.TaiheiYonchome.852.1","name":"Taihei-Yonchōme (Taihei 4)","nameJa":"太平四丁目","routeCount":5,"operator":"Toei"}},{"type":"Feature","geometry":{"type":"Point","coordinates":[139.70413,35.71367]},"properties":{"stopId":"Toei.TakadanobabaStation.855.3","name":"Takadanobaba Sta.","nameJa":"高田馬場駅前","routeCount":5,"operator":"Toei"}},{"type":"Feature","geometry":{"type":"Point","coordinates":[139.69966,35.71228]},"properties":{"stopId":"Toei.TakadanobabaSanchome.858.2","name":"Takadanobaba-Sanchōme (Takadanobaba 3)","nameJa":"高田馬場三丁目","routeCount":5,"operator":"Toei"}},{"type":"Feature","geometry":{"type":"Point","coordinates":[139.6965,35.71147]},"properties":{"stopId":"Toei.TakadanobabaYonchome.859.1","name":"Takadanobaba-Yonchōme (Takadanobaba 4)","nameJa":"高田馬場四丁目","routeCount":5,"operator":"Toei"}},{"type":"Feature","geometry":{"type":"Point","coordinates":[139.69699,35.71152]},"properties":{"stopId":"Toei.TakadanobabaYonchome.859.2","name":"Takadanobaba-Yonchōme (Takadanobaba 4)","nameJa":"高田馬場四丁目","routeCount":5,"operator":"Toei"}},{"type":"Feature","geometry":{"type":"Point","coordinates":[139.71704,35.71736]},"properties":{"stopId":"Toei.TakadaItchome.860.2","name":"Takada-Itchōme (Takada 1)","nameJa":"高田一丁目","routeCount":5,"operator":"Toei"}},{"type":"Feature","geometry":{"type":"Point","coordinates":[139.73293,35.63528]},"properties":{"stopId":"Toei.TakanawaKeisatsusho.864.2","name":"Takanawa-Keisatsusho (Takanawa Police Station)","nameJa":"高輪警察署前","routeCount":5,"operator":"Toei"}},{"type":"Feature","geometry":{"type":"Point","coordinates":[139.73768,35.64131]},"properties":{"stopId":"Toei.TakanawaItchome.866.4","name":"Takanawa-Itchōme (Takanawa 1)","nameJa":"高輪一丁目","routeCount":5,"operator":"Toei"}},{"type":"Feature","geometry":{"type":"Point","coordinates":[139.73261,35.63386]},"properties":{"stopId":"Toei.TakanawaSanchome.868.2","name":"Takanawa-Sanchōme (Takanawa 3)","nameJa":"高輪三丁目","routeCount":5,"operator":"Toei"}},{"type":"Feature","geometry":{"type":"Point","coordinates":[139.73233,35.62994]},"properties":{"stopId":"Toei.GrandPrinceHotelShinTakanawa.869.3","name":"Grand Prince Hotel Shin-Takanawa","nameJa":"グランドプリンスホテル新高輪前","routeCount":5,"operator":"Toei"}},{"type":"Feature","geometry":{"type":"Point","coordinates":[139.8124,35.64809]},"properties":{"stopId":"Toei.TatsumiDanchi.887.3","name":"Tatsumi-Danchi","nameJa":"辰巳団地","routeCount":5,"operator":"Toei"}},{"type":"Feature","geometry":{"type":"Point","coordinates":[139.85816,35.72021]},"properties":{"stopId":"Toei.Tatsumibashi.889.2","name":"Tatsumibashi","nameJa":"巽橋","routeCount":5,"operator":"Toei"}},{"type":"Feature","geometry":{"type":"Point","coordinates":[139.80564,35.69161]},"properties":{"stopId":"Toei.Tatekawa.892.1","name":"Tatekawa","nameJa":"立川","routeCount":5,"operator":"Toei"}},{"type":"Feature","geometry":{"type":"Point","coordinates":[139.76071,35.73875]},"properties":{"stopId":"Toei.TabataStation.898.2","name":"Tabata Sta.","nameJa":"田端駅前","routeCount":5,"operator":"Toei"}},{"type":"Feature","geometry":{"type":"Point","coordinates":[139.76283,35.74338]},"properties":{"stopId":"Toei.TabataShimmachiSanchome.902.2","name":"Tabata-Shimmachi-Sanchōme (Tabata-Shimmachi 3)","nameJa":"田端新町三丁目","routeCount":5,"operator":"Toei"}},{"type":"Feature","geometry":{"type":"Point","coordinates":[139.76298,35.74339]},"properties":{"stopId":"Toei.TabataShimmachiSanchome.902.3","name":"Tabata-Shimmachi-Sanchōme (Tabata-Shimmachi 3)","nameJa":"田端新町三丁目","routeCount":5,"operator":"Toei"}},{"type":"Feature","geometry":{"type":"Point","coordinates":[139.84528,35.68833]},"properties":{"stopId":"Toei.DaigoOjimaShogakko.911.2","name":"Daigo-Ōjima-Shōgakkō","nameJa":"第五大島小学校前","routeCount":5,"operator":"Toei"}},{"type":"Feature","geometry":{"type":"Point","coordinates":[139.84366,35.6786]},"properties":{"stopId":"Toei.DainanaSunamachiShogakko.917.1","name":"Dainana-Sunamachi-Shōgakkō","nameJa":"第七砂町小学校前","routeCount":5,"operator":"Toei"}},{"type":"Feature","geometry":{"type":"Point","coordinates":[139.74524,35.61965]},"properties":{"stopId":"Toei.Tennozubashi.960.1","name":"Tennōzubashi","nameJa":"天王洲橋","routeCount":5,"operator":"Toei"}},{"type":"Feature","geometry":{"type":"Point","coordinates":[139.76833,35.67984]},"properties":{"stopId":"Toei.TokyoStationYaesuguchi.967.1","name":"Tokyo Sta. Yaesuguchi(Yaesu Exit)","nameJa":"東京駅八重洲口","routeCount":5,"operator":"Toei"}},{"type":"Feature","geometry":{"type":"Point","coordinates":[139.79333,35.66728]},"properties":{"stopId":"Toei.TokyoKaiyoDaigakuEtchujimaKosha.969.2","name":"Tokyo Kaiyō-Daigaku-Etchūjima-Kōsha (Tokyo Univ. Of Marine Science and Technology)","nameJa":"東京海洋大学越中島校舎前","routeCount":5,"operator":"Toei"}},{"type":"Feature","geometry":{"type":"Point","coordinates":[139.71991,35.69742]},"properties":{"stopId":"Toei.TokyoJoshiIdai.971.2","name":"Tokyo Joshi-Idai (Tokyo Women's Medical Univ.)","nameJa":"東京女子医大前","routeCount":5,"operator":"Toei"}},{"type":"Feature","geometry":{"type":"Point","coordinates":[139.79808,35.71136]},"properties":{"stopId":"Toei.TobuAsakusaStation.984.3","name":"Tōbu-Asakusa Sta.","nameJa":"東武浅草駅前","routeCount":5,"operator":"Toei"}},{"type":"Feature","geometry":{"type":"Point","coordinates":[139.79835,35.71138]},"properties":{"stopId":"Toei.TobuAsakusaStation.984.5","name":"Tōbu-Asakusa Sta.","nameJa":"東武浅草駅前","routeCount":5,"operator":"Toei"}},{"type":"Feature","geometry":{"type":"Point","coordinates":[139.81581,35.66942]},"properties":{"stopId":"Toei.ToyochoStation.989.6","name":"Tōyōchō Sta.","nameJa":"東陽町駅前","routeCount":5,"operator":"Toei"}},{"type":"Feature","geometry":{"type":"Point","coordinates":[139.81106,35.66747]},"properties":{"stopId":"Toei.ToyoItchome.990.2","name":"Tōyō-Itchōme (Tōyō 1)","nameJa":"東陽一丁目","routeCount":5,"operator":"Toei"}},{"type":"Feature","geometry":{"type":"Point","coordinates":[139.84656,35.69851]},"properties":{"stopId":"Toei.NakagawaShimbashi.1072.2","name":"Nakagawa-Shimbashi","nameJa":"中川新橋","routeCount":5,"operator":"Toei"}},{"type":"Feature","geometry":{"type":"Point","coordinates":[139.73088,35.72355]},"properties":{"stopId":"Toei.OtsukaYonchome.1046.2","name":"Ōtsuka-Yonchōme (Ōtsuka 4)","nameJa":"大塚四丁目","routeCount":5,"operator":"Toei"}},{"type":"Feature","geometry":{"type":"Point","coordinates":[139.74699,35.6076]},"properties":{"stopId":"Toei.ToritsuSangyoGijutsuKosenShinagawaCampus.1048.2","name":"Toritsu-Sangyō-Gijutsu-Kōsen-Shinagawa Campus","nameJa":"都立産業技術高専品川キャンパス前","routeCount":5,"operator":"Toei"}},{"type":"Feature","geometry":{"type":"Point","coordinates":[139.79682,35.66431]},"properties":{"stopId":"Toei.ToritsuSansho.1050.1","name":"Toritsu-Sanshō","nameJa":"都立三商前","routeCount":5,"operator":"Toei"}},{"type":"Feature","geometry":{"type":"Point","coordinates":[139.75842,35.73186]},"properties":{"stopId":"Toei.DozakaShita.1057.1","name":"Dōzaka-Shita","nameJa":"動坂下","routeCount":5,"operator":"Toei"}},{"type":"Feature","geometry":{"type":"Point","coordinates":[139.75815,35.73174]},"properties":{"stopId":"Toei.DozakaShita.1057.4","name":"Dōzaka-Shita","nameJa":"動坂下","routeCount":5,"operator":"Toei"}},{"type":"Feature","geometry":{"type":"Point","coordinates":[139.72463,35.65986]},"properties":{"stopId":"Toei.NishiAzabu.1130.3","name":"Nishi-Azabu","nameJa":"西麻布","routeCount":5,"operator":"Toei"}},{"type":"Feature","geometry":{"type":"Point","coordinates":[139.79943,35.72935]},"properties":{"stopId":"Toei.Namidabashi.1115.3","name":"Namidabashi","nameJa":"泪橋","routeCount":5,"operator":"Toei"}},{"type":"Feature","geometry":{"type":"Point","coordinates":[139.72239,35.65976]},"properties":{"stopId":"Toei.NishiAzabu.1130.1","name":"Nishi-Azabu","nameJa":"西麻布","routeCount":5,"operator":"Toei"}},{"type":"Feature","geometry":{"type":"Point","coordinates":[139.79005,35.77676]},"properties":{"stopId":"Toei.NishiaraiStation.1132.4","name":"Nishiarai Sta.","nameJa":"西新井駅前","routeCount":5,"operator":"Toei"}},{"type":"Feature","geometry":{"type":"Point","coordinates":[139.78854,35.77842]},"properties":{"stopId":"Toei.NishiaraiRikkyo.1133.1","name":"Nishiarai-Rikkyō","nameJa":"西新井陸橋","routeCount":5,"operator":"Toei"}},{"type":"Feature","geometry":{"type":"Point","coordinates":[139.76277,35.7467]},"properties":{"stopId":"Toei.NishiOguNichome.1141.1","name":"Nishi-Ogu-Nichōme (Nishi-Ogu 2)","nameJa":"西尾久二丁目","routeCount":5,"operator":"Toei"}},{"type":"Feature","geometry":{"type":"Point","coordinates":[139.76282,35.74705]},"properties":{"stopId":"Toei.NishiOguNichome.1141.2","name":"Nishi-Ogu-Nichōme (Nishi-Ogu 2)","nameJa":"西尾久二丁目","routeCount":5,"operator":"Toei"}},{"type":"Feature","geometry":{"type":"Point","coordinates":[139.76223,35.75269]},"properties":{"stopId":"Toei.NishiOguSanchome.1142.1","name":"Nishi-Ogu-Sanchōme (Nishi-Ogu 3)","nameJa":"西尾久三丁目","routeCount":5,"operator":"Toei"}},{"type":"Feature","geometry":{"type":"Point","coordinates":[139.76197,35.75219]},"properties":{"stopId":"Toei.NishiOguSanchome.1142.2","name":"Nishi-Ogu-Sanchōme (Nishi-Ogu 3)","nameJa":"西尾久三丁目","routeCount":5,"operator":"Toei"}},{"type":"Feature","geometry":{"type":"Point","coordinates":[139.81153,35.66392]},"properties":{"stopId":"Toei.FukagawaDaihachiChugakko.1363.1","name":"Fukagawa-Daihachi-Chūgakkō","nameJa":"深川第八中学校前","routeCount":5,"operator":"Toei"}},{"type":"Feature","geometry":{"type":"Point","coordinates":[139.8592,35.66422]},"properties":{"stopId":"Toei.NishiKasaiStation.1146.2","name":"Nishi-Kasai Sta.","nameJa":"西葛西駅前","routeCount":5,"operator":"Toei"}},{"type":"Feature","geometry":{"type":"Point","coordinates":[139.72864,35.74387]},"properties":{"stopId":"Toei.NishiSugamo.1162.3","name":"Nishi-Sugamo","nameJa":"西巣鴨","routeCount":5,"operator":"Toei"}},{"type":"Feature","geometry":{"type":"Point","coordinates":[139.72304,35.65517]},"properties":{"stopId":"Toei.NissekiIryoCenterShita.1176.1","name":"Nisseki-Iryō Center Shita (Japanese Red Cross Medical Center)","nameJa":"日赤医療センター下","routeCount":5,"operator":"Toei"}},{"type":"Feature","geometry":{"type":"Point","coordinates":[139.73678,35.65199]},"properties":{"stopId":"Toei.Ninohashi.1180.4","name":"Ninohashi","nameJa":"二ノ橋","routeCount":5,"operator":"Toei"}},{"type":"Feature","geometry":{"type":"Point","coordinates":[139.72023,35.71612]},"properties":{"stopId":"Toei.NihonJoshiDai.1183.4","name":"Nihon-Joshi-Dai (Japan Women's Univ.)","nameJa":"日本女子大前","routeCount":5,"operator":"Toei"}},{"type":"Feature","geometry":{"type":"Point","coordinates":[139.8459,35.6901]},"properties":{"stopId":"Toei.HigashiOjimaStation.1273.1","name":"Higashi-Ōjima Sta.","nameJa":"東大島駅前","routeCount":5,"operator":"Toei"}},{"type":"Feature","geometry":{"type":"Point","coordinates":[139.80041,35.71368]},"properties":{"stopId":"Toei.Hanakawado.1233.1","name":"Hanakawado","nameJa":"花川戸","routeCount":5,"operator":"Toei"}},{"type":"Feature","geometry":{"type":"Point","coordinates":[139.80087,35.71389]},"properties":{"stopId":"Toei.Hanakawado.1233.2","name":"Hanakawado","nameJa":"花川戸","routeCount":5,"operator":"Toei"}},{"type":"Feature","geometry":{"type":"Point","coordinates":[139.78748,35.68512]},"properties":{"stopId":"Toei.HamachoNakanohashi.1236.3","name":"Hamachō-Nakanohashi","nameJa":"浜町中の橋","routeCount":5,"operator":"Toei"}},{"type":"Feature","geometry":{"type":"Point","coordinates":[139.78552,35.65804]},"properties":{"stopId":"Toei.HarumiItchome.1252.3","name":"Harumi-Itchōme (Harumi 1)","nameJa":"晴海一丁目","routeCount":5,"operator":"Toei"}},{"type":"Feature","geometry":{"type":"Point","coordinates":[139.78364,35.6563]},"properties":{"stopId":"Toei.HarumiKuminkan.1248.1","name":"Harumi-Kuminkan (Harumi Civic Center)","nameJa":"晴海区民館前","routeCount":5,"operator":"Toei"}},{"type":"Feature","geometry":{"type":"Point","coordinates":[139.78387,35.65693]},"properties":{"stopId":"Toei.HarumiKuminkan.1248.2","name":"Harumi-Kuminkan (Harumi Civic Center)","nameJa":"晴海区民館前","routeCount":5,"operator":"Toei"}},{"type":"Feature","geometry":{"type":"Point","coordinates":[139.77505,35.65094]},"properties":{"stopId":"Toei.Harumirai.1250.1","name":"Harumirai","nameJa":"はるみらい前","routeCount":5,"operator":"Toei"}},{"type":"Feature","geometry":{"type":"Point","coordinates":[139.77946,35.65396]},"properties":{"stopId":"Toei.HotelMarinersCourtTokyo.1251.1","name":"Hotel Mariners' Court Tokyo","nameJa":"ホテルマリナーズコート東京前","routeCount":5,"operator":"Toei"}},{"type":"Feature","geometry":{"type":"Point","coordinates":[139.78215,35.65577]},"properties":{"stopId":"Toei.HarumiSanchome.1253.1","name":"Harumi-Sanchōme (Harumi 3)","nameJa":"晴海三丁目","routeCount":5,"operator":"Toei"}},{"type":"Feature","geometry":{"type":"Point","coordinates":[139.7428,35.62047]},"properties":{"stopId":"Toei.HigashiShinagawaItchome.1286.2","name":"Higashi-Shinagawa-Itchōme (Higashi-Shinagawa 1)","nameJa":"東品川一丁目","routeCount":5,"operator":"Toei"}},{"type":"Feature","geometry":{"type":"Point","coordinates":[139.71574,35.72816]},"properties":{"stopId":"Toei.HigashiIkebukuroItchome.1264.1","name":"Higashi-Ikebukuro-Itchōme (Toshima City Office)","nameJa":"東池袋一丁目","routeCount":5,"operator":"Toei"}},{"type":"Feature","geometry":{"type":"Point","coordinates":[139.78451,35.71109]},"properties":{"stopId":"Toei.HigashiUenoRokuchome.1268.1","name":"Higashi-Ueno-Rokuchōme (Higashi-Ueno 6)","nameJa":"東上野六丁目","routeCount":5,"operator":"Toei"}},{"type":"Feature","geometry":{"type":"Point","coordinates":[139.76968,35.74648]},"properties":{"stopId":"Toei.HigashiOguGochome.1274.1","name":"Higashi-Ogu-Gochōme (Higashi-Ogu 5)","nameJa":"東尾久五丁目","routeCount":5,"operator":"Toei"}},{"type":"Feature","geometry":{"type":"Point","coordinates":[139.86049,35.72186]},"properties":{"stopId":"Toei.HigashiShinKoiwaItchome.1289.2","name":"Higashi-Shin-Koiwa-Itchōme (Higashi-Shin-Koiwa 1)","nameJa":"東新小岩一丁目","routeCount":5,"operator":"Toei"}},{"type":"Feature","geometry":{"type":"Point","coordinates":[139.86207,35.72296]},"properties":{"stopId":"Toei.HigashiShinKoiwaSanchome.1290.2","name":"Higashi-Shin-Koiwa-Sanchōme (Higashi-Shin-Koiwa 3)","nameJa":"東新小岩三丁目","routeCount":5,"operator":"Toei"}},{"type":"Feature","geometry":{"type":"Point","coordinates":[139.77527,35.72866]},"properties":{"stopId":"Toei.HigashiNipporiGochome.1310.2","name":"Higashi-Nippori-Gochōme (Higashi-Nippori 5)","nameJa":"東日暮里五丁目","routeCount":5,"operator":"Toei"}},{"type":"Feature","geometry":{"type":"Point","coordinates":[139.86607,35.72483]},"properties":{"stopId":"Toei.HigashiShinKoiwaYonchome.1291.1","name":"Higashi-Shin-Koiwa-Yonchōme (Higashi-Shin-Koiwa 4)","nameJa":"東新小岩四丁目","routeCount":5,"operator":"Toei"}},{"type":"Feature","geometry":{"type":"Point","coordinates":[139.84483,35.68381]},"properties":{"stopId":"Toei.HigashisunaNichome.1293.1","name":"Higashisuna-Nichōme (Higashisuna 2)","nameJa":"東砂二丁目","routeCount":5,"operator":"Toei"}},{"type":"Feature","geometry":{"type":"Point","coordinates":[139.84443,35.68189]},"properties":{"stopId":"Toei.HigashisunaSanchome.1294.1","name":"Higashisuna-Sanchōme (Higashisuna 3)","nameJa":"東砂三丁目","routeCount":5,"operator":"Toei"}},{"type":"Feature","geometry":{"type":"Point","coordinates":[139.84299,35.67568]},"properties":{"stopId":"Toei.HigashisunaGochome.1296.2","name":"Higashisuna-Gochōme (Higashisuna 5)","nameJa":"東砂五丁目","routeCount":5,"operator":"Toei"}},{"type":"Feature","geometry":{"type":"Point","coordinates":[139.77887,35.72918]},"properties":{"stopId":"Toei.HigashiNipporiSanchome.1308.1","name":"Higashi-Nippori-Sanchōme (Higashi-Nippori 3)","nameJa":"東日暮里三丁目","routeCount":5,"operator":"Toei"}},{"type":"Feature","geometry":{"type":"Point","coordinates":[139.72235,35.64999]},"properties":{"stopId":"Toei.HirooStation.1357.2","name":"Hiroo Sta.","nameJa":"広尾駅前（広尾橋）","routeCount":5,"operator":"Toei"}},{"type":"Feature","geometry":{"type":"Point","coordinates":[139.77747,35.72875]},"properties":{"stopId":"Toei.HigashiNipporiSanchome.1308.4","name":"Higashi-Nippori-Sanchōme (Higashi-Nippori 3)","nameJa":"東日暮里三丁目","routeCount":5,"operator":"Toei"}},{"type":"Feature","geometry":{"type":"Point","coordinates":[139.72682,35.63811]},"properties":{"stopId":"Toei.ShirokanedaiStation.1340.2","name":"Shirokanedai Sta.","nameJa":"白金台駅前","routeCount":5,"operator":"Toei"}},{"type":"Feature","geometry":{"type":"Point","coordinates":[139.80144,35.7928]},"properties":{"stopId":"Toei.HokimaNakadori.1392.2","name":"Hokima-Nakadōri","nameJa":"保木間仲通り","routeCount":5,"operator":"Toei"}},{"type":"Feature","geometry":{"type":"Point","coordinates":[139.80266,35.79234]},"properties":{"stopId":"Toei.HokimaItchome.1393.2","name":"Hokima-Itchōme (Hokima 1)","nameJa":"保木間一丁目","routeCount":5,"operator":"Toei"}},{"type":"Feature","geometry":{"type":"Point","coordinates":[139.65436,35.69236]},"properties":{"stopId":"Toei.Horinouchi.1398.1","name":"Horinouchi","nameJa":"堀ノ内","routeCount":5,"operator":"Toei"}},{"type":"Feature","geometry":{"type":"Point","coordinates":[139.65498,35.68888]},"properties":{"stopId":"Toei.HorinouchiNichome.1399.1","name":"Horinouchi-Nichōme (Horinouchi 2)","nameJa":"杏林大学杉並病院前","routeCount":5,"operator":"Toei"}},{"type":"Feature","geometry":{"type":"Point","coordinates":[139.80448,35.7061]},"properties":{"stopId":"Toei.HigashiKomagataSanchome.1415.1","name":"Higashi-Komagata-Sanchōme (Higashi-Komagata 3)","nameJa":"東駒形三丁目","routeCount":5,"operator":"Toei"}},{"type":"Feature","geometry":{"type":"Point","coordinates":[139.8035,35.70844]},"properties":{"stopId":"Toei.HonjoAzumabashi.1414.4","name":"Honjo-Azumabashi","nameJa":"本所吾妻橋","routeCount":5,"operator":"Toei"}},{"type":"Feature","geometry":{"type":"Point","coordinates":[139.79705,35.70285]},"properties":{"stopId":"Toei.HonjoItchome.1416.1","name":"Honjo-Itchōme (Honjo 1)","nameJa":"本所一丁目","routeCount":5,"operator":"Toei"}},{"type":"Feature","geometry":{"type":"Point","coordinates":[139.79683,35.70301]},"properties":{"stopId":"Toei.HonjoItchome.1416.4","name":"Honjo-Itchōme (Honjo 1)","nameJa":"本所一丁目","routeCount":5,"operator":"Toei"}},{"type":"Feature","geometry":{"type":"Point","coordinates":[139.80463,35.7043]},"properties":{"stopId":"Toei.HonjoYonchome.1418.2","name":"Honjo-Yonchōme (Honjo 4)","nameJa":"本所四丁目","routeCount":5,"operator":"Toei"}},{"type":"Feature","geometry":{"type":"Point","coordinates":[139.83711,35.73772]},"properties":{"stopId":"Toei.KatsushikaKeisatsusho.1422.1","name":"Katsushika-Keisatsusho (Katsushika Police Station)","nameJa":"葛飾警察署前","routeCount":5,"operator":"Toei"}},{"type":"Feature","geometry":{"type":"Point","coordinates":[139.83849,35.7394]},"properties":{"stopId":"Toei.KatsushikaKeisatsusho.1422.2","name":"Katsushika-Keisatsusho (Katsushika Police Station)","nameJa":"葛飾警察署前","routeCount":5,"operator":"Toei"}},{"type":"Feature","geometry":{"type":"Point","coordinates":[139.87061,35.69647]},"properties":{"stopId":"Toei.Matsue.1433.1","name":"Matsue","nameJa":"松江","routeCount":5,"operator":"Toei"}},{"type":"Feature","geometry":{"type":"Point","coordinates":[139.87131,35.69584]},"properties":{"stopId":"Toei.Matsue.1433.3","name":"Matsue","nameJa":"松江","routeCount":5,"operator":"Toei"}},{"type":"Feature","geometry":{"type":"Point","coordinates":[139.77875,35.73331]},"properties":{"stopId":"Toei.MikawashimaStation.1442.1","name":"Mikawashima Sta.","nameJa":"三河島駅前","routeCount":5,"operator":"Toei"}},{"type":"Feature","geometry":{"type":"Point","coordinates":[139.77858,35.7328]},"properties":{"stopId":"Toei.MikawashimaStation.1442.2","name":"Mikawashima Sta.","nameJa":"三河島駅前","routeCount":5,"operator":"Toei"}},{"type":"Feature","geometry":{"type":"Point","coordinates":[139.79848,35.69451]},"properties":{"stopId":"Toei.MidoriItchome.1458.4","name":"Midori-Itchōme (Midori 1)","nameJa":"緑一丁目","routeCount":5,"operator":"Toei"}},{"type":"Feature","geometry":{"type":"Point","coordinates":[139.80099,35.69459]},"properties":{"stopId":"Toei.MidoriNichome.1459.1","name":"Midori-Nichōme (Midori 2)","nameJa":"緑二丁目","routeCount":5,"operator":"Toei"}},{"type":"Feature","geometry":{"type":"Point","coordinates":[139.80471,35.69487]},"properties":{"stopId":"Toei.MidoriSanchome.1460.1","name":"Midori-Sanchōme (Midori 3)","nameJa":"緑三丁目","routeCount":5,"operator":"Toei"}},{"type":"Feature","geometry":{"type":"Point","coordinates":[139.80537,35.69536]},"properties":{"stopId":"Toei.MidoriSanchome.1460.2","name":"Midori-Sanchōme (Midori 3)","nameJa":"緑三丁目","routeCount":5,"operator":"Toei"}},{"type":"Feature","geometry":{"type":"Point","coordinates":[139.71144,35.72591]},"properties":{"stopId":"Toei.MinamiIkebukuroSanchome.1470.1","name":"Minami-Ikebukuro-Sanchōme (Minami-Ikebukuro 3)","nameJa":"南池袋三丁目","routeCount":5,"operator":"Toei"}},{"type":"Feature","geometry":{"type":"Point","coordinates":[139.71238,35.72731]},"properties":{"stopId":"Toei.MinamiIkebukuroSanchome.1470.2","name":"Minami-Ikebukuro-Sanchōme (Minami-Ikebukuro 3)","nameJa":"南池袋三丁目","routeCount":5,"operator":"Toei"}},{"type":"Feature","geometry":{"type":"Point","coordinates":[139.87502,35.6471]},"properties":{"stopId":"Toei.MinamiKasaiShogakko.1472.1","name":"Minami-Kasai-Shōgakkō","nameJa":"南葛西小学校前","routeCount":5,"operator":"Toei"}},{"type":"Feature","geometry":{"type":"Point","coordinates":[139.87475,35.64703]},"properties":{"stopId":"Toei.MinamiKasaiShogakko.1472.2","name":"Minami-Kasai-Shōgakkō","nameJa":"南葛西小学校前","routeCount":5,"operator":"Toei"}},{"type":"Feature","geometry":{"type":"Point","coordinates":[139.79106,35.72942]},"properties":{"stopId":"Toei.MinowaStation.1493.1","name":"Minowa Sta.","nameJa":"三ノ輪駅前","routeCount":5,"operator":"Toei"}},{"type":"Feature","geometry":{"type":"Point","coordinates":[139.75674,35.76058]},"properties":{"stopId":"Toei.MiyagiShogakko.1497.2","name":"Miyagi-Shōgakkō","nameJa":"宮城小学校前","routeCount":5,"operator":"Toei"}},{"type":"Feature","geometry":{"type":"Point","coordinates":[139.7572,35.75753]},"properties":{"stopId":"Toei.MiyagiToeiJutaku.1498.1","name":"Miyagi-Toei-Jūtaku","nameJa":"宮城都営住宅前","routeCount":5,"operator":"Toei"}},{"type":"Feature","geometry":{"type":"Point","coordinates":[139.75608,35.76156]},"properties":{"stopId":"Toei.MiyagiNichome.1500.4","name":"Miyagi-Nichōme (Miyagi 2)","nameJa":"宮城二丁目","routeCount":5,"operator":"Toei"}},{"type":"Feature","geometry":{"type":"Point","coordinates":[139.79684,35.64284]},"properties":{"stopId":"Toei.MiyakobashiJutaku.1502.1","name":"Miyakobashi-Jūtaku","nameJa":"都橋住宅前","routeCount":5,"operator":"Toei"}},{"type":"Feature","geometry":{"type":"Point","coordinates":[139.80698,35.67874]},"properties":{"stopId":"Toei.TokyotoGendaiBijutsukan.1510.1","name":"Tokyoto-Gendai-Bijutsukan (MUSEUM OF CONTEMPORARY ART TOKYO)","nameJa":"東京都現代美術館前","routeCount":5,"operator":"Toei"}},{"type":"Feature","geometry":{"type":"Point","coordinates":[139.80665,35.67967]},"properties":{"stopId":"Toei.TokyotoGendaiBijutsukan.1510.2","name":"Tokyoto-Gendai-Bijutsukan (MUSEUM OF CONTEMPORARY ART TOKYO)","nameJa":"東京都現代美術館前","routeCount":5,"operator":"Toei"}},{"type":"Feature","geometry":{"type":"Point","coordinates":[139.72994,35.63596]},"properties":{"stopId":"Toei.MeijiGakuin.1520.3","name":"Meiji-Gakuin (Meiji Gakuin Univ.)","nameJa":"明治学院前","routeCount":5,"operator":"Toei"}},{"type":"Feature","geometry":{"type":"Point","coordinates":[139.70654,35.72165]},"properties":{"stopId":"Toei.MejiroStation.1529.2","name":"Mejiro Sta.","nameJa":"目白駅前","routeCount":5,"operator":"Toei"}},{"type":"Feature","geometry":{"type":"Point","coordinates":[139.70633,35.72193]},"properties":{"stopId":"Toei.MejiroStation.1529.5","name":"Mejiro Sta.","nameJa":"目白駅前","routeCount":5,"operator":"Toei"}},{"type":"Feature","geometry":{"type":"Point","coordinates":[139.70822,35.72096]},"properties":{"stopId":"Toei.MejiroStation.1529.15","name":"Mejiro Sta.","nameJa":"目白駅前","routeCount":5,"operator":"Toei"}},{"type":"Feature","geometry":{"type":"Point","coordinates":[139.72449,35.71521]},"properties":{"stopId":"Toei.MejirodaiSanchome.1531.2","name":"Mejirodai-Sanchōme (Mejirodai 3)","nameJa":"目白台三丁目","routeCount":5,"operator":"Toei"}},{"type":"Feature","geometry":{"type":"Point","coordinates":[139.80621,35.68534]},"properties":{"stopId":"Toei.MorishitaGochome.1542.1","name":"Morishita-Gochōme (Morishita 5)","nameJa":"森下五丁目","routeCount":5,"operator":"Toei"}},{"type":"Feature","geometry":{"type":"Point","coordinates":[139.80641,35.6854]},"properties":{"stopId":"Toei.MorishitaGochome.1542.2","name":"Morishita-Gochōme (Morishita 5)","nameJa":"森下五丁目","routeCount":5,"operator":"Toei"}},{"type":"Feature","geometry":{"type":"Point","coordinates":[139.79574,35.67397]},"properties":{"stopId":"Toei.MonzenNakacho.1544.4","name":"Monzen-Nakachō","nameJa":"門前仲町","routeCount":5,"operator":"Toei"}},{"type":"Feature","geometry":{"type":"Point","coordinates":[139.79357,35.67309]},"properties":{"stopId":"Toei.MonzenNakacho.1544.5","name":"Monzen-Nakachō","nameJa":"門前仲町","routeCount":5,"operator":"Toei"}},{"type":"Feature","geometry":{"type":"Point","coordinates":[139.79778,35.72412]},"properties":{"stopId":"Toei.YoshiwaraOmon.1585.2","name":"Yoshiwara-Ōmon","nameJa":"吉原大門","routeCount":5,"operator":"Toei"}},{"type":"Feature","geometry":{"type":"Point","coordinates":[139.83501,35.73613]},"properties":{"stopId":"Toei.YotsugiShogakko.1587.1","name":"Yotsugi-Shōgakkō","nameJa":"よつぎ小学校前","routeCount":5,"operator":"Toei"}},{"type":"Feature","geometry":{"type":"Point","coordinates":[139.83546,35.73683]},"properties":{"stopId":"Toei.YotsugiShogakko.1587.2","name":"Yotsugi-Shōgakkō","nameJa":"よつぎ小学校前","routeCount":5,"operator":"Toei"}},{"type":"Feature","geometry":{"type":"Point","coordinates":[139.83333,35.73528]},"properties":{"stopId":"Toei.Yotsugibashi.1588.1","name":"Yotsugibashi","nameJa":"四ツ木橋","routeCount":5,"operator":"Toei"}},{"type":"Feature","geometry":{"type":"Point","coordinates":[139.83287,35.73456]},"properties":{"stopId":"Toei.Yotsugibashi.1588.2","name":"Yotsugibashi","nameJa":"四ツ木橋","routeCount":5,"operator":"Toei"}},{"type":"Feature","geometry":{"type":"Point","coordinates":[139.82547,35.72912]},"properties":{"stopId":"Toei.YotsugibashiMinamizume.1589.1","name":"Yotsugibashi-Minamizume","nameJa":"四ツ木橋南詰","routeCount":5,"operator":"Toei"}},{"type":"Feature","geometry":{"type":"Point","coordinates":[139.82613,35.72949]},"properties":{"stopId":"Toei.YotsugibashiMinamizume.1589.2","name":"Yotsugibashi-Minamizume","nameJa":"四ツ木橋南詰","routeCount":5,"operator":"Toei"}},{"type":"Feature","geometry":{"type":"Point","coordinates":[139.71926,35.68767]},"properties":{"stopId":"Toei.YotsuyaSanchome.1595.3","name":"Yotsuya-Sanchōme (Yotsuya 3)","nameJa":"四谷三丁目","routeCount":5,"operator":"Toei"}},{"type":"Feature","geometry":{"type":"Point","coordinates":[139.71655,35.6877]},"properties":{"stopId":"Toei.YotsuyaYonchome.1596.3","name":"Yotsuya-Yonchōme (Yotsuya 4)","nameJa":"四谷四丁目","routeCount":5,"operator":"Toei"}},{"type":"Feature","geometry":{"type":"Point","coordinates":[139.65479,35.69746]},"properties":{"stopId":"Toei.KoenjiRikkyo.1598.1","name":"Kōenji-Rikkyō","nameJa":"高円寺陸橋","routeCount":5,"operator":"Toei"}},{"type":"Feature","geometry":{"type":"Point","coordinates":[139.79106,35.72522]},"properties":{"stopId":"Toei.Ryusen.1599.3","name":"Ryūsen","nameJa":"竜泉","routeCount":5,"operator":"Toei"}},{"type":"Feature","geometry":{"type":"Point","coordinates":[139.79199,35.69526]},"properties":{"stopId":"Toei.RyogokuStation.1601.1","name":"Ryōgoku Sta.","nameJa":"両国駅前","routeCount":5,"operator":"Toei"}},{"type":"Feature","geometry":{"type":"Point","coordinates":[139.79397,35.69902]},"properties":{"stopId":"Toei.KyuYasudaTeien.1602.1","name":"Kyū-Yasuda-Teien","nameJa":"旧安田庭園前","routeCount":5,"operator":"Toei"}},{"type":"Feature","geometry":{"type":"Point","coordinates":[139.80295,35.7886]},"properties":{"stopId":"Toei.Rokugatsucho.1606.1","name":"Rokugatsuchō","nameJa":"六月町","routeCount":5,"operator":"Toei"}},{"type":"Feature","geometry":{"type":"Point","coordinates":[139.72703,35.66069]},"properties":{"stopId":"Toei.EXTheaterRoppongi.1613.4","name":"EX Theater Roppongi","nameJa":"EXシアター六本木前","routeCount":5,"operator":"Toei"}},{"type":"Feature","geometry":{"type":"Point","coordinates":[139.65569,35.68692]},"properties":{"stopId":"Toei.Wadaboribashi.1620.1","name":"Wadaboribashi","nameJa":"和田堀橋","routeCount":5,"operator":"Toei"}},{"type":"Feature","geometry":{"type":"Point","coordinates":[139.80846,35.66326]},"properties":{"stopId":"Toei.ShiohamaHigashi.2003.2","name":"Shiohama-Higashi","nameJa":"塩浜東","routeCount":5,"operator":"Toei"}},{"type":"Feature","geometry":{"type":"Point","coordinates":[139.73651,35.73557]},"properties":{"stopId":"Toei.TogenukiJizo.2042.1","name":"Togenuki-Jizō","nameJa":"とげぬき地蔵前","routeCount":5,"operator":"Toei"}},{"type":"Feature","geometry":{"type":"Point","coordinates":[139.86357,35.64794]},"properties":{"stopId":"Toei.KasaiTruckTerminal.2062.1","name":"Kasai Truck Terminal","nameJa":"葛西トラックターミナル","routeCount":5,"operator":"Toei"}},{"type":"Feature","geometry":{"type":"Point","coordinates":[139.86356,35.64778]},"properties":{"stopId":"Toei.KasaiTruckTerminal.2062.2","name":"Kasai Truck Terminal","nameJa":"葛西トラックターミナル","routeCount":5,"operator":"Toei"}},{"type":"Feature","geometry":{"type":"Point","coordinates":[139.85549,35.66173]},"properties":{"stopId":"Toei.SeishinchoItchome.2065.2","name":"Seishinchō-Itchōme (Seishinchō 1)","nameJa":"清新町一丁目","routeCount":5,"operator":"Toei"}},{"type":"Feature","geometry":{"type":"Point","coordinates":[139.87209,35.64337]},"properties":{"stopId":"Toei.KoshaHeimMinamiKasai.2110.2","name":"Kōsha Heim Minami-Kasai","nameJa":"コーシャハイム南葛西","routeCount":5,"operator":"Toei"}},{"type":"Feature","geometry":{"type":"Point","coordinates":[139.85577,35.65813]},"properties":{"stopId":"Toei.SeishinchoNichome.2066.2","name":"Seishinchō-Nichōme (Seishinchō 2)","nameJa":"清新町二丁目","routeCount":5,"operator":"Toei"}},{"type":"Feature","geometry":{"type":"Point","coordinates":[139.85259,35.65708]},"properties":{"stopId":"Toei.SeishinFutabaShogakko.2067.2","name":"Seishin-Futaba-Shōgakkō","nameJa":"清新ふたば小学校前","routeCount":5,"operator":"Toei"}},{"type":"Feature","geometry":{"type":"Point","coordinates":[139.76603,35.58756]},"properties":{"stopId":"Toei.MaruzenShowa.2158.1","name":"Maruzen-Shōwa","nameJa":"丸全昭和前","routeCount":5,"operator":"Toei"}},{"type":"Feature","geometry":{"type":"Point","coordinates":[139.81199,35.64215]},"properties":{"stopId":"Toei.TatsumiSanchome.2101.1","name":"Tatsumi-Sanchōme (Tatsumi 3)","nameJa":"辰巳三丁目","routeCount":5,"operator":"Toei"}},{"type":"Feature","geometry":{"type":"Point","coordinates":[139.81246,35.64205]},"properties":{"stopId":"Toei.TatsumiSanchome.2101.2","name":"Tatsumi-Sanchōme (Tatsumi 3)","nameJa":"辰巳三丁目","routeCount":5,"operator":"Toei"}},{"type":"Feature","geometry":{"type":"Point","coordinates":[139.80428,35.64086]},"properties":{"stopId":"Toei.ShinonomeStation.2102.3","name":"Shinonome Sta.","nameJa":"東雲駅前","routeCount":5,"operator":"Toei"}},{"type":"Feature","geometry":{"type":"Point","coordinates":[139.86167,35.64864]},"properties":{"stopId":"Toei.RinkaichoSanchome.2145.3","name":"Rinkaichō-Sanchōme (Rinkaichō 3)","nameJa":"臨海町三丁目","routeCount":5,"operator":"Toei"}},{"type":"Feature","geometry":{"type":"Point","coordinates":[139.77708,35.77726]},"properties":{"stopId":"Toei.AdachiDaigoChugakko.2151.1","name":"Adachi-Daigo-Chūgakkō","nameJa":"足立第五中学校前","routeCount":5,"operator":"Toei"}},{"type":"Feature","geometry":{"type":"Point","coordinates":[139.766,35.58901]},"properties":{"stopId":"Toei.KonoikeUnYu.2157.2","name":"Kōnoike-Un-Yu","nameJa":"鴻池運輸前","routeCount":5,"operator":"Toei"}},{"type":"Feature","geometry":{"type":"Point","coordinates":[139.77024,35.59165]},"properties":{"stopId":"Toei.Nichirei.2155.3","name":"Nichirei","nameJa":"ニチレイ前","routeCount":5,"operator":"Toei"}},{"type":"Feature","geometry":{"type":"Point","coordinates":[139.76943,35.59146]},"properties":{"stopId":"Toei.CentralBiru.2156.1","name":"Central Biru","nameJa":"セントラルビル前","routeCount":5,"operator":"Toei"}},{"type":"Feature","geometry":{"type":"Point","coordinates":[139.76941,35.59139]},"properties":{"stopId":"Toei.CentralBiru.2156.2","name":"Central Biru","nameJa":"セントラルビル前","routeCount":5,"operator":"Toei"}},{"type":"Feature","geometry":{"type":"Point","coordinates":[139.76669,35.59006]},"properties":{"stopId":"Toei.KonoikeUnYu.2157.1","name":"Kōnoike-Un-Yu","nameJa":"鴻池運輸前","routeCount":5,"operator":"Toei"}},{"type":"Feature","geometry":{"type":"Point","coordinates":[139.76579,35.58756]},"properties":{"stopId":"Toei.MaruzenShowa.2158.2","name":"Maruzen-Shōwa","nameJa":"丸全昭和前","routeCount":5,"operator":"Toei"}},{"type":"Feature","geometry":{"type":"Point","coordinates":[139.86628,35.64695]},"properties":{"stopId":"Toei.RinkaichoYonchome.2160.1","name":"Rinkaichō-Yonchōme (Rinkaichō 4)","nameJa":"臨海町四丁目","routeCount":5,"operator":"Toei"}},{"type":"Feature","geometry":{"type":"Point","coordinates":[139.86624,35.6468]},"properties":{"stopId":"Toei.RinkaichoYonchome.2160.2","name":"Rinkaichō-Yonchōme (Rinkaichō 4)","nameJa":"臨海町四丁目","routeCount":5,"operator":"Toei"}},{"type":"Feature","geometry":{"type":"Point","coordinates":[139.86895,35.64466]},"properties":{"stopId":"Toei.RinkaichoGochome.2188.2","name":"Rinkaichō-Gochōme (Rinkaichō 5)","nameJa":"臨海町五丁目","routeCount":5,"operator":"Toei"}},{"type":"Feature","geometry":{"type":"Point","coordinates":[139.80142,35.70882]},"properties":{"stopId":"Toei.RiverPiaAzumabashi.2219.3","name":"River Pia Azumabashi","nameJa":"リバーピア吾妻橋前","routeCount":5,"operator":"Toei"}},{"type":"Feature","geometry":{"type":"Point","coordinates":[139.76585,35.5854]},"properties":{"stopId":"Toei.DaitoOiButsuryuCenter.2232.1","name":"Daitō-Ōi-Butsuryū Center","nameJa":"ダイトー大井物流センター前","routeCount":5,"operator":"Toei"}},{"type":"Feature","geometry":{"type":"Point","coordinates":[139.76607,35.58539]},"properties":{"stopId":"Toei.DaitoOiButsuryuCenter.2232.2","name":"Daitō-Ōi-Butsuryū Center","nameJa":"ダイトー大井物流センター前","routeCount":5,"operator":"Toei"}},{"type":"Feature","geometry":{"type":"Point","coordinates":[139.86454,35.68831]},"properties":{"stopId":"Toei.HigashiKomatsugawaShako.2251.1","name":"Higashi-Komatsugawa-Shako","nameJa":"東小松川車庫前","routeCount":5,"operator":"Toei"}},{"type":"Feature","geometry":{"type":"Point","coordinates":[139.86902,35.64578]},"properties":{"stopId":"Toei.EdogawaRinkaiYubinkyoku.2289.3","name":"Edogawa Rinkai Yūbinkyoku (Edogawa Rinkai Post Office)","nameJa":"江戸川臨海郵便局前","routeCount":5,"operator":"Toei"}},{"type":"Feature","geometry":{"type":"Point","coordinates":[139.80309,35.7849]},"properties":{"stopId":"Toei.Hiranocho.2379.1","name":"Hiranochō","nameJa":"平野町","routeCount":5,"operator":"Toei"}},{"type":"Feature","geometry":{"type":"Point","coordinates":[139.84171,35.67481]},"properties":{"stopId":"Toei.HigashisunaRokuchomeKita.2503.2","name":"Higashisuna-Rokuchōme-Kita (Higashisuna 6 Kita)","nameJa":"東砂六丁目北","routeCount":5,"operator":"Toei"}},{"type":"Feature","geometry":{"type":"Point","coordinates":[139.77625,35.62837]},"properties":{"stopId":"Toei.DaibaNichome.2558.1","name":"Daiba-Nichōme (Daiba 2)","nameJa":"台場二丁目","routeCount":5,"operator":"Toei"}},{"type":"Feature","geometry":{"type":"Point","coordinates":[139.74964,35.76861]},"properties":{"stopId":"Toei.HeartIslandMinami.2564.1","name":"Heart Island Minami","nameJa":"ハートアイランド南","routeCount":5,"operator":"Toei"}},{"type":"Feature","geometry":{"type":"Point","coordinates":[139.80713,35.67679]},"properties":{"stopId":"Toei.KibaKoen.2570.1","name":"Kiba-Kōen (Kiba Park)","nameJa":"木場公園","routeCount":5,"operator":"Toei"}},{"type":"Feature","geometry":{"type":"Point","coordinates":[139.80685,35.67728]},"properties":{"stopId":"Toei.KibaKoen.2570.2","name":"Kiba-Kōen (Kiba Park)","nameJa":"木場公園","routeCount":5,"operator":"Toei"}},{"type":"Feature","geometry":{"type":"Point","coordinates":[139.78405,35.64352]},"properties":{"stopId":"Toei.ToyosuShijo.2597.1","name":"Toyosu-Shijō","nameJa":"豊洲市場","routeCount":5,"operator":"Toei"}},{"type":"Feature","geometry":{"type":"Point","coordinates":[139.78362,35.69443]},"properties":{"stopId":"Toei.Asakusabashi.36.2","name":"Asakusabashi","nameJa":"浅草橋","routeCount":4,"operator":"Toei"}},{"type":"Feature","geometry":{"type":"Point","coordinates":[139.72836,35.63677]},"properties":{"stopId":"Toei.ShirokaneShogakko.683.1","name":"Shirokane-Shōgakkō","nameJa":"白金小学校前","routeCount":4,"operator":"Toei"}},{"type":"Feature","geometry":{"type":"Point","coordinates":[139.72358,35.66949]},"properties":{"stopId":"Toei.AoyamaIkiikiPlazaIriguchi.14.2","name":"Aoyama-Ikiiki Plaza Iriguchi","nameJa":"青山いきいきプラザ入口","routeCount":4,"operator":"Toei"}},{"type":"Feature","geometry":{"type":"Point","coordinates":[139.80511,35.66752]},"properties":{"stopId":"Toei.KibaRokuchomeGyazaria.429.1","name":"Kiba-Rokuchōme-Gyazaria (Kiba 6 Gyazaria)","nameJa":"木場六丁目ギャザリア前","routeCount":4,"operator":"Toei"}},{"type":"Feature","geometry":{"type":"Point","coordinates":[139.8886,35.68259]},"properties":{"stopId":"Toei.Imai.118.3","name":"Imai","nameJa":"今井","routeCount":4,"operator":"Toei"}},{"type":"Feature","geometry":{"type":"Point","coordinates":[139.8444,35.74526]},"properties":{"stopId":"Toei.AotoShako.3.2","name":"Aoto-Shako","nameJa":"青戸車庫前","routeCount":4,"operator":"Toei"}},{"type":"Feature","geometry":{"type":"Point","coordinates":[139.71384,35.65899]},"properties":{"stopId":"Toei.AoyamagakuinChutobu.7.1","name":"Aoyamagakuin-Chūtōbu","nameJa":"青山学院中等部前","routeCount":4,"operator":"Toei"}},{"type":"Feature","geometry":{"type":"Point","coordinates":[139.72427,35.66669]},"properties":{"stopId":"Toei.AoyamaSaijo.9.2","name":"Aoyama-Saijō","nameJa":"青山斎場","routeCount":4,"operator":"Toei"}},{"type":"Feature","geometry":{"type":"Point","coordinates":[139.76882,35.74215]},"properties":{"stopId":"Toei.AkadoShogakko.19.2","name":"Akado-Shōgakkō","nameJa":"赤土小学校前","routeCount":4,"operator":"Toei"}},{"type":"Feature","geometry":{"type":"Point","coordinates":[139.74427,35.65436]},"properties":{"stopId":"Toei.AkabanebashiStation.22.5","name":"Akabanebashi Sta.","nameJa":"赤羽橋駅前","routeCount":4,"operator":"Toei"}},{"type":"Feature","geometry":{"type":"Point","coordinates":[139.7209,35.69208]},"properties":{"stopId":"Toei.Akebonobashi.28.1","name":"Akebonobashi","nameJa":"曙橋","routeCount":4,"operator":"Toei"}},{"type":"Feature","geometry":{"type":"Point","coordinates":[139.79504,35.71114]},"properties":{"stopId":"Toei.AsakusaKaminarimon.32.2","name":"Asakusa-Kaminarimon (Asakusa-Kaminarimon Gate)","nameJa":"浅草雷門","routeCount":4,"operator":"Toei"}},{"type":"Feature","geometry":{"type":"Point","coordinates":[139.7961,35.71022]},"properties":{"stopId":"Toei.AsakusaKaminarimon.32.6","name":"Asakusa-Kaminarimon (Asakusa-Kaminarimon Gate)","nameJa":"浅草雷門","routeCount":4,"operator":"Toei"}},{"type":"Feature","geometry":{"type":"Point","coordinates":[139.79223,35.71367]},"properties":{"stopId":"Toei.AsakusaKoenRokku.34.1","name":"Asakusa-Kōen-Rokku","nameJa":"浅草公園六区","routeCount":4,"operator":"Toei"}},{"type":"Feature","geometry":{"type":"Point","coordinates":[139.7922,35.71341]},"properties":{"stopId":"Toei.AsakusaKoenRokku.34.2","name":"Asakusa-Kōen-Rokku","nameJa":"浅草公園六区","routeCount":4,"operator":"Toei"}},{"type":"Feature","geometry":{"type":"Point","coordinates":[139.7931,35.70916]},"properties":{"stopId":"Toei.AsakusaKotobukicho.35.8","name":"Asakusa-Kotobukichō","nameJa":"浅草寿町","routeCount":4,"operator":"Toei"}},{"type":"Feature","geometry":{"type":"Point","coordinates":[139.78685,35.69795]},"properties":{"stopId":"Toei.AsakusabashiStation.37.3","name":"Asakusabashi Sta.","nameJa":"浅草橋駅前","routeCount":4,"operator":"Toei"}},{"type":"Feature","geometry":{"type":"Point","coordinates":[139.78581,35.69676]},"properties":{"stopId":"Toei.AsakusabashiStation.37.4","name":"Asakusabashi Sta.","nameJa":"浅草橋駅前","routeCount":4,"operator":"Toei"}},{"type":"Feature","geometry":{"type":"Point","coordinates":[139.80174,35.7181]},"properties":{"stopId":"Toei.AsakusaNanachome.44.1","name":"Asakusa-Nanachōme (Asakusa 7)","nameJa":"浅草七丁目","routeCount":4,"operator":"Toei"}},{"type":"Feature","geometry":{"type":"Point","coordinates":[139.80199,35.71868]},"properties":{"stopId":"Toei.AsakusaNanachome.44.2","name":"Asakusa-Nanachōme (Asakusa 7)","nameJa":"浅草七丁目","routeCount":4,"operator":"Toei"}},{"type":"Feature","geometry":{"type":"Point","coordinates":[139.79898,35.74738]},"properties":{"stopId":"Toei.SenjuItchome.49.1","name":"Senju-Itchōme (Senju 1)","nameJa":"千住一丁目","routeCount":4,"operator":"Toei"}},{"type":"Feature","geometry":{"type":"Point","coordinates":[139.76321,35.7688]},"properties":{"stopId":"Toei.ArakawadoteSoshajo.66.1","name":"Arakawadote-Sōshajo","nameJa":"荒川土手操車所前","routeCount":4,"operator":"Toei"}},{"type":"Feature","geometry":{"type":"Point","coordinates":[139.76321,35.7688]},"properties":{"stopId":"Toei.ArakawadoteSoshajo.66.3","name":"Arakawadote-Sōshajo","nameJa":"荒川土手操車所前","routeCount":4,"operator":"Toei"}},{"type":"Feature","geometry":{"type":"Point","coordinates":[139.79449,35.64103]},"properties":{"stopId":"Toei.AriakeShoChuGakko.75.3","name":"Ariake-Shō-Chū-Gakkō","nameJa":"有明小中学校前","routeCount":4,"operator":"Toei"}},{"type":"Feature","geometry":{"type":"Point","coordinates":[139.79384,35.64242]},"properties":{"stopId":"Toei.AriakeShoChuGakko.75.4","name":"Ariake-Shō-Chū-Gakkō","nameJa":"有明小中学校前","routeCount":4,"operator":"Toei"}},{"type":"Feature","geometry":{"type":"Point","coordinates":[139.71311,35.73077]},"properties":{"stopId":"Toei.IkebukuroStationHigashiguchi.87.15","name":"Ikebukuro Sta. Higashiguchi (East Exit)","nameJa":"池袋駅東口","routeCount":4,"operator":"Toei"}},{"type":"Feature","geometry":{"type":"Point","coordinates":[139.81149,35.68089]},"properties":{"stopId":"Toei.Ishijima.92.2","name":"Ishijima","nameJa":"石島","routeCount":4,"operator":"Toei"}},{"type":"Feature","geometry":{"type":"Point","coordinates":[139.80503,35.70119]},"properties":{"stopId":"Toei.IshiwaraSanchome.96.4","name":"Ishiwara-Sanchōme (Ishiwara 3)","nameJa":"石原三丁目","routeCount":4,"operator":"Toei"}},{"type":"Feature","geometry":{"type":"Point","coordinates":[139.65865,35.67624]},"properties":{"stopId":"Toei.IzumiItchome.98.1","name":"Izumi-Itchōme (Izumi 1)","nameJa":"和泉一丁目","routeCount":4,"operator":"Toei"}},{"type":"Feature","geometry":{"type":"Point","coordinates":[139.65918,35.67559]},"properties":{"stopId":"Toei.IzumiItchome.98.2","name":"Izumi-Itchōme (Izumi 1)","nameJa":"和泉一丁目","routeCount":4,"operator":"Toei"}},{"type":"Feature","geometry":{"type":"Point","coordinates":[139.71716,35.69109]},"properties":{"stopId":"Toei.IchigayaTomihisacho.103.2","name":"Ichigaya-Tomihisachō","nameJa":"市ヶ谷富久町","routeCount":4,"operator":"Toei"}},{"type":"Feature","geometry":{"type":"Point","coordinates":[139.67635,35.73314]},"properties":{"stopId":"Toei.NerimaSogoByoinIriguchi.161.1","name":"Nerima-Sōgō-Byōin-Iriguchi (Nerima-Sōgō Hp.)","nameJa":"練馬総合病院入口","routeCount":4,"operator":"Toei"}},{"type":"Feature","geometry":{"type":"Point","coordinates":[139.88871,35.68287]},"properties":{"stopId":"Toei.Imai.118.1","name":"Imai","nameJa":"今井","routeCount":4,"operator":"Toei"}},{"type":"Feature","geometry":{"type":"Point","coordinates":[139.80188,35.72108]},"properties":{"stopId":"Toei.Imado.119.1","name":"Imado","nameJa":"今戸","routeCount":4,"operator":"Toei"}},{"type":"Feature","geometry":{"type":"Point","coordinates":[139.80175,35.72042]},"properties":{"stopId":"Toei.Imado.119.2","name":"Imado","nameJa":"今戸","routeCount":4,"operator":"Toei"}},{"type":"Feature","geometry":{"type":"Point","coordinates":[139.77191,35.70978]},"properties":{"stopId":"Toei.UenoKoen.132.8","name":"Ueno-Kōen (Ueno Park)","nameJa":"上野公園","routeCount":4,"operator":"Toei"}},{"type":"Feature","geometry":{"type":"Point","coordinates":[139.77158,35.70973]},"properties":{"stopId":"Toei.UenoKoen.132.9","name":"Ueno-Kōen (Ueno Park)","nameJa":"上野公園","routeCount":4,"operator":"Toei"}},{"type":"Feature","geometry":{"type":"Point","coordinates":[139.85647,35.66962]},"properties":{"stopId":"Toei.Ukita.136.4","name":"Ukita","nameJa":"宇喜田","routeCount":4,"operator":"Toei"}},{"type":"Feature","geometry":{"type":"Point","coordinates":[139.79284,35.70497]},"properties":{"stopId":"Toei.KuramaeStation.147.3","name":"Kuramae Sta.","nameJa":"蔵前駅前","routeCount":4,"operator":"Toei"}},{"type":"Feature","geometry":{"type":"Point","coordinates":[139.72673,35.70234]},"properties":{"stopId":"Toei.UshigomeBentencho.139.2","name":"Ushigome-Bentenchō","nameJa":"牛込弁天町","routeCount":4,"operator":"Toei"}},{"type":"Feature","geometry":{"type":"Point","coordinates":[139.72675,35.70377]},"properties":{"stopId":"Toei.UshigomeHokenCenter.140.2","name":"Ushigome-Hoken Center (Ushigome Health Center)","nameJa":"牛込保健センター前","routeCount":4,"operator":"Toei"}},{"type":"Feature","geometry":{"type":"Point","coordinates":[139.7266,35.70057]},"properties":{"stopId":"Toei.UshigomeYanagichoStation.141.3","name":"Ushigome-Yanagichō Sta.","nameJa":"牛込柳町駅前","routeCount":4,"operator":"Toei"}},{"type":"Feature","geometry":{"type":"Point","coordinates":[139.79403,35.70578]},"properties":{"stopId":"Toei.KuramaeStation.147.4","name":"Kuramae Sta.","nameJa":"蔵前駅前","routeCount":4,"operator":"Toei"}},{"type":"Feature","geometry":{"type":"Point","coordinates":[139.6722,35.73626]},"properties":{"stopId":"Toei.EkodaFutamata.162.1","name":"Ekoda-Futamata","nameJa":"江古田二又","routeCount":4,"operator":"Toei"}},{"type":"Feature","geometry":{"type":"Point","coordinates":[139.67322,35.73595]},"properties":{"stopId":"Toei.EkodaFutamata.162.2","name":"Ekoda-Futamata","nameJa":"江古田二又","routeCount":4,"operator":"Toei"}},{"type":"Feature","geometry":{"type":"Point","coordinates":[139.87397,35.71043]},"properties":{"stopId":"Toei.NTTEdogawaShiten.174.1","name":"NTT Edogawa-Shiten","nameJa":"ＮＴＴ江戸川支店前","routeCount":4,"operator":"Toei"}},{"type":"Feature","geometry":{"type":"Point","coordinates":[139.73138,35.71147]},"properties":{"stopId":"Toei.Edogawabashi.176.1","name":"Edogawabashi","nameJa":"江戸川橋","routeCount":4,"operator":"Toei"}},{"type":"Feature","geometry":{"type":"Point","coordinates":[139.73115,35.71133]},"properties":{"stopId":"Toei.Edogawabashi.176.2","name":"Edogawabashi","nameJa":"江戸川橋","routeCount":4,"operator":"Toei"}},{"type":"Feature","geometry":{"type":"Point","coordinates":[139.88455,35.67473]},"properties":{"stopId":"Toei.EdogawaGochome.177.1","name":"Edogawa-Gochōme (Edogawa 5)","nameJa":"江戸川五丁目","routeCount":4,"operator":"Toei"}},{"type":"Feature","geometry":{"type":"Point","coordinates":[139.81116,35.68396]},"properties":{"stopId":"Toei.OgibashiItchome.191.2","name":"Ōgibashi-Itchōme (Ōgibashi 1)","nameJa":"扇橋一丁目","routeCount":4,"operator":"Toei"}},{"type":"Feature","geometry":{"type":"Point","coordinates":[139.73735,35.75373]},"properties":{"stopId":"Toei.OjiStation.196.2","name":"Ōji Sta.","nameJa":"王子駅前","routeCount":4,"operator":"Toei"}},{"type":"Feature","geometry":{"type":"Point","coordinates":[139.73734,35.75391]},"properties":{"stopId":"Toei.OjiStation.196.3","name":"Ōji Sta.","nameJa":"王子駅前","routeCount":4,"operator":"Toei"}},{"type":"Feature","geometry":{"type":"Point","coordinates":[139.73756,35.75364]},"properties":{"stopId":"Toei.OjiStation.196.5","name":"Ōji Sta.","nameJa":"王子駅前","routeCount":4,"operator":"Toei"}},{"type":"Feature","geometry":{"type":"Point","coordinates":[139.73859,35.7541]},"properties":{"stopId":"Toei.OjiStation.196.10","name":"Ōji Sta.","nameJa":"王子駅前","routeCount":4,"operator":"Toei"}},{"type":"Feature","geometry":{"type":"Point","coordinates":[139.73881,35.75434]},"properties":{"stopId":"Toei.OjiStation.196.12","name":"Ōji Sta.","nameJa":"王子駅前","routeCount":4,"operator":"Toei"}},{"type":"Feature","geometry":{"type":"Point","coordinates":[139.75301,35.61653]},"properties":{"stopId":"Toei.Wakashiobashi.214.1","name":"Wakashiobashi","nameJa":"若潮橋","routeCount":4,"operator":"Toei"}},{"type":"Feature","geometry":{"type":"Point","coordinates":[139.75352,35.61651]},"properties":{"stopId":"Toei.Wakashiobashi.214.2","name":"Wakashiobashi","nameJa":"若潮橋","routeCount":4,"operator":"Toei"}},{"type":"Feature","geometry":{"type":"Point","coordinates":[139.70929,35.70072]},"properties":{"stopId":"Toei.OkuboDori.226.4","name":"Ōkubo-Dōri","nameJa":"大久保通り","routeCount":4,"operator":"Toei"}},{"type":"Feature","geometry":{"type":"Point","coordinates":[139.8336,35.68956]},"properties":{"stopId":"Toei.OjimaStation.233.1","name":"Ōjima Sta.","nameJa":"大島駅前","routeCount":4,"operator":"Toei"}},{"type":"Feature","geometry":{"type":"Point","coordinates":[139.83351,35.68968]},"properties":{"stopId":"Toei.OjimaStation.233.2","name":"Ōjima Sta.","nameJa":"大島駅前","routeCount":4,"operator":"Toei"}},{"type":"Feature","geometry":{"type":"Point","coordinates":[139.8291,35.6892]},"properties":{"stopId":"Toei.OjimaSanchome.236.2","name":"Ōjima-Sanchōme (Ōjima 3)","nameJa":"大島三丁目","routeCount":4,"operator":"Toei"}},{"type":"Feature","geometry":{"type":"Point","coordinates":[139.82946,35.68935]},"properties":{"stopId":"Toei.OjimaSanchome.236.3","name":"Ōjima-Sanchōme (Ōjima 3)","nameJa":"大島三丁目","routeCount":4,"operator":"Toei"}},{"type":"Feature","geometry":{"type":"Point","coordinates":[139.7904,35.73104]},"properties":{"stopId":"Toei.OzekiYokocho.240.3","name":"Ōzeki-Yokochō","nameJa":"大関横丁","routeCount":4,"operator":"Toei"}},{"type":"Feature","geometry":{"type":"Point","coordinates":[139.84479,35.68997]},"properties":{"stopId":"Toei.HigashiOjimaStationIriguchi.238.3","name":"Higashi-Ōjima Sta. Iriguchi","nameJa":"東大島駅入口","routeCount":4,"operator":"Toei"}},{"type":"Feature","geometry":{"type":"Point","coordinates":[139.87366,35.70564]},"properties":{"stopId":"Toei.OsugiShogakko.239.1","name":"Ōsugi-Shōgakkō","nameJa":"大杉小学校前","routeCount":4,"operator":"Toei"}},{"type":"Feature","geometry":{"type":"Point","coordinates":[139.72915,35.73095]},"properties":{"stopId":"Toei.OtsukaStation.241.1","name":"Ōtsuka Sta.","nameJa":"大塚駅前","routeCount":4,"operator":"Toei"}},{"type":"Feature","geometry":{"type":"Point","coordinates":[139.76991,35.74999]},"properties":{"stopId":"Toei.Ogubashi.274.4","name":"Ogubashi","nameJa":"尾久橋","routeCount":4,"operator":"Toei"}},{"type":"Feature","geometry":{"type":"Point","coordinates":[139.7692,35.74536]},"properties":{"stopId":"Toei.OguHonchoDori.275.2","name":"Ogu-Honchō-Dōri","nameJa":"尾久本町通り","routeCount":4,"operator":"Toei"}},{"type":"Feature","geometry":{"type":"Point","coordinates":[139.81205,35.70887]},"properties":{"stopId":"Toei.Oshiage.276.5","name":"Oshiage","nameJa":"押上","routeCount":4,"operator":"Toei"}},{"type":"Feature","geometry":{"type":"Point","coordinates":[139.76452,35.70033]},"properties":{"stopId":"Toei.OchanomizuStation.291.5","name":"Ochanomizu Sta.","nameJa":"御茶ノ水駅前","routeCount":4,"operator":"Toei"}},{"type":"Feature","geometry":{"type":"Point","coordinates":[139.87198,35.67063]},"properties":{"stopId":"Toei.KasaiChugakko.312.1","name":"Kasai-Chūgakkō","nameJa":"葛西中学校前","routeCount":4,"operator":"Toei"}},{"type":"Feature","geometry":{"type":"Point","coordinates":[139.87271,35.66325]},"properties":{"stopId":"Toei.KasaiStation.307.3","name":"Kasai Sta.","nameJa":"葛西駅前","routeCount":4,"operator":"Toei"}},{"type":"Feature","geometry":{"type":"Point","coordinates":[139.7448,35.6625]},"properties":{"stopId":"Toei.KamiyachoStation.360.2","name":"Kamiyachō Sta.","nameJa":"神谷町駅前","routeCount":4,"operator":"Toei"}},{"type":"Feature","geometry":{"type":"Point","coordinates":[139.87175,35.67344]},"properties":{"stopId":"Toei.Shinkawabashi.315.1","name":"Shinkawabashi","nameJa":"新川橋","routeCount":4,"operator":"Toei"}},{"type":"Feature","geometry":{"type":"Point","coordinates":[139.74457,35.59983]},"properties":{"stopId":"Toei.KatsushimaItchome.329.2","name":"Katsushima-Itchōme (Katsushima 1)","nameJa":"勝島一丁目","routeCount":4,"operator":"Toei"}},{"type":"Feature","geometry":{"type":"Point","coordinates":[139.70199,35.69361]},"properties":{"stopId":"Toei.Kabukicho.334.2","name":"Kabukichō","nameJa":"歌舞伎町","routeCount":4,"operator":"Toei"}},{"type":"Feature","geometry":{"type":"Point","coordinates":[139.65707,35.67935]},"properties":{"stopId":"Toei.Kamadera.341.1","name":"Kamadera(Tounji Temple)","nameJa":"釜寺","routeCount":4,"operator":"Toei"}},{"type":"Feature","geometry":{"type":"Point","coordinates":[139.65724,35.67974]},"properties":{"stopId":"Toei.Kamadera.341.2","name":"Kamadera(Tounji Temple)","nameJa":"釜寺","routeCount":4,"operator":"Toei"}},{"type":"Feature","geometry":{"type":"Point","coordinates":[139.82594,35.69583]},"properties":{"stopId":"Toei.KameidoStationDori.368.13","name":"Kameido Sta. Dōri","nameJa":"亀戸駅通り","routeCount":4,"operator":"Toei"}},{"type":"Feature","geometry":{"type":"Point","coordinates":[139.82462,35.70159]},"properties":{"stopId":"Toei.KameidoYonchome.371.1","name":"Kameido-Yonchōme (Kameido 4)","nameJa":"亀戸四丁目","routeCount":4,"operator":"Toei"}},{"type":"Feature","geometry":{"type":"Point","coordinates":[139.80535,35.69771]},"properties":{"stopId":"Toei.KamezawaYonchome.375.2","name":"Kamezawa-Yonchōme (Kamezawa 4)","nameJa":"亀沢四丁目","routeCount":4,"operator":"Toei"}},{"type":"Feature","geometry":{"type":"Point","coordinates":[139.82548,35.70112]},"properties":{"stopId":"Toei.KameidoYonchome.371.3","name":"Kameido-Yonchōme (Kameido 4)","nameJa":"亀戸四丁目","routeCount":4,"operator":"Toei"}},{"type":"Feature","geometry":{"type":"Point","coordinates":[139.71918,35.69957]},"properties":{"stopId":"Toei.Kawadacho.379.4","name":"Kawadachō","nameJa":"河田町","routeCount":4,"operator":"Toei"}},{"type":"Feature","geometry":{"type":"Point","coordinates":[139.71015,35.65016]},"properties":{"stopId":"Toei.HigashiSanchome.380.1","name":"Higashi-Sanchōme (Higashi 3)","nameJa":"東三丁目","routeCount":4,"operator":"Toei"}},{"type":"Feature","geometry":{"type":"Point","coordinates":[139.71481,35.71821]},"properties":{"stopId":"Toei.Kishimojin.398.2","name":"Kishimojin (Kishimojin Temple)","nameJa":"鬼子母神前","routeCount":4,"operator":"Toei"}},{"type":"Feature","geometry":{"type":"Point","coordinates":[139.76673,35.77093]},"properties":{"stopId":"Toei.KohokuItchome.507.1","name":"Kōhoku-Itchōme (Kōhoku 1)","nameJa":"江北一丁目","routeCount":4,"operator":"Toei"}},{"type":"Feature","geometry":{"type":"Point","coordinates":[139.80454,35.75023]},"properties":{"stopId":"Toei.KitaSenjuStation.416.3","name":"Kita-Senju Sta.","nameJa":"北千住駅前","routeCount":4,"operator":"Toei"}},{"type":"Feature","geometry":{"type":"Point","coordinates":[139.80344,35.66942]},"properties":{"stopId":"Toei.KibaNichome.426.1","name":"Kiba-Nichōme (Kiba 2)","nameJa":"木場二丁目","routeCount":4,"operator":"Toei"}},{"type":"Feature","geometry":{"type":"Point","coordinates":[139.79857,35.79273]},"properties":{"stopId":"Toei.KyudoKosaten.432.3","name":"Kyūdō-Kōsaten","nameJa":"旧道交差点","routeCount":4,"operator":"Toei"}},{"type":"Feature","geometry":{"type":"Point","coordinates":[139.80339,35.72889]},"properties":{"stopId":"Toei.Kiyokawa.435.1","name":"Kiyokawa","nameJa":"清川","routeCount":4,"operator":"Toei"}},{"type":"Feature","geometry":{"type":"Point","coordinates":[139.80113,35.72579]},"properties":{"stopId":"Toei.KiyokawaNichome.436.1","name":"Kiyokawa-Nichōme (Kiyokawa 2)","nameJa":"清川二丁目","routeCount":4,"operator":"Toei"}},{"type":"Feature","geometry":{"type":"Point","coordinates":[139.80085,35.72594]},"properties":{"stopId":"Toei.KiyokawaNichome.436.4","name":"Kiyokawa-Nichōme (Kiyokawa 2)","nameJa":"清川二丁目","routeCount":4,"operator":"Toei"}},{"type":"Feature","geometry":{"type":"Point","coordinates":[139.79882,35.68093]},"properties":{"stopId":"Toei.KiyosumiTeien.438.1","name":"Kiyosumi-Teien (Kiyosumi Gardens)","nameJa":"清澄庭園前","routeCount":4,"operator":"Toei"}},{"type":"Feature","geometry":{"type":"Point","coordinates":[139.78836,35.70073]},"properties":{"stopId":"Toei.KuramaeItchome.457.1","name":"Kuramae-Itchōme (Kuramae 1)","nameJa":"蔵前一丁目","routeCount":4,"operator":"Toei"}},{"type":"Feature","geometry":{"type":"Point","coordinates":[139.8142,35.69571]},"properties":{"stopId":"Toei.KinshichoStation.442.7","name":"Kinshichō Sta.","nameJa":"錦糸町駅前","routeCount":4,"operator":"Toei"}},{"type":"Feature","geometry":{"type":"Point","coordinates":[139.76632,35.67038]},"properties":{"stopId":"Toei.GinzaYonchome.448.6","name":"Ginza-Yonchōme (Ginza 4)","nameJa":"銀座四丁目","routeCount":4,"operator":"Toei"}},{"type":"Feature","geometry":{"type":"Point","coordinates":[139.76952,35.74829]},"properties":{"stopId":"Toei.Kumanomae.454.1","name":"Kumanomae","nameJa":"熊野前","routeCount":4,"operator":"Toei"}},{"type":"Feature","geometry":{"type":"Point","coordinates":[139.78871,35.7007]},"properties":{"stopId":"Toei.KuramaeItchome.457.2","name":"Kuramae-Itchōme (Kuramae 1)","nameJa":"蔵前一丁目","routeCount":4,"operator":"Toei"}},{"type":"Feature","geometry":{"type":"Point","coordinates":[139.79059,35.70311]},"properties":{"stopId":"Toei.KuramaeNichome.458.5","name":"Kuramae-Nichōme (Kuramae 2)","nameJa":"蔵前二丁目","routeCount":4,"operator":"Toei"}},{"type":"Feature","geometry":{"type":"Point","coordinates":[139.79165,35.7037]},"properties":{"stopId":"Toei.KuramaeNichome.458.6","name":"Kuramae-Nichōme (Kuramae 2)","nameJa":"蔵前二丁目","routeCount":4,"operator":"Toei"}},{"type":"Feature","geometry":{"type":"Point","coordinates":[139.79782,35.7428]},"properties":{"stopId":"Toei.KeiseiNakagumi.467.1","name":"Keisei-Nakagumi","nameJa":"京成中組","routeCount":4,"operator":"Toei"}},{"type":"Feature","geometry":{"type":"Point","coordinates":[139.8699,35.71802]},"properties":{"stopId":"Toei.Koshoji.485.1","name":"Kōshōji (Kōshōji Temple)","nameJa":"光照寺","routeCount":4,"operator":"Toei"}},{"type":"Feature","geometry":{"type":"Point","coordinates":[139.79481,35.79287]},"properties":{"stopId":"Toei.KoenMae.484.3","name":"Kōen-Mae (Park)","nameJa":"公園前","routeCount":4,"operator":"Toei"}},{"type":"Feature","geometry":{"type":"Point","coordinates":[139.71057,35.69135]},"properties":{"stopId":"Toei.ShinjukuItchomeKita.490.1","name":"Shinjuku-Itchōme-Kita (Shinjuku 1 Kita)","nameJa":"新宿一丁目北","routeCount":4,"operator":"Toei"}},{"type":"Feature","geometry":{"type":"Point","coordinates":[139.81623,35.67164]},"properties":{"stopId":"Toei.KotoKuyakusho.491.2","name":"Kōtō-Kuyakusho (Kōtō City Office)","nameJa":"江東区役所前","routeCount":4,"operator":"Toei"}},{"type":"Feature","geometry":{"type":"Point","coordinates":[139.76931,35.77807]},"properties":{"stopId":"Toei.KohokuRikkyoShita.506.1","name":"Kōhoku-Rikkyō-Shita","nameJa":"江北陸橋下","routeCount":4,"operator":"Toei"}},{"type":"Feature","geometry":{"type":"Point","coordinates":[139.76897,35.77833]},"properties":{"stopId":"Toei.KohokuRikkyoShita.506.3","name":"Kōhoku-Rikkyō-Shita","nameJa":"江北陸橋下","routeCount":4,"operator":"Toei"}},{"type":"Feature","geometry":{"type":"Point","coordinates":[139.76941,35.77255]},"properties":{"stopId":"Toei.KohokuYonchome.508.2","name":"Kōhoku-Yonchōme (Kōhoku 4)","nameJa":"江北四丁目","routeCount":4,"operator":"Toei"}},{"type":"Feature","geometry":{"type":"Point","coordinates":[139.73773,35.62782]},"properties":{"stopId":"Toei.ShinagawaStationTakanawaguchi.606.2","name":"Shinagawa Sta. Takanawaguchi (Takanawa Exit)","nameJa":"品川駅高輪口","routeCount":4,"operator":"Toei"}},{"type":"Feature","geometry":{"type":"Point","coordinates":[139.79549,35.708]},"properties":{"stopId":"Toei.Komagatabashi.537.1","name":"Komagatabashi","nameJa":"駒形橋","routeCount":4,"operator":"Toei"}},{"type":"Feature","geometry":{"type":"Point","coordinates":[139.75364,35.62094]},"properties":{"stopId":"Toei.ShinagawaKaryokuHatsudensho.607.2","name":"Shinagawa-Karyoku-Hatsudensho","nameJa":"品川火力発電所前","routeCount":4,"operator":"Toei"}},{"type":"Feature","geometry":{"type":"Point","coordinates":[139.79581,35.70814]},"properties":{"stopId":"Toei.Komagatabashi.537.2","name":"Komagatabashi","nameJa":"駒形橋","routeCount":4,"operator":"Toei"}},{"type":"Feature","geometry":{"type":"Point","coordinates":[139.74715,35.73585]},"properties":{"stopId":"Toei.KomagomeStationMinamiguchi.542.1","name":"Komagome Sta. Minamiguchi (South Exit)","nameJa":"駒込駅南口","routeCount":4,"operator":"Toei"}},{"type":"Feature","geometry":{"type":"Point","coordinates":[139.75746,35.72991]},"properties":{"stopId":"Toei.KomagomeByoin.545.1","name":"Komagome-Byōin (Komagome Hp.)","nameJa":"駒込病院前","routeCount":4,"operator":"Toei"}},{"type":"Feature","geometry":{"type":"Point","coordinates":[139.86508,35.71984]},"properties":{"stopId":"Toei.KomatsuChugakko.553.2","name":"Komatsu-Chūgakkō","nameJa":"小松中学校前","routeCount":4,"operator":"Toei"}},{"type":"Feature","geometry":{"type":"Point","coordinates":[139.72783,35.72026]},"properties":{"stopId":"Toei.GokokujiSeimon.556.2","name":"Gokokuji-Seimon (Gokokuji Temple)","nameJa":"護国寺正門前","routeCount":4,"operator":"Toei"}},{"type":"Feature","geometry":{"type":"Point","coordinates":[139.7241,35.62614]},"properties":{"stopId":"Toei.GotandaStation.559.6","name":"Gotanda Sta.","nameJa":"五反田駅","routeCount":4,"operator":"Toei"}},{"type":"Feature","geometry":{"type":"Point","coordinates":[139.73724,35.62989]},"properties":{"stopId":"Toei.ShinagawaStationTakanawaguchi.606.7","name":"Shinagawa Sta. Takanawaguchi (Takanawa Exit)","nameJa":"品川駅高輪口","routeCount":4,"operator":"Toei"}},{"type":"Feature","geometry":{"type":"Point","coordinates":[139.81092,35.68633]},"properties":{"stopId":"Toei.SarueItchome.577.1","name":"Sarue-Itchōme (Sarue 1)","nameJa":"猿江一丁目","routeCount":4,"operator":"Toei"}},{"type":"Feature","geometry":{"type":"Point","coordinates":[139.87105,35.6755]},"properties":{"stopId":"Toei.Sankaku.579.2","name":"Sankaku","nameJa":"三角","routeCount":4,"operator":"Toei"}},{"type":"Feature","geometry":{"type":"Point","coordinates":[139.80525,35.66332]},"properties":{"stopId":"Toei.Shiohamabashi.592.1","name":"Shiohamabashi","nameJa":"塩浜橋","routeCount":4,"operator":"Toei"}},{"type":"Feature","geometry":{"type":"Point","coordinates":[139.74129,35.62826]},"properties":{"stopId":"Toei.ShinagawaStationKonanguchi.605.6","name":"Shinagawa Sta. Kōnanguchi (Kōnan Exit)","nameJa":"品川駅港南口","routeCount":4,"operator":"Toei"}},{"type":"Feature","geometry":{"type":"Point","coordinates":[139.75335,35.62102]},"properties":{"stopId":"Toei.ShinagawaKaryokuHatsudensho.607.1","name":"Shinagawa-Karyoku-Hatsudensho","nameJa":"品川火力発電所前","routeCount":4,"operator":"Toei"}},{"type":"Feature","geometry":{"type":"Point","coordinates":[139.70823,35.65396]},"properties":{"stopId":"Toei.SHIBUYASHAKOMAE.639.2","name":"SHIBUYA-SHAKO-MAE","nameJa":"渋谷車庫前","routeCount":4,"operator":"Toei"}},{"type":"Feature","geometry":{"type":"Point","coordinates":[139.70238,35.65881]},"properties":{"stopId":"Toei.ShibuyaStation.636.6","name":"Shibuya Sta.","nameJa":"渋谷駅前","routeCount":4,"operator":"Toei"}},{"type":"Feature","geometry":{"type":"Point","coordinates":[139.70021,35.6593]},"properties":{"stopId":"Toei.ShibuyaStation.636.7","name":"Shibuya Sta.","nameJa":"渋谷駅前","routeCount":4,"operator":"Toei"}},{"type":"Feature","geometry":{"type":"Point","coordinates":[139.86597,35.72016]},"properties":{"stopId":"Toei.ShimoKomatsubashi.650.1","name":"Shimo-Komatsubashi","nameJa":"下小松橋","routeCount":4,"operator":"Toei"}},{"type":"Feature","geometry":{"type":"Point","coordinates":[139.80287,35.78359]},"properties":{"stopId":"Toei.Shimanecho.642.1","name":"Shimanechō","nameJa":"島根町","routeCount":4,"operator":"Toei"}},{"type":"Feature","geometry":{"type":"Point","coordinates":[139.88531,35.67763]},"properties":{"stopId":"Toei.ShimoImai.646.1","name":"Shimo-Imai","nameJa":"下今井","routeCount":4,"operator":"Toei"}},{"type":"Feature","geometry":{"type":"Point","coordinates":[139.88542,35.67786]},"properties":{"stopId":"Toei.ShimoImai.646.2","name":"Shimo-Imai","nameJa":"下今井","routeCount":4,"operator":"Toei"}},{"type":"Feature","geometry":{"type":"Point","coordinates":[139.81371,35.72705]},"properties":{"stopId":"Toei.ShirahigebashiHigashi.679.1","name":"Shirahigebashi-Higashi","nameJa":"白鬚橋東","routeCount":4,"operator":"Toei"}},{"type":"Feature","geometry":{"type":"Point","coordinates":[139.81394,35.7271]},"properties":{"stopId":"Toei.ShirahigebashiHigashi.679.2","name":"Shirahigebashi-Higashi","nameJa":"白鬚橋東","routeCount":4,"operator":"Toei"}},{"type":"Feature","geometry":{"type":"Point","coordinates":[139.72989,35.72656]},"properties":{"stopId":"Toei.ShinOtsuka.685.1","name":"Shin-Ōtsuka","nameJa":"新大塚","routeCount":4,"operator":"Toei"}},{"type":"Feature","geometry":{"type":"Point","coordinates":[139.82651,35.64533]},"properties":{"stopId":"Toei.ShinKibaStation.690.1","name":"Shin-Kiba Sta.","nameJa":"新木場駅前（構内）","routeCount":4,"operator":"Toei"}},{"type":"Feature","geometry":{"type":"Point","coordinates":[139.85838,35.7179]},"properties":{"stopId":"Toei.ShinKoiwaStationKitaguchi.695.11","name":"Shin-Koiwa Sta. Kitaguchi","nameJa":"新小岩駅北口","routeCount":4,"operator":"Toei"}},{"type":"Feature","geometry":{"type":"Point","coordinates":[139.86152,35.71784]},"properties":{"stopId":"Toei.ShinkoiwaNichome.698.1","name":"Shinkoiwa-Nichōme (Shinkoiwa 2)","nameJa":"新小岩二丁目","routeCount":4,"operator":"Toei"}},{"type":"Feature","geometry":{"type":"Point","coordinates":[139.7492,35.62154]},"properties":{"stopId":"Toei.Shintokaibashi.730.6","name":"Shintōkaibashi","nameJa":"新東海橋","routeCount":4,"operator":"Toei"}},{"type":"Feature","geometry":{"type":"Point","coordinates":[139.74252,35.59679]},"properties":{"stopId":"Toei.Shinhamakawabashi.735.2","name":"Shinhamakawabashi","nameJa":"新浜川橋","routeCount":4,"operator":"Toei"}},{"type":"Feature","geometry":{"type":"Point","coordinates":[139.81725,35.70808]},"properties":{"stopId":"Toei.Jukkembashi.751.2","name":"Jukkembashi","nameJa":"十間橋","routeCount":4,"operator":"Toei"}},{"type":"Feature","geometry":{"type":"Point","coordinates":[139.82064,35.71095]},"properties":{"stopId":"Toei.JukkembashiDori.752.1","name":"Jukkembashi-Dōri","nameJa":"十間橋通り","routeCount":4,"operator":"Toei"}},{"type":"Feature","geometry":{"type":"Point","coordinates":[139.821,35.71108]},"properties":{"stopId":"Toei.JukkembashiDori.752.2","name":"Jukkembashi-Dōri","nameJa":"十間橋通り","routeCount":4,"operator":"Toei"}},{"type":"Feature","geometry":{"type":"Point","coordinates":[139.87413,35.71538]},"properties":{"stopId":"Toei.Sugawarabashi.777.3","name":"Sugawarabashi","nameJa":"菅原橋","routeCount":4,"operator":"Toei"}},{"type":"Feature","geometry":{"type":"Point","coordinates":[139.80169,35.71588]},"properties":{"stopId":"Toei.SumidaKoen.786.3","name":"Sumida-Kōen (Sumida Park)","nameJa":"隅田公園","routeCount":4,"operator":"Toei"}},{"type":"Feature","geometry":{"type":"Point","coordinates":[139.80194,35.71592]},"properties":{"stopId":"Toei.SumidaKoen.786.4","name":"Sumida-Kōen (Sumida Park)","nameJa":"隅田公園","routeCount":4,"operator":"Toei"}},{"type":"Feature","geometry":{"type":"Point","coordinates":[139.72591,35.71378]},"properties":{"stopId":"Toei.HOTELCHINZANSOTOKYO.799.1","name":"HOTEL-CHINZANSO-TOKYO","nameJa":"ホテル椿山荘東京前","routeCount":4,"operator":"Toei"}},{"type":"Feature","geometry":{"type":"Point","coordinates":[139.81177,35.67871]},"properties":{"stopId":"Toei.SengokuItchome.807.1","name":"Sengoku-Itchōme (Sengoku 1)","nameJa":"千石一丁目(せんごくいっちょうめ（こうとうく）)","routeCount":4,"operator":"Toei"}},{"type":"Feature","geometry":{"type":"Point","coordinates":[139.79629,35.73624]},"properties":{"stopId":"Toei.Senjuohashi.813.1","name":"Senjuōhashi","nameJa":"千住大橋","routeCount":4,"operator":"Toei"}},{"type":"Feature","geometry":{"type":"Point","coordinates":[139.8,35.75042]},"properties":{"stopId":"Toei.SenjuNichome.820.5","name":"Senju-Nichōme (Senju 2)","nameJa":"千住二丁目","routeCount":4,"operator":"Toei"}},{"type":"Feature","geometry":{"type":"Point","coordinates":[139.76361,35.72808]},"properties":{"stopId":"Toei.SendagiSanchome.834.2","name":"Sendagi-Sanchōme (Sendagi 3)","nameJa":"千駄木三丁目","routeCount":4,"operator":"Toei"}},{"type":"Feature","geometry":{"type":"Point","coordinates":[139.72298,35.70908]},"properties":{"stopId":"Toei.SodaiSeimon.839.5","name":"Sōdai-Seimon (Waseda Univ.)","nameJa":"早大正門","routeCount":4,"operator":"Toei"}},{"type":"Feature","geometry":{"type":"Point","coordinates":[139.76766,35.69931]},"properties":{"stopId":"Toei.SotoKandaNichome.842.1","name":"Soto-Kanda-Nichōme (Soto-Kanda 2)","nameJa":"外神田二丁目","routeCount":4,"operator":"Toei"}},{"type":"Feature","geometry":{"type":"Point","coordinates":[139.70437,35.71375]},"properties":{"stopId":"Toei.TakadanobabaStation.855.4","name":"Takadanobaba Sta.","nameJa":"高田馬場駅前","routeCount":4,"operator":"Toei"}},{"type":"Feature","geometry":{"type":"Point","coordinates":[139.7109,35.71118]},"properties":{"stopId":"Toei.TakadanobabaNichome.857.2","name":"Takadanobaba-Nichōme (Takadanobaba 2)","nameJa":"高田馬場二丁目","routeCount":4,"operator":"Toei"}},{"type":"Feature","geometry":{"type":"Point","coordinates":[139.71748,35.71702]},"properties":{"stopId":"Toei.TakadaItchome.860.1","name":"Takada-Itchōme (Takada 1)","nameJa":"高田一丁目","routeCount":4,"operator":"Toei"}},{"type":"Feature","geometry":{"type":"Point","coordinates":[139.76367,35.70824]},"properties":{"stopId":"Toei.TatsuokaMon.886.1","name":"Tatsuoka-Mon","nameJa":"竜岡門","routeCount":4,"operator":"Toei"}},{"type":"Feature","geometry":{"type":"Point","coordinates":[139.7638,35.70829]},"properties":{"stopId":"Toei.TatsuokaMon.886.2","name":"Tatsuoka-Mon","nameJa":"竜岡門","routeCount":4,"operator":"Toei"}},{"type":"Feature","geometry":{"type":"Point","coordinates":[139.81194,35.64894]},"properties":{"stopId":"Toei.TatsumiDanchi.887.2","name":"Tatsumi-Danchi","nameJa":"辰巳団地","routeCount":4,"operator":"Toei"}},{"type":"Feature","geometry":{"type":"Point","coordinates":[139.80731,35.65014]},"properties":{"stopId":"Toei.Tatsumibashi.888.1","name":"Tatsumibashi","nameJa":"辰巳橋","routeCount":4,"operator":"Toei"}},{"type":"Feature","geometry":{"type":"Point","coordinates":[139.85868,35.72035]},"properties":{"stopId":"Toei.Tatsumibashi.889.1","name":"Tatsumibashi","nameJa":"巽橋","routeCount":4,"operator":"Toei"}},{"type":"Feature","geometry":{"type":"Point","coordinates":[139.81031,35.65041]},"properties":{"stopId":"Toei.TatsumiItchome.890.3","name":"Tatsumi-Itchōme (Tatsumi 1)","nameJa":"辰巳一丁目","routeCount":4,"operator":"Toei"}},{"type":"Feature","geometry":{"type":"Point","coordinates":[139.81222,35.64691]},"properties":{"stopId":"Toei.TatsumiStation.891.1","name":"Tatsumi Sta.","nameJa":"辰巳駅前","routeCount":4,"operator":"Toei"}},{"type":"Feature","geometry":{"type":"Point","coordinates":[139.80588,35.69153]},"properties":{"stopId":"Toei.Tatekawa.892.2","name":"Tatekawa","nameJa":"立川","routeCount":4,"operator":"Toei"}},{"type":"Feature","geometry":{"type":"Point","coordinates":[139.76874,35.73868]},"properties":{"stopId":"Toei.TabataShimmachiItchome.900.2","name":"Tabata-Shimmachi-Itchōme (Tabata-Shimmachi 1)","nameJa":"田端新町一丁目","routeCount":4,"operator":"Toei"}},{"type":"Feature","geometry":{"type":"Point","coordinates":[139.76859,35.73966]},"properties":{"stopId":"Toei.TabataShimmachiItchome.900.4","name":"Tabata-Shimmachi-Itchōme (Tabata-Shimmachi 1)","nameJa":"田端新町一丁目","routeCount":4,"operator":"Toei"}},{"type":"Feature","geometry":{"type":"Point","coordinates":[139.84377,35.67843]},"properties":{"stopId":"Toei.DainanaSunamachiShogakko.917.2","name":"Dainana-Sunamachi-Shōgakkō","nameJa":"第七砂町小学校前","routeCount":4,"operator":"Toei"}},{"type":"Feature","geometry":{"type":"Point","coordinates":[139.84234,35.69038]},"properties":{"stopId":"Toei.OjimaNanachome.913.2","name":"Ōjima-Nanachōme (Ōjima 7)","nameJa":"大島七丁目","routeCount":4,"operator":"Toei"}},{"type":"Feature","geometry":{"type":"Point","coordinates":[139.84261,35.69056]},"properties":{"stopId":"Toei.OjimaNanachome.913.3","name":"Ōjima-Nanachōme (Ōjima 7)","nameJa":"大島七丁目","routeCount":4,"operator":"Toei"}},{"type":"Feature","geometry":{"type":"Point","coordinates":[139.65977,35.67387]},"properties":{"stopId":"Toei.Daitabashi.914.1","name":"Daitabashi","nameJa":"代田橋","routeCount":4,"operator":"Toei"}},{"type":"Feature","geometry":{"type":"Point","coordinates":[139.87306,35.69961]},"properties":{"stopId":"Toei.ChuoDori.929.1","name":"Chūō-Dōri","nameJa":"中央通り","routeCount":4,"operator":"Toei"}},{"type":"Feature","geometry":{"type":"Point","coordinates":[139.87416,35.71326]},"properties":{"stopId":"Toei.ChuoSanchome.931.1","name":"Chūō-Sanchōme (Chūō 3)","nameJa":"中央三丁目","routeCount":4,"operator":"Toei"}},{"type":"Feature","geometry":{"type":"Point","coordinates":[139.70995,35.70088]},"properties":{"stopId":"Toei.ToeiToyamaHeights.996.1","name":"Toei-Toyama Heights","nameJa":"都営戸山ハイツ前","routeCount":4,"operator":"Toei"}},{"type":"Feature","geometry":{"type":"Point","coordinates":[139.87145,35.71699]},"properties":{"stopId":"Toei.Tenjimbashi.959.2","name":"Tenjimbashi","nameJa":"天神橋","routeCount":4,"operator":"Toei"}},{"type":"Feature","geometry":{"type":"Point","coordinates":[139.76815,35.67952]},"properties":{"stopId":"Toei.TokyoStationYaesuguchi.967.3","name":"Tokyo Sta. Yaesuguchi(Yaesu Exit)","nameJa":"東京駅八重洲口","routeCount":4,"operator":"Toei"}},{"type":"Feature","geometry":{"type":"Point","coordinates":[139.71974,35.69752]},"properties":{"stopId":"Toei.TokyoJoshiIdai.971.1","name":"Tokyo Joshi-Idai (Tokyo Women's Medical Univ.)","nameJa":"東京女子医大前","routeCount":4,"operator":"Toei"}},{"type":"Feature","geometry":{"type":"Point","coordinates":[139.72052,35.69731]},"properties":{"stopId":"Toei.TokyoJoshiIdai.971.3","name":"Tokyo Joshi-Idai (Tokyo Women's Medical Univ.)","nameJa":"東京女子医大前","routeCount":4,"operator":"Toei"}},{"type":"Feature","geometry":{"type":"Point","coordinates":[139.7464,35.60478]},"properties":{"stopId":"Toei.SamezuUntenMenkyoShikenjo.977.1","name":"Samezu-Unten-Menkyo-Shikenjō (Samezu Driver's License Center)","nameJa":"鮫洲運転免許試験場前","routeCount":4,"operator":"Toei"}},{"type":"Feature","geometry":{"type":"Point","coordinates":[139.76389,35.71094]},"properties":{"stopId":"Toei.TodaiByoin.983.1","name":"Tōdai-Byōin (The University Of Tokyo Hp. )","nameJa":"東大病院前","routeCount":4,"operator":"Toei"}},{"type":"Feature","geometry":{"type":"Point","coordinates":[139.76025,35.70999]},"properties":{"stopId":"Toei.TodaiAkamon.979.2","name":"Tōdai-Akamon (The Univ. Of Tokyo)","nameJa":"東大赤門前","routeCount":4,"operator":"Toei"}},{"type":"Feature","geometry":{"type":"Point","coordinates":[139.76397,35.7133]},"properties":{"stopId":"Toei.TodaiKonai.980.3","name":"Tōdai-Kōnai (The Univ. Of Tokyo)","nameJa":"東大構内","routeCount":4,"operator":"Toei"}},{"type":"Feature","geometry":{"type":"Point","coordinates":[139.75967,35.71221]},"properties":{"stopId":"Toei.TodaiSeimon.981.2","name":"Tōdai-Seimon (The Univ. Of Tokyo)","nameJa":"東大正門前","routeCount":4,"operator":"Toei"}},{"type":"Feature","geometry":{"type":"Point","coordinates":[139.7585,35.71653]},"properties":{"stopId":"Toei.TodaiNogakubu.982.4","name":"Tōdai-Nōgakubu (The Univ. Of Tokyo Agricultural Dept.)","nameJa":"東大農学部前","routeCount":4,"operator":"Toei"}},{"type":"Feature","geometry":{"type":"Point","coordinates":[139.79791,35.71238]},"properties":{"stopId":"Toei.TobuAsakusaStation.984.4","name":"Tōbu-Asakusa Sta.","nameJa":"東武浅草駅前","routeCount":4,"operator":"Toei"}},{"type":"Feature","geometry":{"type":"Point","coordinates":[139.81373,35.66956]},"properties":{"stopId":"Toei.ToyoSoshajo.987.2","name":"Tōyō-Sōshajo","nameJa":"東陽操車所前","routeCount":4,"operator":"Toei"}},{"type":"Feature","geometry":{"type":"Point","coordinates":[139.81713,35.66947]},"properties":{"stopId":"Toei.ToyochoStation.989.4","name":"Tōyōchō Sta.","nameJa":"東陽町駅前","routeCount":4,"operator":"Toei"}},{"type":"Feature","geometry":{"type":"Point","coordinates":[139.81545,35.66964]},"properties":{"stopId":"Toei.ToyochoStation.989.5","name":"Tōyōchō Sta.","nameJa":"東陽町駅前","routeCount":4,"operator":"Toei"}},{"type":"Feature","geometry":{"type":"Point","coordinates":[139.81666,35.66708]},"properties":{"stopId":"Toei.ToyochoStation.989.7","name":"Tōyōchō Sta.","nameJa":"東陽町駅前","routeCount":4,"operator":"Toei"}},{"type":"Feature","geometry":{"type":"Point","coordinates":[139.81094,35.67021]},"properties":{"stopId":"Toei.ToyoSanchome.991.1","name":"Tōyō-Sanchōme (Tōyō 3)","nameJa":"東陽三丁目","routeCount":4,"operator":"Toei"}},{"type":"Feature","geometry":{"type":"Point","coordinates":[139.8103,35.66943]},"properties":{"stopId":"Toei.ToyoSanchome.991.4","name":"Tōyō-Sanchōme (Tōyō 3)","nameJa":"東陽三丁目","routeCount":4,"operator":"Toei"}},{"type":"Feature","geometry":{"type":"Point","coordinates":[139.81138,35.67218]},"properties":{"stopId":"Toei.ToyoGochome.992.2","name":"Tōyō-Gochōme (Tōyō 5)","nameJa":"東陽五丁目","routeCount":4,"operator":"Toei"}},{"type":"Feature","geometry":{"type":"Point","coordinates":[139.81209,35.67518]},"properties":{"stopId":"Toei.ToyoRokuchome.993.1","name":"Tōyō-Rokuchōme (Tōyō 6)","nameJa":"東陽六丁目","routeCount":4,"operator":"Toei"}},{"type":"Feature","geometry":{"type":"Point","coordinates":[139.75213,35.76426]},"properties":{"stopId":"Toei.ToshimaGochomeDanchi.1004.4","name":"Toshima-Gochōme-Danchi (Toshima 5-Danchi)","nameJa":"豊島五丁目団地","routeCount":4,"operator":"Toei"}},{"type":"Feature","geometry":{"type":"Point","coordinates":[139.74129,35.76389]},"properties":{"stopId":"Toei.ToshimaHatchome.1006.1","name":"Toshima-Hatchōme (Toshima 8)","nameJa":"豊島八丁目","routeCount":4,"operator":"Toei"}},{"type":"Feature","geometry":{"type":"Point","coordinates":[139.79989,35.67008]},"properties":{"stopId":"Toei.TomiokaItchome.1016.2","name":"Tomioka-Itchōme (Tomioka 1)","nameJa":"富岡一丁目(とみおかいっちょうめ)","routeCount":4,"operator":"Toei"}},{"type":"Feature","geometry":{"type":"Point","coordinates":[139.71577,35.70126]},"properties":{"stopId":"Toei.KokuritsuKokusaiIryoKenkyuCenter.1019.1","name":"Kokuritsu-Kokusai-Iryō-Kenkyū Center (National Center for Global Health and Medicine)","nameJa":"国立国際医療センター前","routeCount":4,"operator":"Toei"}},{"type":"Feature","geometry":{"type":"Point","coordinates":[139.71548,35.7012]},"properties":{"stopId":"Toei.KokuritsuKokusaiIryoKenkyuCenter.1019.2","name":"Kokuritsu-Kokusai-Iryō-Kenkyū Center (National Center for Global Health and Medicine)","nameJa":"国立国際医療センター前","routeCount":4,"operator":"Toei"}},{"type":"Feature","geometry":{"type":"Point","coordinates":[139.79516,35.65489]},"properties":{"stopId":"Toei.ToyosuStation.1025.2","name":"Toyosu Sta.","nameJa":"豊洲駅前","routeCount":4,"operator":"Toei"}},{"type":"Feature","geometry":{"type":"Point","coordinates":[139.79705,35.65377]},"properties":{"stopId":"Toei.ToyosuStation.1025.6","name":"Toyosu Sta.","nameJa":"豊洲駅前","routeCount":4,"operator":"Toei"}},{"type":"Feature","geometry":{"type":"Point","coordinates":[139.79732,35.65526]},"properties":{"stopId":"Toei.ToyosuStation.1025.7","name":"Toyosu Sta.","nameJa":"豊洲駅前","routeCount":4,"operator":"Toei"}},{"type":"Feature","geometry":{"type":"Point","coordinates":[139.79712,35.65515]},"properties":{"stopId":"Toei.ToyosuStation.1025.9","name":"Toyosu Sta.","nameJa":"豊洲駅前","routeCount":4,"operator":"Toei"}},{"type":"Feature","geometry":{"type":"Point","coordinates":[139.87346,35.70271]},"properties":{"stopId":"Toei.Dojunkai.1058.2","name":"Dōjunkai","nameJa":"同潤会","routeCount":4,"operator":"Toei"}},{"type":"Feature","geometry":{"type":"Point","coordinates":[139.72387,35.65813]},"properties":{"stopId":"Toei.NishiAzabu.1130.2","name":"Nishi-Azabu","nameJa":"西麻布","routeCount":4,"operator":"Toei"}},{"type":"Feature","geometry":{"type":"Point","coordinates":[139.7437,35.66117]},"properties":{"stopId":"Toei.ToranomonGochome.1040.2","name":"Toranomon-Gochōme (Toranomon 5)","nameJa":"虎ノ門五丁目","routeCount":4,"operator":"Toei"}},{"type":"Feature","geometry":{"type":"Point","coordinates":[139.7282,35.70724]},"properties":{"stopId":"Toei.ToritsuShinjukuYamabukiKoko.1044.2","name":"Toritsu-Shinjuku-Yamabuki-Kōkō","nameJa":"都立新宿山吹高校前","routeCount":4,"operator":"Toei"}},{"type":"Feature","geometry":{"type":"Point","coordinates":[139.73081,35.72418]},"properties":{"stopId":"Toei.OtsukaYonchome.1046.1","name":"Ōtsuka-Yonchōme (Ōtsuka 4)","nameJa":"大塚四丁目","routeCount":4,"operator":"Toei"}},{"type":"Feature","geometry":{"type":"Point","coordinates":[139.8016,35.72318]},"properties":{"stopId":"Toei.HigashiAsakusa.1049.1","name":"Higashi-Asakusa","nameJa":"東浅草","routeCount":4,"operator":"Toei"}},{"type":"Feature","geometry":{"type":"Point","coordinates":[139.80148,35.7225]},"properties":{"stopId":"Toei.HigashiAsakusa.1049.2","name":"Higashi-Asakusa","nameJa":"東浅草","routeCount":4,"operator":"Toei"}},{"type":"Feature","geometry":{"type":"Point","coordinates":[139.82669,35.71304]},"properties":{"stopId":"Toei.Nakaibori.1064.1","name":"Nakaibori","nameJa":"中居堀","routeCount":4,"operator":"Toei"}},{"type":"Feature","geometry":{"type":"Point","coordinates":[139.82754,35.7136]},"properties":{"stopId":"Toei.Nakaibori.1064.4","name":"Nakaibori","nameJa":"中居堀","routeCount":4,"operator":"Toei"}},{"type":"Feature","geometry":{"type":"Point","coordinates":[139.74197,35.65457]},"properties":{"stopId":"Toei.Nakanohashi.1094.3","name":"Nakanohashi","nameJa":"中ノ橋","routeCount":4,"operator":"Toei"}},{"type":"Feature","geometry":{"type":"Point","coordinates":[139.83729,35.69005]},"properties":{"stopId":"Toei.NakanohashiDori.1095.1","name":"Nakanohashi-Dōri","nameJa":"中の橋通り","routeCount":4,"operator":"Toei"}},{"type":"Feature","geometry":{"type":"Point","coordinates":[139.83849,35.69]},"properties":{"stopId":"Toei.NakanohashiDori.1095.2","name":"Nakanohashi-Dōri","nameJa":"中の橋通り","routeCount":4,"operator":"Toei"}},{"type":"Feature","geometry":{"type":"Point","coordinates":[139.79889,35.72886]},"properties":{"stopId":"Toei.Namidabashi.1115.4","name":"Namidabashi","nameJa":"泪橋","routeCount":4,"operator":"Toei"}},{"type":"Feature","geometry":{"type":"Point","coordinates":[139.82692,35.68943]},"properties":{"stopId":"Toei.NishiOjimaStation.1140.5","name":"Nishi-Ōjima Sta.","nameJa":"西大島駅前","routeCount":4,"operator":"Toei"}},{"type":"Feature","geometry":{"type":"Point","coordinates":[139.68362,35.72303]},"properties":{"stopId":"Toei.OchiaiMinamiNagasakiStation.1145.4","name":"Ochiai-Minami-Nagasaki Sta.","nameJa":"落合南長崎駅前","routeCount":4,"operator":"Toei"}},{"type":"Feature","geometry":{"type":"Point","coordinates":[139.85901,35.66481]},"properties":{"stopId":"Toei.NishiKasaiStation.1146.8","name":"Nishi-Kasai Sta.","nameJa":"西葛西駅前","routeCount":4,"operator":"Toei"}},{"type":"Feature","geometry":{"type":"Point","coordinates":[139.7121,35.70126]},"properties":{"stopId":"Toei.ShinjukuKokokaraHiroba.2578.2","name":"Shinjuku-Kokokara-Hiroba","nameJa":"新宿ここ・から広場前","routeCount":4,"operator":"Toei"}},{"type":"Feature","geometry":{"type":"Point","coordinates":[139.85617,35.66601]},"properties":{"stopId":"Toei.NishiKasaiSanchome.1147.2","name":"Nishi-Kasai-Sanchōme (Nishi-Kasai 3)","nameJa":"西葛西三丁目","routeCount":4,"operator":"Toei"}},{"type":"Feature","geometry":{"type":"Point","coordinates":[139.76857,35.73254]},"properties":{"stopId":"Toei.NishiNipporiStation.1164.4","name":"Nishi-Nippori Sta.","nameJa":"西日暮里駅前","routeCount":4,"operator":"Toei"}},{"type":"Feature","geometry":{"type":"Point","coordinates":[139.77045,35.73098]},"properties":{"stopId":"Toei.NishiNipporiNichome.1166.1","name":"Nishi-Nippori-Nichōme (Nishi-Nippori 2)","nameJa":"西日暮里二丁目","routeCount":4,"operator":"Toei"}},{"type":"Feature","geometry":{"type":"Point","coordinates":[139.76854,35.73681]},"properties":{"stopId":"Toei.NishiNipporiRokuchome.1168.1","name":"Nishi-Nippori-Rokuchōme (Nishi-Nippori 6)","nameJa":"西日暮里六丁目","routeCount":4,"operator":"Toei"}},{"type":"Feature","geometry":{"type":"Point","coordinates":[139.72323,35.65511]},"properties":{"stopId":"Toei.NissekiIryoCenterShita.1176.2","name":"Nisseki-Iryō Center Shita (Japanese Red Cross Medical Center)","nameJa":"日赤医療センター下","routeCount":4,"operator":"Toei"}},{"type":"Feature","geometry":{"type":"Point","coordinates":[139.77186,35.72918]},"properties":{"stopId":"Toei.NipporiStation.1178.4","name":"Nippori Sta.","nameJa":"日暮里駅前","routeCount":4,"operator":"Toei"}},{"type":"Feature","geometry":{"type":"Point","coordinates":[139.71997,35.71605]},"properties":{"stopId":"Toei.NihonJoshiDai.1183.3","name":"Nihon-Joshi-Dai (Japan Women's Univ.)","nameJa":"日本女子大前","routeCount":4,"operator":"Toei"}},{"type":"Feature","geometry":{"type":"Point","coordinates":[139.76561,35.71757]},"properties":{"stopId":"Toei.NezuStation.1191.1","name":"Nezu Sta.","nameJa":"根津駅前","routeCount":4,"operator":"Toei"}},{"type":"Feature","geometry":{"type":"Point","coordinates":[139.66487,35.73848]},"properties":{"stopId":"Toei.NerimaShako.1197.1","name":"Nerima-Shako","nameJa":"練馬車庫前","routeCount":4,"operator":"Toei"}},{"type":"Feature","geometry":{"type":"Point","coordinates":[139.80621,35.7285]},"properties":{"stopId":"Toei.HashibaNichome.1218.1","name":"Hashiba-Nichōme (Hashiba 2)","nameJa":"橋場二丁目","routeCount":4,"operator":"Toei"}},{"type":"Feature","geometry":{"type":"Point","coordinates":[139.80703,35.72823]},"properties":{"stopId":"Toei.HashibaNichome.1218.2","name":"Hashiba-Nichōme (Hashiba 2)","nameJa":"橋場二丁目","routeCount":4,"operator":"Toei"}},{"type":"Feature","geometry":{"type":"Point","coordinates":[139.84444,35.68136]},"properties":{"stopId":"Toei.HigashisunaSanchome.1294.2","name":"Higashisuna-Sanchōme (Higashisuna 3)","nameJa":"東砂三丁目","routeCount":4,"operator":"Toei"}},{"type":"Feature","geometry":{"type":"Point","coordinates":[139.71277,35.69111]},"properties":{"stopId":"Toei.Hanazonocho.1235.1","name":"Hanazonochō","nameJa":"花園町","routeCount":4,"operator":"Toei"}},{"type":"Feature","geometry":{"type":"Point","coordinates":[139.76349,35.66493]},"properties":{"stopId":"Toei.HamaRikyu.1239.1","name":"Hama-Rikyū (Hama-rikyu Garden)","nameJa":"浜離宮前","routeCount":4,"operator":"Toei"}},{"type":"Feature","geometry":{"type":"Point","coordinates":[139.77319,35.64708]},"properties":{"stopId":"Toei.HarumiFuto.1249.1","name":"Harumi-Futō","nameJa":"晴海埠頭","routeCount":4,"operator":"Toei"}},{"type":"Feature","geometry":{"type":"Point","coordinates":[139.78166,35.69318]},"properties":{"stopId":"Toei.Bakurocho.1256.3","name":"Bakurochō","nameJa":"馬喰町","routeCount":4,"operator":"Toei"}},{"type":"Feature","geometry":{"type":"Point","coordinates":[139.72023,35.70649]},"properties":{"stopId":"Toei.Babashitacho.1258.1","name":"Babashitachō","nameJa":"馬場下町","routeCount":4,"operator":"Toei"}},{"type":"Feature","geometry":{"type":"Point","coordinates":[139.87572,35.64534]},"properties":{"stopId":"Toei.MinamiKasaiChugakko.2184.2","name":"Minami-Kasai-Chūgakkō","nameJa":"南葛西中学校前","routeCount":4,"operator":"Toei"}},{"type":"Feature","geometry":{"type":"Point","coordinates":[139.71936,35.70636]},"properties":{"stopId":"Toei.Babashitacho.1258.5","name":"Babashitachō","nameJa":"馬場下町","routeCount":4,"operator":"Toei"}},{"type":"Feature","geometry":{"type":"Point","coordinates":[139.78008,35.69485]},"properties":{"stopId":"Toei.HigashiKanda.1276.1","name":"Higashi-Kanda","nameJa":"東神田","routeCount":4,"operator":"Toei"}},{"type":"Feature","geometry":{"type":"Point","coordinates":[139.86068,35.72174]},"properties":{"stopId":"Toei.HigashiShinKoiwaItchome.1289.1","name":"Higashi-Shin-Koiwa-Itchōme (Higashi-Shin-Koiwa 1)","nameJa":"東新小岩一丁目","routeCount":4,"operator":"Toei"}},{"type":"Feature","geometry":{"type":"Point","coordinates":[139.86312,35.72345]},"properties":{"stopId":"Toei.HigashiShinKoiwaSanchome.1290.1","name":"Higashi-Shin-Koiwa-Sanchōme (Higashi-Shin-Koiwa 3)","nameJa":"東新小岩三丁目","routeCount":4,"operator":"Toei"}},{"type":"Feature","geometry":{"type":"Point","coordinates":[139.86519,35.7249]},"properties":{"stopId":"Toei.HigashiShinKoiwaYonchome.1291.2","name":"Higashi-Shin-Koiwa-Yonchōme (Higashi-Shin-Koiwa 4)","nameJa":"東新小岩四丁目","routeCount":4,"operator":"Toei"}},{"type":"Feature","geometry":{"type":"Point","coordinates":[139.84486,35.68321]},"properties":{"stopId":"Toei.HigashisunaNichome.1293.2","name":"Higashisuna-Nichōme (Higashisuna 2)","nameJa":"東砂二丁目","routeCount":4,"operator":"Toei"}},{"type":"Feature","geometry":{"type":"Point","coordinates":[139.84321,35.67598]},"properties":{"stopId":"Toei.HigashisunaGochome.1296.1","name":"Higashisuna-Gochōme (Higashisuna 5)","nameJa":"東砂五丁目","routeCount":4,"operator":"Toei"}},{"type":"Feature","geometry":{"type":"Point","coordinates":[139.70905,35.65234]},"properties":{"stopId":"Toei.HigashiNichome.1322.1","name":"Higashi-Nichōme (Higashi 2)","nameJa":"東二丁目","routeCount":4,"operator":"Toei"}},{"type":"Feature","geometry":{"type":"Point","coordinates":[139.68187,35.72819]},"properties":{"stopId":"Toei.HigashiNagasakiStationDori.1307.1","name":"Higashi-Nagasaki Sta. Dōri","nameJa":"東長崎駅通り","routeCount":4,"operator":"Toei"}},{"type":"Feature","geometry":{"type":"Point","coordinates":[139.81925,35.72164]},"properties":{"stopId":"Toei.HigashiMukojimaHirokoji.1316.2","name":"Higashi-Mukōjima-Hirokōji","nameJa":"東向島広小路","routeCount":4,"operator":"Toei"}},{"type":"Feature","geometry":{"type":"Point","coordinates":[139.81964,35.72094]},"properties":{"stopId":"Toei.HigashiMukojimaHirokoji.1316.4","name":"Higashi-Mukōjima-Hirokōji","nameJa":"東向島広小路","routeCount":4,"operator":"Toei"}},{"type":"Feature","geometry":{"type":"Point","coordinates":[139.81619,35.72446]},"properties":{"stopId":"Toei.Hyakkaen.1339.1","name":"Hyakkaen","nameJa":"百花園前","routeCount":4,"operator":"Toei"}},{"type":"Feature","geometry":{"type":"Point","coordinates":[139.81666,35.72429]},"properties":{"stopId":"Toei.Hyakkaen.1339.2","name":"Hyakkaen","nameJa":"百花園前","routeCount":4,"operator":"Toei"}},{"type":"Feature","geometry":{"type":"Point","coordinates":[139.72576,35.63786]},"properties":{"stopId":"Toei.ShirokanedaiStation.1340.1","name":"Shirokanedai Sta.","nameJa":"白金台駅前","routeCount":4,"operator":"Toei"}},{"type":"Feature","geometry":{"type":"Point","coordinates":[139.84221,35.7067]},"properties":{"stopId":"Toei.HiraiStation.1341.2","name":"Hirai Sta.","nameJa":"平井駅前","routeCount":4,"operator":"Toei"}},{"type":"Feature","geometry":{"type":"Point","coordinates":[139.79694,35.67138]},"properties":{"stopId":"Toei.Fudoson.1376.1","name":"Fudōson(Fukagawafudō Temple)","nameJa":"不動尊前","routeCount":4,"operator":"Toei"}},{"type":"Feature","geometry":{"type":"Point","coordinates":[139.82433,35.71228]},"properties":{"stopId":"Toei.BunkaSanchome.1383.1","name":"Bunka-Sanchōme (Bunka 3)","nameJa":"文花三丁目","routeCount":4,"operator":"Toei"}},{"type":"Feature","geometry":{"type":"Point","coordinates":[139.82473,35.71233]},"properties":{"stopId":"Toei.BunkaSanchome.1383.2","name":"Bunka-Sanchōme (Bunka 3)","nameJa":"文花三丁目","routeCount":4,"operator":"Toei"}},{"type":"Feature","geometry":{"type":"Point","coordinates":[139.65669,35.68289]},"properties":{"stopId":"Toei.HonanHachimanDori.1390.1","name":"Hōnan-Hachiman-Dōri","nameJa":"方南八幡通り","routeCount":4,"operator":"Toei"}},{"type":"Feature","geometry":{"type":"Point","coordinates":[139.65708,35.68245]},"properties":{"stopId":"Toei.HonanHachimanDori.1390.2","name":"Hōnan-Hachiman-Dōri","nameJa":"方南八幡通り","routeCount":4,"operator":"Toei"}},{"type":"Feature","geometry":{"type":"Point","coordinates":[139.8014,35.79273]},"properties":{"stopId":"Toei.HokimaNakadori.1392.3","name":"Hokima-Nakadōri","nameJa":"保木間仲通り","routeCount":4,"operator":"Toei"}},{"type":"Feature","geometry":{"type":"Point","coordinates":[139.80253,35.79094]},"properties":{"stopId":"Toei.HokimaItchome.1393.1","name":"Hokima-Itchōme (Hokima 1)","nameJa":"保木間一丁目","routeCount":4,"operator":"Toei"}},{"type":"Feature","geometry":{"type":"Point","coordinates":[139.6548,35.69126]},"properties":{"stopId":"Toei.Horinouchi.1398.3","name":"Horinouchi","nameJa":"堀ノ内","routeCount":4,"operator":"Toei"}},{"type":"Feature","geometry":{"type":"Point","coordinates":[139.65514,35.68964]},"properties":{"stopId":"Toei.HorinouchiNichome.1399.2","name":"Horinouchi-Nichōme (Horinouchi 2)","nameJa":"杏林大学杉並病院前","routeCount":4,"operator":"Toei"}},{"type":"Feature","geometry":{"type":"Point","coordinates":[139.80449,35.708]},"properties":{"stopId":"Toei.HonjoAzumabashi.1414.6","name":"Honjo-Azumabashi","nameJa":"本所吾妻橋","routeCount":4,"operator":"Toei"}},{"type":"Feature","geometry":{"type":"Point","coordinates":[139.86842,35.7189]},"properties":{"stopId":"Toei.HonIsshiki.1403.2","name":"Hon-Isshiki","nameJa":"本一色","routeCount":4,"operator":"Toei"}},{"type":"Feature","geometry":{"type":"Point","coordinates":[139.8047,35.70543]},"properties":{"stopId":"Toei.HigashiKomagataSanchome.1415.2","name":"Higashi-Komagata-Sanchōme (Higashi-Komagata 3)","nameJa":"東駒形三丁目","routeCount":4,"operator":"Toei"}},{"type":"Feature","geometry":{"type":"Point","coordinates":[139.8049,35.70354]},"properties":{"stopId":"Toei.HonjoYonchome.1418.4","name":"Honjo-Yonchōme (Honjo 4)","nameJa":"本所四丁目","routeCount":4,"operator":"Toei"}},{"type":"Feature","geometry":{"type":"Point","coordinates":[139.75746,35.71897]},"properties":{"stopId":"Toei.HongoOiwake.1408.2","name":"Hongō-Oiwake","nameJa":"本郷追分","routeCount":4,"operator":"Toei"}},{"type":"Feature","geometry":{"type":"Point","coordinates":[139.76117,35.7051]},"properties":{"stopId":"Toei.HongoNichome.1409.2","name":"Hongō-Nichōme (Hongō 2)","nameJa":"本郷二丁目","routeCount":4,"operator":"Toei"}},{"type":"Feature","geometry":{"type":"Point","coordinates":[139.76083,35.7066]},"properties":{"stopId":"Toei.HongoSanchomeStation.1410.1","name":"Hongō-Sanchōme Sta. (Hongō 3 Sta.)","nameJa":"本郷三丁目駅前","routeCount":4,"operator":"Toei"}},{"type":"Feature","geometry":{"type":"Point","coordinates":[139.80564,35.69457]},"properties":{"stopId":"Toei.MidoriSanchome.1460.3","name":"Midori-Sanchōme (Midori 3)","nameJa":"緑三丁目","routeCount":4,"operator":"Toei"}},{"type":"Feature","geometry":{"type":"Point","coordinates":[139.7597,35.70755]},"properties":{"stopId":"Toei.HongoSanchomeStation.1410.3","name":"Hongō-Sanchōme Sta. (Hongō 3 Sta.)","nameJa":"本郷三丁目駅前","routeCount":4,"operator":"Toei"}},{"type":"Feature","geometry":{"type":"Point","coordinates":[139.76121,35.70747]},"properties":{"stopId":"Toei.HongoSanchomeStation.1410.4","name":"Hongō-Sanchōme Sta. (Hongō 3 Sta.)","nameJa":"本郷三丁目駅前","routeCount":4,"operator":"Toei"}},{"type":"Feature","geometry":{"type":"Point","coordinates":[139.79754,35.70371]},"properties":{"stopId":"Toei.HonjoItchome.1416.2","name":"Honjo-Itchōme (Honjo 1)","nameJa":"本所一丁目","routeCount":4,"operator":"Toei"}},{"type":"Feature","geometry":{"type":"Point","coordinates":[139.80123,35.70376]},"properties":{"stopId":"Toei.HonjoNichome.1417.1","name":"Honjo-Nichōme (Honjo 2)","nameJa":"本所二丁目","routeCount":4,"operator":"Toei"}},{"type":"Feature","geometry":{"type":"Point","coordinates":[139.80424,35.70389]},"properties":{"stopId":"Toei.HonjoYonchome.1418.1","name":"Honjo-Yonchōme (Honjo 4)","nameJa":"本所四丁目","routeCount":4,"operator":"Toei"}},{"type":"Feature","geometry":{"type":"Point","coordinates":[139.72358,35.6623]},"properties":{"stopId":"Toei.BochiShita.1425.1","name":"Bochi-Shita","nameJa":"墓地下","routeCount":4,"operator":"Toei"}},{"type":"Feature","geometry":{"type":"Point","coordinates":[139.75677,35.70721]},"properties":{"stopId":"Toei.MasagoSakaUe.1429.1","name":"Masago-Saka-Ue","nameJa":"真砂坂上","routeCount":4,"operator":"Toei"}},{"type":"Feature","geometry":{"type":"Point","coordinates":[139.7574,35.70745]},"properties":{"stopId":"Toei.MasagoSakaUe.1429.2","name":"Masago-Saka-Ue","nameJa":"真砂坂上","routeCount":4,"operator":"Toei"}},{"type":"Feature","geometry":{"type":"Point","coordinates":[139.87134,35.69681]},"properties":{"stopId":"Toei.Matsue.1433.5","name":"Matsue","nameJa":"松江","routeCount":4,"operator":"Toei"}},{"type":"Feature","geometry":{"type":"Point","coordinates":[139.88352,35.68613]},"properties":{"stopId":"Toei.IchinoeStation.1445.1","name":"Ichinoe Sta.","nameJa":"一之江駅前","routeCount":4,"operator":"Toei"}},{"type":"Feature","geometry":{"type":"Point","coordinates":[139.88357,35.68597]},"properties":{"stopId":"Toei.IchinoeStation.1445.2","name":"Ichinoe Sta.","nameJa":"一之江駅前","routeCount":4,"operator":"Toei"}},{"type":"Feature","geometry":{"type":"Point","coordinates":[139.88376,35.68593]},"properties":{"stopId":"Toei.IchinoeStation.1445.3","name":"Ichinoe Sta.","nameJa":"一之江駅前","routeCount":4,"operator":"Toei"}},{"type":"Feature","geometry":{"type":"Point","coordinates":[139.88524,35.67944]},"properties":{"stopId":"Toei.MizueChugakko.1446.1","name":"Mizue-Chūgakkō","nameJa":"瑞江中学校前","routeCount":4,"operator":"Toei"}},{"type":"Feature","geometry":{"type":"Point","coordinates":[139.79858,35.6947]},"properties":{"stopId":"Toei.MidoriItchome.1458.3","name":"Midori-Itchōme (Midori 1)","nameJa":"緑一丁目","routeCount":4,"operator":"Toei"}},{"type":"Feature","geometry":{"type":"Point","coordinates":[139.8021,35.69487]},"properties":{"stopId":"Toei.MidoriNichome.1459.2","name":"Midori-Nichōme (Midori 2)","nameJa":"緑二丁目","routeCount":4,"operator":"Toei"}},{"type":"Feature","geometry":{"type":"Point","coordinates":[139.80644,35.69513]},"properties":{"stopId":"Toei.MidoriSanchome.1460.4","name":"Midori-Sanchōme (Midori 3)","nameJa":"緑三丁目","routeCount":4,"operator":"Toei"}},{"type":"Feature","geometry":{"type":"Point","coordinates":[139.71821,35.65941]},"properties":{"stopId":"Toei.MinamiAoyamaNanachome.1469.4","name":"Minami-Aoyama-Nanachōme (Minami-Aoyama 7)","nameJa":"南青山七丁目","routeCount":4,"operator":"Toei"}},{"type":"Feature","geometry":{"type":"Point","coordinates":[139.79842,35.73131]},"properties":{"stopId":"Toei.MinamiSenjuShako.1478.1","name":"Minami-Senju-Shako","nameJa":"南千住車庫前","routeCount":4,"operator":"Toei"}},{"type":"Feature","geometry":{"type":"Point","coordinates":[139.7953,35.7352]},"properties":{"stopId":"Toei.MinamiSenjuRokuchome.1481.1","name":"Minami-Senju-Rokuchōme (Minami-Senju 6)","nameJa":"南千住六丁目","routeCount":4,"operator":"Toei"}},{"type":"Feature","geometry":{"type":"Point","coordinates":[139.68618,35.72486]},"properties":{"stopId":"Toei.MinamiNagasakiSanchome.1487.1","name":"Minami-Nagasaki-Sanchōme (Minami-Nagasaki 3)","nameJa":"南長崎三丁目","routeCount":4,"operator":"Toei"}},{"type":"Feature","geometry":{"type":"Point","coordinates":[139.69043,35.72274]},"properties":{"stopId":"Toei.MinamiNagasakiNichome.1486.2","name":"Minami-Nagasaki-Nichōme (Minami-Nagasaki 2)","nameJa":"南長崎二丁目","routeCount":4,"operator":"Toei"}},{"type":"Feature","geometry":{"type":"Point","coordinates":[139.68142,35.72701]},"properties":{"stopId":"Toei.MinamiNagasakiGochome.1488.1","name":"Minami-Nagasaki-Gochōme (Minami-Nagasaki 5)","nameJa":"南長崎五丁目","routeCount":4,"operator":"Toei"}},{"type":"Feature","geometry":{"type":"Point","coordinates":[139.6782,35.73119]},"properties":{"stopId":"Toei.MinamiNagasakiRokuchome.1489.1","name":"Minami-Nagasaki-Rokuchōme (Minami-Nagasaki 6)","nameJa":"南長崎六丁目","routeCount":4,"operator":"Toei"}},{"type":"Feature","geometry":{"type":"Point","coordinates":[139.79282,35.73238]},"properties":{"stopId":"Toei.Minowabashi.1494.2","name":"Minowabashi","nameJa":"三ノ輪橋","routeCount":4,"operator":"Toei"}},{"type":"Feature","geometry":{"type":"Point","coordinates":[139.79455,35.72866]},"properties":{"stopId":"Toei.MinowaNichome.1495.1","name":"Minowa-Nichōme (Minowa 2)","nameJa":"三ノ輪二丁目","routeCount":4,"operator":"Toei"}},{"type":"Feature","geometry":{"type":"Point","coordinates":[139.75576,35.721]},"properties":{"stopId":"Toei.MukogaokaItchome.1511.2","name":"Mukōgaoka-Itchōme (Mukōgaoka 1)","nameJa":"向丘一丁目","routeCount":4,"operator":"Toei"}},{"type":"Feature","geometry":{"type":"Point","coordinates":[139.75411,35.72341]},"properties":{"stopId":"Toei.MukogaokaNichome.1512.2","name":"Mukōgaoka-Nichōme (Mukōgaoka 2)","nameJa":"向丘二丁目","routeCount":4,"operator":"Toei"}},{"type":"Feature","geometry":{"type":"Point","coordinates":[139.66889,35.73748]},"properties":{"stopId":"Toei.MusashiDaigaku.1516.1","name":"Musashi-Daigaku (Musashi Univ.)","nameJa":"武蔵大学前","routeCount":4,"operator":"Toei"}},{"type":"Feature","geometry":{"type":"Point","coordinates":[139.66823,35.7376]},"properties":{"stopId":"Toei.MusashiDaigaku.1516.2","name":"Musashi-Daigaku (Musashi Univ.)","nameJa":"武蔵大学前","routeCount":4,"operator":"Toei"}},{"type":"Feature","geometry":{"type":"Point","coordinates":[139.73091,35.63593]},"properties":{"stopId":"Toei.MeijiGakuin.1520.2","name":"Meiji-Gakuin (Meiji Gakuin Univ.)","nameJa":"明治学院前","routeCount":4,"operator":"Toei"}},{"type":"Feature","geometry":{"type":"Point","coordinates":[139.71665,35.634]},"properties":{"stopId":"Toei.MeguroStation.1526.1","name":"Meguro Sta.","nameJa":"目黒駅前","routeCount":4,"operator":"Toei"}},{"type":"Feature","geometry":{"type":"Point","coordinates":[139.72451,35.71505]},"properties":{"stopId":"Toei.MejirodaiSanchome.1531.1","name":"Mejirodai-Sanchōme (Mejirodai 3)","nameJa":"目白台三丁目","routeCount":4,"operator":"Toei"}},{"type":"Feature","geometry":{"type":"Point","coordinates":[139.79809,35.6887]},"properties":{"stopId":"Toei.MorishitaStation.1541.3","name":"Morishita Sta.","nameJa":"森下駅前","routeCount":4,"operator":"Toei"}},{"type":"Feature","geometry":{"type":"Point","coordinates":[139.72552,35.69705]},"properties":{"stopId":"Toei.Yakuojimachi.1547.2","name":"Yakuōjimachi","nameJa":"薬王寺町","routeCount":4,"operator":"Toei"}},{"type":"Feature","geometry":{"type":"Point","coordinates":[139.8283,35.71555]},"properties":{"stopId":"Toei.YahiroNichome.1560.2","name":"Yahiro-Nichōme (Yahiro 2)","nameJa":"八広二丁目","routeCount":4,"operator":"Toei"}},{"type":"Feature","geometry":{"type":"Point","coordinates":[139.73157,35.70875]},"properties":{"stopId":"Toei.Yamabukicho.1566.2","name":"Yamabukichō","nameJa":"山吹町","routeCount":4,"operator":"Toei"}},{"type":"Feature","geometry":{"type":"Point","coordinates":[139.7645,35.70736]},"properties":{"stopId":"Toei.YushimaYonchome.1575.1","name":"Yushima-Yonchōme (Yushima 4)","nameJa":"湯島四丁目","routeCount":4,"operator":"Toei"}},{"type":"Feature","geometry":{"type":"Point","coordinates":[139.80969,35.70417]},"properties":{"stopId":"Toei.Yokokawabashi.1578.2","name":"Yokokawabashi","nameJa":"横川橋","routeCount":4,"operator":"Toei"}},{"type":"Feature","geometry":{"type":"Point","coordinates":[139.8137,35.70439]},"properties":{"stopId":"Toei.YokokawaSanchome.1579.1","name":"Yokokawa-Sanchōme (Yokokawa 3)","nameJa":"横川三丁目","routeCount":4,"operator":"Toei"}},{"type":"Feature","geometry":{"type":"Point","coordinates":[139.79786,35.72378]},"properties":{"stopId":"Toei.YoshiwaraOmon.1585.1","name":"Yoshiwara-Ōmon","nameJa":"吉原大門","routeCount":4,"operator":"Toei"}},{"type":"Feature","geometry":{"type":"Point","coordinates":[139.79201,35.69501]},"properties":{"stopId":"Toei.RyogokuStation.1601.2","name":"Ryōgoku Sta.","nameJa":"両国駅前","routeCount":4,"operator":"Toei"}},{"type":"Feature","geometry":{"type":"Point","coordinates":[139.79538,35.69449]},"properties":{"stopId":"Toei.RyogokuYonchome.1603.1","name":"Ryōgoku-Yonchōme (Ryōgoku 4)","nameJa":"両国四丁目","routeCount":4,"operator":"Toei"}},{"type":"Feature","geometry":{"type":"Point","coordinates":[139.79306,35.69436]},"properties":{"stopId":"Toei.RyogokuStationIriguchi.1604.1","name":"Ryōgoku Sta. Iriguchi","nameJa":"両国駅入口","routeCount":4,"operator":"Toei"}},{"type":"Feature","geometry":{"type":"Point","coordinates":[139.8027,35.78836]},"properties":{"stopId":"Toei.Rokugatsucho.1606.2","name":"Rokugatsuchō","nameJa":"六月町","routeCount":4,"operator":"Toei"}},{"type":"Feature","geometry":{"type":"Point","coordinates":[139.73309,35.66294]},"properties":{"stopId":"Toei.RoppongiStation.1609.1","name":"Roppongi Sta.","nameJa":"六本木駅前","routeCount":4,"operator":"Toei"}},{"type":"Feature","geometry":{"type":"Point","coordinates":[139.73557,35.66199]},"properties":{"stopId":"Toei.RoppongiGochome.1612.1","name":"Roppongi-Gochōme (Roppongi 5)","nameJa":"六本木五丁目","routeCount":4,"operator":"Toei"}},{"type":"Feature","geometry":{"type":"Point","coordinates":[139.73552,35.66185]},"properties":{"stopId":"Toei.RoppongiGochome.1612.2","name":"Roppongi-Gochōme (Roppongi 5)","nameJa":"六本木五丁目","routeCount":4,"operator":"Toei"}},{"type":"Feature","geometry":{"type":"Point","coordinates":[139.72757,35.66123]},"properties":{"stopId":"Toei.EXTheaterRoppongi.1613.3","name":"EX Theater Roppongi","nameJa":"EXシアター六本木前","routeCount":4,"operator":"Toei"}},{"type":"Feature","geometry":{"type":"Point","coordinates":[139.7204,35.69999]},"properties":{"stopId":"Toei.Wakamatsucho.1617.1","name":"Wakamatsuchō","nameJa":"若松町","routeCount":4,"operator":"Toei"}},{"type":"Feature","geometry":{"type":"Point","coordinates":[139.65606,35.68688]},"properties":{"stopId":"Toei.Wadaboribashi.1620.2","name":"Wadaboribashi","nameJa":"和田堀橋","routeCount":4,"operator":"Toei"}},{"type":"Feature","geometry":{"type":"Point","coordinates":[139.7534,35.60536]},"properties":{"stopId":"Toei.ShinagawaSogoFukushiCenter.2011.1","name":"Shinagawa-Sōgō-Fukushi Center","nameJa":"品川総合福祉センター前","routeCount":4,"operator":"Toei"}},{"type":"Feature","geometry":{"type":"Point","coordinates":[139.75408,35.70623]},"properties":{"stopId":"Toei.TokyoDomeCity.2021.1","name":"Tokyo Dome City","nameJa":"東京ドームシティ","routeCount":4,"operator":"Toei"}},{"type":"Feature","geometry":{"type":"Point","coordinates":[139.76535,35.66311]},"properties":{"stopId":"Toei.TsukijiGochome.2024.1","name":"Tsukiji-Gochōme (Tsukiji 5)","nameJa":"築地五丁目","routeCount":4,"operator":"Toei"}},{"type":"Feature","geometry":{"type":"Point","coordinates":[139.86389,35.684]},"properties":{"stopId":"Toei.FunaboriStation.2032.5","name":"Funabori Sta.","nameJa":"船堀駅前","routeCount":4,"operator":"Toei"}},{"type":"Feature","geometry":{"type":"Point","coordinates":[139.86378,35.68418]},"properties":{"stopId":"Toei.FunaboriStation.2032.6","name":"Funabori Sta.","nameJa":"船堀駅前","routeCount":4,"operator":"Toei"}},{"type":"Feature","geometry":{"type":"Point","coordinates":[139.75432,35.60362]},"properties":{"stopId":"Toei.MeiseiGakuen.2046.2","name":"Meisei-Gakuen","nameJa":"明晴学園前","routeCount":4,"operator":"Toei"}},{"type":"Feature","geometry":{"type":"Point","coordinates":[139.86602,35.6766]},"properties":{"stopId":"Toei.Shinwataribashi.2081.1","name":"Shinwataribashi","nameJa":"新渡橋","routeCount":4,"operator":"Toei"}},{"type":"Feature","geometry":{"type":"Point","coordinates":[139.86415,35.67492]},"properties":{"stopId":"Toei.UkitaShogakko.2082.1","name":"Ukita-Shōgakkō","nameJa":"宇喜田小学校","routeCount":4,"operator":"Toei"}},{"type":"Feature","geometry":{"type":"Point","coordinates":[139.74284,35.5979]},"properties":{"stopId":"Toei.Katsushima.2097.1","name":"Katsushima","nameJa":"勝島","routeCount":4,"operator":"Toei"}},{"type":"Feature","geometry":{"type":"Point","coordinates":[139.80463,35.64099]},"properties":{"stopId":"Toei.ShinonomeStation.2102.1","name":"Shinonome Sta.","nameJa":"東雲駅前","routeCount":4,"operator":"Toei"}},{"type":"Feature","geometry":{"type":"Point","coordinates":[139.87282,35.64375]},"properties":{"stopId":"Toei.KoshaHeimMinamiKasai.2110.1","name":"Kōsha Heim Minami-Kasai","nameJa":"コーシャハイム南葛西","routeCount":4,"operator":"Toei"}},{"type":"Feature","geometry":{"type":"Point","coordinates":[139.79446,35.6317]},"properties":{"stopId":"Toei.TokyoBigSightHigashito.2103.2","name":"Tokyo Big Sight Higashitō","nameJa":"東京ビッグサイト東棟前","routeCount":4,"operator":"Toei"}},{"type":"Feature","geometry":{"type":"Point","coordinates":[139.76974,35.59325]},"properties":{"stopId":"Toei.YashioNichome.2154.3","name":"Yashio-Nichōme (Yashio 2)","nameJa":"八潮二丁目","routeCount":4,"operator":"Toei"}},{"type":"Feature","geometry":{"type":"Point","coordinates":[139.77011,35.59228]},"properties":{"stopId":"Toei.Nichirei.2155.1","name":"Nichirei","nameJa":"ニチレイ前","routeCount":4,"operator":"Toei"}},{"type":"Feature","geometry":{"type":"Point","coordinates":[139.78321,35.6734]},"properties":{"stopId":"Toei.SumitomoTwinBiru.2162.1","name":"Sumitomo Twin Biru","nameJa":"住友ツインビル前","routeCount":4,"operator":"Toei"}},{"type":"Feature","geometry":{"type":"Point","coordinates":[139.83331,35.67507]},"properties":{"stopId":"Toei.MinamisunaGochomeDanchi.2163.1","name":"Minamisuna-Gochōme-Danchi (Minamisuna 5 Danchi)","nameJa":"南砂五丁目団地","routeCount":4,"operator":"Toei"}},{"type":"Feature","geometry":{"type":"Point","coordinates":[139.83339,35.67446]},"properties":{"stopId":"Toei.MinamisunaGochomeDanchi.2163.2","name":"Minamisuna-Gochōme-Danchi (Minamisuna 5 Danchi)","nameJa":"南砂五丁目団地","routeCount":4,"operator":"Toei"}},{"type":"Feature","geometry":{"type":"Point","coordinates":[139.74441,35.76407]},"properties":{"stopId":"Toei.ToshimaNanachomeMinami.2186.1","name":"Toshima-Nanachōme-Minami (Toshima 7 Minami)","nameJa":"豊島七丁目南","routeCount":4,"operator":"Toei"}},{"type":"Feature","geometry":{"type":"Point","coordinates":[139.74478,35.76422]},"properties":{"stopId":"Toei.ToshimaNanachomeMinami.2186.2","name":"Toshima-Nanachōme-Minami (Toshima 7 Minami)","nameJa":"豊島七丁目南","routeCount":4,"operator":"Toei"}},{"type":"Feature","geometry":{"type":"Point","coordinates":[139.74754,35.76472]},"properties":{"stopId":"Toei.ShintoyohashiMinami.2187.1","name":"Shintoyohashi-Minami","nameJa":"新豊橋南","routeCount":4,"operator":"Toei"}},{"type":"Feature","geometry":{"type":"Point","coordinates":[139.74745,35.76484]},"properties":{"stopId":"Toei.ShintoyohashiMinami.2187.2","name":"Shintoyohashi-Minami","nameJa":"新豊橋南","routeCount":4,"operator":"Toei"}},{"type":"Feature","geometry":{"type":"Point","coordinates":[139.86798,35.64419]},"properties":{"stopId":"Toei.RinkaichoGochome.2188.1","name":"Rinkaichō-Gochōme (Rinkaichō 5)","nameJa":"臨海町五丁目","routeCount":4,"operator":"Toei"}},{"type":"Feature","geometry":{"type":"Point","coordinates":[139.7586,35.57928]},"properties":{"stopId":"Toei.OtaShijo.2200.1","name":"Ōta-Shijō","nameJa":"大田市場","routeCount":4,"operator":"Toei"}},{"type":"Feature","geometry":{"type":"Point","coordinates":[139.83555,35.62946]},"properties":{"stopId":"Toei.WakasuGolfLinks.2268.1","name":"Wakasu Golf Links","nameJa":"若洲ゴルフリンクス前","routeCount":4,"operator":"Toei"}},{"type":"Feature","geometry":{"type":"Point","coordinates":[139.83632,35.63133]},"properties":{"stopId":"Toei.WakasuGolfLinks.2268.2","name":"Wakasu Golf Links","nameJa":"若洲ゴルフリンクス前","routeCount":4,"operator":"Toei"}},{"type":"Feature","geometry":{"type":"Point","coordinates":[139.87583,35.64639]},"properties":{"stopId":"Toei.MinamiKasaiKaikan.2274.2","name":"Minami-Kasai-Kaikan (Minami-Kasai Center)","nameJa":"南葛西会館前","routeCount":4,"operator":"Toei"}},{"type":"Feature","geometry":{"type":"Point","coordinates":[139.78605,35.66746]},"properties":{"stopId":"Toei.TsukudaNichome.2306.2","name":"Tsukuda-Nichōme (Tsukuda 2)","nameJa":"佃二丁目","routeCount":4,"operator":"Toei"}},{"type":"Feature","geometry":{"type":"Point","coordinates":[139.87012,35.64575]},"properties":{"stopId":"Toei.EdogawaRinkaiYubinkyoku.2289.4","name":"Edogawa Rinkai Yūbinkyoku (Edogawa Rinkai Post Office)","nameJa":"江戸川臨海郵便局前","routeCount":4,"operator":"Toei"}},{"type":"Feature","geometry":{"type":"Point","coordinates":[139.78503,35.66901]},"properties":{"stopId":"Toei.RiverCityNijuichi.2305.1","name":"River City Nijūichi","nameJa":"リバーシティ２１","routeCount":4,"operator":"Toei"}},{"type":"Feature","geometry":{"type":"Point","coordinates":[139.78535,35.6685]},"properties":{"stopId":"Toei.RiverCityNijuichi.2305.2","name":"River City Nijūichi","nameJa":"リバーシティ２１","routeCount":4,"operator":"Toei"}},{"type":"Feature","geometry":{"type":"Point","coordinates":[139.78588,35.66738]},"properties":{"stopId":"Toei.TsukudaNichome.2306.1","name":"Tsukuda-Nichōme (Tsukuda 2)","nameJa":"佃二丁目","routeCount":4,"operator":"Toei"}},{"type":"Feature","geometry":{"type":"Point","coordinates":[139.80281,35.78544]},"properties":{"stopId":"Toei.Hiranocho.2379.2","name":"Hiranochō","nameJa":"平野町","routeCount":4,"operator":"Toei"}},{"type":"Feature","geometry":{"type":"Point","coordinates":[139.78157,35.62465]},"properties":{"stopId":"Toei.AomiStation.2387.2","name":"Aomi Sta.","nameJa":"青海駅前","routeCount":4,"operator":"Toei"}},{"type":"Feature","geometry":{"type":"Point","coordinates":[139.84356,35.69045]},"properties":{"stopId":"Toei.OjimaHatchome.2401.1","name":"Ōjima-Hatchōme (Ōjima 8)","nameJa":"大島八丁目","routeCount":4,"operator":"Toei"}},{"type":"Feature","geometry":{"type":"Point","coordinates":[139.85404,35.6537]},"properties":{"stopId":"Toei.TokyoRinkaiByoin.2449.2","name":"Tokyo Rinkai-Byōin (Tokyo Rinkai Hp.)","nameJa":"東京臨海病院前","routeCount":4,"operator":"Toei"}},{"type":"Feature","geometry":{"type":"Point","coordinates":[139.854,35.65348]},"properties":{"stopId":"Toei.TokyoRinkaiByoin.2449.3","name":"Tokyo Rinkai-Byōin (Tokyo Rinkai Hp.)","nameJa":"東京臨海病院前","routeCount":4,"operator":"Toei"}},{"type":"Feature","geometry":{"type":"Point","coordinates":[139.83307,35.66674]},"properties":{"stopId":"Toei.ShinsunaSanchomeApato.2460.1","name":"Shinsuna-Sanchōme-Apāto (Shinsuna 3 Apāto)","nameJa":"新砂三丁目アパート","routeCount":4,"operator":"Toei"}},{"type":"Feature","geometry":{"type":"Point","coordinates":[139.79624,35.70956]},"properties":{"stopId":"Toei.AsakusaKaminarimonMinami.2464.1","name":"Asakusa-Kaminarimon-Minami","nameJa":"浅草雷門南","routeCount":4,"operator":"Toei"}},{"type":"Feature","geometry":{"type":"Point","coordinates":[139.79364,35.7093]},"properties":{"stopId":"Toei.KaminarimonItchome.2465.1","name":"Kaminarimon-Itchōme (Kaminarimon 1)","nameJa":"雷門一丁目","routeCount":4,"operator":"Toei"}},{"type":"Feature","geometry":{"type":"Point","coordinates":[139.71265,35.70146]},"properties":{"stopId":"Toei.ShinjukuKokokaraHiroba.2578.1","name":"Shinjuku-Kokokara-Hiroba","nameJa":"新宿ここ・から広場前","routeCount":4,"operator":"Toei"}},{"type":"Feature","geometry":{"type":"Point","coordinates":[139.83444,35.66636]},"properties":{"stopId":"Toei.KotoKoreishaIryoCenterIriguchi.2520.1","name":"Kōtō-Kōreisha-Iryō Center Iriguchi (Juntendo Tokyo Koto Geriatric Medical Center)","nameJa":"江東高齢者医療センター入口","routeCount":4,"operator":"Toei"}},{"type":"Feature","geometry":{"type":"Point","coordinates":[139.7272,35.70572]},"properties":{"stopId":"Toei.EnokichoTokubetsuShutchojo.2549.1","name":"Enokichō-Tokubetsu-Shutchōjo","nameJa":"榎町特別出張所前","routeCount":4,"operator":"Toei"}},{"type":"Feature","geometry":{"type":"Point","coordinates":[139.74778,35.77067]},"properties":{"stopId":"Toei.HeartIslandHigashi.2556.1","name":"Heart Island Higashi","nameJa":"ハートアイランド東","routeCount":4,"operator":"Toei"}},{"type":"Feature","geometry":{"type":"Point","coordinates":[139.748,35.76584]},"properties":{"stopId":"Toei.Shintoyobashi.2557.1","name":"Shintoyobashi","nameJa":"新豊橋","routeCount":4,"operator":"Toei"}},{"type":"Feature","geometry":{"type":"Point","coordinates":[139.74783,35.76626]},"properties":{"stopId":"Toei.Shintoyobashi.2557.2","name":"Shintoyobashi","nameJa":"新豊橋","routeCount":4,"operator":"Toei"}},{"type":"Feature","geometry":{"type":"Point","coordinates":[139.74942,35.7687]},"properties":{"stopId":"Toei.HeartIslandMinami.2564.2","name":"Heart Island Minami","nameJa":"ハートアイランド南","routeCount":4,"operator":"Toei"}},{"type":"Feature","geometry":{"type":"Point","coordinates":[139.77074,35.77389]},"properties":{"stopId":"Toei.KohokuStation.2566.2","name":"Kōhoku Sta.","nameJa":"江北駅前","routeCount":4,"operator":"Toei"}},{"type":"Feature","geometry":{"type":"Point","coordinates":[139.77031,35.75507]},"properties":{"stopId":"Toei.AdachiOdaiStation.2567.2","name":"Adachi-Odai Sta.","nameJa":"足立小台駅前","routeCount":4,"operator":"Toei"}},{"type":"Feature","geometry":{"type":"Point","coordinates":[139.77098,35.76294]},"properties":{"stopId":"Toei.OgiOhashiStation.2568.1","name":"Ōgi-Ōhashi Sta.","nameJa":"扇大橋駅前","routeCount":4,"operator":"Toei"}},{"type":"Feature","geometry":{"type":"Point","coordinates":[139.76736,35.66387]},"properties":{"stopId":"Toei.KokuritsuGanKenkyuCenter.2579.1","name":"Kokuritsu-Gan-Kenkyū Center","nameJa":"国立がん研究センター前","routeCount":4,"operator":"Toei"}},{"type":"Feature","geometry":{"type":"Point","coordinates":[139.88705,35.68088]},"properties":{"stopId":"Toei.ImaiJidoKotsuKoen.2585.1","name":"Imai-Jidō-Kōtsū-Kōen (Imai-Jidō-Kōtsū Park)","nameJa":"今井児童交通公園前","routeCount":4,"operator":"Toei"}},{"type":"Feature","geometry":{"type":"Point","coordinates":[139.79861,35.73296]},"properties":{"stopId":"Toei.MinamiSenjuStationNishiguchi.2582.1","name":"Minami-Senju Sta. Nishiguchi (West Exit)","nameJa":"南千住駅西口","routeCount":4,"operator":"Toei"}},{"type":"Feature","geometry":{"type":"Point","coordinates":[139.88709,35.68075]},"properties":{"stopId":"Toei.ImaiJidoKotsuKoen.2585.2","name":"Imai-Jidō-Kōtsū-Kōen (Imai-Jidō-Kōtsū Park)","nameJa":"今井児童交通公園前","routeCount":4,"operator":"Toei"}},{"type":"Feature","geometry":{"type":"Point","coordinates":[139.81243,35.66349]},"properties":{"stopId":"Toei.FukagawaHatchuMinami.2587.1","name":"Fukagawa-Hatchū-Minami","nameJa":"深川八中南","routeCount":4,"operator":"Toei"}},{"type":"Feature","geometry":{"type":"Point","coordinates":[139.78965,35.64772]},"properties":{"stopId":"Toei.ShinToyosuStation.2589.2","name":"Shin-Toyosu Sta.","nameJa":"新豊洲駅前","routeCount":4,"operator":"Toei"}},{"type":"Feature","geometry":{"type":"Point","coordinates":[139.816,35.66384]},"properties":{"stopId":"Toei.ToyoBashiMinami.2592.1","name":"Tōyō-Bashi-Minami","nameJa":"東陽橋南","routeCount":4,"operator":"Toei"}},{"type":"Feature","geometry":{"type":"Point","coordinates":[139.78679,35.64661]},"properties":{"stopId":"Toei.ShijoMaeStation.2596.2","name":"Shijō-Mae Sta.","nameJa":"市場前駅前","routeCount":4,"operator":"Toei"}},{"type":"Feature","geometry":{"type":"Point","coordinates":[139.81648,35.60806]},"properties":{"stopId":"Toei.UminomoriSuijoKyogijo.2623.2","name":"Uminomori-Suijō-Kyōgijō(SEA FOREST WATERWAY)","nameJa":"海の森水上競技場","routeCount":4,"operator":"Toei"}},{"type":"Feature","geometry":{"type":"Point","coordinates":[139.77234,35.64829]},"properties":{"stopId":"Toei.HarumiFutoKoenMinami.2629.1","name":"Harumi-Futō-Kōen-Minami(Harumi-Futō Park-Minami)","nameJa":"晴海ふ頭公園南","routeCount":4,"operator":"Toei"}},{"type":"Feature","geometry":{"type":"Point","coordinates":[139.83477,35.67914]},"properties":{"stopId":"Toei.KitasunaNanachome.415.2","name":"Kitasuna-Nanachōme (Kitasuna 7)","nameJa":"北砂七丁目","routeCount":3,"operator":"Toei"}},{"type":"Feature","geometry":{"type":"Point","coordinates":[139.72127,35.64269]},"properties":{"stopId":"Toei.ShirokaneRokuchome.682.2","name":"Shirokane-Rokuchōme (Shirokane 6)","nameJa":"白金六丁目","routeCount":3,"operator":"Toei"}},{"type":"Feature","geometry":{"type":"Point","coordinates":[139.72466,35.67134]},"properties":{"stopId":"Toei.AoyamaIkiikiPlazaIriguchi.14.1","name":"Aoyama-Ikiiki Plaza Iriguchi","nameJa":"青山いきいきプラザ入口","routeCount":3,"operator":"Toei"}},{"type":"Feature","geometry":{"type":"Point","coordinates":[139.81135,35.68333]},"properties":{"stopId":"Toei.OgibashiItchome.191.3","name":"Ōgibashi-Itchōme (Ōgibashi 1)","nameJa":"扇橋一丁目","routeCount":3,"operator":"Toei"}},{"type":"Feature","geometry":{"type":"Point","coordinates":[139.81111,35.68575]},"properties":{"stopId":"Toei.SarueItchome.577.2","name":"Sarue-Itchōme (Sarue 1)","nameJa":"猿江一丁目","routeCount":3,"operator":"Toei"}},{"type":"Feature","geometry":{"type":"Point","coordinates":[139.72199,35.67488]},"properties":{"stopId":"Toei.KitaAoyamaItchomeApato.10.2","name":"Kita-Aoyama-Itchōme-Apāto (Kita-Aoyama 1-Apāto)","nameJa":"北青山一丁目アパート前","routeCount":3,"operator":"Toei"}},{"type":"Feature","geometry":{"type":"Point","coordinates":[139.8122,35.67512]},"properties":{"stopId":"Toei.ToyoRokuchome.993.2","name":"Tōyō-Rokuchōme (Tōyō 6)","nameJa":"東陽六丁目","routeCount":3,"operator":"Toei"}},{"type":"Feature","geometry":{"type":"Point","coordinates":[139.72143,35.64277]},"properties":{"stopId":"Toei.ShirokaneRokuchome.682.1","name":"Shirokane-Rokuchōme (Shirokane 6)","nameJa":"白金六丁目","routeCount":3,"operator":"Toei"}},{"type":"Feature","geometry":{"type":"Point","coordinates":[139.74167,35.60897]},"properties":{"stopId":"Toei.AomonoYokocho.4.1","name":"Aomono-Yokochō","nameJa":"青物横丁","routeCount":3,"operator":"Toei"}},{"type":"Feature","geometry":{"type":"Point","coordinates":[139.70797,35.65809]},"properties":{"stopId":"Toei.ShibuyaSanchome.5.3","name":"Shibuya-Sanchōme (Shibuya 3)","nameJa":"渋谷三丁目","routeCount":3,"operator":"Toei"}},{"type":"Feature","geometry":{"type":"Point","coordinates":[139.71349,35.65871]},"properties":{"stopId":"Toei.AoyamagakuinChutobu.7.2","name":"Aoyamagakuin-Chūtōbu","nameJa":"青山学院中等部前","routeCount":3,"operator":"Toei"}},{"type":"Feature","geometry":{"type":"Point","coordinates":[139.7095,35.66221]},"properties":{"stopId":"Toei.Aoyamagakuin.8.2","name":"Aoyamagakuin (Aoyama Gakuin Univ.)","nameJa":"青山学院前","routeCount":3,"operator":"Toei"}},{"type":"Feature","geometry":{"type":"Point","coordinates":[139.72432,35.66759]},"properties":{"stopId":"Toei.AoyamaSaijo.9.1","name":"Aoyama-Saijō","nameJa":"青山斎場","routeCount":3,"operator":"Toei"}},{"type":"Feature","geometry":{"type":"Point","coordinates":[139.72329,35.67393]},"properties":{"stopId":"Toei.AoyamaItchomeStation.12.2","name":"Aoyama-Itchōme Sta. (Aoyama 1 Sta.)","nameJa":"青山一丁目駅前","routeCount":3,"operator":"Toei"}},{"type":"Feature","geometry":{"type":"Point","coordinates":[139.63602,35.70204]},"properties":{"stopId":"Toei.AsagayaMinamiItchome.30.2","name":"Asagaya-Minami-Itchōme (Asagaya-Minami 1)","nameJa":"阿佐ヶ谷南一丁目","routeCount":3,"operator":"Toei"}},{"type":"Feature","geometry":{"type":"Point","coordinates":[139.79317,35.70915]},"properties":{"stopId":"Toei.AsakusaKotobukicho.35.11","name":"Asakusa-Kotobukichō","nameJa":"浅草寿町","routeCount":3,"operator":"Toei"}},{"type":"Feature","geometry":{"type":"Point","coordinates":[139.79697,35.71612]},"properties":{"stopId":"Toei.AsakusaNichome.39.1","name":"Asakusa-Nichōme (Asakusa 2)","nameJa":"浅草二丁目","routeCount":3,"operator":"Toei"}},{"type":"Feature","geometry":{"type":"Point","coordinates":[139.79774,35.7161]},"properties":{"stopId":"Toei.AsakusaNichome.39.2","name":"Asakusa-Nichōme (Asakusa 2)","nameJa":"浅草二丁目","routeCount":3,"operator":"Toei"}},{"type":"Feature","geometry":{"type":"Point","coordinates":[139.79462,35.71672]},"properties":{"stopId":"Toei.OkuAsakusa.40.1","name":"Oku-Asakusa","nameJa":"奥浅草","routeCount":3,"operator":"Toei"}},{"type":"Feature","geometry":{"type":"Point","coordinates":[139.79371,35.71711]},"properties":{"stopId":"Toei.OkuAsakusa.40.3","name":"Oku-Asakusa","nameJa":"奥浅草","routeCount":3,"operator":"Toei"}},{"type":"Feature","geometry":{"type":"Point","coordinates":[139.79438,35.71737]},"properties":{"stopId":"Toei.OkuAsakusa.40.4","name":"Oku-Asakusa","nameJa":"奥浅草","routeCount":3,"operator":"Toei"}},{"type":"Feature","geometry":{"type":"Point","coordinates":[139.79542,35.71995]},"properties":{"stopId":"Toei.AsakusaYonchome.41.2","name":"Asakusa-Yonchōme (Asakusa 4)","nameJa":"浅草四丁目","routeCount":3,"operator":"Toei"}},{"type":"Feature","geometry":{"type":"Point","coordinates":[139.797,35.72159]},"properties":{"stopId":"Toei.AsakusaGochome.42.2","name":"Asakusa-Gochōme (Asakusa 5)","nameJa":"浅草五丁目","routeCount":3,"operator":"Toei"}},{"type":"Feature","geometry":{"type":"Point","coordinates":[139.80077,35.70828]},"properties":{"stopId":"Toei.AzumabashiItchome.54.2","name":"Azumabashi-Itchōme (Azumabashi 1)","nameJa":"吾妻橋一丁目","routeCount":3,"operator":"Toei"}},{"type":"Feature","geometry":{"type":"Point","coordinates":[139.79817,35.74603]},"properties":{"stopId":"Toei.SenjuItchome.49.2","name":"Senju-Itchōme (Senju 1)","nameJa":"千住一丁目","routeCount":3,"operator":"Toei"}},{"type":"Feature","geometry":{"type":"Point","coordinates":[139.79703,35.80402]},"properties":{"stopId":"Toei.AdachiSeisokojo.50.1","name":"Adachi-Seisōkōjō","nameJa":"足立清掃工場前","routeCount":3,"operator":"Toei"}},{"type":"Feature","geometry":{"type":"Point","coordinates":[139.79762,35.80367]},"properties":{"stopId":"Toei.AdachiSeisokojo.50.2","name":"Adachi-Seisōkōjō","nameJa":"足立清掃工場前","routeCount":3,"operator":"Toei"}},{"type":"Feature","geometry":{"type":"Point","coordinates":[139.77328,35.77486]},"properties":{"stopId":"Toei.Amidabashi.56.1","name":"Amidabashi","nameJa":"阿弥陀橋","routeCount":3,"operator":"Toei"}},{"type":"Feature","geometry":{"type":"Point","coordinates":[139.77578,35.73704]},"properties":{"stopId":"Toei.ArakawaYonchome.69.3","name":"Arakawa-Yonchōme (Arakawa 4)","nameJa":"荒川四丁目","routeCount":3,"operator":"Toei"}},{"type":"Feature","geometry":{"type":"Point","coordinates":[139.72243,35.69092]},"properties":{"stopId":"Toei.Arakicho.71.2","name":"Arakichō","nameJa":"荒木町","routeCount":3,"operator":"Toei"}},{"type":"Feature","geometry":{"type":"Point","coordinates":[139.72267,35.63962]},"properties":{"stopId":"Toei.TodaiIkakenByoinNishimon.82.1","name":"Tōdai-Ikaken-Byōin-Nishimon (Inst. Of Medical Science. Univ. Of Tokyo Hp.)","nameJa":"東大医科研病院西門","routeCount":3,"operator":"Toei"}},{"type":"Feature","geometry":{"type":"Point","coordinates":[139.72236,35.64015]},"properties":{"stopId":"Toei.TodaiIkakenByoinNishimon.82.2","name":"Tōdai-Ikaken-Byōin-Nishimon (Inst. Of Medical Science. Univ. Of Tokyo Hp.)","nameJa":"東大医科研病院西門","routeCount":3,"operator":"Toei"}},{"type":"Feature","geometry":{"type":"Point","coordinates":[139.71321,35.72978]},"properties":{"stopId":"Toei.IkebukuroStationHigashiguchi.87.5","name":"Ikebukuro Sta. Higashiguchi (East Exit)","nameJa":"池袋駅東口","routeCount":3,"operator":"Toei"}},{"type":"Feature","geometry":{"type":"Point","coordinates":[139.71271,35.73095]},"properties":{"stopId":"Toei.IkebukuroStationHigashiguchi.87.12","name":"Ikebukuro Sta. Higashiguchi (East Exit)","nameJa":"池袋駅東口","routeCount":3,"operator":"Toei"}},{"type":"Feature","geometry":{"type":"Point","coordinates":[139.71336,35.73153]},"properties":{"stopId":"Toei.IkebukuroStationHigashiguchi.87.14","name":"Ikebukuro Sta. Higashiguchi (East Exit)","nameJa":"池袋駅東口","routeCount":3,"operator":"Toei"}},{"type":"Feature","geometry":{"type":"Point","coordinates":[139.81163,35.68082]},"properties":{"stopId":"Toei.Ishijima.92.1","name":"Ishijima","nameJa":"石島","routeCount":3,"operator":"Toei"}},{"type":"Feature","geometry":{"type":"Point","coordinates":[139.79792,35.70036]},"properties":{"stopId":"Toei.IshiwaraItchome.94.2","name":"Ishiwara-Itchōme (Ishiwara 1)","nameJa":"石原一丁目","routeCount":3,"operator":"Toei"}},{"type":"Feature","geometry":{"type":"Point","coordinates":[139.79708,35.69967]},"properties":{"stopId":"Toei.IshiwaraItchome.94.4","name":"Ishiwara-Itchōme (Ishiwara 1)","nameJa":"石原一丁目","routeCount":3,"operator":"Toei"}},{"type":"Feature","geometry":{"type":"Point","coordinates":[139.80046,35.70047]},"properties":{"stopId":"Toei.IshiwaraNichome.95.1","name":"Ishiwara-Nichōme (Ishiwara 2)","nameJa":"石原二丁目","routeCount":3,"operator":"Toei"}},{"type":"Feature","geometry":{"type":"Point","coordinates":[139.8041,35.70069]},"properties":{"stopId":"Toei.IshiwaraSanchome.96.2","name":"Ishiwara-Sanchōme (Ishiwara 3)","nameJa":"石原三丁目","routeCount":3,"operator":"Toei"}},{"type":"Feature","geometry":{"type":"Point","coordinates":[139.80683,35.70083]},"properties":{"stopId":"Toei.IshiwaraYonchome.97.2","name":"Ishiwara-Yonchōme (Ishiwara 4)","nameJa":"石原四丁目","routeCount":3,"operator":"Toei"}},{"type":"Feature","geometry":{"type":"Point","coordinates":[139.88179,35.69836]},"properties":{"stopId":"Toei.IchinoeKosokuIriguchi.105.2","name":"Ichinoe-Kōsoku-Iriguchi","nameJa":"一之江高速入口","routeCount":3,"operator":"Toei"}},{"type":"Feature","geometry":{"type":"Point","coordinates":[139.88145,35.70147]},"properties":{"stopId":"Toei.IchinoebashiNishizume.106.2","name":"Ichinoebashi-Nishizume","nameJa":"一之江橋西詰","routeCount":3,"operator":"Toei"}},{"type":"Feature","geometry":{"type":"Point","coordinates":[139.8824,35.69364]},"properties":{"stopId":"Toei.IchinoeNichome.108.2","name":"Ichinoe-Nichōme(Ichinoe 2)","nameJa":"一之江二丁目","routeCount":3,"operator":"Toei"}},{"type":"Feature","geometry":{"type":"Point","coordinates":[139.86203,35.66949]},"properties":{"stopId":"Toei.InariJinja.115.1","name":"Inari-Jinja (Inari-Jinja Shrine)","nameJa":"稲荷神社前(いなりじんじゃまえ（えどがわく）)","routeCount":3,"operator":"Toei"}},{"type":"Feature","geometry":{"type":"Point","coordinates":[139.8643,35.66896]},"properties":{"stopId":"Toei.InariJinja.115.2","name":"Inari-Jinja (Inari-Jinja Shrine)","nameJa":"稲荷神社前(いなりじんじゃまえ（えどがわく）)","routeCount":3,"operator":"Toei"}},{"type":"Feature","geometry":{"type":"Point","coordinates":[139.78306,35.7202]},"properties":{"stopId":"Toei.IriyaKishimojin.121.1","name":"Iriya-Kishimojin (Iriya-Kishimojin Temple)","nameJa":"入谷鬼子母神","routeCount":3,"operator":"Toei"}},{"type":"Feature","geometry":{"type":"Point","coordinates":[139.78316,35.71998]},"properties":{"stopId":"Toei.IriyaKishimojin.121.2","name":"Iriya-Kishimojin (Iriya-Kishimojin Temple)","nameJa":"入谷鬼子母神","routeCount":3,"operator":"Toei"}},{"type":"Feature","geometry":{"type":"Point","coordinates":[139.78971,35.7181]},"properties":{"stopId":"Toei.IriyaNichome.122.1","name":"Iriya-Nichōme (Iriya 2)","nameJa":"入谷二丁目","routeCount":3,"operator":"Toei"}},{"type":"Feature","geometry":{"type":"Point","coordinates":[139.78986,35.71792]},"properties":{"stopId":"Toei.IriyaNichome.122.2","name":"Iriya-Nichōme (Iriya 2)","nameJa":"入谷二丁目","routeCount":3,"operator":"Toei"}},{"type":"Feature","geometry":{"type":"Point","coordinates":[139.77724,35.69224]},"properties":{"stopId":"Toei.IwamotochoItchome.129.1","name":"Iwamotochō-Itchōme (Iwamotochō 1)","nameJa":"岩本町一丁目","routeCount":3,"operator":"Toei"}},{"type":"Feature","geometry":{"type":"Point","coordinates":[139.77424,35.71101]},"properties":{"stopId":"Toei.UenoKoenYamashita.133.7","name":"Ueno-Kōen-Yamashita (Ueno Park)","nameJa":"上野公園山下","routeCount":3,"operator":"Toei"}},{"type":"Feature","geometry":{"type":"Point","coordinates":[139.77429,35.71109]},"properties":{"stopId":"Toei.UenoKoenYamashita.133.9","name":"Ueno-Kōen-Yamashita (Ueno Park)","nameJa":"上野公園山下","routeCount":3,"operator":"Toei"}},{"type":"Feature","geometry":{"type":"Point","coordinates":[139.8568,35.67072]},"properties":{"stopId":"Toei.Ukita.136.3","name":"Ukita","nameJa":"宇喜田","routeCount":3,"operator":"Toei"}},{"type":"Feature","geometry":{"type":"Point","coordinates":[139.79255,35.70558]},"properties":{"stopId":"Toei.KuramaeStation.147.1","name":"Kuramae Sta.","nameJa":"蔵前駅前","routeCount":3,"operator":"Toei"}},{"type":"Feature","geometry":{"type":"Point","coordinates":[139.79228,35.70547]},"properties":{"stopId":"Toei.KuramaeStation.147.2","name":"Kuramae Sta.","nameJa":"蔵前駅前","routeCount":3,"operator":"Toei"}},{"type":"Feature","geometry":{"type":"Point","coordinates":[139.7929,35.77829]},"properties":{"stopId":"Toei.UmejimaSanchome.153.1","name":"Umejima-Sanchōme (Umejima 3)","nameJa":"梅島三丁目","routeCount":3,"operator":"Toei"}},{"type":"Feature","geometry":{"type":"Point","coordinates":[139.79289,35.77852]},"properties":{"stopId":"Toei.UmejimaSanchome.153.2","name":"Umejima-Sanchōme (Umejima 3)","nameJa":"梅島三丁目","routeCount":3,"operator":"Toei"}},{"type":"Feature","geometry":{"type":"Point","coordinates":[139.80133,35.65793]},"properties":{"stopId":"Toei.Edagawa.166.1","name":"Edagawa","nameJa":"枝川","routeCount":3,"operator":"Toei"}},{"type":"Feature","geometry":{"type":"Point","coordinates":[139.86607,35.71017]},"properties":{"stopId":"Toei.EdogawaKoko.172.1","name":"Edogawa-Kōkō","nameJa":"江戸川高校前","routeCount":3,"operator":"Toei"}},{"type":"Feature","geometry":{"type":"Point","coordinates":[139.87405,35.7102]},"properties":{"stopId":"Toei.NTTEdogawaShiten.174.2","name":"NTT Edogawa-Shiten","nameJa":"ＮＴＴ江戸川支店前","routeCount":3,"operator":"Toei"}},{"type":"Feature","geometry":{"type":"Point","coordinates":[139.86992,35.71102]},"properties":{"stopId":"Toei.EdogawaBunkaCenter.175.1","name":"Edogawa-Bunka Center","nameJa":"江戸川文化センター前","routeCount":3,"operator":"Toei"}},{"type":"Feature","geometry":{"type":"Point","coordinates":[139.86956,35.71083]},"properties":{"stopId":"Toei.EdogawaBunkaCenter.175.2","name":"Edogawa-Bunka Center","nameJa":"江戸川文化センター前","routeCount":3,"operator":"Toei"}},{"type":"Feature","geometry":{"type":"Point","coordinates":[139.7309,35.70994]},"properties":{"stopId":"Toei.Edogawabashi.176.4","name":"Edogawabashi","nameJa":"江戸川橋","routeCount":3,"operator":"Toei"}},{"type":"Feature","geometry":{"type":"Point","coordinates":[139.88303,35.67462]},"properties":{"stopId":"Toei.EdogawaGochome.177.2","name":"Edogawa-Gochōme (Edogawa 5)","nameJa":"江戸川五丁目","routeCount":3,"operator":"Toei"}},{"type":"Feature","geometry":{"type":"Point","coordinates":[139.87874,35.6749]},"properties":{"stopId":"Toei.FurukawaShinsuiKoen.178.1","name":"Furukawa-Shinsui-Kōen (Furukawa-Shinsui Park)","nameJa":"古川親水公園","routeCount":3,"operator":"Toei"}},{"type":"Feature","geometry":{"type":"Point","coordinates":[139.87836,35.67473]},"properties":{"stopId":"Toei.FurukawaShinsuiKoen.178.2","name":"Furukawa-Shinsui-Kōen (Furukawa-Shinsui Park)","nameJa":"古川親水公園","routeCount":3,"operator":"Toei"}},{"type":"Feature","geometry":{"type":"Point","coordinates":[139.67799,35.72914]},"properties":{"stopId":"Toei.EharachoNakanoDori.179.1","name":"Eharachō-Nakano-Dōri","nameJa":"江原町中野通り","routeCount":3,"operator":"Toei"}},{"type":"Feature","geometry":{"type":"Point","coordinates":[139.67405,35.73104]},"properties":{"stopId":"Toei.EharachoItchome.180.1","name":"Eharachō-Itchōme (Eharachō 1)","nameJa":"江原町一丁目","routeCount":3,"operator":"Toei"}},{"type":"Feature","geometry":{"type":"Point","coordinates":[139.67116,35.73358]},"properties":{"stopId":"Toei.ShinEgotaStation.181.5","name":"Shin-Egota Sta.","nameJa":"新江古田駅前","routeCount":3,"operator":"Toei"}},{"type":"Feature","geometry":{"type":"Point","coordinates":[139.72162,35.64454]},"properties":{"stopId":"Toei.EbisuSanchome.187.2","name":"Ebisu-Sanchōme (Ebisu 3)","nameJa":"恵比寿三丁目","routeCount":3,"operator":"Toei"}},{"type":"Feature","geometry":{"type":"Point","coordinates":[139.72185,35.6445]},"properties":{"stopId":"Toei.EbisuSanchome.187.3","name":"Ebisu-Sanchōme (Ebisu 3)","nameJa":"恵比寿三丁目","routeCount":3,"operator":"Toei"}},{"type":"Feature","geometry":{"type":"Point","coordinates":[139.81165,35.68267]},"properties":{"stopId":"Toei.OgibashiItchome.191.4","name":"Ōgibashi-Itchōme (Ōgibashi 1)","nameJa":"扇橋一丁目","routeCount":3,"operator":"Toei"}},{"type":"Feature","geometry":{"type":"Point","coordinates":[139.81516,35.6829]},"properties":{"stopId":"Toei.OgibashiNichome.192.1","name":"Ōgibashi-Nichōme (Ōgibashi 2)","nameJa":"扇橋二丁目","routeCount":3,"operator":"Toei"}},{"type":"Feature","geometry":{"type":"Point","coordinates":[139.81971,35.68252]},"properties":{"stopId":"Toei.OgibashiSanchome.193.1","name":"Ōgibashi-Sanchōme (Ōgibashi 3)","nameJa":"扇橋三丁目","routeCount":3,"operator":"Toei"}},{"type":"Feature","geometry":{"type":"Point","coordinates":[139.73723,35.75387]},"properties":{"stopId":"Toei.OjiStation.196.1","name":"Ōji Sta.","nameJa":"王子駅前","routeCount":3,"operator":"Toei"}},{"type":"Feature","geometry":{"type":"Point","coordinates":[139.70476,35.7011]},"properties":{"stopId":"Toei.OkuboNichome.228.1","name":"Ōkubo-Nichōme (Ōkubo 2)","nameJa":"大久保二丁目","routeCount":3,"operator":"Toei"}},{"type":"Feature","geometry":{"type":"Point","coordinates":[139.69626,35.70183]},"properties":{"stopId":"Toei.OkuboStation.225.1","name":"Ōkubo Sta.","nameJa":"大久保駅前","routeCount":3,"operator":"Toei"}},{"type":"Feature","geometry":{"type":"Point","coordinates":[139.69632,35.7017]},"properties":{"stopId":"Toei.OkuboStation.225.2","name":"Ōkubo Sta.","nameJa":"大久保駅前","routeCount":3,"operator":"Toei"}},{"type":"Feature","geometry":{"type":"Point","coordinates":[139.70691,35.70103]},"properties":{"stopId":"Toei.OkuboDori.226.3","name":"Ōkubo-Dōri","nameJa":"大久保通り","routeCount":3,"operator":"Toei"}},{"type":"Feature","geometry":{"type":"Point","coordinates":[139.70808,35.69796]},"properties":{"stopId":"Toei.HigashiShinjukuStation.227.3","name":"Higashi-Shinjuku Sta.","nameJa":"東新宿駅前","routeCount":3,"operator":"Toei"}},{"type":"Feature","geometry":{"type":"Point","coordinates":[139.70463,35.70121]},"properties":{"stopId":"Toei.OkuboNichome.228.2","name":"Ōkubo-Nichōme (Ōkubo 2)","nameJa":"大久保二丁目","routeCount":3,"operator":"Toei"}},{"type":"Feature","geometry":{"type":"Point","coordinates":[139.87381,35.70663]},"properties":{"stopId":"Toei.OsugiShogakko.239.2","name":"Ōsugi-Shōgakkō","nameJa":"大杉小学校前","routeCount":3,"operator":"Toei"}},{"type":"Feature","geometry":{"type":"Point","coordinates":[139.79081,35.73079]},"properties":{"stopId":"Toei.OzekiYokocho.240.4","name":"Ōzeki-Yokochō","nameJa":"大関横丁","routeCount":3,"operator":"Toei"}},{"type":"Feature","geometry":{"type":"Point","coordinates":[139.77555,35.70781]},"properties":{"stopId":"Toei.OkachimachiStation.260.2","name":"Okachimachi Sta.","nameJa":"御徒町駅前","routeCount":3,"operator":"Toei"}},{"type":"Feature","geometry":{"type":"Point","coordinates":[139.77543,35.70766]},"properties":{"stopId":"Toei.OkachimachiStation.260.3","name":"Okachimachi Sta.","nameJa":"御徒町駅前","routeCount":3,"operator":"Toei"}},{"type":"Feature","geometry":{"type":"Point","coordinates":[139.75428,35.74723]},"properties":{"stopId":"Toei.OguStation.271.2","name":"Ogu Sta.","nameJa":"尾久駅前","routeCount":3,"operator":"Toei"}},{"type":"Feature","geometry":{"type":"Point","coordinates":[139.76954,35.74979]},"properties":{"stopId":"Toei.Ogubashi.274.3","name":"Ogubashi","nameJa":"尾久橋","routeCount":3,"operator":"Toei"}},{"type":"Feature","geometry":{"type":"Point","coordinates":[139.77306,35.62166]},"properties":{"stopId":"Toei.TokyoInternationalCruiseTerminalStation.302.2","name":"Tokyo International Cruise Terminal Sta.","nameJa":"東京国際クルーズターミナル駅前","routeCount":3,"operator":"Toei"}},{"type":"Feature","geometry":{"type":"Point","coordinates":[139.8694,35.66099]},"properties":{"stopId":"Toei.KasaiStationDori.306.1","name":"Kasai Sta. Dōri","nameJa":"葛西駅通り","routeCount":3,"operator":"Toei"}},{"type":"Feature","geometry":{"type":"Point","coordinates":[139.87,35.66057]},"properties":{"stopId":"Toei.KasaiStationDori.306.2","name":"Kasai Sta. Dōri","nameJa":"葛西駅通り","routeCount":3,"operator":"Toei"}},{"type":"Feature","geometry":{"type":"Point","coordinates":[139.87287,35.66326]},"properties":{"stopId":"Toei.KasaiStation.307.5","name":"Kasai Sta.","nameJa":"葛西駅前","routeCount":3,"operator":"Toei"}},{"type":"Feature","geometry":{"type":"Point","coordinates":[139.87346,35.66306]},"properties":{"stopId":"Toei.KasaiStation.307.13","name":"Kasai Sta.","nameJa":"葛西駅前","routeCount":3,"operator":"Toei"}},{"type":"Feature","geometry":{"type":"Point","coordinates":[139.84249,35.67215]},"properties":{"stopId":"Toei.Kasaibashi.313.1","name":"Kasaibashi","nameJa":"葛西橋","routeCount":3,"operator":"Toei"}},{"type":"Feature","geometry":{"type":"Point","coordinates":[139.84242,35.67264]},"properties":{"stopId":"Toei.Kasaibashi.313.2","name":"Kasaibashi","nameJa":"葛西橋","routeCount":3,"operator":"Toei"}},{"type":"Feature","geometry":{"type":"Point","coordinates":[139.77709,35.65877]},"properties":{"stopId":"Toei.KachidokiStation.326.6","name":"Kachidoki Sta.","nameJa":"勝どき駅前","routeCount":3,"operator":"Toei"}},{"type":"Feature","geometry":{"type":"Point","coordinates":[139.77542,35.65763]},"properties":{"stopId":"Toei.KachidokiSanchome.327.1","name":"Kachidoki-Sanchōme (Kachidoki 3)","nameJa":"勝どき三丁目","routeCount":3,"operator":"Toei"}},{"type":"Feature","geometry":{"type":"Point","coordinates":[139.77571,35.65812]},"properties":{"stopId":"Toei.KachidokiSanchome.327.2","name":"Kachidoki-Sanchōme (Kachidoki 3)","nameJa":"勝どき三丁目","routeCount":3,"operator":"Toei"}},{"type":"Feature","geometry":{"type":"Point","coordinates":[139.74432,35.60008]},"properties":{"stopId":"Toei.KatsushimaItchome.329.1","name":"Katsushima-Itchōme (Katsushima 1)","nameJa":"勝島一丁目","routeCount":3,"operator":"Toei"}},{"type":"Feature","geometry":{"type":"Point","coordinates":[139.87045,35.76637]},"properties":{"stopId":"Toei.KanamachiNichome.333.1","name":"Kanamachi-Nichōme (Kanamachi 2)","nameJa":"金町二丁目","routeCount":3,"operator":"Toei"}},{"type":"Feature","geometry":{"type":"Point","coordinates":[139.87057,35.76676]},"properties":{"stopId":"Toei.KanamachiNichome.333.2","name":"Kanamachi-Nichōme (Kanamachi 2)","nameJa":"金町二丁目","routeCount":3,"operator":"Toei"}},{"type":"Feature","geometry":{"type":"Point","coordinates":[139.70255,35.69347]},"properties":{"stopId":"Toei.Kabukicho.334.1","name":"Kabukichō","nameJa":"歌舞伎町","routeCount":3,"operator":"Toei"}},{"type":"Feature","geometry":{"type":"Point","coordinates":[139.76369,35.77814]},"properties":{"stopId":"Toei.KaminumataDanchi.355.1","name":"Kaminumata-Danchi","nameJa":"上沼田団地","routeCount":3,"operator":"Toei"}},{"type":"Feature","geometry":{"type":"Point","coordinates":[139.76283,35.77835]},"properties":{"stopId":"Toei.KaminumataDanchi.355.2","name":"Kaminumata-Danchi","nameJa":"上沼田団地","routeCount":3,"operator":"Toei"}},{"type":"Feature","geometry":{"type":"Point","coordinates":[139.68243,35.7509]},"properties":{"stopId":"Toei.Kaminonebashi.357.1","name":"Kaminonebashi","nameJa":"上の根橋","routeCount":3,"operator":"Toei"}},{"type":"Feature","geometry":{"type":"Point","coordinates":[139.68194,35.7508]},"properties":{"stopId":"Toei.Kaminonebashi.357.2","name":"Kaminonebashi","nameJa":"上の根橋","routeCount":3,"operator":"Toei"}},{"type":"Feature","geometry":{"type":"Point","coordinates":[139.86298,35.76213]},"properties":{"stopId":"Toei.KameariKeisatsusho.365.1","name":"Kameari-Keisatsusho (Kameari Police Station)","nameJa":"亀有警察署前","routeCount":3,"operator":"Toei"}},{"type":"Feature","geometry":{"type":"Point","coordinates":[139.8619,35.76177]},"properties":{"stopId":"Toei.KameariKeisatsusho.365.2","name":"Kameari-Keisatsusho (Kameari Police Station)","nameJa":"亀有警察署前","routeCount":3,"operator":"Toei"}},{"type":"Feature","geometry":{"type":"Point","coordinates":[139.85025,35.75237]},"properties":{"stopId":"Toei.KameariShindoIriguchi.366.1","name":"Kameari-Shindō-Iriguchi","nameJa":"亀有新道入口","routeCount":3,"operator":"Toei"}},{"type":"Feature","geometry":{"type":"Point","coordinates":[139.85124,35.75388]},"properties":{"stopId":"Toei.KameariShindoIriguchi.366.2","name":"Kameari-Shindō-Iriguchi","nameJa":"亀有新道入口","routeCount":3,"operator":"Toei"}},{"type":"Feature","geometry":{"type":"Point","coordinates":[139.82599,35.69791]},"properties":{"stopId":"Toei.KameidoStation.369.1","name":"Kameido Sta.","nameJa":"亀戸駅前","routeCount":3,"operator":"Toei"}},{"type":"Feature","geometry":{"type":"Point","coordinates":[139.83393,35.67699]},"properties":{"stopId":"Toei.Kametakabashi.377.1","name":"Kametakabashi","nameJa":"亀高橋","routeCount":3,"operator":"Toei"}},{"type":"Feature","geometry":{"type":"Point","coordinates":[139.83407,35.67679]},"properties":{"stopId":"Toei.Kametakabashi.377.2","name":"Kametakabashi","nameJa":"亀高橋","routeCount":3,"operator":"Toei"}},{"type":"Feature","geometry":{"type":"Point","coordinates":[139.71797,35.69924]},"properties":{"stopId":"Toei.Kawadacho.379.1","name":"Kawadachō","nameJa":"河田町","routeCount":3,"operator":"Toei"}},{"type":"Feature","geometry":{"type":"Point","coordinates":[139.71795,35.69906]},"properties":{"stopId":"Toei.Kawadacho.379.2","name":"Kawadachō","nameJa":"河田町","routeCount":3,"operator":"Toei"}},{"type":"Feature","geometry":{"type":"Point","coordinates":[139.719,35.69939]},"properties":{"stopId":"Toei.Kawadacho.379.3","name":"Kawadachō","nameJa":"河田町","routeCount":3,"operator":"Toei"}},{"type":"Feature","geometry":{"type":"Point","coordinates":[139.70948,35.65049]},"properties":{"stopId":"Toei.HigashiSanchome.380.2","name":"Higashi-Sanchōme (Higashi 3)","nameJa":"東三丁目","routeCount":3,"operator":"Toei"}},{"type":"Feature","geometry":{"type":"Point","coordinates":[139.7667,35.70121]},"properties":{"stopId":"Toei.KandaMyojin.384.1","name":"Kanda-Myōjin (Kanda-Myōjin Shrine)","nameJa":"神田明神前","routeCount":3,"operator":"Toei"}},{"type":"Feature","geometry":{"type":"Point","coordinates":[139.72157,35.70316]},"properties":{"stopId":"Toei.Kikuicho.391.2","name":"Kikuichō","nameJa":"喜久井町","routeCount":3,"operator":"Toei"}},{"type":"Feature","geometry":{"type":"Point","coordinates":[139.82248,35.68068]},"properties":{"stopId":"Toei.KitasunaItchome.409.2","name":"Kitasuna-Itchōme (Kitasuna 1)","nameJa":"北砂一丁目","routeCount":3,"operator":"Toei"}},{"type":"Feature","geometry":{"type":"Point","coordinates":[139.8015,35.80249]},"properties":{"stopId":"Toei.KitaHokima.421.1","name":"Kita-Hokima","nameJa":"北保木間","routeCount":3,"operator":"Toei"}},{"type":"Feature","geometry":{"type":"Point","coordinates":[139.83536,35.68189]},"properties":{"stopId":"Toei.KitasunaGochome.413.1","name":"Kitasuna-Gochōme (Kitasuna 5)","nameJa":"北砂五丁目","routeCount":3,"operator":"Toei"}},{"type":"Feature","geometry":{"type":"Point","coordinates":[139.83565,35.68209]},"properties":{"stopId":"Toei.KitasunaGochome.413.2","name":"Kitasuna-Gochōme (Kitasuna 5)","nameJa":"北砂五丁目","routeCount":3,"operator":"Toei"}},{"type":"Feature","geometry":{"type":"Point","coordinates":[139.83593,35.68393]},"properties":{"stopId":"Toei.KitasunaRokuchome.414.1","name":"Kitasuna-Rokuchōme (Kitasuna 6)","nameJa":"北砂六丁目","routeCount":3,"operator":"Toei"}},{"type":"Feature","geometry":{"type":"Point","coordinates":[139.83606,35.6835]},"properties":{"stopId":"Toei.KitasunaRokuchome.414.2","name":"Kitasuna-Rokuchōme (Kitasuna 6)","nameJa":"北砂六丁目","routeCount":3,"operator":"Toei"}},{"type":"Feature","geometry":{"type":"Point","coordinates":[139.83468,35.67953]},"properties":{"stopId":"Toei.KitasunaNanachome.415.1","name":"Kitasuna-Nanachōme (Kitasuna 7)","nameJa":"北砂七丁目","routeCount":3,"operator":"Toei"}},{"type":"Feature","geometry":{"type":"Point","coordinates":[139.80178,35.80344]},"properties":{"stopId":"Toei.KitaHokima.421.2","name":"Kita-Hokima","nameJa":"北保木間","routeCount":3,"operator":"Toei"}},{"type":"Feature","geometry":{"type":"Point","coordinates":[139.83924,35.67549]},"properties":{"stopId":"Toei.KyuKasaibashi.430.4","name":"Kyū-Kasaibashi","nameJa":"旧葛西橋","routeCount":3,"operator":"Toei"}},{"type":"Feature","geometry":{"type":"Point","coordinates":[139.70988,35.69779]},"properties":{"stopId":"Toei.HigashiShinjukuHokenCenter.456.2","name":"Higashi-Shinjuku-Hoken Center (Higashi-Shinjuku Health Center)","nameJa":"東新宿保健センター前","routeCount":3,"operator":"Toei"}},{"type":"Feature","geometry":{"type":"Point","coordinates":[139.79859,35.79273]},"properties":{"stopId":"Toei.KyudoKosaten.432.1","name":"Kyūdō-Kōsaten","nameJa":"旧道交差点","routeCount":3,"operator":"Toei"}},{"type":"Feature","geometry":{"type":"Point","coordinates":[139.79918,35.79291]},"properties":{"stopId":"Toei.KyudoKosaten.432.4","name":"Kyūdō-Kōsaten","nameJa":"旧道交差点","routeCount":3,"operator":"Toei"}},{"type":"Feature","geometry":{"type":"Point","coordinates":[139.80068,35.72674]},"properties":{"stopId":"Toei.KiyokawaNichome.436.2","name":"Kiyokawa-Nichōme (Kiyokawa 2)","nameJa":"清川二丁目","routeCount":3,"operator":"Toei"}},{"type":"Feature","geometry":{"type":"Point","coordinates":[139.78941,35.68408]},"properties":{"stopId":"Toei.Kiyosubashi.437.1","name":"Kiyosubashi","nameJa":"清洲橋","routeCount":3,"operator":"Toei"}},{"type":"Feature","geometry":{"type":"Point","coordinates":[139.79912,35.68032]},"properties":{"stopId":"Toei.KiyosumiTeien.438.2","name":"Kiyosumi-Teien (Kiyosumi Gardens)","nameJa":"清澄庭園前","routeCount":3,"operator":"Toei"}},{"type":"Feature","geometry":{"type":"Point","coordinates":[139.79549,35.68177]},"properties":{"stopId":"Toei.KiyosumiItchome.439.1","name":"Kiyosumi-Itchōme (Kiyosumi 1)","nameJa":"清澄一丁目","routeCount":3,"operator":"Toei"}},{"type":"Feature","geometry":{"type":"Point","coordinates":[139.79863,35.68242]},"properties":{"stopId":"Toei.KiyosumiShirakawaStation.440.2","name":"Kiyosumi-Shirakawa Sta.","nameJa":"清澄白河駅前","routeCount":3,"operator":"Toei"}},{"type":"Feature","geometry":{"type":"Point","coordinates":[139.79912,35.68194]},"properties":{"stopId":"Toei.KiyosumiShirakawaStation.440.4","name":"Kiyosumi-Shirakawa Sta.","nameJa":"清澄白河駅前","routeCount":3,"operator":"Toei"}},{"type":"Feature","geometry":{"type":"Point","coordinates":[139.81412,35.69598]},"properties":{"stopId":"Toei.KinshichoStation.442.2","name":"Kinshichō Sta.","nameJa":"錦糸町駅前","routeCount":3,"operator":"Toei"}},{"type":"Feature","geometry":{"type":"Point","coordinates":[139.81441,35.69572]},"properties":{"stopId":"Toei.KinshichoStation.442.6","name":"Kinshichō Sta.","nameJa":"錦糸町駅前","routeCount":3,"operator":"Toei"}},{"type":"Feature","geometry":{"type":"Point","coordinates":[139.81331,35.69745]},"properties":{"stopId":"Toei.KinshichoStation.442.13","name":"Kinshichō Sta.","nameJa":"錦糸町駅前","routeCount":3,"operator":"Toei"}},{"type":"Feature","geometry":{"type":"Point","coordinates":[139.76646,35.67024]},"properties":{"stopId":"Toei.GinzaYonchome.448.5","name":"Ginza-Yonchōme (Ginza 4)","nameJa":"銀座四丁目","routeCount":3,"operator":"Toei"}},{"type":"Feature","geometry":{"type":"Point","coordinates":[139.88099,35.65591]},"properties":{"stopId":"Toei.HigashiKasaiHatchome.2396.2","name":"Higashi-Kasai-Hatchōme (Higashi-Kasai 8)","nameJa":"東葛西八丁目","routeCount":3,"operator":"Toei"}},{"type":"Feature","geometry":{"type":"Point","coordinates":[139.70984,35.69758]},"properties":{"stopId":"Toei.HigashiShinjukuHokenCenter.456.1","name":"Higashi-Shinjuku-Hoken Center (Higashi-Shinjuku Health Center)","nameJa":"東新宿保健センター前","routeCount":3,"operator":"Toei"}},{"type":"Feature","geometry":{"type":"Point","coordinates":[139.79754,35.74254]},"properties":{"stopId":"Toei.KeiseiNakagumi.467.2","name":"Keisei-Nakagumi","nameJa":"京成中組","routeCount":3,"operator":"Toei"}},{"type":"Feature","geometry":{"type":"Point","coordinates":[139.77791,35.62958]},"properties":{"stopId":"Toei.OdaibaKaihinKoenStation.469.1","name":"Odaiba-Kaihin-Kōen Sta. (Odaiba Marine Park Sta.)","nameJa":"お台場海浜公園駅前","routeCount":3,"operator":"Toei"}},{"type":"Feature","geometry":{"type":"Point","coordinates":[139.75122,35.71246]},"properties":{"stopId":"Toei.KoishikawaNichome.472.2","name":"Koishikawa-Nichōme (Koishikawa 2)","nameJa":"小石川二丁目","routeCount":3,"operator":"Toei"}},{"type":"Feature","geometry":{"type":"Point","coordinates":[139.74902,35.71428]},"properties":{"stopId":"Toei.KoishikawaSanchome.473.1","name":"Koishikawa-Sanchōme (Koishikawa 3)","nameJa":"小石川三丁目","routeCount":3,"operator":"Toei"}},{"type":"Feature","geometry":{"type":"Point","coordinates":[139.65494,35.70491]},"properties":{"stopId":"Toei.KoenjiStationIriguchi.478.1","name":"Kōenji Sta. Iriguchi","nameJa":"高円寺駅入口","routeCount":3,"operator":"Toei"}},{"type":"Feature","geometry":{"type":"Point","coordinates":[139.88316,35.72451]},"properties":{"stopId":"Toei.KoiwaStationIriguchi.475.1","name":"Koiwa Sta. Iriguchi","nameJa":"小岩駅入口","routeCount":3,"operator":"Toei"}},{"type":"Feature","geometry":{"type":"Point","coordinates":[139.88319,35.72556]},"properties":{"stopId":"Toei.KoiwaStationDori.476.1","name":"Koiwa Sta. Dōri","nameJa":"小岩駅通り","routeCount":3,"operator":"Toei"}},{"type":"Feature","geometry":{"type":"Point","coordinates":[139.88353,35.72543]},"properties":{"stopId":"Toei.KoiwaStationDori.476.2","name":"Koiwa Sta. Dōri","nameJa":"小岩駅通り","routeCount":3,"operator":"Toei"}},{"type":"Feature","geometry":{"type":"Point","coordinates":[139.88197,35.73251]},"properties":{"stopId":"Toei.KoiwaStation.477.4","name":"Koiwa Sta.","nameJa":"小岩駅前","routeCount":3,"operator":"Toei"}},{"type":"Feature","geometry":{"type":"Point","coordinates":[139.88161,35.73261]},"properties":{"stopId":"Toei.KoiwaStation.477.6","name":"Koiwa Sta.","nameJa":"小岩駅前","routeCount":3,"operator":"Toei"}},{"type":"Feature","geometry":{"type":"Point","coordinates":[139.65436,35.70672]},"properties":{"stopId":"Toei.KoenjiStationIriguchi.478.2","name":"Kōenji Sta. Iriguchi","nameJa":"高円寺駅入口","routeCount":3,"operator":"Toei"}},{"type":"Feature","geometry":{"type":"Point","coordinates":[139.6549,35.70045]},"properties":{"stopId":"Toei.KoenjiTaiikukan.479.1","name":"Kōenji-Taiikukan","nameJa":"高円寺体育館前","routeCount":3,"operator":"Toei"}},{"type":"Feature","geometry":{"type":"Point","coordinates":[139.65456,35.70048]},"properties":{"stopId":"Toei.KoenjiTaiikukan.479.2","name":"Kōenji-Taiikukan","nameJa":"高円寺体育館前","routeCount":3,"operator":"Toei"}},{"type":"Feature","geometry":{"type":"Point","coordinates":[139.79463,35.793]},"properties":{"stopId":"Toei.KoenMae.484.4","name":"Kōen-Mae (Park)","nameJa":"公園前","routeCount":3,"operator":"Toei"}},{"type":"Feature","geometry":{"type":"Point","coordinates":[139.65459,35.70185]},"properties":{"stopId":"Toei.KoenjiMinamiYonchome.481.1","name":"Kōenji-Minami-Yonchōme (Kōenji-Minami 4)","nameJa":"高円寺南四丁目","routeCount":3,"operator":"Toei"}},{"type":"Feature","geometry":{"type":"Point","coordinates":[139.65495,35.70187]},"properties":{"stopId":"Toei.KoenjiMinamiYonchome.481.2","name":"Kōenji-Minami-Yonchōme (Kōenji-Minami 4)","nameJa":"高円寺南四丁目","routeCount":3,"operator":"Toei"}},{"type":"Feature","geometry":{"type":"Point","coordinates":[139.79482,35.79286]},"properties":{"stopId":"Toei.KoenMae.484.1","name":"Kōen-Mae (Park)","nameJa":"公園前","routeCount":3,"operator":"Toei"}},{"type":"Feature","geometry":{"type":"Point","coordinates":[139.87012,35.71794]},"properties":{"stopId":"Toei.Koshoji.485.2","name":"Kōshōji (Kōshōji Temple)","nameJa":"光照寺","routeCount":3,"operator":"Toei"}},{"type":"Feature","geometry":{"type":"Point","coordinates":[139.74051,35.68405]},"properties":{"stopId":"Toei.KojimachiNichome.487.1","name":"Kōjimachi-Nichōme (Kōjimachi 2)","nameJa":"麹町二丁目","routeCount":3,"operator":"Toei"}},{"type":"Feature","geometry":{"type":"Point","coordinates":[139.73996,35.68428]},"properties":{"stopId":"Toei.KojimachiNichome.487.2","name":"Kōjimachi-Nichōme (Kōjimachi 2)","nameJa":"麹町二丁目","routeCount":3,"operator":"Toei"}},{"type":"Feature","geometry":{"type":"Point","coordinates":[139.73882,35.68385]},"properties":{"stopId":"Toei.KojimachiYonchome.488.2","name":"Kōjimachi-Yonchōme (Kōjimachi 4)","nameJa":"麹町四丁目","routeCount":3,"operator":"Toei"}},{"type":"Feature","geometry":{"type":"Point","coordinates":[139.73691,35.68404]},"properties":{"stopId":"Toei.KojimachiYonchome.488.3","name":"Kōjimachi-Yonchōme (Kōjimachi 4)","nameJa":"麹町四丁目","routeCount":3,"operator":"Toei"}},{"type":"Feature","geometry":{"type":"Point","coordinates":[139.73355,35.6845]},"properties":{"stopId":"Toei.KojimachiGochome.489.1","name":"Kōjimachi-Gochōme (Kōjimachi 5)","nameJa":"麹町五丁目","routeCount":3,"operator":"Toei"}},{"type":"Feature","geometry":{"type":"Point","coordinates":[139.73416,35.68449]},"properties":{"stopId":"Toei.KojimachiGochome.489.2","name":"Kōjimachi-Gochōme (Kōjimachi 5)","nameJa":"麹町五丁目","routeCount":3,"operator":"Toei"}},{"type":"Feature","geometry":{"type":"Point","coordinates":[139.71871,35.70102]},"properties":{"stopId":"Toei.Toyamacho.518.1","name":"Toyamachō","nameJa":"戸山町","routeCount":3,"operator":"Toei"}},{"type":"Feature","geometry":{"type":"Point","coordinates":[139.71779,35.70117]},"properties":{"stopId":"Toei.Toyamacho.518.2","name":"Toyamachō","nameJa":"戸山町","routeCount":3,"operator":"Toei"}},{"type":"Feature","geometry":{"type":"Point","coordinates":[139.85333,35.67395]},"properties":{"stopId":"Toei.Kojima.522.1","name":"Kojima","nameJa":"小島","routeCount":3,"operator":"Toei"}},{"type":"Feature","geometry":{"type":"Point","coordinates":[139.85632,35.67179]},"properties":{"stopId":"Toei.KitaKasaiNichome.523.1","name":"Kita-Kasai-Nichōme (Kita-Kasai 2)","nameJa":"北葛西二丁目","routeCount":3,"operator":"Toei"}},{"type":"Feature","geometry":{"type":"Point","coordinates":[139.6728,35.74418]},"properties":{"stopId":"Toei.KotakechoNichome.524.1","name":"Kotakechō-Nichōme (Kotakechō 2)","nameJa":"小竹町二丁目","routeCount":3,"operator":"Toei"}},{"type":"Feature","geometry":{"type":"Point","coordinates":[139.672,35.74336]},"properties":{"stopId":"Toei.KotakechoNichome.524.2","name":"Kotakechō-Nichōme (Kotakechō 2)","nameJa":"小竹町二丁目","routeCount":3,"operator":"Toei"}},{"type":"Feature","geometry":{"type":"Point","coordinates":[139.77896,35.69004]},"properties":{"stopId":"Toei.Kodemmacho.532.1","name":"Kodemmachō","nameJa":"小伝馬町","routeCount":3,"operator":"Toei"}},{"type":"Feature","geometry":{"type":"Point","coordinates":[139.80508,35.71225]},"properties":{"stopId":"Toei.Kototoibashi.533.3","name":"Kototoibashi","nameJa":"言問橋","routeCount":3,"operator":"Toei"}},{"type":"Feature","geometry":{"type":"Point","coordinates":[139.79025,35.70608]},"properties":{"stopId":"Toei.KotobukiSanchome.534.1","name":"Kotobuki-Sanchōme (Kotobuki 3)","nameJa":"寿三丁目","routeCount":3,"operator":"Toei"}},{"type":"Feature","geometry":{"type":"Point","coordinates":[139.78964,35.70631]},"properties":{"stopId":"Toei.KotobukiSanchome.534.2","name":"Kotobuki-Sanchōme (Kotobuki 3)","nameJa":"寿三丁目","routeCount":3,"operator":"Toei"}},{"type":"Feature","geometry":{"type":"Point","coordinates":[139.79497,35.70884]},"properties":{"stopId":"Toei.Komagatabashi.537.3","name":"Komagatabashi","nameJa":"駒形橋","routeCount":3,"operator":"Toei"}},{"type":"Feature","geometry":{"type":"Point","coordinates":[139.75755,35.72464]},"properties":{"stopId":"Toei.KomagomeSendagicho.543.1","name":"Komagome-Sendagichō","nameJa":"駒込千駄木町","routeCount":3,"operator":"Toei"}},{"type":"Feature","geometry":{"type":"Point","coordinates":[139.76022,35.72496]},"properties":{"stopId":"Toei.SendagiItchome.544.1","name":"Sendagi-Itchōme (Sendagi 1)","nameJa":"千駄木一丁目","routeCount":3,"operator":"Toei"}},{"type":"Feature","geometry":{"type":"Point","coordinates":[139.84676,35.70344]},"properties":{"stopId":"Toei.KomatsugawaKuminkan.550.2","name":"Komatsugawa-Kuminkan (Komatsugawa Civic Center)","nameJa":"小松川区民館前","routeCount":3,"operator":"Toei"}},{"type":"Feature","geometry":{"type":"Point","coordinates":[139.84864,35.69989]},"properties":{"stopId":"Toei.KomatsugawaSanchome.552.3","name":"Komatsugawa-Sanchōme (Komatsugawa 3)","nameJa":"小松川三丁目","routeCount":3,"operator":"Toei"}},{"type":"Feature","geometry":{"type":"Point","coordinates":[139.67856,35.74811]},"properties":{"stopId":"Toei.Komone.555.1","name":"Komone","nameJa":"小茂根","routeCount":3,"operator":"Toei"}},{"type":"Feature","geometry":{"type":"Point","coordinates":[139.67842,35.74823]},"properties":{"stopId":"Toei.Komone.555.2","name":"Komone","nameJa":"小茂根","routeCount":3,"operator":"Toei"}},{"type":"Feature","geometry":{"type":"Point","coordinates":[139.72889,35.72084]},"properties":{"stopId":"Toei.GokokujiSeimon.556.1","name":"Gokokuji-Seimon (Gokokuji Temple)","nameJa":"護国寺正門前","routeCount":3,"operator":"Toei"}},{"type":"Feature","geometry":{"type":"Point","coordinates":[139.72393,35.72027]},"properties":{"stopId":"Toei.Gokokuji.557.2","name":"Gokokuji (Gokokuji Temple)","nameJa":"護国寺前","routeCount":3,"operator":"Toei"}},{"type":"Feature","geometry":{"type":"Point","coordinates":[139.72053,35.6777]},"properties":{"stopId":"Toei.Gondawara.563.1","name":"Gondawara","nameJa":"権田原","routeCount":3,"operator":"Toei"}},{"type":"Feature","geometry":{"type":"Point","coordinates":[139.71981,35.68395]},"properties":{"stopId":"Toei.Samoncho.574.2","name":"Samonchō","nameJa":"左門町","routeCount":3,"operator":"Toei"}},{"type":"Feature","geometry":{"type":"Point","coordinates":[139.79978,35.64229]},"properties":{"stopId":"Toei.ShinonomeShogakko.618.2","name":"Shinonome-Shōgakkō","nameJa":"東雲小学校前","routeCount":3,"operator":"Toei"}},{"type":"Feature","geometry":{"type":"Point","coordinates":[139.80569,35.73772]},"properties":{"stopId":"Toei.MinamiSenjuShioiri.590.1","name":"Minami-Senju-Shioiri","nameJa":"南千住汐入","routeCount":3,"operator":"Toei"}},{"type":"Feature","geometry":{"type":"Point","coordinates":[139.80582,35.73777]},"properties":{"stopId":"Toei.MinamiSenjuShioiri.590.2","name":"Minami-Senju-Shioiri","nameJa":"南千住汐入","routeCount":3,"operator":"Toei"}},{"type":"Feature","geometry":{"type":"Point","coordinates":[139.80066,35.65986]},"properties":{"stopId":"Toei.ShiohamaItchome.593.1","name":"Shiohama-Itchōme (Shiohama 1)","nameJa":"塩浜一丁目","routeCount":3,"operator":"Toei"}},{"type":"Feature","geometry":{"type":"Point","coordinates":[139.87783,35.71947]},"properties":{"stopId":"Toei.ShikamotoChugakko.599.4","name":"Shikamoto-Chūgakkō","nameJa":"鹿本中学校前","routeCount":3,"operator":"Toei"}},{"type":"Feature","geometry":{"type":"Point","coordinates":[139.7493,35.77855]},"properties":{"stopId":"Toei.Shikahamabashi.596.1","name":"Shikahamabashi","nameJa":"鹿浜橋","routeCount":3,"operator":"Toei"}},{"type":"Feature","geometry":{"type":"Point","coordinates":[139.74945,35.77877]},"properties":{"stopId":"Toei.Shikahamabashi.596.2","name":"Shikahamabashi","nameJa":"鹿浜橋","routeCount":3,"operator":"Toei"}},{"type":"Feature","geometry":{"type":"Point","coordinates":[139.75357,35.77841]},"properties":{"stopId":"Toei.ShikahamaSanchome.597.1","name":"Shikahama-Sanchōme (Shikahama 3)","nameJa":"鹿浜三丁目","routeCount":3,"operator":"Toei"}},{"type":"Feature","geometry":{"type":"Point","coordinates":[139.75306,35.77863]},"properties":{"stopId":"Toei.ShikahamaSanchome.597.2","name":"Shikahama-Sanchōme (Shikahama 3)","nameJa":"鹿浜三丁目","routeCount":3,"operator":"Toei"}},{"type":"Feature","geometry":{"type":"Point","coordinates":[139.75518,35.77835]},"properties":{"stopId":"Toei.ShikahamaSanchomeKosaten.598.1","name":"Shikahama-Sanchōme-Kōsaten (Shikahama 3 Kōsaten)","nameJa":"鹿浜三丁目交差点","routeCount":3,"operator":"Toei"}},{"type":"Feature","geometry":{"type":"Point","coordinates":[139.75674,35.77847]},"properties":{"stopId":"Toei.ShikahamaSanchomeKosaten.598.2","name":"Shikahama-Sanchōme-Kōsaten (Shikahama 3 Kōsaten)","nameJa":"鹿浜三丁目交差点","routeCount":3,"operator":"Toei"}},{"type":"Feature","geometry":{"type":"Point","coordinates":[139.87801,35.71984]},"properties":{"stopId":"Toei.ShikamotoChugakko.599.2","name":"Shikamoto-Chūgakkō","nameJa":"鹿本中学校前","routeCount":3,"operator":"Toei"}},{"type":"Feature","geometry":{"type":"Point","coordinates":[139.78087,35.72085]},"properties":{"stopId":"Toei.ShitayaNichome.602.3","name":"Shitaya-Nichōme (Shitaya 2)","nameJa":"下谷二丁目","routeCount":3,"operator":"Toei"}},{"type":"Feature","geometry":{"type":"Point","coordinates":[139.78117,35.72105]},"properties":{"stopId":"Toei.ShitayaNichome.602.4","name":"Shitaya-Nichōme (Shitaya 2)","nameJa":"下谷二丁目","routeCount":3,"operator":"Toei"}},{"type":"Feature","geometry":{"type":"Point","coordinates":[139.85922,35.67993]},"properties":{"stopId":"Toei.Shichikencho.604.1","name":"Shichikenchō","nameJa":"七軒町","routeCount":3,"operator":"Toei"}},{"type":"Feature","geometry":{"type":"Point","coordinates":[139.7415,35.62825]},"properties":{"stopId":"Toei.ShinagawaStationKonanguchi.605.7","name":"Shinagawa Sta. Kōnanguchi (Kōnan Exit)","nameJa":"品川駅港南口","routeCount":3,"operator":"Toei"}},{"type":"Feature","geometry":{"type":"Point","coordinates":[139.88163,35.72854]},"properties":{"stopId":"Toei.ShimoKoiwaShogakko.649.1","name":"Shimo-Koiwa-Shōgakkō","nameJa":"下小岩小学校前","routeCount":3,"operator":"Toei"}},{"type":"Feature","geometry":{"type":"Point","coordinates":[139.73715,35.62947]},"properties":{"stopId":"Toei.ShinagawaStationTakanawaguchi.606.6","name":"Shinagawa Sta. Takanawaguchi (Takanawa Exit)","nameJa":"品川駅高輪口","routeCount":3,"operator":"Toei"}},{"type":"Feature","geometry":{"type":"Point","coordinates":[139.71932,35.68154]},"properties":{"stopId":"Toei.ShinanomachiStation.611.1","name":"Shinanomachi Sta.","nameJa":"信濃町駅前","routeCount":3,"operator":"Toei"}},{"type":"Feature","geometry":{"type":"Point","coordinates":[139.7196,35.67947]},"properties":{"stopId":"Toei.ShinanomachiStationMinamiguchi.612.3","name":"Shinanomachi Sta. Minamiguchi (South Exit)","nameJa":"信濃町駅南口","routeCount":3,"operator":"Toei"}},{"type":"Feature","geometry":{"type":"Point","coordinates":[139.80222,35.64989]},"properties":{"stopId":"Toei.ShinonomebashiKosaten.621.3","name":"Shinonomebashi-Kōsaten","nameJa":"東雲橋交差点","routeCount":3,"operator":"Toei"}},{"type":"Feature","geometry":{"type":"Point","coordinates":[139.88184,35.72815]},"properties":{"stopId":"Toei.ShimoKoiwaShogakko.649.2","name":"Shimo-Koiwa-Shōgakkō","nameJa":"下小岩小学校前","routeCount":3,"operator":"Toei"}},{"type":"Feature","geometry":{"type":"Point","coordinates":[139.70751,35.65416]},"properties":{"stopId":"Toei.SHIBUYASHAKOMAE.639.1","name":"SHIBUYA-SHAKO-MAE","nameJa":"渋谷車庫前","routeCount":3,"operator":"Toei"}},{"type":"Feature","geometry":{"type":"Point","coordinates":[139.70738,35.66086]},"properties":{"stopId":"Toei.ShibuyaNichome.641.2","name":"Shibuya-Nichōme (Shibuya 2)","nameJa":"渋谷二丁目","routeCount":3,"operator":"Toei"}},{"type":"Feature","geometry":{"type":"Point","coordinates":[139.79595,35.7786]},"properties":{"stopId":"Toei.ShimaneSanchome.643.1","name":"Shimane-Sanchōme (Shimane 3)","nameJa":"島根三丁目","routeCount":3,"operator":"Toei"}},{"type":"Feature","geometry":{"type":"Point","coordinates":[139.79636,35.7784]},"properties":{"stopId":"Toei.ShimaneSanchome.643.2","name":"Shimane-Sanchōme (Shimane 3)","nameJa":"島根三丁目","routeCount":3,"operator":"Toei"}},{"type":"Feature","geometry":{"type":"Point","coordinates":[139.75087,35.74908]},"properties":{"stopId":"Toei.ShowamachiSanchome.673.2","name":"Shōwamachi-Sanchōme (Shōwamachi 3)","nameJa":"昭和町三丁目","routeCount":3,"operator":"Toei"}},{"type":"Feature","geometry":{"type":"Point","coordinates":[139.80734,35.68244]},"properties":{"stopId":"Toei.Shirakawa.675.1","name":"Shirakawa","nameJa":"白河","routeCount":3,"operator":"Toei"}},{"type":"Feature","geometry":{"type":"Point","coordinates":[139.80294,35.68219]},"properties":{"stopId":"Toei.ShirakawaNichome.676.2","name":"Shirakawa-Nichōme (Shirakawa 2)","nameJa":"白河二丁目","routeCount":3,"operator":"Toei"}},{"type":"Feature","geometry":{"type":"Point","coordinates":[139.84563,35.74673]},"properties":{"stopId":"Toei.ShiratoriItchome.677.1","name":"Shiratori-Itchōme (Shiratori 1)","nameJa":"白鳥一丁目","routeCount":3,"operator":"Toei"}},{"type":"Feature","geometry":{"type":"Point","coordinates":[139.84578,35.74655]},"properties":{"stopId":"Toei.ShiratoriItchome.677.2","name":"Shiratori-Itchōme (Shiratori 1)","nameJa":"白鳥一丁目","routeCount":3,"operator":"Toei"}},{"type":"Feature","geometry":{"type":"Point","coordinates":[139.84754,35.74892]},"properties":{"stopId":"Toei.ShiratoriYonchome.678.1","name":"Shiratori-Yonchōme (Shiratori 4)","nameJa":"白鳥四丁目","routeCount":3,"operator":"Toei"}},{"type":"Feature","geometry":{"type":"Point","coordinates":[139.84803,35.74992]},"properties":{"stopId":"Toei.ShiratoriYonchome.678.2","name":"Shiratori-Yonchōme (Shiratori 4)","nameJa":"白鳥四丁目","routeCount":3,"operator":"Toei"}},{"type":"Feature","geometry":{"type":"Point","coordinates":[139.69958,35.70157]},"properties":{"stopId":"Toei.ShinOkuboStation.684.1","name":"Shin-Ōkubo Sta.","nameJa":"新大久保駅前","routeCount":3,"operator":"Toei"}},{"type":"Feature","geometry":{"type":"Point","coordinates":[139.69975,35.70145]},"properties":{"stopId":"Toei.ShinOkuboStation.684.2","name":"Shin-Ōkubo Sta.","nameJa":"新大久保駅前","routeCount":3,"operator":"Toei"}},{"type":"Feature","geometry":{"type":"Point","coordinates":[139.86197,35.71461]},"properties":{"stopId":"Toei.ShinkoiwaItchome.697.2","name":"Shinkoiwa-Itchōme (Shinkoiwa 1)","nameJa":"新小岩一丁目","routeCount":3,"operator":"Toei"}},{"type":"Feature","geometry":{"type":"Point","coordinates":[139.64735,35.69769]},"properties":{"stopId":"Toei.ShinKoenji.699.2","name":"Shin-Kōenji","nameJa":"新高円寺","routeCount":3,"operator":"Toei"}},{"type":"Feature","geometry":{"type":"Point","coordinates":[139.698,35.69257]},"properties":{"stopId":"Toei.ShinjukuStationNishiguchi.702.1","name":"Shinjuku Sta. Nishiguchi (West Exit)","nameJa":"新宿駅西口","routeCount":3,"operator":"Toei"}},{"type":"Feature","geometry":{"type":"Point","coordinates":[139.69852,35.69196]},"properties":{"stopId":"Toei.ShinjukuStationNishiguchi.702.2","name":"Shinjuku Sta. Nishiguchi (West Exit)","nameJa":"新宿駅西口","routeCount":3,"operator":"Toei"}},{"type":"Feature","geometry":{"type":"Point","coordinates":[139.69854,35.69227]},"properties":{"stopId":"Toei.ShinjukuStationNishiguchi.702.5","name":"Shinjuku Sta. Nishiguchi (West Exit)","nameJa":"新宿駅西口","routeCount":3,"operator":"Toei"}},{"type":"Feature","geometry":{"type":"Point","coordinates":[139.69803,35.69259]},"properties":{"stopId":"Toei.ShinjukuStationNishiguchi.702.6","name":"Shinjuku Sta. Nishiguchi (West Exit)","nameJa":"新宿駅西口","routeCount":3,"operator":"Toei"}},{"type":"Feature","geometry":{"type":"Point","coordinates":[139.7132,35.68795]},"properties":{"stopId":"Toei.ShinjukuItchome.711.3","name":"Shinjuku-Itchōme (Shinjuku 1)","nameJa":"新宿一丁目(しんじゅくいっちょうめ)","routeCount":3,"operator":"Toei"}},{"type":"Feature","geometry":{"type":"Point","coordinates":[139.71033,35.68855]},"properties":{"stopId":"Toei.ShinjukuNichome.712.1","name":"Shinjuku-Nichōme (Shinjuku 2)","nameJa":"新宿二丁目","routeCount":3,"operator":"Toei"}},{"type":"Feature","geometry":{"type":"Point","coordinates":[139.74034,35.77408]},"properties":{"stopId":"Toei.KanNanaShinden.723.1","name":"Kan-Nana-Shinden","nameJa":"環七新田","routeCount":3,"operator":"Toei"}},{"type":"Feature","geometry":{"type":"Point","coordinates":[139.7399,35.77424]},"properties":{"stopId":"Toei.KanNanaShinden.723.2","name":"Kan-Nana-Shinden","nameJa":"環七新田","routeCount":3,"operator":"Toei"}},{"type":"Feature","geometry":{"type":"Point","coordinates":[139.73914,35.77289]},"properties":{"stopId":"Toei.KanNanaShinden.723.3","name":"Kan-Nana-Shinden","nameJa":"環七新田","routeCount":3,"operator":"Toei"}},{"type":"Feature","geometry":{"type":"Point","coordinates":[139.73971,35.77305]},"properties":{"stopId":"Toei.KanNanaShinden.723.4","name":"Kan-Nana-Shinden","nameJa":"環七新田","routeCount":3,"operator":"Toei"}},{"type":"Feature","geometry":{"type":"Point","coordinates":[139.74216,35.7668]},"properties":{"stopId":"Toei.Shindembashi.726.2","name":"Shindembashi","nameJa":"新田橋","routeCount":3,"operator":"Toei"}},{"type":"Feature","geometry":{"type":"Point","coordinates":[139.7384,35.77535]},"properties":{"stopId":"Toei.ShindenItchome.727.1","name":"Shinden-Itchōme (Shinden 1)","nameJa":"新田一丁目","routeCount":3,"operator":"Toei"}},{"type":"Feature","geometry":{"type":"Point","coordinates":[139.73821,35.7754]},"properties":{"stopId":"Toei.ShindenItchome.727.2","name":"Shinden-Itchōme (Shinden 1)","nameJa":"新田一丁目","routeCount":3,"operator":"Toei"}},{"type":"Feature","geometry":{"type":"Point","coordinates":[139.74231,35.77258]},"properties":{"stopId":"Toei.ShindenNichome.728.1","name":"Shinden-Nichōme (Shinden 2)","nameJa":"新田二丁目","routeCount":3,"operator":"Toei"}},{"type":"Feature","geometry":{"type":"Point","coordinates":[139.74356,35.77037]},"properties":{"stopId":"Toei.ShindenSanchome.729.2","name":"Shinden-Sanchōme (Shinden 3)","nameJa":"新田三丁目","routeCount":3,"operator":"Toei"}},{"type":"Feature","geometry":{"type":"Point","coordinates":[139.74215,35.59668]},"properties":{"stopId":"Toei.Shinhamakawabashi.735.1","name":"Shinhamakawabashi","nameJa":"新浜川橋","routeCount":3,"operator":"Toei"}},{"type":"Feature","geometry":{"type":"Point","coordinates":[139.75846,35.66693]},"properties":{"stopId":"Toei.Shimbashi.736.1","name":"Shimbashi","nameJa":"新橋","routeCount":3,"operator":"Toei"}},{"type":"Feature","geometry":{"type":"Point","coordinates":[139.75929,35.66622]},"properties":{"stopId":"Toei.ShimbashiStation.737.4","name":"Shimbashi Sta.","nameJa":"新橋駅前","routeCount":3,"operator":"Toei"}},{"type":"Feature","geometry":{"type":"Point","coordinates":[139.75962,35.66602]},"properties":{"stopId":"Toei.ShimbashiStation.737.6","name":"Shimbashi Sta.","nameJa":"新橋駅前","routeCount":3,"operator":"Toei"}},{"type":"Feature","geometry":{"type":"Point","coordinates":[139.75706,35.66285]},"properties":{"stopId":"Toei.ShimbashiGochome.739.1","name":"Shimbashi-Gochōme (Shimbashi 5)","nameJa":"新橋五丁目","routeCount":3,"operator":"Toei"}},{"type":"Feature","geometry":{"type":"Point","coordinates":[139.75528,35.66072]},"properties":{"stopId":"Toei.ShimbashiRokuchome.740.3","name":"Shimbashi-Rokuchōme (Shimbashi 6)","nameJa":"新橋六丁目","routeCount":3,"operator":"Toei"}},{"type":"Feature","geometry":{"type":"Point","coordinates":[139.77398,35.73734]},"properties":{"stopId":"Toei.ShinMikawashimaStation.743.2","name":"Shin-Mikawashima Sta.","nameJa":"新三河島駅前","routeCount":3,"operator":"Toei"}},{"type":"Feature","geometry":{"type":"Point","coordinates":[139.87127,35.71259]},"properties":{"stopId":"Toei.ShinrinKoen.746.1","name":"Shinrin-Kōen (Shinrin Park)","nameJa":"森林公園前","routeCount":3,"operator":"Toei"}},{"type":"Feature","geometry":{"type":"Point","coordinates":[139.87089,35.71236]},"properties":{"stopId":"Toei.ShinrinKoen.746.2","name":"Shinrin-Kōen (Shinrin Park)","nameJa":"森林公園前","routeCount":3,"operator":"Toei"}},{"type":"Feature","geometry":{"type":"Point","coordinates":[139.76198,35.70285]},"properties":{"stopId":"Toei.JuntendoByoin.754.2","name":"Juntendō-Byōin (Juntendo Univ. Hp.)","nameJa":"順天堂病院前","routeCount":3,"operator":"Toei"}},{"type":"Feature","geometry":{"type":"Point","coordinates":[139.80151,35.80607]},"properties":{"stopId":"Toei.Suijin.765.1","name":"Suijin","nameJa":"水神","routeCount":3,"operator":"Toei"}},{"type":"Feature","geometry":{"type":"Point","coordinates":[139.80089,35.80571]},"properties":{"stopId":"Toei.Suijin.765.2","name":"Suijin","nameJa":"水神","routeCount":3,"operator":"Toei"}},{"type":"Feature","geometry":{"type":"Point","coordinates":[139.78385,35.68439]},"properties":{"stopId":"Toei.Suitengu.768.3","name":"Suitengū","nameJa":"水天宮前","routeCount":3,"operator":"Toei"}},{"type":"Feature","geometry":{"type":"Point","coordinates":[139.73783,35.73389]},"properties":{"stopId":"Toei.SugamoStation.773.4","name":"Sugamo Sta.","nameJa":"巣鴨駅前","routeCount":3,"operator":"Toei"}},{"type":"Feature","geometry":{"type":"Point","coordinates":[139.81086,35.68816]},"properties":{"stopId":"Toei.SumiyoshiItchome.789.2","name":"Sumiyoshi-Itchōme (Sumiyoshi 1)","nameJa":"住吉一丁目","routeCount":3,"operator":"Toei"}},{"type":"Feature","geometry":{"type":"Point","coordinates":[139.73937,35.73262]},"properties":{"stopId":"Toei.SugamoStationMinamiguchi.774.6","name":"Sugamo Sta. Minamiguchi (South Exit)","nameJa":"巣鴨駅南口","routeCount":3,"operator":"Toei"}},{"type":"Feature","geometry":{"type":"Point","coordinates":[139.73286,35.72785]},"properties":{"stopId":"Toei.SugamoShogakko.775.2","name":"Sugamo-Shōgakkō","nameJa":"巣鴨小学校前","routeCount":3,"operator":"Toei"}},{"type":"Feature","geometry":{"type":"Point","coordinates":[139.87371,35.71562]},"properties":{"stopId":"Toei.Sugawarabashi.777.1","name":"Sugawarabashi","nameJa":"菅原橋","routeCount":3,"operator":"Toei"}},{"type":"Feature","geometry":{"type":"Point","coordinates":[139.87488,35.71663]},"properties":{"stopId":"Toei.Sugawarabashi.777.2","name":"Sugawarabashi","nameJa":"菅原橋","routeCount":3,"operator":"Toei"}},{"type":"Feature","geometry":{"type":"Point","coordinates":[139.63555,35.70008]},"properties":{"stopId":"Toei.SuginamiKuyakusho.779.2","name":"Suginami-Kuyakusho (Suginami City Office)","nameJa":"杉並区役所前","routeCount":3,"operator":"Toei"}},{"type":"Feature","geometry":{"type":"Point","coordinates":[139.65124,35.69787]},"properties":{"stopId":"Toei.SuginamiShako.780.1","name":"Suginami-Shako","nameJa":"杉並車庫前","routeCount":3,"operator":"Toei"}},{"type":"Feature","geometry":{"type":"Point","coordinates":[139.64024,35.69778]},"properties":{"stopId":"Toei.UmezatoChuoKoenIriguchi.782.2","name":"Umezato-Chūō-Kōen-Iriguchi (Umezato-Chūō Park)","nameJa":"梅里中央公園入口","routeCount":3,"operator":"Toei"}},{"type":"Feature","geometry":{"type":"Point","coordinates":[139.81554,35.68968]},"properties":{"stopId":"Toei.SumiyoshiStation.787.2","name":"Sumiyoshi Sta.","nameJa":"住吉駅前","routeCount":3,"operator":"Toei"}},{"type":"Feature","geometry":{"type":"Point","coordinates":[139.81577,35.68963]},"properties":{"stopId":"Toei.SumiyoshiStation.787.3","name":"Sumiyoshi Sta.","nameJa":"住吉駅前","routeCount":3,"operator":"Toei"}},{"type":"Feature","geometry":{"type":"Point","coordinates":[139.72396,35.71048]},"properties":{"stopId":"Toei.SekiguchiItchome.798.1","name":"Sekiguchi-Itchōme (Sekiguchi 1)","nameJa":"関口一丁目","routeCount":3,"operator":"Toei"}},{"type":"Feature","geometry":{"type":"Point","coordinates":[139.72488,35.71001]},"properties":{"stopId":"Toei.SekiguchiItchome.798.2","name":"Sekiguchi-Itchōme (Sekiguchi 1)","nameJa":"関口一丁目","routeCount":3,"operator":"Toei"}},{"type":"Feature","geometry":{"type":"Point","coordinates":[139.812,35.67793]},"properties":{"stopId":"Toei.SengokuItchome.807.2","name":"Sengoku-Itchōme (Sengoku 1)","nameJa":"千石一丁目(せんごくいっちょうめ（こうとうく）)","routeCount":3,"operator":"Toei"}},{"type":"Feature","geometry":{"type":"Point","coordinates":[139.74318,35.7291]},"properties":{"stopId":"Toei.SengokuItchome.808.2","name":"Sengoku-Itchōme (Sengoku 1)","nameJa":"千石一丁目(せんごくいっちょうめ（ぶんきょうく）)","routeCount":3,"operator":"Toei"}},{"type":"Feature","geometry":{"type":"Point","coordinates":[139.73746,35.72317]},"properties":{"stopId":"Toei.SengokuSanchome.811.2","name":"Sengoku-Sanchōme (Sengoku 3)","nameJa":"千石三丁目","routeCount":3,"operator":"Toei"}},{"type":"Feature","geometry":{"type":"Point","coordinates":[139.79665,35.73735]},"properties":{"stopId":"Toei.Senjuohashi.813.2","name":"Senjuōhashi","nameJa":"千住大橋","routeCount":3,"operator":"Toei"}},{"type":"Feature","geometry":{"type":"Point","coordinates":[139.78965,35.75552]},"properties":{"stopId":"Toei.SenjuSakuragi.814.4","name":"Senju-Sakuragi","nameJa":"千住桜木","routeCount":3,"operator":"Toei"}},{"type":"Feature","geometry":{"type":"Point","coordinates":[139.79956,35.75011]},"properties":{"stopId":"Toei.SenjuNichome.820.3","name":"Senju-Nichōme (Senju 2)","nameJa":"千住二丁目","routeCount":3,"operator":"Toei"}},{"type":"Feature","geometry":{"type":"Point","coordinates":[139.74015,35.60731]},"properties":{"stopId":"Toei.Sendaizaka.825.2","name":"Sendaizaka","nameJa":"仙台坂","routeCount":3,"operator":"Toei"}},{"type":"Feature","geometry":{"type":"Point","coordinates":[139.7122,35.68049]},"properties":{"stopId":"Toei.SendagayaStation.828.1","name":"Sendagaya Sta.","nameJa":"千駄ヶ谷駅前","routeCount":3,"operator":"Toei"}},{"type":"Feature","geometry":{"type":"Point","coordinates":[139.71102,35.67872]},"properties":{"stopId":"Toei.SendagayaHachiman.830.1","name":"Sendagaya-Hachiman","nameJa":"千駄ヶ谷八幡前","routeCount":3,"operator":"Toei"}},{"type":"Feature","geometry":{"type":"Point","coordinates":[139.71099,35.67861]},"properties":{"stopId":"Toei.SendagayaHachiman.830.2","name":"Sendagaya-Hachiman","nameJa":"千駄ヶ谷八幡前","routeCount":3,"operator":"Toei"}},{"type":"Feature","geometry":{"type":"Point","coordinates":[139.76357,35.7276]},"properties":{"stopId":"Toei.SendagiSanchome.834.1","name":"Sendagi-Sanchōme (Sendagi 3)","nameJa":"千駄木三丁目","routeCount":3,"operator":"Toei"}},{"type":"Feature","geometry":{"type":"Point","coordinates":[139.74682,35.6114]},"properties":{"stopId":"Toei.ToritsuYashioKoko.836.2","name":"Toritsu-Yashio-Kōkō","nameJa":"都立八潮高校前","routeCount":3,"operator":"Toei"}},{"type":"Feature","geometry":{"type":"Point","coordinates":[139.72161,35.70847]},"properties":{"stopId":"Toei.SodaiSeimon.839.8","name":"Sōdai-Seimon (Waseda Univ.)","nameJa":"早大正門","routeCount":3,"operator":"Toei"}},{"type":"Feature","geometry":{"type":"Point","coordinates":[139.72276,35.72276]},"properties":{"stopId":"Toei.ZoshigayaReienIriguchi.847.1","name":"Zōshigaya-Reien-Iriguchi","nameJa":"雑司ヶ谷霊園入口","routeCount":3,"operator":"Toei"}},{"type":"Feature","geometry":{"type":"Point","coordinates":[139.81015,35.70105]},"properties":{"stopId":"Toei.TaiheiItchome.850.2","name":"Taihei-Itchōme (Taihei 1)","nameJa":"太平一丁目","routeCount":3,"operator":"Toei"}},{"type":"Feature","geometry":{"type":"Point","coordinates":[139.81486,35.70018]},"properties":{"stopId":"Toei.TaiheiSanchome.851.2","name":"Taihei-Sanchōme (Taihei 3)","nameJa":"太平三丁目","routeCount":3,"operator":"Toei"}},{"type":"Feature","geometry":{"type":"Point","coordinates":[139.73488,35.63878]},"properties":{"stopId":"Toei.TakanawaNichome.867.2","name":"Takanawa-Nichōme (Takanawa 2)","nameJa":"高輪二丁目","routeCount":3,"operator":"Toei"}},{"type":"Feature","geometry":{"type":"Point","coordinates":[139.79827,35.6859]},"properties":{"stopId":"Toei.Takabashi.871.2","name":"Takabashi","nameJa":"高橋","routeCount":3,"operator":"Toei"}},{"type":"Feature","geometry":{"type":"Point","coordinates":[139.79287,35.79335]},"properties":{"stopId":"Toei.TakenotsukaStation.881.7","name":"Takenotsuka Sta.","nameJa":"竹の塚駅前","routeCount":3,"operator":"Toei"}},{"type":"Feature","geometry":{"type":"Point","coordinates":[139.82484,35.71553]},"properties":{"stopId":"Toei.TachibanaDori.885.1","name":"Tachibana-Dōri","nameJa":"橘通り","routeCount":3,"operator":"Toei"}},{"type":"Feature","geometry":{"type":"Point","coordinates":[139.82483,35.71578]},"properties":{"stopId":"Toei.TachibanaDori.885.2","name":"Tachibana-Dōri","nameJa":"橘通り","routeCount":3,"operator":"Toei"}},{"type":"Feature","geometry":{"type":"Point","coordinates":[139.80758,35.65037]},"properties":{"stopId":"Toei.Tatsumibashi.888.2","name":"Tatsumibashi","nameJa":"辰巳橋","routeCount":3,"operator":"Toei"}},{"type":"Feature","geometry":{"type":"Point","coordinates":[139.81014,35.65062]},"properties":{"stopId":"Toei.TatsumiItchome.890.1","name":"Tatsumi-Itchōme (Tatsumi 1)","nameJa":"辰巳一丁目","routeCount":3,"operator":"Toei"}},{"type":"Feature","geometry":{"type":"Point","coordinates":[139.76778,35.73963]},"properties":{"stopId":"Toei.TabataShimmachiItchome.900.5","name":"Tabata-Shimmachi-Itchōme (Tabata-Shimmachi 1)","nameJa":"田端新町一丁目","routeCount":3,"operator":"Toei"}},{"type":"Feature","geometry":{"type":"Point","coordinates":[139.76444,35.74156]},"properties":{"stopId":"Toei.TabataShimmachiNichome.901.2","name":"Tabata-Shimmachi-Nichōme (Tabata-Shimmachi 2)","nameJa":"田端新町二丁目","routeCount":3,"operator":"Toei"}},{"type":"Feature","geometry":{"type":"Point","coordinates":[139.76201,35.743]},"properties":{"stopId":"Toei.TabataShimmachiSanchome.902.1","name":"Tabata-Shimmachi-Sanchōme (Tabata-Shimmachi 3)","nameJa":"田端新町三丁目","routeCount":3,"operator":"Toei"}},{"type":"Feature","geometry":{"type":"Point","coordinates":[139.74802,35.64483]},"properties":{"stopId":"Toei.TamachiStationHigashiguchi.906.8","name":"Tamachi Sta. Higashiguchi (East Exit)","nameJa":"田町駅東口","routeCount":3,"operator":"Toei"}},{"type":"Feature","geometry":{"type":"Point","coordinates":[139.74653,35.64669]},"properties":{"stopId":"Toei.TamachiStation.907.1","name":"Tamachi Sta.","nameJa":"田町駅前","routeCount":3,"operator":"Toei"}},{"type":"Feature","geometry":{"type":"Point","coordinates":[139.88264,35.69108]},"properties":{"stopId":"Toei.KyoikuPlazaIchinoeIriguchi.910.2","name":"Kyōiku Plaza Ichinoe-Iriguchi","nameJa":"共育プラザ一之江入口","routeCount":3,"operator":"Toei"}},{"type":"Feature","geometry":{"type":"Point","coordinates":[139.77533,35.77822]},"properties":{"stopId":"Toei.DaigoChugakkoUra.912.1","name":"Daigo-Chūgakkō-Ura","nameJa":"第五中学校裏","routeCount":3,"operator":"Toei"}},{"type":"Feature","geometry":{"type":"Point","coordinates":[139.77535,35.77802]},"properties":{"stopId":"Toei.DaigoChugakkoUra.912.2","name":"Daigo-Chūgakkō-Ura","nameJa":"第五中学校裏","routeCount":3,"operator":"Toei"}},{"type":"Feature","geometry":{"type":"Point","coordinates":[139.75461,35.65748]},"properties":{"stopId":"Toei.DaimonStation.919.1","name":"Daimon Sta.","nameJa":"大門駅前","routeCount":3,"operator":"Toei"}},{"type":"Feature","geometry":{"type":"Point","coordinates":[139.76324,35.72522]},"properties":{"stopId":"Toei.DangozakaShita.922.4","name":"Dangozaka-Shita","nameJa":"団子坂下","routeCount":3,"operator":"Toei"}},{"type":"Feature","geometry":{"type":"Point","coordinates":[139.79792,35.69073]},"properties":{"stopId":"Toei.ChitoseSanchome.927.2","name":"Chitose-Sanchōme (Chitose 3)","nameJa":"千歳三丁目","routeCount":3,"operator":"Toei"}},{"type":"Feature","geometry":{"type":"Point","coordinates":[139.87339,35.70011]},"properties":{"stopId":"Toei.ChuoDori.929.2","name":"Chūō-Dōri","nameJa":"中央通り","routeCount":3,"operator":"Toei"}},{"type":"Feature","geometry":{"type":"Point","coordinates":[139.87421,35.71275]},"properties":{"stopId":"Toei.ChuoSanchome.931.2","name":"Chūō-Sanchōme (Chūō 3)","nameJa":"中央三丁目","routeCount":3,"operator":"Toei"}},{"type":"Feature","geometry":{"type":"Point","coordinates":[139.77112,35.655]},"properties":{"stopId":"Toei.SankyuHonsha.936.1","name":"Sankyū Honsha(Sankyu Head Office)","nameJa":"山九本社前","routeCount":3,"operator":"Toei"}},{"type":"Feature","geometry":{"type":"Point","coordinates":[139.77179,35.65517]},"properties":{"stopId":"Toei.SankyuHonsha.936.2","name":"Sankyū Honsha(Sankyu Head Office)","nameJa":"山九本社前","routeCount":3,"operator":"Toei"}},{"type":"Feature","geometry":{"type":"Point","coordinates":[139.76009,35.77814]},"properties":{"stopId":"Toei.TsubakiNichome.952.1","name":"Tsubaki-Nichōme (Tsubaki 2)","nameJa":"椿二丁目","routeCount":3,"operator":"Toei"}},{"type":"Feature","geometry":{"type":"Point","coordinates":[139.76093,35.77832]},"properties":{"stopId":"Toei.TsubakiNichome.952.2","name":"Tsubaki-Nichōme (Tsubaki 2)","nameJa":"椿二丁目","routeCount":3,"operator":"Toei"}},{"type":"Feature","geometry":{"type":"Point","coordinates":[139.72673,35.70984]},"properties":{"stopId":"Toei.Tsurumakicho.953.1","name":"Tsurumakichō","nameJa":"鶴巻町","routeCount":3,"operator":"Toei"}},{"type":"Feature","geometry":{"type":"Point","coordinates":[139.72784,35.70945]},"properties":{"stopId":"Toei.Tsurumakicho.953.2","name":"Tsurumakichō","nameJa":"鶴巻町","routeCount":3,"operator":"Toei"}},{"type":"Feature","geometry":{"type":"Point","coordinates":[139.74594,35.60415]},"properties":{"stopId":"Toei.SamezuUntenMenkyoShikenjo.977.2","name":"Samezu-Unten-Menkyo-Shikenjō (Samezu Driver's License Center)","nameJa":"鮫洲運転免許試験場前","routeCount":3,"operator":"Toei"}},{"type":"Feature","geometry":{"type":"Point","coordinates":[139.72258,35.64717]},"properties":{"stopId":"Toei.Tengenjibashi.956.1","name":"Tengenjibashi","nameJa":"天現寺橋","routeCount":3,"operator":"Toei"}},{"type":"Feature","geometry":{"type":"Point","coordinates":[139.72277,35.64697]},"properties":{"stopId":"Toei.Tengenjibashi.956.2","name":"Tengenjibashi","nameJa":"天現寺橋","routeCount":3,"operator":"Toei"}},{"type":"Feature","geometry":{"type":"Point","coordinates":[139.87143,35.71706]},"properties":{"stopId":"Toei.Tenjimbashi.959.1","name":"Tenjimbashi","nameJa":"天神橋","routeCount":3,"operator":"Toei"}},{"type":"Feature","geometry":{"type":"Point","coordinates":[139.74646,35.61984]},"properties":{"stopId":"Toei.Tennozubashi.960.2","name":"Tennōzubashi","nameJa":"天王洲橋","routeCount":3,"operator":"Toei"}},{"type":"Feature","geometry":{"type":"Point","coordinates":[139.76552,35.68249]},"properties":{"stopId":"Toei.TokyoStationMarunouchiKitaguchi.965.3","name":"Tokyo Sta. Marunouchi-Kitaguchi (Marunouchi North Exit)","nameJa":"東京駅丸の内北口","routeCount":3,"operator":"Toei"}},{"type":"Feature","geometry":{"type":"Point","coordinates":[139.76005,35.71004]},"properties":{"stopId":"Toei.TodaiAkamon.979.1","name":"Tōdai-Akamon (The Univ. Of Tokyo)","nameJa":"東大赤門前","routeCount":3,"operator":"Toei"}},{"type":"Feature","geometry":{"type":"Point","coordinates":[139.75949,35.71224]},"properties":{"stopId":"Toei.TodaiSeimon.981.1","name":"Tōdai-Seimon (The Univ. Of Tokyo)","nameJa":"東大正門前","routeCount":3,"operator":"Toei"}},{"type":"Feature","geometry":{"type":"Point","coordinates":[139.75836,35.71648]},"properties":{"stopId":"Toei.TodaiNogakubu.982.2","name":"Tōdai-Nōgakubu (The Univ. Of Tokyo Agricultural Dept.)","nameJa":"東大農学部前","routeCount":3,"operator":"Toei"}},{"type":"Feature","geometry":{"type":"Point","coordinates":[139.75104,35.72417]},"properties":{"stopId":"Toei.ToyoDaigaku.988.1","name":"Tōyō-Daigaku (Toyo Univ.)","nameJa":"東洋大学前","routeCount":3,"operator":"Toei"}},{"type":"Feature","geometry":{"type":"Point","coordinates":[139.81076,35.66747]},"properties":{"stopId":"Toei.ToyoItchome.990.1","name":"Tōyō-Itchōme (Tōyō 1)","nameJa":"東陽一丁目","routeCount":3,"operator":"Toei"}},{"type":"Feature","geometry":{"type":"Point","coordinates":[139.81099,35.66985]},"properties":{"stopId":"Toei.ToyoSanchome.991.2","name":"Tōyō-Sanchōme (Tōyō 3)","nameJa":"東陽三丁目","routeCount":3,"operator":"Toei"}},{"type":"Feature","geometry":{"type":"Point","coordinates":[139.81149,35.67208]},"properties":{"stopId":"Toei.ToyoGochome.992.1","name":"Tōyō-Gochōme (Tōyō 5)","nameJa":"東陽五丁目","routeCount":3,"operator":"Toei"}},{"type":"Feature","geometry":{"type":"Point","coordinates":[139.74247,35.76476]},"properties":{"stopId":"Toei.ToshimaNanachome.1005.1","name":"Toshima-Nanachōme (Toshima 7)","nameJa":"豊島七丁目","routeCount":3,"operator":"Toei"}},{"type":"Feature","geometry":{"type":"Point","coordinates":[139.7073,35.71203]},"properties":{"stopId":"Toei.ShinjukukuShakaifukushiKyogikai.1009.1","name":"Shinjukuku-Shakaifukushi-Kyōgikai","nameJa":"新宿区社会福祉協議会前","routeCount":3,"operator":"Toei"}},{"type":"Feature","geometry":{"type":"Point","coordinates":[139.70752,35.71207]},"properties":{"stopId":"Toei.ShinjukukuShakaifukushiKyogikai.1009.2","name":"Shinjukuku-Shakaifukushi-Kyōgikai","nameJa":"新宿区社会福祉協議会前","routeCount":3,"operator":"Toei"}},{"type":"Feature","geometry":{"type":"Point","coordinates":[139.79556,35.65499]},"properties":{"stopId":"Toei.ToyosuStation.1025.4","name":"Toyosu Sta.","nameJa":"豊洲駅前","routeCount":3,"operator":"Toei"}},{"type":"Feature","geometry":{"type":"Point","coordinates":[139.79698,35.65505]},"properties":{"stopId":"Toei.ToyosuStation.1025.8","name":"Toyosu Sta.","nameJa":"豊洲駅前","routeCount":3,"operator":"Toei"}},{"type":"Feature","geometry":{"type":"Point","coordinates":[139.6642,35.73651]},"properties":{"stopId":"Toei.ToyotamaKita.1029.1","name":"Toyotama-Kita","nameJa":"豊玉北","routeCount":3,"operator":"Toei"}},{"type":"Feature","geometry":{"type":"Point","coordinates":[139.66447,35.73628]},"properties":{"stopId":"Toei.ToyotamaKita.1029.2","name":"Toyotama-Kita","nameJa":"豊玉北","routeCount":3,"operator":"Toei"}},{"type":"Feature","geometry":{"type":"Point","coordinates":[139.65659,35.72943]},"properties":{"stopId":"Toei.ToyotamaNaka.1032.1","name":"Toyotama-Naka","nameJa":"豊玉中","routeCount":3,"operator":"Toei"}},{"type":"Feature","geometry":{"type":"Point","coordinates":[139.65659,35.72969]},"properties":{"stopId":"Toei.ToyotamaNaka.1032.2","name":"Toyotama-Naka","nameJa":"豊玉中","routeCount":3,"operator":"Toei"}},{"type":"Feature","geometry":{"type":"Point","coordinates":[139.82678,35.7138]},"properties":{"stopId":"Toei.Nakaibori.1064.3","name":"Nakaibori","nameJa":"中居堀","routeCount":3,"operator":"Toei"}},{"type":"Feature","geometry":{"type":"Point","coordinates":[139.65844,35.73102]},"properties":{"stopId":"Toei.ToyotamaNakaNichome.1034.2","name":"Toyotama-Naka-Nichōme (Toyotama-Naka 2)","nameJa":"豊玉中二丁目","routeCount":3,"operator":"Toei"}},{"type":"Feature","geometry":{"type":"Point","coordinates":[139.65841,35.73127]},"properties":{"stopId":"Toei.ToyotamaNakaNichome.1034.3","name":"Toyotama-Naka-Nichōme (Toyotama-Naka 2)","nameJa":"豊玉中二丁目","routeCount":3,"operator":"Toei"}},{"type":"Feature","geometry":{"type":"Point","coordinates":[139.76953,35.65366]},"properties":{"stopId":"Toei.ToyomiSuisanFuto.1035.1","name":"Toyomi-Suisan-Futō","nameJa":"豊海水産埠頭","routeCount":3,"operator":"Toei"}},{"type":"Feature","geometry":{"type":"Point","coordinates":[139.7694,35.6538]},"properties":{"stopId":"Toei.ToyomiSuisanFuto.1035.2","name":"Toyomi-Suisan-Futō","nameJa":"豊海水産埠頭","routeCount":3,"operator":"Toei"}},{"type":"Feature","geometry":{"type":"Point","coordinates":[139.75027,35.67019]},"properties":{"stopId":"Toei.Toranomon.1036.1","name":"Toranomon","nameJa":"虎ノ門","routeCount":3,"operator":"Toei"}},{"type":"Feature","geometry":{"type":"Point","coordinates":[139.74338,35.66126]},"properties":{"stopId":"Toei.ToranomonGochome.1040.1","name":"Toranomon-Gochōme (Toranomon 5)","nameJa":"虎ノ門五丁目","routeCount":3,"operator":"Toei"}},{"type":"Feature","geometry":{"type":"Point","coordinates":[139.8736,35.70371]},"properties":{"stopId":"Toei.Dojunkai.1058.1","name":"Dōjunkai","nameJa":"同潤会","routeCount":3,"operator":"Toei"}},{"type":"Feature","geometry":{"type":"Point","coordinates":[139.69428,35.75833]},"properties":{"stopId":"Toei.NakaItabashiStationIriguchi.1062.1","name":"Naka-Itabashi Sta. Iriguchi","nameJa":"中板橋駅入口","routeCount":3,"operator":"Toei"}},{"type":"Feature","geometry":{"type":"Point","coordinates":[139.69556,35.75884]},"properties":{"stopId":"Toei.NakaItabashiStationIriguchi.1062.2","name":"Naka-Itabashi Sta. Iriguchi","nameJa":"中板橋駅入口","routeCount":3,"operator":"Toei"}},{"type":"Feature","geometry":{"type":"Point","coordinates":[139.82664,35.7137]},"properties":{"stopId":"Toei.Nakaibori.1064.2","name":"Nakaibori","nameJa":"中居堀","routeCount":3,"operator":"Toei"}},{"type":"Feature","geometry":{"type":"Point","coordinates":[139.78651,35.71912]},"properties":{"stopId":"Toei.NakaIriya.1066.1","name":"Naka-Iriya","nameJa":"中入谷(なかいりや（たいとうく）)","routeCount":3,"operator":"Toei"}},{"type":"Feature","geometry":{"type":"Point","coordinates":[139.78611,35.71905]},"properties":{"stopId":"Toei.NakaIriya.1066.2","name":"Naka-Iriya","nameJa":"中入谷(なかいりや（たいとうく）)","routeCount":3,"operator":"Toei"}},{"type":"Feature","geometry":{"type":"Point","coordinates":[139.86655,35.66139]},"properties":{"stopId":"Toei.NakaKasaiGochome.1069.1","name":"Naka-Kasai-Gochōme (Naka-Kasai 5)","nameJa":"中葛西五丁目","routeCount":3,"operator":"Toei"}},{"type":"Feature","geometry":{"type":"Point","coordinates":[139.86619,35.66114]},"properties":{"stopId":"Toei.NakaKasaiGochome.1069.2","name":"Naka-Kasai-Gochōme (Naka-Kasai 5)","nameJa":"中葛西五丁目","routeCount":3,"operator":"Toei"}},{"type":"Feature","geometry":{"type":"Point","coordinates":[139.85392,35.75653]},"properties":{"stopId":"Toei.NakagawaOhashi.1071.1","name":"Nakagawa-Ōhashi","nameJa":"中川大橋","routeCount":3,"operator":"Toei"}},{"type":"Feature","geometry":{"type":"Point","coordinates":[139.85396,35.7569]},"properties":{"stopId":"Toei.NakagawaOhashi.1071.2","name":"Nakagawa-Ōhashi","nameJa":"中川大橋","routeCount":3,"operator":"Toei"}},{"type":"Feature","geometry":{"type":"Point","coordinates":[139.65397,35.72573]},"properties":{"stopId":"Toei.NakanoKitaYubinkyoku.1086.1","name":"Nakano-Kita-Yūbinkyoku (Nakano-Kita Post Office)","nameJa":"中野北郵便局前","routeCount":3,"operator":"Toei"}},{"type":"Feature","geometry":{"type":"Point","coordinates":[139.65374,35.7258]},"properties":{"stopId":"Toei.NakanoKitaYubinkyoku.1086.2","name":"Nakano-Kita-Yūbinkyoku (Nakano-Kita Post Office)","nameJa":"中野北郵便局前","routeCount":3,"operator":"Toei"}},{"type":"Feature","geometry":{"type":"Point","coordinates":[139.88136,35.73047]},"properties":{"stopId":"Toei.Nakanohashi.1093.1","name":"Nakanohashi","nameJa":"中の橋","routeCount":3,"operator":"Toei"}},{"type":"Feature","geometry":{"type":"Point","coordinates":[139.88157,35.72992]},"properties":{"stopId":"Toei.Nakanohashi.1093.2","name":"Nakanohashi","nameJa":"中の橋","routeCount":3,"operator":"Toei"}},{"type":"Feature","geometry":{"type":"Point","coordinates":[139.74229,35.6544]},"properties":{"stopId":"Toei.Nakanohashi.1094.4","name":"Nakanohashi","nameJa":"中ノ橋","routeCount":3,"operator":"Toei"}},{"type":"Feature","geometry":{"type":"Point","coordinates":[139.8358,35.71623]},"properties":{"stopId":"Toei.NakaHirai.1101.1","name":"Naka-Hirai","nameJa":"中平井","routeCount":3,"operator":"Toei"}},{"type":"Feature","geometry":{"type":"Point","coordinates":[139.70625,35.65568]},"properties":{"stopId":"Toei.Namikibashi.1114.1","name":"Namikibashi","nameJa":"並木橋","routeCount":3,"operator":"Toei"}},{"type":"Feature","geometry":{"type":"Point","coordinates":[139.87971,35.64734]},"properties":{"stopId":"Toei.NagisaNewTown.1111.3","name":"Nagisa New Town","nameJa":"なぎさニュータウン","routeCount":3,"operator":"Toei"}},{"type":"Feature","geometry":{"type":"Point","coordinates":[139.87968,35.64706]},"properties":{"stopId":"Toei.NagisaNewTown.1111.4","name":"Nagisa New Town","nameJa":"なぎさニュータウン","routeCount":3,"operator":"Toei"}},{"type":"Feature","geometry":{"type":"Point","coordinates":[139.70598,35.65567]},"properties":{"stopId":"Toei.Namikibashi.1114.2","name":"Namikibashi","nameJa":"並木橋","routeCount":3,"operator":"Toei"}},{"type":"Feature","geometry":{"type":"Point","coordinates":[139.80063,35.72915]},"properties":{"stopId":"Toei.Namidabashi.1115.2","name":"Namidabashi","nameJa":"泪橋","routeCount":3,"operator":"Toei"}},{"type":"Feature","geometry":{"type":"Point","coordinates":[139.85873,35.75975]},"properties":{"stopId":"Toei.NiijukuItchome.1126.1","name":"Niijuku-Itchōme (Niijuku 1)","nameJa":"新宿一丁目(にいじゅくいっちょうめ)","routeCount":3,"operator":"Toei"}},{"type":"Feature","geometry":{"type":"Point","coordinates":[139.85879,35.75999]},"properties":{"stopId":"Toei.NiijukuItchome.1126.2","name":"Niijuku-Itchōme (Niijuku 1)","nameJa":"新宿一丁目(にいじゅくいっちょうめ)","routeCount":3,"operator":"Toei"}},{"type":"Feature","geometry":{"type":"Point","coordinates":[139.77329,35.65615]},"properties":{"stopId":"Toei.Niijimabashi.1127.1","name":"Niijimabashi","nameJa":"新島橋","routeCount":3,"operator":"Toei"}},{"type":"Feature","geometry":{"type":"Point","coordinates":[139.77274,35.65612]},"properties":{"stopId":"Toei.Niijimabashi.1127.4","name":"Niijimabashi","nameJa":"新島橋","routeCount":3,"operator":"Toei"}},{"type":"Feature","geometry":{"type":"Point","coordinates":[139.86549,35.76356]},"properties":{"stopId":"Toei.NiijukuYubinkyoku.1128.1","name":"Niijuku-Yūbinkyoku (Niijuku Post Office)","nameJa":"新宿郵便局前","routeCount":3,"operator":"Toei"}},{"type":"Feature","geometry":{"type":"Point","coordinates":[139.86621,35.76425]},"properties":{"stopId":"Toei.NiijukuYubinkyoku.1128.2","name":"Niijuku-Yūbinkyoku (Niijuku Post Office)","nameJa":"新宿郵便局前","routeCount":3,"operator":"Toei"}},{"type":"Feature","geometry":{"type":"Point","coordinates":[139.79184,35.71757]},"properties":{"stopId":"Toei.NishiAsakusaSanchome.1129.2","name":"Nishi-Asakusa-Sanchōme (Nishi-Asakusa 3)","nameJa":"西浅草三丁目","routeCount":3,"operator":"Toei"}},{"type":"Feature","geometry":{"type":"Point","coordinates":[139.79015,35.77625]},"properties":{"stopId":"Toei.NishiaraiStation.1132.3","name":"Nishiarai Sta.","nameJa":"西新井駅前","routeCount":3,"operator":"Toei"}},{"type":"Feature","geometry":{"type":"Point","coordinates":[139.78659,35.77835]},"properties":{"stopId":"Toei.NishiaraiRikkyo.1133.2","name":"Nishiarai-Rikkyō","nameJa":"西新井陸橋","routeCount":3,"operator":"Toei"}},{"type":"Feature","geometry":{"type":"Point","coordinates":[139.78689,35.7781]},"properties":{"stopId":"Toei.NishiaraiRikkyo.1133.3","name":"Nishiarai-Rikkyō","nameJa":"西新井陸橋","routeCount":3,"operator":"Toei"}},{"type":"Feature","geometry":{"type":"Point","coordinates":[139.82649,35.68867]},"properties":{"stopId":"Toei.NishiOjimaStation.1140.3","name":"Nishi-Ōjima Sta.","nameJa":"西大島駅前","routeCount":3,"operator":"Toei"}},{"type":"Feature","geometry":{"type":"Point","coordinates":[139.75759,35.74542]},"properties":{"stopId":"Toei.NishiOguYonchome.1143.2","name":"Nishi-Ogu-Yonchōme (Nishi-Ogu 4)","nameJa":"西尾久四丁目","routeCount":3,"operator":"Toei"}},{"type":"Feature","geometry":{"type":"Point","coordinates":[139.85596,35.66606]},"properties":{"stopId":"Toei.NishiKasaiSanchome.1147.1","name":"Nishi-Kasai-Sanchōme (Nishi-Kasai 3)","nameJa":"西葛西三丁目","routeCount":3,"operator":"Toei"}},{"type":"Feature","geometry":{"type":"Point","coordinates":[139.75419,35.66889]},"properties":{"stopId":"Toei.ToagoseiHonsha.1159.4","name":"Tōagōsei Honsha(Toagosei Head Office)","nameJa":"東亞合成本社前","routeCount":3,"operator":"Toei"}},{"type":"Feature","geometry":{"type":"Point","coordinates":[139.76855,35.73228]},"properties":{"stopId":"Toei.NishiNipporiStation.1164.3","name":"Nishi-Nippori Sta.","nameJa":"西日暮里駅前","routeCount":3,"operator":"Toei"}},{"type":"Feature","geometry":{"type":"Point","coordinates":[139.77006,35.73103]},"properties":{"stopId":"Toei.NishiNipporiNichome.1166.2","name":"Nishi-Nippori-Nichōme (Nishi-Nippori 2)","nameJa":"西日暮里二丁目","routeCount":3,"operator":"Toei"}},{"type":"Feature","geometry":{"type":"Point","coordinates":[139.7683,35.73667]},"properties":{"stopId":"Toei.NishiNipporiRokuchome.1168.2","name":"Nishi-Nippori-Rokuchōme (Nishi-Nippori 6)","nameJa":"西日暮里六丁目","routeCount":3,"operator":"Toei"}},{"type":"Feature","geometry":{"type":"Point","coordinates":[139.64333,35.6976]},"properties":{"stopId":"Toei.Nishimabashi.1169.2","name":"Nishimabashi","nameJa":"西馬橋","routeCount":3,"operator":"Toei"}},{"type":"Feature","geometry":{"type":"Point","coordinates":[139.88144,35.72281]},"properties":{"stopId":"Toei.Nimaibashi.1187.1","name":"Nimaibashi","nameJa":"二枚橋","routeCount":3,"operator":"Toei"}},{"type":"Feature","geometry":{"type":"Point","coordinates":[139.7717,35.7284]},"properties":{"stopId":"Toei.NipporiStation.1178.1","name":"Nippori Sta.","nameJa":"日暮里駅前","routeCount":3,"operator":"Toei"}},{"type":"Feature","geometry":{"type":"Point","coordinates":[139.77115,35.72903]},"properties":{"stopId":"Toei.NipporiStation.1178.3","name":"Nippori Sta.","nameJa":"日暮里駅前","routeCount":3,"operator":"Toei"}},{"type":"Feature","geometry":{"type":"Point","coordinates":[139.79819,35.71448]},"properties":{"stopId":"Toei.Nitemmon.1179.1","name":"Nitemmon (Nitemmon Gate)","nameJa":"二天門","routeCount":3,"operator":"Toei"}},{"type":"Feature","geometry":{"type":"Point","coordinates":[139.79843,35.71459]},"properties":{"stopId":"Toei.Nitemmon.1179.2","name":"Nitemmon (Nitemmon Gate)","nameJa":"二天門","routeCount":3,"operator":"Toei"}},{"type":"Feature","geometry":{"type":"Point","coordinates":[139.88121,35.72275]},"properties":{"stopId":"Toei.Nimaibashi.1187.2","name":"Nimaibashi","nameJa":"二枚橋","routeCount":3,"operator":"Toei"}},{"type":"Feature","geometry":{"type":"Point","coordinates":[139.78175,35.68673]},"properties":{"stopId":"Toei.NingyochoSanchome.1188.1","name":"Ningyōchō-Sanchōme (Ningyōchō 3)","nameJa":"人形町三丁目","routeCount":3,"operator":"Toei"}},{"type":"Feature","geometry":{"type":"Point","coordinates":[139.71282,35.69782]},"properties":{"stopId":"Toei.Nukebenten.1189.1","name":"Nukebenten","nameJa":"抜弁天","routeCount":3,"operator":"Toei"}},{"type":"Feature","geometry":{"type":"Point","coordinates":[139.71347,35.69764]},"properties":{"stopId":"Toei.Nukebenten.1189.2","name":"Nukebenten","nameJa":"抜弁天","routeCount":3,"operator":"Toei"}},{"type":"Feature","geometry":{"type":"Point","coordinates":[139.76558,35.71737]},"properties":{"stopId":"Toei.NezuStation.1191.2","name":"Nezu Sta.","nameJa":"根津駅前","routeCount":3,"operator":"Toei"}},{"type":"Feature","geometry":{"type":"Point","coordinates":[139.66395,35.73829]},"properties":{"stopId":"Toei.NerimaShako.1197.3","name":"Nerima-Shako","nameJa":"練馬車庫前","routeCount":3,"operator":"Toei"}},{"type":"Feature","geometry":{"type":"Point","coordinates":[139.65391,35.72116]},"properties":{"stopId":"Toei.NogataStationKitaguchi.1201.1","name":"Nogata Sta. Kitaguchi (North Exit)","nameJa":"野方駅北口","routeCount":3,"operator":"Toei"}},{"type":"Feature","geometry":{"type":"Point","coordinates":[139.6536,35.72142]},"properties":{"stopId":"Toei.NogataStationKitaguchi.1201.2","name":"Nogata Sta. Kitaguchi (North Exit)","nameJa":"野方駅北口","routeCount":3,"operator":"Toei"}},{"type":"Feature","geometry":{"type":"Point","coordinates":[139.65387,35.71689]},"properties":{"stopId":"Toei.NogataStationMinamiguchi.1202.1","name":"Nogata Sta. Minamiguchi (South Exit)","nameJa":"野方駅南口","routeCount":3,"operator":"Toei"}},{"type":"Feature","geometry":{"type":"Point","coordinates":[139.65363,35.7161]},"properties":{"stopId":"Toei.NogataStationMinamiguchi.1202.2","name":"Nogata Sta. Minamiguchi (South Exit)","nameJa":"野方駅南口","routeCount":3,"operator":"Toei"}},{"type":"Feature","geometry":{"type":"Point","coordinates":[139.65401,35.71237]},"properties":{"stopId":"Toei.NogataNichome.1203.1","name":"Nogata-Nichōme (Nogata 2)","nameJa":"野方二丁目","routeCount":3,"operator":"Toei"}},{"type":"Feature","geometry":{"type":"Point","coordinates":[139.65373,35.71254]},"properties":{"stopId":"Toei.NogataNichome.1203.2","name":"Nogata-Nichōme (Nogata 2)","nameJa":"野方二丁目","routeCount":3,"operator":"Toei"}},{"type":"Feature","geometry":{"type":"Point","coordinates":[139.75345,35.72279]},"properties":{"stopId":"Toei.HakusanUe.1208.2","name":"Hakusan-Ue","nameJa":"白山上","routeCount":3,"operator":"Toei"}},{"type":"Feature","geometry":{"type":"Point","coordinates":[139.74503,35.71702]},"properties":{"stopId":"Toei.HakusanNichome.1211.1","name":"Hakusan-Nichōme (Hakusan 2)","nameJa":"白山二丁目","routeCount":3,"operator":"Toei"}},{"type":"Feature","geometry":{"type":"Point","coordinates":[139.66941,35.74153]},"properties":{"stopId":"Toei.Hazawa.1216.1","name":"Hazawa","nameJa":"羽沢","routeCount":3,"operator":"Toei"}},{"type":"Feature","geometry":{"type":"Point","coordinates":[139.74839,35.72564]},"properties":{"stopId":"Toei.HakusanGochome.1212.1","name":"Hakusan-Gochōme (Hakusan 5)","nameJa":"白山五丁目","routeCount":3,"operator":"Toei"}},{"type":"Feature","geometry":{"type":"Point","coordinates":[139.66938,35.74172]},"properties":{"stopId":"Toei.Hazawa.1216.2","name":"Hazawa","nameJa":"羽沢","routeCount":3,"operator":"Toei"}},{"type":"Feature","geometry":{"type":"Point","coordinates":[139.74229,35.68395]},"properties":{"stopId":"Toei.Hanzomon.1254.1","name":"Hanzōmon","nameJa":"半蔵門","routeCount":3,"operator":"Toei"}},{"type":"Feature","geometry":{"type":"Point","coordinates":[139.74313,35.68414]},"properties":{"stopId":"Toei.Hanzomon.1254.2","name":"Hanzōmon","nameJa":"半蔵門","routeCount":3,"operator":"Toei"}},{"type":"Feature","geometry":{"type":"Point","coordinates":[139.71965,35.72546]},"properties":{"stopId":"Toei.HigashiIkebukuroYonchome.1266.2","name":"Higashi-Ikebukuro-Yonchōme (Higashi-Ikebukuro 4)","nameJa":"東池袋四丁目","routeCount":3,"operator":"Toei"}},{"type":"Feature","geometry":{"type":"Point","coordinates":[139.77919,35.70741]},"properties":{"stopId":"Toei.HigashiUenoItchome.1267.1","name":"Higashi-Ueno-Itchōme (Higashi-Ueno 1)","nameJa":"東上野一丁目","routeCount":3,"operator":"Toei"}},{"type":"Feature","geometry":{"type":"Point","coordinates":[139.77959,35.70718]},"properties":{"stopId":"Toei.HigashiUenoItchome.1267.2","name":"Higashi-Ueno-Itchōme (Higashi-Ueno 1)","nameJa":"東上野一丁目","routeCount":3,"operator":"Toei"}},{"type":"Feature","geometry":{"type":"Point","coordinates":[139.86774,35.69774]},"properties":{"stopId":"Toei.HigashiKomatsugawaItchome.1280.2","name":"Higashi-Komatsugawa-Itchōme (Higashi-Komatsugawa 1)","nameJa":"東小松川一丁目","routeCount":3,"operator":"Toei"}},{"type":"Feature","geometry":{"type":"Point","coordinates":[139.81777,35.7218]},"properties":{"stopId":"Toei.HigashiMukojimaHirokoji.1316.1","name":"Higashi-Mukōjima-Hirokōji","nameJa":"東向島広小路","routeCount":3,"operator":"Toei"}},{"type":"Feature","geometry":{"type":"Point","coordinates":[139.81755,35.72185]},"properties":{"stopId":"Toei.HigashiMukojimaHirokoji.1316.3","name":"Higashi-Mukōjima-Hirokōji","nameJa":"東向島広小路","routeCount":3,"operator":"Toei"}},{"type":"Feature","geometry":{"type":"Point","coordinates":[139.81568,35.72014]},"properties":{"stopId":"Toei.HigashiMukojimaItchome.1317.1","name":"Higashi-Mukōjima-Itchōme (Higashi-Mukōjima 1)","nameJa":"東向島一丁目","routeCount":3,"operator":"Toei"}},{"type":"Feature","geometry":{"type":"Point","coordinates":[139.8158,35.72001]},"properties":{"stopId":"Toei.HigashiMukojimaItchome.1317.2","name":"Higashi-Mukōjima-Itchōme (Higashi-Mukōjima 1)","nameJa":"東向島一丁目","routeCount":3,"operator":"Toei"}},{"type":"Feature","geometry":{"type":"Point","coordinates":[139.82114,35.72514]},"properties":{"stopId":"Toei.HigashiMukojimaGochome.1318.1","name":"Higashi-Mukōjima-Gochōme (Higashi-Mukōjima 5)","nameJa":"東向島五丁目","routeCount":3,"operator":"Toei"}},{"type":"Feature","geometry":{"type":"Point","coordinates":[139.82147,35.72519]},"properties":{"stopId":"Toei.HigashiMukojimaGochome.1318.2","name":"Higashi-Mukōjima-Gochōme (Higashi-Mukōjima 5)","nameJa":"東向島五丁目","routeCount":3,"operator":"Toei"}},{"type":"Feature","geometry":{"type":"Point","coordinates":[139.82383,35.72763]},"properties":{"stopId":"Toei.HigashiMukojimaRokuchome.1319.1","name":"Higashi-Mukōjima-Rokuchōme (Higashi-Mukōjima 6)","nameJa":"東向島六丁目","routeCount":3,"operator":"Toei"}},{"type":"Feature","geometry":{"type":"Point","coordinates":[139.82384,35.72739]},"properties":{"stopId":"Toei.HigashiMukojimaRokuchome.1319.2","name":"Higashi-Mukōjima-Rokuchōme (Higashi-Mukōjima 6)","nameJa":"東向島六丁目","routeCount":3,"operator":"Toei"}},{"type":"Feature","geometry":{"type":"Point","coordinates":[139.68534,35.75299]},"properties":{"stopId":"Toei.Higashiyamacho.1320.1","name":"Higashiyamachō","nameJa":"東山町","routeCount":3,"operator":"Toei"}},{"type":"Feature","geometry":{"type":"Point","coordinates":[139.68587,35.75363]},"properties":{"stopId":"Toei.Higashiyamacho.1320.2","name":"Higashiyamachō","nameJa":"東山町","routeCount":3,"operator":"Toei"}},{"type":"Feature","geometry":{"type":"Point","coordinates":[139.70881,35.65266]},"properties":{"stopId":"Toei.HigashiNichome.1322.2","name":"Higashi-Nichōme (Higashi 2)","nameJa":"東二丁目","routeCount":3,"operator":"Toei"}},{"type":"Feature","geometry":{"type":"Point","coordinates":[139.76051,35.67446]},"properties":{"stopId":"Toei.Hibiya.1336.6","name":"Hibiya","nameJa":"日比谷","routeCount":3,"operator":"Toei"}},{"type":"Feature","geometry":{"type":"Point","coordinates":[139.84179,35.70679]},"properties":{"stopId":"Toei.HiraiStation.1341.1","name":"Hirai Sta.","nameJa":"平井駅前","routeCount":3,"operator":"Toei"}},{"type":"Feature","geometry":{"type":"Point","coordinates":[139.84196,35.70664]},"properties":{"stopId":"Toei.HiraiStation.1341.5","name":"Hirai Sta.","nameJa":"平井駅前","routeCount":3,"operator":"Toei"}},{"type":"Feature","geometry":{"type":"Point","coordinates":[139.84304,35.70637]},"properties":{"stopId":"Toei.HiraiStationMinamiguchi.1342.3","name":"Hirai Sta. Minamiguchi (South Exit)","nameJa":"平井駅南口","routeCount":3,"operator":"Toei"}},{"type":"Feature","geometry":{"type":"Point","coordinates":[139.84156,35.7101]},"properties":{"stopId":"Toei.HiraiShogakko.1343.1","name":"Hirai-Shōgakkō","nameJa":"平井小学校前","routeCount":3,"operator":"Toei"}},{"type":"Feature","geometry":{"type":"Point","coordinates":[139.84187,35.71001]},"properties":{"stopId":"Toei.HiraiShogakko.1343.2","name":"Hirai-Shōgakkō","nameJa":"平井小学校前","routeCount":3,"operator":"Toei"}},{"type":"Feature","geometry":{"type":"Point","coordinates":[139.84196,35.71179]},"properties":{"stopId":"Toei.HiraiRokuchome.1349.1","name":"Hirai-Rokuchōme (Hirai 6)","nameJa":"平井六丁目","routeCount":3,"operator":"Toei"}},{"type":"Feature","geometry":{"type":"Point","coordinates":[139.84221,35.71245]},"properties":{"stopId":"Toei.HiraiRokuchome.1349.2","name":"Hirai-Rokuchōme (Hirai 6)","nameJa":"平井六丁目","routeCount":3,"operator":"Toei"}},{"type":"Feature","geometry":{"type":"Point","coordinates":[139.84232,35.71489]},"properties":{"stopId":"Toei.HiraiNanachome.1350.1","name":"Hirai-Nanachōme (Hirai 7)","nameJa":"平井七丁目","routeCount":3,"operator":"Toei"}},{"type":"Feature","geometry":{"type":"Point","coordinates":[139.84224,35.71481]},"properties":{"stopId":"Toei.HiraiNanachome.1350.2","name":"Hirai-Nanachōme (Hirai 7)","nameJa":"平井七丁目","routeCount":3,"operator":"Toei"}},{"type":"Feature","geometry":{"type":"Point","coordinates":[139.83777,35.71677]},"properties":{"stopId":"Toei.HiraiNanachomeKitaKoen.1351.1","name":"Hirai-Nanachōme-Kita-Kōen (Hirai 7 Kita Park)","nameJa":"平井七丁目北公園前","routeCount":3,"operator":"Toei"}},{"type":"Feature","geometry":{"type":"Point","coordinates":[139.83793,35.71665]},"properties":{"stopId":"Toei.HiraiNanachomeKitaKoen.1351.2","name":"Hirai-Nanachōme-Kita-Kōen (Hirai 7 Kita Park)","nameJa":"平井七丁目北公園前","routeCount":3,"operator":"Toei"}},{"type":"Feature","geometry":{"type":"Point","coordinates":[139.79826,35.6787]},"properties":{"stopId":"Toei.HiranoItchome.1354.1","name":"Hirano-Itchōme (Hirano 1)","nameJa":"平野一丁目","routeCount":3,"operator":"Toei"}},{"type":"Feature","geometry":{"type":"Point","coordinates":[139.8022,35.64515]},"properties":{"stopId":"Toei.FukagawaShakoIriguchi.1361.3","name":"Fukagawa-Shako-Iriguchi","nameJa":"深川車庫入口","routeCount":3,"operator":"Toei"}},{"type":"Feature","geometry":{"type":"Point","coordinates":[139.81077,35.66419]},"properties":{"stopId":"Toei.FukagawaDaihachiChugakko.1363.2","name":"Fukagawa-Daihachi-Chūgakkō","nameJa":"深川第八中学校前","routeCount":3,"operator":"Toei"}},{"type":"Feature","geometry":{"type":"Point","coordinates":[139.79667,35.67673]},"properties":{"stopId":"Toei.FukagawaNichome.1365.1","name":"Fukagawa-Nichōme (Fukagawa 2)","nameJa":"深川二丁目","routeCount":3,"operator":"Toei"}},{"type":"Feature","geometry":{"type":"Point","coordinates":[139.70062,35.76013]},"properties":{"stopId":"Toei.FujimichoToeiJutaku.1373.1","name":"Fujimichō-Toei-Jūtaku","nameJa":"富士見町都営住宅前","routeCount":3,"operator":"Toei"}},{"type":"Feature","geometry":{"type":"Point","coordinates":[139.69997,35.75984]},"properties":{"stopId":"Toei.FujimichoToeiJutaku.1373.2","name":"Fujimichō-Toei-Jūtaku","nameJa":"富士見町都営住宅前","routeCount":3,"operator":"Toei"}},{"type":"Feature","geometry":{"type":"Point","coordinates":[139.80195,35.79706]},"properties":{"stopId":"Toei.Hokima.1391.1","name":"Hokima","nameJa":"保木間","routeCount":3,"operator":"Toei"}},{"type":"Feature","geometry":{"type":"Point","coordinates":[139.86478,35.68024]},"properties":{"stopId":"Toei.FunaboriNakagumi.1378.1","name":"Funabori-Nakagumi","nameJa":"船堀中組","routeCount":3,"operator":"Toei"}},{"type":"Feature","geometry":{"type":"Point","coordinates":[139.86518,35.68013]},"properties":{"stopId":"Toei.FunaboriNakagumi.1378.2","name":"Funabori-Nakagumi","nameJa":"船堀中組","routeCount":3,"operator":"Toei"}},{"type":"Feature","geometry":{"type":"Point","coordinates":[139.73502,35.64678]},"properties":{"stopId":"Toei.Furukawabashi.1380.2","name":"Furukawabashi","nameJa":"古川橋","routeCount":3,"operator":"Toei"}},{"type":"Feature","geometry":{"type":"Point","coordinates":[139.73663,35.64747]},"properties":{"stopId":"Toei.Furukawabashi.1380.4","name":"Furukawabashi","nameJa":"古川橋","routeCount":3,"operator":"Toei"}},{"type":"Feature","geometry":{"type":"Point","coordinates":[139.80213,35.79781]},"properties":{"stopId":"Toei.Hokima.1391.2","name":"Hokima","nameJa":"保木間","routeCount":3,"operator":"Toei"}},{"type":"Feature","geometry":{"type":"Point","coordinates":[139.82799,35.70968]},"properties":{"stopId":"Toei.BunkaNichome.1382.1","name":"Bunka-Nichōme (Bunka 2)","nameJa":"文花二丁目","routeCount":3,"operator":"Toei"}},{"type":"Feature","geometry":{"type":"Point","coordinates":[139.828,35.70927]},"properties":{"stopId":"Toei.BunkaNichome.1382.2","name":"Bunka-Nichōme (Bunka 2)","nameJa":"文花二丁目","routeCount":3,"operator":"Toei"}},{"type":"Feature","geometry":{"type":"Point","coordinates":[139.75276,35.70836]},"properties":{"stopId":"Toei.KasugaStation.1384.3","name":"Kasuga Sta.","nameJa":"春日駅前","routeCount":3,"operator":"Toei"}},{"type":"Feature","geometry":{"type":"Point","coordinates":[139.80141,35.79273]},"properties":{"stopId":"Toei.HokimaNakadori.1392.1","name":"Hokima-Nakadōri","nameJa":"保木間仲通り","routeCount":3,"operator":"Toei"}},{"type":"Feature","geometry":{"type":"Point","coordinates":[139.80145,35.7928]},"properties":{"stopId":"Toei.HokimaNakadori.1392.4","name":"Hokima-Nakadōri","nameJa":"保木間仲通り","routeCount":3,"operator":"Toei"}},{"type":"Feature","geometry":{"type":"Point","coordinates":[139.87054,35.64769]},"properties":{"stopId":"Toei.HorieDanchi.1394.3","name":"Horie-Danchi","nameJa":"堀江団地","routeCount":3,"operator":"Toei"}},{"type":"Feature","geometry":{"type":"Point","coordinates":[139.87079,35.64772]},"properties":{"stopId":"Toei.HorieDanchi.1394.4","name":"Horie-Danchi","nameJa":"堀江団地","routeCount":3,"operator":"Toei"}},{"type":"Feature","geometry":{"type":"Point","coordinates":[139.86919,35.64946]},"properties":{"stopId":"Toei.HorieDanchiIriguchi.1395.1","name":"Horie-Danchi-Iriguchi","nameJa":"堀江団地入口","routeCount":3,"operator":"Toei"}},{"type":"Feature","geometry":{"type":"Point","coordinates":[139.86928,35.6492]},"properties":{"stopId":"Toei.HorieDanchiIriguchi.1395.2","name":"Horie-Danchi-Iriguchi","nameJa":"堀江団地入口","routeCount":3,"operator":"Toei"}},{"type":"Feature","geometry":{"type":"Point","coordinates":[139.78109,35.68751]},"properties":{"stopId":"Toei.Horidomecho.1397.1","name":"Horidomechō","nameJa":"堀留町","routeCount":3,"operator":"Toei"}},{"type":"Feature","geometry":{"type":"Point","coordinates":[139.65424,35.69292]},"properties":{"stopId":"Toei.Horinouchi.1398.2","name":"Horinouchi","nameJa":"堀ノ内","routeCount":3,"operator":"Toei"}},{"type":"Feature","geometry":{"type":"Point","coordinates":[139.74815,35.75072]},"properties":{"stopId":"Toei.Kajiwara.1400.1","name":"Kajiwara","nameJa":"梶原","routeCount":3,"operator":"Toei"}},{"type":"Feature","geometry":{"type":"Point","coordinates":[139.74373,35.7541]},"properties":{"stopId":"Toei.Horifune.1401.1","name":"Horifune","nameJa":"堀船","routeCount":3,"operator":"Toei"}},{"type":"Feature","geometry":{"type":"Point","coordinates":[139.8678,35.71931]},"properties":{"stopId":"Toei.HonIsshiki.1403.1","name":"Hon-Isshiki","nameJa":"本一色","routeCount":3,"operator":"Toei"}},{"type":"Feature","geometry":{"type":"Point","coordinates":[139.74663,35.72672]},"properties":{"stopId":"Toei.HonKomagomeNichome.1404.1","name":"Hon-Komagome-Nichōme (Hon-Komagome 2)","nameJa":"本駒込二丁目","routeCount":3,"operator":"Toei"}},{"type":"Feature","geometry":{"type":"Point","coordinates":[139.74125,35.73089]},"properties":{"stopId":"Toei.HonKomagomeRokuchome.1407.1","name":"Hon-Komagome-Rokuchōme (Hon-Komagome 6)","nameJa":"本駒込六丁目","routeCount":3,"operator":"Toei"}},{"type":"Feature","geometry":{"type":"Point","coordinates":[139.75737,35.71876]},"properties":{"stopId":"Toei.HongoOiwake.1408.1","name":"Hongō-Oiwake","nameJa":"本郷追分","routeCount":3,"operator":"Toei"}},{"type":"Feature","geometry":{"type":"Point","coordinates":[139.76091,35.70517]},"properties":{"stopId":"Toei.HongoNichome.1409.1","name":"Hongō-Nichōme (Hongō 2)","nameJa":"本郷二丁目","routeCount":3,"operator":"Toei"}},{"type":"Feature","geometry":{"type":"Point","coordinates":[139.76061,35.7066]},"properties":{"stopId":"Toei.HongoSanchomeStation.1410.2","name":"Hongō-Sanchōme Sta. (Hongō 3 Sta.)","nameJa":"本郷三丁目駅前","routeCount":3,"operator":"Toei"}},{"type":"Feature","geometry":{"type":"Point","coordinates":[139.79696,35.70404]},"properties":{"stopId":"Toei.HonjoItchome.1416.3","name":"Honjo-Itchōme (Honjo 1)","nameJa":"本所一丁目","routeCount":3,"operator":"Toei"}},{"type":"Feature","geometry":{"type":"Point","coordinates":[139.80066,35.70364]},"properties":{"stopId":"Toei.HonjoNichome.1417.2","name":"Honjo-Nichōme (Honjo 2)","nameJa":"本所二丁目","routeCount":3,"operator":"Toei"}},{"type":"Feature","geometry":{"type":"Point","coordinates":[139.80511,35.70384]},"properties":{"stopId":"Toei.HonjoYonchome.1418.3","name":"Honjo-Yonchōme (Honjo 4)","nameJa":"本所四丁目","routeCount":3,"operator":"Toei"}},{"type":"Feature","geometry":{"type":"Point","coordinates":[139.85696,35.67938]},"properties":{"stopId":"Toei.Boshiba.1424.2","name":"Bōshiba","nameJa":"棒茅場","routeCount":3,"operator":"Toei"}},{"type":"Feature","geometry":{"type":"Point","coordinates":[139.72384,35.66246]},"properties":{"stopId":"Toei.BochiShita.1425.2","name":"Bochi-Shita","nameJa":"墓地下","routeCount":3,"operator":"Toei"}},{"type":"Feature","geometry":{"type":"Point","coordinates":[139.78873,35.70622]},"properties":{"stopId":"Toei.MisujiNichome.1444.1","name":"Misuji-Nichōme (Misuji 2)","nameJa":"三筋二丁目","routeCount":3,"operator":"Toei"}},{"type":"Feature","geometry":{"type":"Point","coordinates":[139.87129,35.69658]},"properties":{"stopId":"Toei.Matsue.1433.4","name":"Matsue","nameJa":"松江","routeCount":3,"operator":"Toei"}},{"type":"Feature","geometry":{"type":"Point","coordinates":[139.86424,35.71253]},"properties":{"stopId":"Toei.MatsushimaSanchome.1435.1","name":"Matsushima-Sanchōme (Matsushima 3)","nameJa":"松島三丁目","routeCount":3,"operator":"Toei"}},{"type":"Feature","geometry":{"type":"Point","coordinates":[139.78762,35.70651]},"properties":{"stopId":"Toei.MisujiNichome.1444.2","name":"Misuji-Nichōme (Misuji 2)","nameJa":"三筋二丁目","routeCount":3,"operator":"Toei"}},{"type":"Feature","geometry":{"type":"Point","coordinates":[139.79761,35.69379]},"properties":{"stopId":"Toei.MidoriItchome.1458.5","name":"Midori-Itchōme (Midori 1)","nameJa":"緑一丁目","routeCount":3,"operator":"Toei"}},{"type":"Feature","geometry":{"type":"Point","coordinates":[139.71534,35.6607]},"properties":{"stopId":"Toei.MinamiAoyamaRokuchome.1468.2","name":"Minami-Aoyama-Rokuchōme (Minami-Aoyama 6)","nameJa":"南青山六丁目","routeCount":3,"operator":"Toei"}},{"type":"Feature","geometry":{"type":"Point","coordinates":[139.71807,35.65914]},"properties":{"stopId":"Toei.MinamiAoyamaNanachome.1469.3","name":"Minami-Aoyama-Nanachōme (Minami-Aoyama 7)","nameJa":"南青山七丁目","routeCount":3,"operator":"Toei"}},{"type":"Feature","geometry":{"type":"Point","coordinates":[139.73489,35.72603]},"properties":{"stopId":"Toei.MinamiOtsukaItchome.1471.2","name":"Minami-Ōtsuka-Itchōme (Minami-Ōtsuka 1)","nameJa":"南大塚一丁目","routeCount":3,"operator":"Toei"}},{"type":"Feature","geometry":{"type":"Point","coordinates":[139.82408,35.67878]},"properties":{"stopId":"Toei.MinamisunaItchome.1474.2","name":"Minamisuna-Itchōme (Minamisuna 1)","nameJa":"南砂一丁目","routeCount":3,"operator":"Toei"}},{"type":"Feature","geometry":{"type":"Point","coordinates":[139.80067,35.73031]},"properties":{"stopId":"Toei.SumidagawaKamotsueki.1479.1","name":"Sumidagawa-Kamotsueki","nameJa":"隅田川貨物駅前","routeCount":3,"operator":"Toei"}},{"type":"Feature","geometry":{"type":"Point","coordinates":[139.79574,35.73602]},"properties":{"stopId":"Toei.MinamiSenjuRokuchome.1481.2","name":"Minami-Senju-Rokuchōme (Minami-Senju 6)","nameJa":"南千住六丁目","routeCount":3,"operator":"Toei"}},{"type":"Feature","geometry":{"type":"Point","coordinates":[139.69006,35.75653]},"properties":{"stopId":"Toei.MinamiTokiwadai.1485.1","name":"Minami-Tokiwadai","nameJa":"南常盤台","routeCount":3,"operator":"Toei"}},{"type":"Feature","geometry":{"type":"Point","coordinates":[139.69034,35.7564]},"properties":{"stopId":"Toei.MinamiTokiwadai.1485.2","name":"Minami-Tokiwadai","nameJa":"南常盤台","routeCount":3,"operator":"Toei"}},{"type":"Feature","geometry":{"type":"Point","coordinates":[139.79273,35.73262]},"properties":{"stopId":"Toei.Minowabashi.1494.1","name":"Minowabashi","nameJa":"三ノ輪橋","routeCount":3,"operator":"Toei"}},{"type":"Feature","geometry":{"type":"Point","coordinates":[139.79318,35.72919]},"properties":{"stopId":"Toei.MinowaNichome.1495.4","name":"Minowa-Nichōme (Minowa 2)","nameJa":"三ノ輪二丁目","routeCount":3,"operator":"Toei"}},{"type":"Feature","geometry":{"type":"Point","coordinates":[139.75574,35.72073]},"properties":{"stopId":"Toei.MukogaokaItchome.1511.1","name":"Mukōgaoka-Itchōme (Mukōgaoka 1)","nameJa":"向丘一丁目","routeCount":3,"operator":"Toei"}},{"type":"Feature","geometry":{"type":"Point","coordinates":[139.80983,35.71547]},"properties":{"stopId":"Toei.MukojimaNichome.1513.2","name":"Mukōjima-Nichōme (Mukōjima 2)","nameJa":"向島二丁目","routeCount":3,"operator":"Toei"}},{"type":"Feature","geometry":{"type":"Point","coordinates":[139.75428,35.7227]},"properties":{"stopId":"Toei.MukogaokaNichome.1512.1","name":"Mukōgaoka-Nichōme (Mukōgaoka 2)","nameJa":"向丘二丁目","routeCount":3,"operator":"Toei"}},{"type":"Feature","geometry":{"type":"Point","coordinates":[139.80941,35.71539]},"properties":{"stopId":"Toei.MukojimaNichome.1513.1","name":"Mukōjima-Nichōme (Mukōjima 2)","nameJa":"向島二丁目","routeCount":3,"operator":"Toei"}},{"type":"Feature","geometry":{"type":"Point","coordinates":[139.81241,35.71719]},"properties":{"stopId":"Toei.MukojimaGochome.1514.1","name":"Mukōjima-Gochōme (Mukōjima 5)","nameJa":"向島五丁目","routeCount":3,"operator":"Toei"}},{"type":"Feature","geometry":{"type":"Point","coordinates":[139.81209,35.71722]},"properties":{"stopId":"Toei.MukojimaGochome.1514.2","name":"Mukōjima-Gochōme (Mukōjima 5)","nameJa":"向島五丁目","routeCount":3,"operator":"Toei"}},{"type":"Feature","geometry":{"type":"Point","coordinates":[139.67565,35.74605]},"properties":{"stopId":"Toei.MusashinoByoin.1517.1","name":"Musashino-Byōin (Tokyo Musashino Hp. )","nameJa":"武蔵野病院前","routeCount":3,"operator":"Toei"}},{"type":"Feature","geometry":{"type":"Point","coordinates":[139.67565,35.74622]},"properties":{"stopId":"Toei.MusashinoByoin.1517.2","name":"Musashino-Byōin (Tokyo Musashino Hp. )","nameJa":"武蔵野病院前","routeCount":3,"operator":"Toei"}},{"type":"Feature","geometry":{"type":"Point","coordinates":[139.71275,35.67739]},"properties":{"stopId":"Toei.MeijiKoen.1521.1","name":"Meiji-Kōen (Meiji Park)","nameJa":"明治公園前","routeCount":3,"operator":"Toei"}},{"type":"Feature","geometry":{"type":"Point","coordinates":[139.71249,35.67645]},"properties":{"stopId":"Toei.MeijiKoen.1521.2","name":"Meiji-Kōen (Meiji Park)","nameJa":"明治公園前","routeCount":3,"operator":"Toei"}},{"type":"Feature","geometry":{"type":"Point","coordinates":[139.8221,35.71836]},"properties":{"stopId":"Toei.MeijiDori.1522.1","name":"Meiji-Dōri","nameJa":"明治通り","routeCount":3,"operator":"Toei"}},{"type":"Feature","geometry":{"type":"Point","coordinates":[139.82234,35.71837]},"properties":{"stopId":"Toei.MeijiDori.1522.2","name":"Meiji-Dōri","nameJa":"明治通り","routeCount":3,"operator":"Toei"}},{"type":"Feature","geometry":{"type":"Point","coordinates":[139.71657,35.63421]},"properties":{"stopId":"Toei.MeguroStation.1526.2","name":"Meguro Sta.","nameJa":"目黒駅前","routeCount":3,"operator":"Toei"}},{"type":"Feature","geometry":{"type":"Point","coordinates":[139.70615,35.72201]},"properties":{"stopId":"Toei.MejiroStation.1529.4","name":"Mejiro Sta.","nameJa":"目白駅前","routeCount":3,"operator":"Toei"}},{"type":"Feature","geometry":{"type":"Point","coordinates":[139.70788,35.72114]},"properties":{"stopId":"Toei.MejiroStation.1529.7","name":"Mejiro Sta.","nameJa":"目白駅前","routeCount":3,"operator":"Toei"}},{"type":"Feature","geometry":{"type":"Point","coordinates":[139.81541,35.6913]},"properties":{"stopId":"Toei.MoriNichome.1533.2","name":"Mōri-Nichōme (Mōri 2)","nameJa":"毛利二丁目","routeCount":3,"operator":"Toei"}},{"type":"Feature","geometry":{"type":"Point","coordinates":[139.78107,35.70721]},"properties":{"stopId":"Toei.ShinOkachimachiStation.1535.1","name":"Shin-Okachimachi Sta.","nameJa":"新御徒町駅前","routeCount":3,"operator":"Toei"}},{"type":"Feature","geometry":{"type":"Point","coordinates":[139.78252,35.70689]},"properties":{"stopId":"Toei.ShinOkachimachiStation.1535.2","name":"Shin-Okachimachi Sta.","nameJa":"新御徒町駅前","routeCount":3,"operator":"Toei"}},{"type":"Feature","geometry":{"type":"Point","coordinates":[139.78566,35.70656]},"properties":{"stopId":"Toei.MotoAsakusaSanchome.1536.1","name":"Moto-Asakusa-Sanchōme (Moto-Asakusa 3)","nameJa":"元浅草三丁目","routeCount":3,"operator":"Toei"}},{"type":"Feature","geometry":{"type":"Point","coordinates":[139.78456,35.70683]},"properties":{"stopId":"Toei.MotoAsakusaSanchome.1536.2","name":"Moto-Asakusa-Sanchōme (Moto-Asakusa 3)","nameJa":"元浅草三丁目","routeCount":3,"operator":"Toei"}},{"type":"Feature","geometry":{"type":"Point","coordinates":[139.79839,35.68762]},"properties":{"stopId":"Toei.MorishitaStation.1541.4","name":"Morishita Sta.","nameJa":"森下駅前","routeCount":3,"operator":"Toei"}},{"type":"Feature","geometry":{"type":"Point","coordinates":[139.79477,35.67204]},"properties":{"stopId":"Toei.MonzenNakacho.1544.1","name":"Monzen-Nakachō","nameJa":"門前仲町","routeCount":3,"operator":"Toei"}},{"type":"Feature","geometry":{"type":"Point","coordinates":[139.79385,35.67297]},"properties":{"stopId":"Toei.MonzenNakacho.1544.6","name":"Monzen-Nakachō","nameJa":"門前仲町","routeCount":3,"operator":"Toei"}},{"type":"Feature","geometry":{"type":"Point","coordinates":[139.7379,35.62424]},"properties":{"stopId":"Toei.Yatsuyamabashi.1553.1","name":"Yatsuyamabashi","nameJa":"八ツ山橋","routeCount":3,"operator":"Toei"}},{"type":"Feature","geometry":{"type":"Point","coordinates":[139.8199,35.70743]},"properties":{"stopId":"Toei.Yanagishima.1556.1","name":"Yanagishima","nameJa":"柳島","routeCount":3,"operator":"Toei"}},{"type":"Feature","geometry":{"type":"Point","coordinates":[139.82864,35.72546]},"properties":{"stopId":"Toei.Yahiro.1559.1","name":"Yahiro","nameJa":"八広","routeCount":3,"operator":"Toei"}},{"type":"Feature","geometry":{"type":"Point","coordinates":[139.82769,35.72648]},"properties":{"stopId":"Toei.Yahiro.1559.2","name":"Yahiro","nameJa":"八広","routeCount":3,"operator":"Toei"}},{"type":"Feature","geometry":{"type":"Point","coordinates":[139.83043,35.72373]},"properties":{"stopId":"Toei.YahiroRokuchome.1562.1","name":"Yahiro-Rokuchōme (Yahiro 6)","nameJa":"八広六丁目","routeCount":3,"operator":"Toei"}},{"type":"Feature","geometry":{"type":"Point","coordinates":[139.83032,35.72404]},"properties":{"stopId":"Toei.YahiroRokuchome.1562.2","name":"Yahiro-Rokuchōme (Yahiro 6)","nameJa":"八広六丁目","routeCount":3,"operator":"Toei"}},{"type":"Feature","geometry":{"type":"Point","coordinates":[139.70869,35.76196]},"properties":{"stopId":"Toei.Yamatocho.1564.1","name":"Yamatochō","nameJa":"大和町","routeCount":3,"operator":"Toei"}},{"type":"Feature","geometry":{"type":"Point","coordinates":[139.70839,35.76205]},"properties":{"stopId":"Toei.Yamatocho.1564.2","name":"Yamatochō","nameJa":"大和町","routeCount":3,"operator":"Toei"}},{"type":"Feature","geometry":{"type":"Point","coordinates":[139.73125,35.70781]},"properties":{"stopId":"Toei.Yamabukicho.1566.1","name":"Yamabukichō","nameJa":"山吹町","routeCount":3,"operator":"Toei"}},{"type":"Feature","geometry":{"type":"Point","coordinates":[139.76474,35.70244]},"properties":{"stopId":"Toei.YushimaItchome.1573.1","name":"Yushima-Itchōme (Yushima 1)","nameJa":"湯島一丁目","routeCount":3,"operator":"Toei"}},{"type":"Feature","geometry":{"type":"Point","coordinates":[139.74036,35.72051]},"properties":{"stopId":"Toei.YutatezakaShita.1576.1","name":"Yutatezaka-Shita","nameJa":"湯立坂下","routeCount":3,"operator":"Toei"}},{"type":"Feature","geometry":{"type":"Point","coordinates":[139.80955,35.70404]},"properties":{"stopId":"Toei.Yokokawabashi.1578.1","name":"Yokokawabashi","nameJa":"横川橋","routeCount":3,"operator":"Toei"}},{"type":"Feature","geometry":{"type":"Point","coordinates":[139.71612,35.69837]},"properties":{"stopId":"Toei.Yochomachi.1586.1","name":"Yochōmachi","nameJa":"余丁町","routeCount":3,"operator":"Toei"}},{"type":"Feature","geometry":{"type":"Point","coordinates":[139.71615,35.69854]},"properties":{"stopId":"Toei.Yochomachi.1586.2","name":"Yochōmachi","nameJa":"余丁町","routeCount":3,"operator":"Toei"}},{"type":"Feature","geometry":{"type":"Point","coordinates":[139.73169,35.68559]},"properties":{"stopId":"Toei.YotsuyaStationMae.1590.2","name":"Yotsuya Sta. Mae","nameJa":"四谷駅前","routeCount":3,"operator":"Toei"}},{"type":"Feature","geometry":{"type":"Point","coordinates":[139.72026,35.68854]},"properties":{"stopId":"Toei.YotsuyaSanchome.1595.4","name":"Yotsuya-Sanchōme (Yotsuya 3)","nameJa":"四谷三丁目","routeCount":3,"operator":"Toei"}},{"type":"Feature","geometry":{"type":"Point","coordinates":[139.71732,35.6875]},"properties":{"stopId":"Toei.YotsuyaYonchome.1596.2","name":"Yotsuya-Yonchōme (Yotsuya 4)","nameJa":"四谷四丁目","routeCount":3,"operator":"Toei"}},{"type":"Feature","geometry":{"type":"Point","coordinates":[139.6545,35.69852]},"properties":{"stopId":"Toei.KoenjiRikkyo.1598.3","name":"Kōenji-Rikkyō","nameJa":"高円寺陸橋","routeCount":3,"operator":"Toei"}},{"type":"Feature","geometry":{"type":"Point","coordinates":[139.8533,35.67743]},"properties":{"stopId":"Toei.Rokkencho.1608.1","name":"Rokkenchō","nameJa":"六軒町","routeCount":3,"operator":"Toei"}},{"type":"Feature","geometry":{"type":"Point","coordinates":[139.73123,35.66293]},"properties":{"stopId":"Toei.RoppongiStation.1609.3","name":"Roppongi Sta.","nameJa":"六本木駅前","routeCount":3,"operator":"Toei"}},{"type":"Feature","geometry":{"type":"Point","coordinates":[139.73765,35.6663]},"properties":{"stopId":"Toei.RoppongiItchomeStation.1610.4","name":"Roppongi-Itchōme Sta. (Roppongi 1 Sta.)","nameJa":"六本木一丁目駅前","routeCount":3,"operator":"Toei"}},{"type":"Feature","geometry":{"type":"Point","coordinates":[139.73581,35.66519]},"properties":{"stopId":"Toei.RoppongiYonchome.1611.6","name":"Roppongi-Yonchōme (Roppongi 4)","nameJa":"六本木四丁目","routeCount":3,"operator":"Toei"}},{"type":"Feature","geometry":{"type":"Point","coordinates":[139.72016,35.69977]},"properties":{"stopId":"Toei.Wakamatsucho.1617.4","name":"Wakamatsuchō","nameJa":"若松町","routeCount":3,"operator":"Toei"}},{"type":"Feature","geometry":{"type":"Point","coordinates":[139.72086,35.71116]},"properties":{"stopId":"Toei.Waseda.1618.1","name":"Waseda","nameJa":"早稲田","routeCount":3,"operator":"Toei"}},{"type":"Feature","geometry":{"type":"Point","coordinates":[139.72108,35.71109]},"properties":{"stopId":"Toei.Waseda.1618.3","name":"Waseda","nameJa":"早稲田","routeCount":3,"operator":"Toei"}},{"type":"Feature","geometry":{"type":"Point","coordinates":[139.72225,35.71103]},"properties":{"stopId":"Toei.Waseda.1618.4","name":"Waseda","nameJa":"早稲田","routeCount":3,"operator":"Toei"}},{"type":"Feature","geometry":{"type":"Point","coordinates":[139.77255,35.70698]},"properties":{"stopId":"Toei.UenoMatsuzakaya.2000.7","name":"Ueno-Matsuzakaya (Ueno-Matsuzakaya Department Store)","nameJa":"上野松坂屋前","routeCount":3,"operator":"Toei"}},{"type":"Feature","geometry":{"type":"Point","coordinates":[139.75078,35.59966]},"properties":{"stopId":"Toei.YashioParkTown.2013.1","name":"Yashio Park Town","nameJa":"八潮パークタウン","routeCount":3,"operator":"Toei"}},{"type":"Feature","geometry":{"type":"Point","coordinates":[139.7508,35.59986]},"properties":{"stopId":"Toei.YashioParkTown.2013.2","name":"Yashio Park Town","nameJa":"八潮パークタウン","routeCount":3,"operator":"Toei"}},{"type":"Feature","geometry":{"type":"Point","coordinates":[139.80859,35.71025]},"properties":{"stopId":"Toei.TOKYOSKYTREEStation.2028.1","name":"TOKYO SKYTREE Sta.","nameJa":"とうきょうスカイツリー駅前","routeCount":3,"operator":"Toei"}},{"type":"Feature","geometry":{"type":"Point","coordinates":[139.8084,35.71006]},"properties":{"stopId":"Toei.TOKYOSKYTREEStation.2028.2","name":"TOKYO SKYTREE Sta.","nameJa":"とうきょうスカイツリー駅前","routeCount":3,"operator":"Toei"}},{"type":"Feature","geometry":{"type":"Point","coordinates":[139.75686,35.66805]},"properties":{"stopId":"Toei.ShimbashiStationKitaguchi.2034.1","name":"Shimbashi Sta. Kitaguchi (North Exit)","nameJa":"新橋駅北口","routeCount":3,"operator":"Toei"}},{"type":"Feature","geometry":{"type":"Point","coordinates":[139.85535,35.66128]},"properties":{"stopId":"Toei.SeishinchoItchome.2065.1","name":"Seishinchō-Itchōme (Seishinchō 1)","nameJa":"清新町一丁目","routeCount":3,"operator":"Toei"}},{"type":"Feature","geometry":{"type":"Point","coordinates":[139.85557,35.65895]},"properties":{"stopId":"Toei.SeishinchoNichome.2066.1","name":"Seishinchō-Nichōme (Seishinchō 2)","nameJa":"清新町二丁目","routeCount":3,"operator":"Toei"}},{"type":"Feature","geometry":{"type":"Point","coordinates":[139.85369,35.65723]},"properties":{"stopId":"Toei.SeishinFutabaShogakko.2067.1","name":"Seishin-Futaba-Shōgakkō","nameJa":"清新ふたば小学校前","routeCount":3,"operator":"Toei"}},{"type":"Feature","geometry":{"type":"Point","coordinates":[139.86569,35.67615]},"properties":{"stopId":"Toei.Shinwataribashi.2081.2","name":"Shinwataribashi","nameJa":"新渡橋","routeCount":3,"operator":"Toei"}},{"type":"Feature","geometry":{"type":"Point","coordinates":[139.86445,35.67508]},"properties":{"stopId":"Toei.UkitaShogakko.2082.2","name":"Ukita-Shōgakkō","nameJa":"宇喜田小学校","routeCount":3,"operator":"Toei"}},{"type":"Feature","geometry":{"type":"Point","coordinates":[139.86528,35.6672]},"properties":{"stopId":"Toei.DairokuKasaiShogakko.2085.2","name":"Dairoku-Kasai-Shōgakkō","nameJa":"第六葛西小学校前","routeCount":3,"operator":"Toei"}},{"type":"Feature","geometry":{"type":"Point","coordinates":[139.81922,35.72336]},"properties":{"stopId":"Toei.MukojimaShobosho.2086.1","name":"Mukōjima-Shōbōsho (Mukōjima Fire Station)","nameJa":"向島消防署前","routeCount":3,"operator":"Toei"}},{"type":"Feature","geometry":{"type":"Point","coordinates":[139.81939,35.72329]},"properties":{"stopId":"Toei.MukojimaShobosho.2086.2","name":"Mukōjima-Shōbōsho (Mukōjima Fire Station)","nameJa":"向島消防署前","routeCount":3,"operator":"Toei"}},{"type":"Feature","geometry":{"type":"Point","coordinates":[139.78464,35.7763]},"properties":{"stopId":"Toei.NishiaraiStationIriguchi.2087.1","name":"Nishiarai Sta. Iriguchi","nameJa":"西新井駅入口","routeCount":3,"operator":"Toei"}},{"type":"Feature","geometry":{"type":"Point","coordinates":[139.75109,35.63151]},"properties":{"stopId":"Toei.KonanYonchome.2091.1","name":"Kōnan-Yonchōme (Kōnan 4)","nameJa":"港南四丁目","routeCount":3,"operator":"Toei"}},{"type":"Feature","geometry":{"type":"Point","coordinates":[139.74268,35.59867]},"properties":{"stopId":"Toei.Katsushima.2097.2","name":"Katsushima","nameJa":"勝島","routeCount":3,"operator":"Toei"}},{"type":"Feature","geometry":{"type":"Point","coordinates":[139.79435,35.632]},"properties":{"stopId":"Toei.TokyoBigSightHigashito.2103.1","name":"Tokyo Big Sight Higashitō","nameJa":"東京ビッグサイト東棟前","routeCount":3,"operator":"Toei"}},{"type":"Feature","geometry":{"type":"Point","coordinates":[139.85579,35.65336]},"properties":{"stopId":"Toei.RinkaichoItchome.2109.2","name":"Rinkaichō-Itchōme (Rinkaichō 1)","nameJa":"臨海町一丁目","routeCount":3,"operator":"Toei"}},{"type":"Feature","geometry":{"type":"Point","coordinates":[139.81222,35.70115]},"properties":{"stopId":"Toei.TaiheiNichome.2129.1","name":"Taihei-Nichōme (Taihei 2)","nameJa":"太平二丁目","routeCount":3,"operator":"Toei"}},{"type":"Feature","geometry":{"type":"Point","coordinates":[139.77574,35.77639]},"properties":{"stopId":"Toei.AdachiDaigoChugakko.2151.2","name":"Adachi-Daigo-Chūgakkō","nameJa":"足立第五中学校前","routeCount":3,"operator":"Toei"}},{"type":"Feature","geometry":{"type":"Point","coordinates":[139.83212,35.67349]},"properties":{"stopId":"Toei.MinamisunaYonchomeJutaku.2164.2","name":"Minamisuna-Yonchōme-Jūtaku (Minamisuna 4 Jūtaku)","nameJa":"南砂四丁目住宅","routeCount":3,"operator":"Toei"}},{"type":"Feature","geometry":{"type":"Point","coordinates":[139.82966,35.67404]},"properties":{"stopId":"Toei.FukushimabashiMinamizume.2165.2","name":"Fukushimabashi-Minamizume","nameJa":"福島橋南詰","routeCount":3,"operator":"Toei"}},{"type":"Feature","geometry":{"type":"Point","coordinates":[139.82625,35.67485]},"properties":{"stopId":"Toei.MinamisunaYonchome.2166.2","name":"Minamisuna-Yonchōme (Minamisuna 4)","nameJa":"南砂四丁目","routeCount":3,"operator":"Toei"}},{"type":"Feature","geometry":{"type":"Point","coordinates":[139.82242,35.67558]},"properties":{"stopId":"Toei.MinamisunaNichome.2167.1","name":"Minamisuna-Nichōme (Minamisuna 2)","nameJa":"南砂二丁目","routeCount":3,"operator":"Toei"}},{"type":"Feature","geometry":{"type":"Point","coordinates":[139.83283,35.68415]},"properties":{"stopId":"Toei.KitasunaGochomeDanchi.2181.1","name":"Kitasuna-Gochōme-Danchi (Kitasuna 5-Danchi)","nameJa":"北砂五丁目団地","routeCount":3,"operator":"Toei"}},{"type":"Feature","geometry":{"type":"Point","coordinates":[139.83225,35.68399]},"properties":{"stopId":"Toei.KitasunaGochomeDanchi.2181.2","name":"Kitasuna-Gochōme-Danchi (Kitasuna 5-Danchi)","nameJa":"北砂五丁目団地","routeCount":3,"operator":"Toei"}},{"type":"Feature","geometry":{"type":"Point","coordinates":[139.87559,35.64512]},"properties":{"stopId":"Toei.MinamiKasaiChugakko.2184.1","name":"Minami-Kasai-Chūgakkō","nameJa":"南葛西中学校前","routeCount":3,"operator":"Toei"}},{"type":"Feature","geometry":{"type":"Point","coordinates":[139.86243,35.64389]},"properties":{"stopId":"Toei.KasaiRinkaiKoenStation.2189.1","name":"Kasai-Rinkai-Kōen Sta. (Kasai Rinkai Park Sta.)","nameJa":"葛西臨海公園駅前","routeCount":3,"operator":"Toei"}},{"type":"Feature","geometry":{"type":"Point","coordinates":[139.78629,35.75118]},"properties":{"stopId":"Toei.Otakebashi.2192.2","name":"Otakebashi","nameJa":"尾竹橋","routeCount":3,"operator":"Toei"}},{"type":"Feature","geometry":{"type":"Point","coordinates":[139.86144,35.65078]},"properties":{"stopId":"Toei.RinkaiDaiichiHoikuen.2196.1","name":"Rinkai-Daiichi-Hoikuen","nameJa":"臨海第一保育園前","routeCount":3,"operator":"Toei"}},{"type":"Feature","geometry":{"type":"Point","coordinates":[139.86015,35.65338]},"properties":{"stopId":"Toei.RinkaichoNichomeDanchi.2197.1","name":"Rinkaichō-Nichōme-Danchi (Rinkaichō 2-Danchi)","nameJa":"臨海町二丁目団地前","routeCount":3,"operator":"Toei"}},{"type":"Feature","geometry":{"type":"Point","coordinates":[139.86086,35.65313]},"properties":{"stopId":"Toei.RinkaichoNichomeDanchi.2197.2","name":"Rinkaichō-Nichōme-Danchi (Rinkaichō 2-Danchi)","nameJa":"臨海町二丁目団地前","routeCount":3,"operator":"Toei"}},{"type":"Feature","geometry":{"type":"Point","coordinates":[139.76424,35.58017]},"properties":{"stopId":"Toei.SuisanTo.2199.1","name":"Suisan-Tō","nameJa":"水産棟前","routeCount":3,"operator":"Toei"}},{"type":"Feature","geometry":{"type":"Point","coordinates":[139.74174,35.71922]},"properties":{"stopId":"Toei.HakusanSanchome.2203.1","name":"Hakusan-Sanchōme (Hakusan 3)","nameJa":"白山三丁目","routeCount":3,"operator":"Toei"}},{"type":"Feature","geometry":{"type":"Point","coordinates":[139.79941,35.66163]},"properties":{"stopId":"Toei.Hamazonobashi.2204.1","name":"Hamazonobashi","nameJa":"浜園橋","routeCount":3,"operator":"Toei"}},{"type":"Feature","geometry":{"type":"Point","coordinates":[139.81714,35.65861]},"properties":{"stopId":"Toei.ShiomiStation.2208.5","name":"Shiomi Sta.","nameJa":"潮見駅前","routeCount":3,"operator":"Toei"}},{"type":"Feature","geometry":{"type":"Point","coordinates":[139.81707,35.65866]},"properties":{"stopId":"Toei.ShiomiStation.2208.6","name":"Shiomi Sta.","nameJa":"潮見駅前","routeCount":3,"operator":"Toei"}},{"type":"Feature","geometry":{"type":"Point","coordinates":[139.79941,35.70931]},"properties":{"stopId":"Toei.RiverPiaAzumabashi.2219.1","name":"River Pia Azumabashi","nameJa":"リバーピア吾妻橋前","routeCount":3,"operator":"Toei"}},{"type":"Feature","geometry":{"type":"Point","coordinates":[139.87571,35.64639]},"properties":{"stopId":"Toei.MinamiKasaiKaikan.2274.1","name":"Minami-Kasai-Kaikan (Minami-Kasai Center)","nameJa":"南葛西会館前","routeCount":3,"operator":"Toei"}},{"type":"Feature","geometry":{"type":"Point","coordinates":[139.79325,35.62986]},"properties":{"stopId":"Toei.TokyoBigSight.2324.4","name":"Tokyo Big Sight","nameJa":"東京ビッグサイト","routeCount":3,"operator":"Toei"}},{"type":"Feature","geometry":{"type":"Point","coordinates":[139.8183,35.67576]},"properties":{"stopId":"Toei.ToyoNanachome.2298.1","name":"Tōyō-Nanachōme (Tōyō 7)","nameJa":"東陽七丁目","routeCount":3,"operator":"Toei"}},{"type":"Feature","geometry":{"type":"Point","coordinates":[139.78827,35.65946]},"properties":{"stopId":"Toei.ShinTsukishimaKoen.2312.1","name":"Shin-Tsukishima-Kōen (Shin-Tsukishima Park)","nameJa":"新月島公園前","routeCount":3,"operator":"Toei"}},{"type":"Feature","geometry":{"type":"Point","coordinates":[139.788,35.6593]},"properties":{"stopId":"Toei.ShinTsukishimaKoen.2312.2","name":"Shin-Tsukishima-Kōen (Shin-Tsukishima Park)","nameJa":"新月島公園前","routeCount":3,"operator":"Toei"}},{"type":"Feature","geometry":{"type":"Point","coordinates":[139.79157,35.63363]},"properties":{"stopId":"Toei.KokusaiTenjijoStation.2323.1","name":"Kokusai-Tenjijō Sta.","nameJa":"国際展示場駅前","routeCount":3,"operator":"Toei"}},{"type":"Feature","geometry":{"type":"Point","coordinates":[139.79141,35.63042]},"properties":{"stopId":"Toei.TokyoBigSightStation.2325.1","name":"Tokyo Big Sight Sta.","nameJa":"東京ビッグサイト駅前","routeCount":3,"operator":"Toei"}},{"type":"Feature","geometry":{"type":"Point","coordinates":[139.85914,35.65322]},"properties":{"stopId":"Toei.MomijigawaKoko.2331.2","name":"Momijigawa-Kōkō","nameJa":"紅葉川高校前","routeCount":3,"operator":"Toei"}},{"type":"Feature","geometry":{"type":"Point","coordinates":[139.77955,35.6174]},"properties":{"stopId":"Toei.TelecomCenterStation.2327.2","name":"Telecom Center Sta.","nameJa":"テレコムセンター駅前","routeCount":3,"operator":"Toei"}},{"type":"Feature","geometry":{"type":"Point","coordinates":[139.7715,35.62578]},"properties":{"stopId":"Toei.DaibaStation.2329.2","name":"Daiba Sta.","nameJa":"台場駅前","routeCount":3,"operator":"Toei"}},{"type":"Feature","geometry":{"type":"Point","coordinates":[139.85915,35.6532]},"properties":{"stopId":"Toei.MomijigawaKoko.2331.1","name":"Momijigawa-Kōkō","nameJa":"紅葉川高校前","routeCount":3,"operator":"Toei"}},{"type":"Feature","geometry":{"type":"Point","coordinates":[139.77498,35.62767]},"properties":{"stopId":"Toei.FujiTerebi.2346.2","name":"Fuji-Terebi (Fuji TV)","nameJa":"フジテレビ前","routeCount":3,"operator":"Toei"}},{"type":"Feature","geometry":{"type":"Point","coordinates":[139.86745,35.68167]},"properties":{"stopId":"Toei.FunaboriSportsKoen.2365.1","name":"Funabori Sports Kōen (Funabori Sports Park)","nameJa":"船堀スポーツ公園前","routeCount":3,"operator":"Toei"}},{"type":"Feature","geometry":{"type":"Point","coordinates":[139.86709,35.68205]},"properties":{"stopId":"Toei.FunaboriSportsKoen.2365.2","name":"Funabori Sports Kōen (Funabori Sports Park)","nameJa":"船堀スポーツ公園前","routeCount":3,"operator":"Toei"}},{"type":"Feature","geometry":{"type":"Point","coordinates":[139.86958,35.67692]},"properties":{"stopId":"Toei.FunaboriNanachome.2382.1","name":"Funabori-Nanachōme (Funabori 7)","nameJa":"船堀七丁目","routeCount":3,"operator":"Toei"}},{"type":"Feature","geometry":{"type":"Point","coordinates":[139.8691,35.67747]},"properties":{"stopId":"Toei.FunaboriNanachome.2382.2","name":"Funabori-Nanachōme (Funabori 7)","nameJa":"船堀七丁目","routeCount":3,"operator":"Toei"}},{"type":"Feature","geometry":{"type":"Point","coordinates":[139.87733,35.65979]},"properties":{"stopId":"Toei.DainiKasaiShogakkoIriguchi.2392.1","name":"Daini-Kasai-Shōgakkō-Iriguchi","nameJa":"第二葛西小学校入口","routeCount":3,"operator":"Toei"}},{"type":"Feature","geometry":{"type":"Point","coordinates":[139.87978,35.65942]},"properties":{"stopId":"Toei.HigashiKasaiRokuchome.2394.1","name":"Higashi-Kasai-Rokuchōme (Higashi-Kasai 6)","nameJa":"東葛西六丁目","routeCount":3,"operator":"Toei"}},{"type":"Feature","geometry":{"type":"Point","coordinates":[139.88132,35.65787]},"properties":{"stopId":"Toei.HigashiKasaiNanachome.2395.2","name":"Higashi-Kasai-Nanachōme (Higashi-Kasai 7)","nameJa":"東葛西七丁目","routeCount":3,"operator":"Toei"}},{"type":"Feature","geometry":{"type":"Point","coordinates":[139.88041,35.65258]},"properties":{"stopId":"Toei.HigashiKasaiKyuchome.2397.2","name":"Higashi-Kasai-Kyūchōme (Higashi-Kasai 9)","nameJa":"東葛西九丁目","routeCount":3,"operator":"Toei"}},{"type":"Feature","geometry":{"type":"Point","coordinates":[139.88002,35.64993]},"properties":{"stopId":"Toei.MahoNoBungakukanIriguchi.2398.2","name":"Mahō-No-Bungakukan-Iriguchi","nameJa":"魔法の文学館入口","routeCount":3,"operator":"Toei"}},{"type":"Feature","geometry":{"type":"Point","coordinates":[139.77633,35.61716]},"properties":{"stopId":"Toei.TokyoKowanGodochosha.2407.5","name":"Tokyo Kōwan-Gōdōchōsha (Port and Harbor government Offices)","nameJa":"東京港湾合同庁舎前","routeCount":3,"operator":"Toei"}},{"type":"Feature","geometry":{"type":"Point","coordinates":[139.809,35.73835]},"properties":{"stopId":"Toei.HanamizukiDoriChuo.2413.1","name":"Hanamizuki-Dōri-Chūō","nameJa":"はなみずき通り中央","routeCount":3,"operator":"Toei"}},{"type":"Feature","geometry":{"type":"Point","coordinates":[139.80915,35.73824]},"properties":{"stopId":"Toei.HanamizukiDoriChuo.2413.2","name":"Hanamizuki-Dōri-Chūō","nameJa":"はなみずき通り中央","routeCount":3,"operator":"Toei"}},{"type":"Feature","geometry":{"type":"Point","coordinates":[139.81096,35.73805]},"properties":{"stopId":"Toei.ArakawakuritsuDaisanChugakko.2414.1","name":"Arakawakuritsu-Daisan-Chūgakkō","nameJa":"荒川区立第三中学校前","routeCount":3,"operator":"Toei"}},{"type":"Feature","geometry":{"type":"Point","coordinates":[139.81106,35.73789]},"properties":{"stopId":"Toei.ArakawakuritsuDaisanChugakko.2414.2","name":"Arakawakuritsu-Daisan-Chūgakkō","nameJa":"荒川区立第三中学校前","routeCount":3,"operator":"Toei"}},{"type":"Feature","geometry":{"type":"Point","coordinates":[139.83132,35.66922]},"properties":{"stopId":"Toei.MinamiSunamachiStation.2439.1","name":"Minami-Sunamachi Sta.","nameJa":"南砂町駅前","routeCount":3,"operator":"Toei"}},{"type":"Feature","geometry":{"type":"Point","coordinates":[139.83153,35.66918]},"properties":{"stopId":"Toei.MinamiSunamachiStation.2439.2","name":"Minami-Sunamachi Sta.","nameJa":"南砂町駅前","routeCount":3,"operator":"Toei"}},{"type":"Feature","geometry":{"type":"Point","coordinates":[139.83211,35.67105]},"properties":{"stopId":"Toei.MinamisunaSanchomeMidoriDanchi.2440.3","name":"Minamisuna-Sanchōme-Midori-Danchi (Minamisuna 3 Midori-Danchi)","nameJa":"南砂三丁目みどり団地前","routeCount":3,"operator":"Toei"}},{"type":"Feature","geometry":{"type":"Point","coordinates":[139.8324,35.67121]},"properties":{"stopId":"Toei.MinamisunaSanchomeMidoriDanchi.2440.4","name":"Minamisuna-Sanchōme-Midori-Danchi (Minamisuna 3 Midori-Danchi)","nameJa":"南砂三丁目みどり団地前","routeCount":3,"operator":"Toei"}},{"type":"Feature","geometry":{"type":"Point","coordinates":[139.88196,35.67489]},"properties":{"stopId":"Toei.EdogawakuKokuHokenCenterIriguchi.2504.1","name":"Edogawaku-Kōkū-Hoken Center Iriguchi","nameJa":"江戸川区口腔保健センター入口","routeCount":3,"operator":"Toei"}},{"type":"Feature","geometry":{"type":"Point","coordinates":[139.80013,35.7332]},"properties":{"stopId":"Toei.MinamiSenjuStationHigashiguchi.2443.4","name":"Minami-Senju Sta. Higashiguchi (East Exit)","nameJa":"南千住駅東口","routeCount":3,"operator":"Toei"}},{"type":"Feature","geometry":{"type":"Point","coordinates":[139.80459,35.73553]},"properties":{"stopId":"Toei.MinamiSenjuYonchome.2444.1","name":"Minami-Senju-Yonchōme (Minami-Senju 4)","nameJa":"南千住四丁目","routeCount":3,"operator":"Toei"}},{"type":"Feature","geometry":{"type":"Point","coordinates":[139.65409,35.73858]},"properties":{"stopId":"Toei.NerimaStation.2474.1","name":"Nerima Sta.","nameJa":"練馬駅","routeCount":3,"operator":"Toei"}},{"type":"Feature","geometry":{"type":"Point","coordinates":[139.80425,35.73564]},"properties":{"stopId":"Toei.MinamiSenjuYonchome.2444.2","name":"Minami-Senju-Yonchōme (Minami-Senju 4)","nameJa":"南千住四丁目","routeCount":3,"operator":"Toei"}},{"type":"Feature","geometry":{"type":"Point","coordinates":[139.69424,35.7062]},"properties":{"stopId":"Toei.ShinjukuShobosho.2455.1","name":"Shinjuku-Shōbōsho (Shinjuku Fire Station)","nameJa":"新宿消防署","routeCount":3,"operator":"Toei"}},{"type":"Feature","geometry":{"type":"Point","coordinates":[139.69444,35.70726]},"properties":{"stopId":"Toei.ShinjukuShobosho.2455.2","name":"Shinjuku-Shōbōsho (Shinjuku Fire Station)","nameJa":"新宿消防署","routeCount":3,"operator":"Toei"}},{"type":"Feature","geometry":{"type":"Point","coordinates":[139.82971,35.68393]},"properties":{"stopId":"Toei.OnagigawaShogakkoIriguchi.2459.1","name":"Onagigawa-Shōgakkō-Iriguchi","nameJa":"小名木川小学校入口","routeCount":3,"operator":"Toei"}},{"type":"Feature","geometry":{"type":"Point","coordinates":[139.82927,35.68386]},"properties":{"stopId":"Toei.OnagigawaShogakkoIriguchi.2459.2","name":"Onagigawa-Shōgakkō-Iriguchi","nameJa":"小名木川小学校入口","routeCount":3,"operator":"Toei"}},{"type":"Feature","geometry":{"type":"Point","coordinates":[139.74962,35.60906]},"properties":{"stopId":"Toei.ShinagawaSeasideStation.2463.1","name":"Shinagawa Seaside Sta.","nameJa":"品川シーサイド駅前","routeCount":3,"operator":"Toei"}},{"type":"Feature","geometry":{"type":"Point","coordinates":[139.76537,35.7759]},"properties":{"stopId":"Toei.KAMINUMATACHUUGAKKOUMAE.2467.2","name":"KAMINUMATACHUUGAKKOUMAE","nameJa":"江北小学校前","routeCount":3,"operator":"Toei"}},{"type":"Feature","geometry":{"type":"Point","coordinates":[139.80296,35.64671]},"properties":{"stopId":"Toei.CanalCourtSanGaiku.2495.1","name":"Canal Court San-Gaiku","nameJa":"キャナルコート３街区前","routeCount":3,"operator":"Toei"}},{"type":"Feature","geometry":{"type":"Point","coordinates":[139.80456,35.64647]},"properties":{"stopId":"Toei.CanalCourtNiGaiku.2496.1","name":"Canal Court Ni-Gaiku","nameJa":"キャナルコート２街区前","routeCount":3,"operator":"Toei"}},{"type":"Feature","geometry":{"type":"Point","coordinates":[139.80437,35.64789]},"properties":{"stopId":"Toei.CanalCourtYonGaiku.2497.1","name":"Canal Court Yon-Gaiku","nameJa":"キャナルコート４街区前","routeCount":3,"operator":"Toei"}},{"type":"Feature","geometry":{"type":"Point","coordinates":[139.74485,35.77129]},"properties":{"stopId":"Toei.HeartIslandIriguchi.2499.2","name":"Heart Island Iriguchi","nameJa":"ハートアイランド入口","routeCount":3,"operator":"Toei"}},{"type":"Feature","geometry":{"type":"Point","coordinates":[139.84285,35.67416]},"properties":{"stopId":"Toei.HigashisunaRokuchomeKita.2503.1","name":"Higashisuna-Rokuchōme-Kita (Higashisuna 6 Kita)","nameJa":"東砂六丁目北","routeCount":3,"operator":"Toei"}},{"type":"Feature","geometry":{"type":"Point","coordinates":[139.79442,35.6335]},"properties":{"stopId":"Toei.GankenAriakeByoin.2505.1","name":"Ganken-Ariake-Byōin (Cancer Institute Hp.)","nameJa":"がん研有明病院前","routeCount":3,"operator":"Toei"}},{"type":"Feature","geometry":{"type":"Point","coordinates":[139.83066,35.66723]},"properties":{"stopId":"Toei.MinamiSunamachiStationIriguchi.2509.3","name":"Minami-Sunamachi Sta. Iriguchi","nameJa":"南砂町駅入口","routeCount":3,"operator":"Toei"}},{"type":"Feature","geometry":{"type":"Point","coordinates":[139.74765,35.76921]},"properties":{"stopId":"Toei.HeartIslandNishi.2519.2","name":"Heart Island Nishi","nameJa":"ハートアイランド西","routeCount":3,"operator":"Toei"}},{"type":"Feature","geometry":{"type":"Point","coordinates":[139.83355,35.66429]},"properties":{"stopId":"Toei.TobuRyoikuCenter.2529.1","name":"Tōbu-Ryōiku Center","nameJa":"東部療育センター前","routeCount":3,"operator":"Toei"}},{"type":"Feature","geometry":{"type":"Point","coordinates":[139.77528,35.61839]},"properties":{"stopId":"Toei.NipponKagakuMiraikan.2546.2","name":"Nippon-Kagaku-Miraikan (NATIONAL MUSEUM OF EMERGING SCIENCE AND INNOVATION)","nameJa":"日本科学未来館前","routeCount":3,"operator":"Toei"}},{"type":"Feature","geometry":{"type":"Point","coordinates":[139.74652,35.77107]},"properties":{"stopId":"Toei.HeartIslandKita.2555.2","name":"Heart Island Kita","nameJa":"ハートアイランド北","routeCount":3,"operator":"Toei"}},{"type":"Feature","geometry":{"type":"Point","coordinates":[139.74866,35.77005]},"properties":{"stopId":"Toei.HeartIslandHigashi.2556.2","name":"Heart Island Higashi","nameJa":"ハートアイランド東","routeCount":3,"operator":"Toei"}},{"type":"Feature","geometry":{"type":"Point","coordinates":[139.77624,35.62866]},"properties":{"stopId":"Toei.DaibaNichome.2558.2","name":"Daiba-Nichōme (Daiba 2)","nameJa":"台場二丁目","routeCount":3,"operator":"Toei"}},{"type":"Feature","geometry":{"type":"Point","coordinates":[139.77006,35.75492]},"properties":{"stopId":"Toei.AdachiOdaiStation.2567.1","name":"Adachi-Odai Sta.","nameJa":"足立小台駅前","routeCount":3,"operator":"Toei"}},{"type":"Feature","geometry":{"type":"Point","coordinates":[139.77062,35.7638]},"properties":{"stopId":"Toei.OgiOhashiStation.2568.2","name":"Ōgi-Ōhashi Sta.","nameJa":"扇大橋駅前","routeCount":3,"operator":"Toei"}},{"type":"Feature","geometry":{"type":"Point","coordinates":[139.80166,35.73486]},"properties":{"stopId":"Toei.DonauDori.2574.1","name":"Donau Dōri","nameJa":"ドナウ通り","routeCount":3,"operator":"Toei"}},{"type":"Feature","geometry":{"type":"Point","coordinates":[139.80169,35.73508]},"properties":{"stopId":"Toei.DonauDori.2574.2","name":"Donau Dōri","nameJa":"ドナウ通り","routeCount":3,"operator":"Toei"}},{"type":"Feature","geometry":{"type":"Point","coordinates":[139.76723,35.66451]},"properties":{"stopId":"Toei.KokuritsuGanKenkyuCenter.2579.2","name":"Kokuritsu-Gan-Kenkyū Center","nameJa":"国立がん研究センター前","routeCount":3,"operator":"Toei"}},{"type":"Feature","geometry":{"type":"Point","coordinates":[139.82613,35.7058]},"properties":{"stopId":"Toei.TachibanaItchome.2583.1","name":"Tachibana-Itchōme (Tachibana 1)","nameJa":"立花一丁目","routeCount":3,"operator":"Toei"}},{"type":"Feature","geometry":{"type":"Point","coordinates":[139.8267,35.70642]},"properties":{"stopId":"Toei.TachibanaItchome.2583.2","name":"Tachibana-Itchōme (Tachibana 1)","nameJa":"立花一丁目","routeCount":3,"operator":"Toei"}},{"type":"Feature","geometry":{"type":"Point","coordinates":[139.79386,35.6336]},"properties":{"stopId":"Toei.KokusaiTenjijoStationIriguchi.2590.1","name":"Kokusai-Tenjijō Sta. Iriguchi","nameJa":"国際展示場駅入口","routeCount":3,"operator":"Toei"}},{"type":"Feature","geometry":{"type":"Point","coordinates":[139.76276,35.58277]},"properties":{"stopId":"Toei.OtaShijoKitamonHigashi.2606.1","name":"Ōta-Shijō-Kitamon-Higashi","nameJa":"大田市場北門東","routeCount":3,"operator":"Toei"}},{"type":"Feature","geometry":{"type":"Point","coordinates":[139.87321,35.71621]},"properties":{"stopId":"Toei.SugawarabashiNishi.2625.4","name":"Sugawarabashi-Nishi","nameJa":"菅原橋西","routeCount":3,"operator":"Toei"}},{"type":"Feature","geometry":{"type":"Point","coordinates":[139.71912,35.71631]},"properties":{"stopId":"Toei.NIHONJOSHIDAIMAE.3334.1","name":"NIHONJOSHIDAIMAE(HOUMEISHOUGAKKOUMAE)","nameJa":"日本女子大前（豊明小学校前）","routeCount":3,"operator":"Toei"}},{"type":"Feature","geometry":{"type":"Point","coordinates":[139.79123,35.79442]},"properties":{"stopId":"Toei.TakenotsukaStation.881.1","name":"Takenotsuka Sta.","nameJa":"竹の塚駅前","routeCount":2,"operator":"Toei"}},{"type":"Feature","geometry":{"type":"Point","coordinates":[139.74416,35.65418]},"properties":{"stopId":"Toei.AkabanebashiStation.22.6","name":"Akabanebashi Sta.","nameJa":"赤羽橋駅前","routeCount":2,"operator":"Toei"}},{"type":"Feature","geometry":{"type":"Point","coordinates":[139.71994,35.67941]},"properties":{"stopId":"Toei.ShinanomachiStationMinamiguchi.612.4","name":"Shinanomachi Sta. Minamiguchi (South Exit)","nameJa":"信濃町駅南口","routeCount":2,"operator":"Toei"}},{"type":"Feature","geometry":{"type":"Point","coordinates":[139.72602,35.6537]},"properties":{"stopId":"Toei.AiikuClinic.1.1","name":"Aiiku Clinic","nameJa":"愛育クリニック前","routeCount":2,"operator":"Toei"}},{"type":"Feature","geometry":{"type":"Point","coordinates":[139.72654,35.65409]},"properties":{"stopId":"Toei.AiikuClinic.1.2","name":"Aiiku Clinic","nameJa":"愛育クリニック前","routeCount":2,"operator":"Toei"}},{"type":"Feature","geometry":{"type":"Point","coordinates":[139.84385,35.74479]},"properties":{"stopId":"Toei.AotoShako.3.1","name":"Aoto-Shako","nameJa":"青戸車庫前","routeCount":2,"operator":"Toei"}},{"type":"Feature","geometry":{"type":"Point","coordinates":[139.70877,35.66209]},"properties":{"stopId":"Toei.Aoyamagakuin.8.1","name":"Aoyamagakuin (Aoyama Gakuin Univ.)","nameJa":"青山学院前","routeCount":2,"operator":"Toei"}},{"type":"Feature","geometry":{"type":"Point","coordinates":[139.72229,35.67502]},"properties":{"stopId":"Toei.KitaAoyamaItchomeApato.10.1","name":"Kita-Aoyama-Itchōme-Apāto (Kita-Aoyama 1-Apāto)","nameJa":"北青山一丁目アパート前","routeCount":2,"operator":"Toei"}},{"type":"Feature","geometry":{"type":"Point","coordinates":[139.72359,35.67394]},"properties":{"stopId":"Toei.AoyamaItchomeStation.12.1","name":"Aoyama-Itchōme Sta. (Aoyama 1 Sta.)","nameJa":"青山一丁目駅前","routeCount":2,"operator":"Toei"}},{"type":"Feature","geometry":{"type":"Point","coordinates":[139.73967,35.66801]},"properties":{"stopId":"Toei.AkasakaArkHills.16.3","name":"Akasaka Ark Hills","nameJa":"赤坂アークヒルズ前","routeCount":2,"operator":"Toei"}},{"type":"Feature","geometry":{"type":"Point","coordinates":[139.77859,35.66889]},"properties":{"stopId":"Toei.Akashicho.18.1","name":"Akashichō","nameJa":"明石町","routeCount":2,"operator":"Toei"}},{"type":"Feature","geometry":{"type":"Point","coordinates":[139.72157,35.7791]},"properties":{"stopId":"Toei.AkabaneStationHigashiguchi.21.1","name":"Akabane Sta. Higashiguchi (East Exit)","nameJa":"赤羽駅東口","routeCount":2,"operator":"Toei"}},{"type":"Feature","geometry":{"type":"Point","coordinates":[139.79251,35.76362]},"properties":{"stopId":"Toei.Akafudo.24.2","name":"Akafudō","nameJa":"赤不動","routeCount":2,"operator":"Toei"}},{"type":"Feature","geometry":{"type":"Point","coordinates":[139.77369,35.69908]},"properties":{"stopId":"Toei.AkihabaraStation.27.1","name":"Akihabara Sta.","nameJa":"秋葉原駅前","routeCount":2,"operator":"Toei"}},{"type":"Feature","geometry":{"type":"Point","coordinates":[139.72189,35.69252]},"properties":{"stopId":"Toei.Akebonobashi.28.2","name":"Akebonobashi","nameJa":"曙橋","routeCount":2,"operator":"Toei"}},{"type":"Feature","geometry":{"type":"Point","coordinates":[139.63604,35.70137]},"properties":{"stopId":"Toei.AsagayaMinamiItchome.30.1","name":"Asagaya-Minami-Itchōme (Asagaya-Minami 1)","nameJa":"阿佐ヶ谷南一丁目","routeCount":2,"operator":"Toei"}},{"type":"Feature","geometry":{"type":"Point","coordinates":[139.79679,35.71073]},"properties":{"stopId":"Toei.AsakusaKaminarimon.32.8","name":"Asakusa-Kaminarimon (Asakusa-Kaminarimon Gate)","nameJa":"浅草雷門","routeCount":2,"operator":"Toei"}},{"type":"Feature","geometry":{"type":"Point","coordinates":[139.78409,35.69452]},"properties":{"stopId":"Toei.Asakusabashi.36.1","name":"Asakusabashi","nameJa":"浅草橋","routeCount":2,"operator":"Toei"}},{"type":"Feature","geometry":{"type":"Point","coordinates":[139.7952,35.71094]},"properties":{"stopId":"Toei.AsakusaKaminarimon.32.3","name":"Asakusa-Kaminarimon (Asakusa-Kaminarimon Gate)","nameJa":"浅草雷門","routeCount":2,"operator":"Toei"}},{"type":"Feature","geometry":{"type":"Point","coordinates":[139.79949,35.71906]},"properties":{"stopId":"Toei.AsakusaKeisatsusho.33.1","name":"Asakusa-Keisatsusho (Asakusa Police Station)","nameJa":"浅草警察署前","routeCount":2,"operator":"Toei"}},{"type":"Feature","geometry":{"type":"Point","coordinates":[139.79966,35.71906]},"properties":{"stopId":"Toei.AsakusaKeisatsusho.33.2","name":"Asakusa-Keisatsusho (Asakusa Police Station)","nameJa":"浅草警察署前","routeCount":2,"operator":"Toei"}},{"type":"Feature","geometry":{"type":"Point","coordinates":[139.79084,35.70991]},"properties":{"stopId":"Toei.AsakusaKotobukicho.35.9","name":"Asakusa-Kotobukichō","nameJa":"浅草寿町","routeCount":2,"operator":"Toei"}},{"type":"Feature","geometry":{"type":"Point","coordinates":[139.78321,35.69492]},"properties":{"stopId":"Toei.Asakusabashi.36.5","name":"Asakusabashi","nameJa":"浅草橋","routeCount":2,"operator":"Toei"}},{"type":"Feature","geometry":{"type":"Point","coordinates":[139.79463,35.7169]},"properties":{"stopId":"Toei.OkuAsakusa.40.2","name":"Oku-Asakusa","nameJa":"奥浅草","routeCount":2,"operator":"Toei"}},{"type":"Feature","geometry":{"type":"Point","coordinates":[139.79512,35.71959]},"properties":{"stopId":"Toei.AsakusaYonchome.41.1","name":"Asakusa-Yonchōme (Asakusa 4)","nameJa":"浅草四丁目","routeCount":2,"operator":"Toei"}},{"type":"Feature","geometry":{"type":"Point","coordinates":[139.79642,35.72126]},"properties":{"stopId":"Toei.AsakusaGochome.42.1","name":"Asakusa-Gochōme (Asakusa 5)","nameJa":"浅草五丁目","routeCount":2,"operator":"Toei"}},{"type":"Feature","geometry":{"type":"Point","coordinates":[139.79869,35.71636]},"properties":{"stopId":"Toei.AsakusaRokuchome.43.1","name":"Asakusa-Rokuchōme (Asakusa 6)","nameJa":"浅草六丁目","routeCount":2,"operator":"Toei"}},{"type":"Feature","geometry":{"type":"Point","coordinates":[139.79903,35.71699]},"properties":{"stopId":"Toei.AsakusaRokuchome.43.2","name":"Asakusa-Rokuchōme (Asakusa 6)","nameJa":"浅草六丁目","routeCount":2,"operator":"Toei"}},{"type":"Feature","geometry":{"type":"Point","coordinates":[139.74085,35.6601]},"properties":{"stopId":"Toei.AzabudaiHills.45.1","name":"Azabudai Hills","nameJa":"麻布台ヒルズ","routeCount":2,"operator":"Toei"}},{"type":"Feature","geometry":{"type":"Point","coordinates":[139.73997,35.66025]},"properties":{"stopId":"Toei.AzabudaiHills.45.2","name":"Azabudai Hills","nameJa":"麻布台ヒルズ","routeCount":2,"operator":"Toei"}},{"type":"Feature","geometry":{"type":"Point","coordinates":[139.79557,35.76947]},"properties":{"stopId":"Toei.AdachiUmedacho.48.1","name":"Adachi-Umedachō","nameJa":"足立梅田町","routeCount":2,"operator":"Toei"}},{"type":"Feature","geometry":{"type":"Point","coordinates":[139.80024,35.70794]},"properties":{"stopId":"Toei.AzumabashiItchome.54.1","name":"Azumabashi-Itchōme (Azumabashi 1)","nameJa":"吾妻橋一丁目","routeCount":2,"operator":"Toei"}},{"type":"Feature","geometry":{"type":"Point","coordinates":[139.77594,35.73643]},"properties":{"stopId":"Toei.ArakawaYonchome.69.2","name":"Arakawa-Yonchōme (Arakawa 4)","nameJa":"荒川四丁目","routeCount":2,"operator":"Toei"}},{"type":"Feature","geometry":{"type":"Point","coordinates":[139.7769,35.73605]},"properties":{"stopId":"Toei.ArakawaYonchome.69.5","name":"Arakawa-Yonchōme (Arakawa 4)","nameJa":"荒川四丁目","routeCount":2,"operator":"Toei"}},{"type":"Feature","geometry":{"type":"Point","coordinates":[139.77823,35.73943]},"properties":{"stopId":"Toei.ArakawaGochome.70.2","name":"Arakawa-Gochōme (Arakawa 5)","nameJa":"荒川五丁目","routeCount":2,"operator":"Toei"}},{"type":"Feature","geometry":{"type":"Point","coordinates":[139.72255,35.69082]},"properties":{"stopId":"Toei.Arakicho.71.1","name":"Arakichō","nameJa":"荒木町","routeCount":2,"operator":"Toei"}},{"type":"Feature","geometry":{"type":"Point","coordinates":[139.74682,35.70393]},"properties":{"stopId":"Toei.ToeiIidabashiStation.80.7","name":"Toei-Iidabashi Sta.","nameJa":"都営飯田橋駅前","routeCount":2,"operator":"Toei"}},{"type":"Feature","geometry":{"type":"Point","coordinates":[139.71223,35.72898]},"properties":{"stopId":"Toei.IkebukuroStationHigashiguchi.87.2","name":"Ikebukuro Sta. Higashiguchi (East Exit)","nameJa":"池袋駅東口","routeCount":2,"operator":"Toei"}},{"type":"Feature","geometry":{"type":"Point","coordinates":[139.72021,35.73161]},"properties":{"stopId":"Toei.HigashiIkebukuroNichome.89.2","name":"Higashi-Ikebukuro-Nichōme (Higashi-Ikebukuro 2)","nameJa":"東池袋二丁目","routeCount":2,"operator":"Toei"}},{"type":"Feature","geometry":{"type":"Point","coordinates":[139.73521,35.70914]},"properties":{"stopId":"Toei.Ishikiribashi.91.1","name":"Ishikiribashi","nameJa":"石切橋","routeCount":2,"operator":"Toei"}},{"type":"Feature","geometry":{"type":"Point","coordinates":[139.73543,35.70883]},"properties":{"stopId":"Toei.Ishikiribashi.91.2","name":"Ishikiribashi","nameJa":"石切橋","routeCount":2,"operator":"Toei"}},{"type":"Feature","geometry":{"type":"Point","coordinates":[139.79826,35.70021]},"properties":{"stopId":"Toei.IshiwaraItchome.94.1","name":"Ishiwara-Itchōme (Ishiwara 1)","nameJa":"石原一丁目","routeCount":2,"operator":"Toei"}},{"type":"Feature","geometry":{"type":"Point","coordinates":[139.7973,35.69965]},"properties":{"stopId":"Toei.IshiwaraItchome.94.3","name":"Ishiwara-Itchōme (Ishiwara 1)","nameJa":"石原一丁目","routeCount":2,"operator":"Toei"}},{"type":"Feature","geometry":{"type":"Point","coordinates":[139.80075,35.70032]},"properties":{"stopId":"Toei.IshiwaraNichome.95.2","name":"Ishiwara-Nichōme (Ishiwara 2)","nameJa":"石原二丁目","routeCount":2,"operator":"Toei"}},{"type":"Feature","geometry":{"type":"Point","coordinates":[139.80442,35.70052]},"properties":{"stopId":"Toei.IshiwaraSanchome.96.1","name":"Ishiwara-Sanchōme (Ishiwara 3)","nameJa":"石原三丁目","routeCount":2,"operator":"Toei"}},{"type":"Feature","geometry":{"type":"Point","coordinates":[139.80666,35.70064]},"properties":{"stopId":"Toei.IshiwaraYonchome.97.1","name":"Ishiwara-Yonchōme (Ishiwara 4)","nameJa":"石原四丁目","routeCount":2,"operator":"Toei"}},{"type":"Feature","geometry":{"type":"Point","coordinates":[139.71746,35.69131]},"properties":{"stopId":"Toei.IchigayaTomihisacho.103.1","name":"Ichigaya-Tomihisachō","nameJa":"市ヶ谷富久町","routeCount":2,"operator":"Toei"}},{"type":"Feature","geometry":{"type":"Point","coordinates":[139.88233,35.69693]},"properties":{"stopId":"Toei.IchinoeKosokuIriguchi.105.1","name":"Ichinoe-Kōsoku-Iriguchi","nameJa":"一之江高速入口","routeCount":2,"operator":"Toei"}},{"type":"Feature","geometry":{"type":"Point","coordinates":[139.88188,35.70062]},"properties":{"stopId":"Toei.IchinoebashiNishizume.106.1","name":"Ichinoebashi-Nishizume","nameJa":"一之江橋西詰","routeCount":2,"operator":"Toei"}},{"type":"Feature","geometry":{"type":"Point","coordinates":[139.88755,35.68346]},"properties":{"stopId":"Toei.Imai.118.2","name":"Imai","nameJa":"今井","routeCount":2,"operator":"Toei"}},{"type":"Feature","geometry":{"type":"Point","coordinates":[139.88264,35.6938]},"properties":{"stopId":"Toei.IchinoeNichome.108.1","name":"Ichinoe-Nichōme(Ichinoe 2)","nameJa":"一之江二丁目","routeCount":2,"operator":"Toei"}},{"type":"Feature","geometry":{"type":"Point","coordinates":[139.87714,35.68698]},"properties":{"stopId":"Toei.IchinoeNanachome.110.2","name":"Ichinoe-Nanachōme (Ichinoe 7)","nameJa":"一之江七丁目","routeCount":2,"operator":"Toei"}},{"type":"Feature","geometry":{"type":"Point","coordinates":[139.73695,35.65567]},"properties":{"stopId":"Toei.AzabujubanStation.111.1","name":"Azabujūban Sta.","nameJa":"麻布十番駅前","routeCount":2,"operator":"Toei"}},{"type":"Feature","geometry":{"type":"Point","coordinates":[139.78332,35.74708]},"properties":{"stopId":"Toei.Ippommatsu.114.1","name":"Ippommatsu","nameJa":"一本松","routeCount":2,"operator":"Toei"}},{"type":"Feature","geometry":{"type":"Point","coordinates":[139.71014,35.7624]},"properties":{"stopId":"Toei.Inaridai.116.1","name":"Inaridai","nameJa":"稲荷台","routeCount":2,"operator":"Toei"}},{"type":"Feature","geometry":{"type":"Point","coordinates":[139.71007,35.76256]},"properties":{"stopId":"Toei.Inaridai.116.2","name":"Inaridai","nameJa":"稲荷台","routeCount":2,"operator":"Toei"}},{"type":"Feature","geometry":{"type":"Point","coordinates":[139.77641,35.69566]},"properties":{"stopId":"Toei.IwamotochoStation.128.8","name":"Iwamotochō Sta.","nameJa":"岩本町駅前","routeCount":2,"operator":"Toei"}},{"type":"Feature","geometry":{"type":"Point","coordinates":[139.7769,35.71183]},"properties":{"stopId":"Toei.UenoStation.131.2","name":"Ueno Sta.","nameJa":"上野駅前","routeCount":2,"operator":"Toei"}},{"type":"Feature","geometry":{"type":"Point","coordinates":[139.77421,35.72262]},"properties":{"stopId":"Toei.UenoSakuragi.134.2","name":"Ueno-Sakuragi","nameJa":"上野桜木","routeCount":2,"operator":"Toei"}},{"type":"Feature","geometry":{"type":"Point","coordinates":[139.7768,35.71177]},"properties":{"stopId":"Toei.UenoStation.131.3","name":"Ueno Sta.","nameJa":"上野駅前","routeCount":2,"operator":"Toei"}},{"type":"Feature","geometry":{"type":"Point","coordinates":[139.7744,35.72263]},"properties":{"stopId":"Toei.UenoSakuragi.134.1","name":"Ueno-Sakuragi","nameJa":"上野桜木","routeCount":2,"operator":"Toei"}},{"type":"Feature","geometry":{"type":"Point","coordinates":[139.77396,35.71105]},"properties":{"stopId":"Toei.UenoKoenYamashita.133.6","name":"Ueno-Kōen-Yamashita (Ueno Park)","nameJa":"上野公園山下","routeCount":2,"operator":"Toei"}},{"type":"Feature","geometry":{"type":"Point","coordinates":[139.77936,35.7224]},"properties":{"stopId":"Toei.UguisudaniStation.137.1","name":"Uguisudani Sta.","nameJa":"鶯谷駅前","routeCount":2,"operator":"Toei"}},{"type":"Feature","geometry":{"type":"Point","coordinates":[139.73243,35.69954]},"properties":{"stopId":"Toei.UshigomeKitamachi.138.1","name":"Ushigome-Kitamachi","nameJa":"牛込北町","routeCount":2,"operator":"Toei"}},{"type":"Feature","geometry":{"type":"Point","coordinates":[139.73251,35.69969]},"properties":{"stopId":"Toei.UshigomeKitamachi.138.2","name":"Ushigome-Kitamachi","nameJa":"牛込北町","routeCount":2,"operator":"Toei"}},{"type":"Feature","geometry":{"type":"Point","coordinates":[139.72657,35.70223]},"properties":{"stopId":"Toei.UshigomeBentencho.139.1","name":"Ushigome-Bentenchō","nameJa":"牛込弁天町","routeCount":2,"operator":"Toei"}},{"type":"Feature","geometry":{"type":"Point","coordinates":[139.7266,35.70367]},"properties":{"stopId":"Toei.UshigomeHokenCenter.140.1","name":"Ushigome-Hoken Center (Ushigome Health Center)","nameJa":"牛込保健センター前","routeCount":2,"operator":"Toei"}},{"type":"Feature","geometry":{"type":"Point","coordinates":[139.72521,35.69955]},"properties":{"stopId":"Toei.UshigomeYanagichoStation.141.1","name":"Ushigome-Yanagichō Sta.","nameJa":"牛込柳町駅前","routeCount":2,"operator":"Toei"}},{"type":"Feature","geometry":{"type":"Point","coordinates":[139.72579,35.6985]},"properties":{"stopId":"Toei.UshigomeYanagichoStation.141.2","name":"Ushigome-Yanagichō Sta.","nameJa":"牛込柳町駅前","routeCount":2,"operator":"Toei"}},{"type":"Feature","geometry":{"type":"Point","coordinates":[139.72673,35.69932]},"properties":{"stopId":"Toei.UshigomeYanagichoStation.141.4","name":"Ushigome-Yanagichō Sta.","nameJa":"牛込柳町駅前","routeCount":2,"operator":"Toei"}},{"type":"Feature","geometry":{"type":"Point","coordinates":[139.69664,35.66255]},"properties":{"stopId":"Toei.Udagawacho.142.1","name":"Udagawachō","nameJa":"宇田川町","routeCount":2,"operator":"Toei"}},{"type":"Feature","geometry":{"type":"Point","coordinates":[139.76483,35.69138]},"properties":{"stopId":"Toei.UchiKandaItchome.143.1","name":"Uchi-Kanda-Itchōme (Uchi-Kanda 1)","nameJa":"内神田一丁目","routeCount":2,"operator":"Toei"}},{"type":"Feature","geometry":{"type":"Point","coordinates":[139.71249,35.76335]},"properties":{"stopId":"Toei.Ubagabashi.146.1","name":"Ubagabashi","nameJa":"姥ヶ橋","routeCount":2,"operator":"Toei"}},{"type":"Feature","geometry":{"type":"Point","coordinates":[139.71267,35.76314]},"properties":{"stopId":"Toei.Ubagabashi.146.2","name":"Ubagabashi","nameJa":"姥ヶ橋","routeCount":2,"operator":"Toei"}},{"type":"Feature","geometry":{"type":"Point","coordinates":[139.79324,35.76523]},"properties":{"stopId":"Toei.UmejimaDainiShogakkoDori.151.2","name":"Umejima-Daini-Shōgakkō-Dōri","nameJa":"梅島第二小学校通り","routeCount":2,"operator":"Toei"}},{"type":"Feature","geometry":{"type":"Point","coordinates":[139.79435,35.76686]},"properties":{"stopId":"Toei.UmedachoShimmeiDori.155.1","name":"Umedachō-Shimmei-Dōri","nameJa":"梅田町神明通り","routeCount":2,"operator":"Toei"}},{"type":"Feature","geometry":{"type":"Point","coordinates":[139.66988,35.72405]},"properties":{"stopId":"Toei.EgotaItchome.163.1","name":"Egota-Itchōme (Egota 1)","nameJa":"江古田一丁目","routeCount":2,"operator":"Toei"}},{"type":"Feature","geometry":{"type":"Point","coordinates":[139.67173,35.72376]},"properties":{"stopId":"Toei.EgotaItchome.163.2","name":"Egota-Itchōme (Egota 1)","nameJa":"江古田一丁目","routeCount":2,"operator":"Toei"}},{"type":"Feature","geometry":{"type":"Point","coordinates":[139.66685,35.72397]},"properties":{"stopId":"Toei.EgotaNichome.164.1","name":"Egota-Nichōme (Egota 2)","nameJa":"江古田二丁目","routeCount":2,"operator":"Toei"}},{"type":"Feature","geometry":{"type":"Point","coordinates":[139.66651,35.72384]},"properties":{"stopId":"Toei.EgotaNichome.164.2","name":"Egota-Nichōme (Egota 2)","nameJa":"江古田二丁目","routeCount":2,"operator":"Toei"}},{"type":"Feature","geometry":{"type":"Point","coordinates":[139.79227,35.66989]},"properties":{"stopId":"Toei.Etchujima.170.3","name":"Etchūjima","nameJa":"越中島","routeCount":2,"operator":"Toei"}},{"type":"Feature","geometry":{"type":"Point","coordinates":[139.73034,35.71012]},"properties":{"stopId":"Toei.Edogawabashi.176.3","name":"Edogawabashi","nameJa":"江戸川橋","routeCount":2,"operator":"Toei"}},{"type":"Feature","geometry":{"type":"Point","coordinates":[139.71044,35.64836]},"properties":{"stopId":"Toei.EbisuStation.183.6","name":"Ebisu Sta.","nameJa":"恵比寿駅前","routeCount":2,"operator":"Toei"}},{"type":"Feature","geometry":{"type":"Point","coordinates":[139.81929,35.6829]},"properties":{"stopId":"Toei.OgibashiSanchome.193.2","name":"Ōgibashi-Sanchōme (Ōgibashi 3)","nameJa":"扇橋三丁目","routeCount":2,"operator":"Toei"}},{"type":"Feature","geometry":{"type":"Point","coordinates":[139.70944,35.64698]},"properties":{"stopId":"Toei.EbisuStation.183.1","name":"Ebisu Sta.","nameJa":"恵比寿駅前","routeCount":2,"operator":"Toei"}},{"type":"Feature","geometry":{"type":"Point","coordinates":[139.7131,35.64616]},"properties":{"stopId":"Toei.EbisuItchome.185.12","name":"Ebisu-Itchōme (Ebisu 1)","nameJa":"恵比寿一丁目","routeCount":2,"operator":"Toei"}},{"type":"Feature","geometry":{"type":"Point","coordinates":[139.71893,35.64529]},"properties":{"stopId":"Toei.EbisuNichome.186.1","name":"Ebisu-Nichōme (Ebisu 2)","nameJa":"恵比寿二丁目","routeCount":2,"operator":"Toei"}},{"type":"Feature","geometry":{"type":"Point","coordinates":[139.72125,35.64495]},"properties":{"stopId":"Toei.EbisuSanchome.187.1","name":"Ebisu-Sanchōme (Ebisu 3)","nameJa":"恵比寿三丁目","routeCount":2,"operator":"Toei"}},{"type":"Feature","geometry":{"type":"Point","coordinates":[139.71618,35.6457]},"properties":{"stopId":"Toei.EbisuYonchome.188.1","name":"Ebisu-Yonchōme (Ebisu 4)","nameJa":"恵比寿四丁目","routeCount":2,"operator":"Toei"}},{"type":"Feature","geometry":{"type":"Point","coordinates":[139.81098,35.68281]},"properties":{"stopId":"Toei.OgibashiItchome.191.1","name":"Ōgibashi-Itchōme (Ōgibashi 1)","nameJa":"扇橋一丁目","routeCount":2,"operator":"Toei"}},{"type":"Feature","geometry":{"type":"Point","coordinates":[139.81601,35.68339]},"properties":{"stopId":"Toei.OgibashiNichome.192.2","name":"Ōgibashi-Nichōme (Ōgibashi 2)","nameJa":"扇橋二丁目","routeCount":2,"operator":"Toei"}},{"type":"Feature","geometry":{"type":"Point","coordinates":[139.81563,35.68309]},"properties":{"stopId":"Toei.OgibashiNichome.192.3","name":"Ōgibashi-Nichōme (Ōgibashi 2)","nameJa":"扇橋二丁目","routeCount":2,"operator":"Toei"}},{"type":"Feature","geometry":{"type":"Point","coordinates":[139.81618,35.68232]},"properties":{"stopId":"Toei.OgibashiNichome.192.4","name":"Ōgibashi-Nichōme (Ōgibashi 2)","nameJa":"扇橋二丁目","routeCount":2,"operator":"Toei"}},{"type":"Feature","geometry":{"type":"Point","coordinates":[139.77065,35.76661]},"properties":{"stopId":"Toei.OgiNichome.194.1","name":"Ōgi-Nichōme (Ōgi 2)","nameJa":"扇二丁目","routeCount":2,"operator":"Toei"}},{"type":"Feature","geometry":{"type":"Point","coordinates":[139.77093,35.76658]},"properties":{"stopId":"Toei.OgiNichome.194.2","name":"Ōgi-Nichōme (Ōgi 2)","nameJa":"扇二丁目","routeCount":2,"operator":"Toei"}},{"type":"Feature","geometry":{"type":"Point","coordinates":[139.77079,35.76947]},"properties":{"stopId":"Toei.OgiSanchome.195.1","name":"Ōgi-Sanchōme (Ōgi 3)","nameJa":"扇三丁目","routeCount":2,"operator":"Toei"}},{"type":"Feature","geometry":{"type":"Point","coordinates":[139.77043,35.76972]},"properties":{"stopId":"Toei.OgiSanchome.195.2","name":"Ōgi-Sanchōme (Ōgi 3)","nameJa":"扇三丁目","routeCount":2,"operator":"Toei"}},{"type":"Feature","geometry":{"type":"Point","coordinates":[139.73844,35.75389]},"properties":{"stopId":"Toei.OjiStation.196.9","name":"Ōji Sta.","nameJa":"王子駅前","routeCount":2,"operator":"Toei"}},{"type":"Feature","geometry":{"type":"Point","coordinates":[139.71862,35.76506]},"properties":{"stopId":"Toei.OjiDaisanShogakko.197.1","name":"Ōji-Daisan-Shōgakkō","nameJa":"王子第三小学校前","routeCount":2,"operator":"Toei"}},{"type":"Feature","geometry":{"type":"Point","coordinates":[139.71871,35.76488]},"properties":{"stopId":"Toei.OjiDaisanShogakko.197.2","name":"Ōji-Daisan-Shōgakkō","nameJa":"王子第三小学校前","routeCount":2,"operator":"Toei"}},{"type":"Feature","geometry":{"type":"Point","coordinates":[139.7707,35.59403]},"properties":{"stopId":"Toei.OiSuisambutsuFutoIriguchi.217.1","name":"Ōi-Suisambutsu-Futō-Iriguchi","nameJa":"大井水産物埠頭入口","routeCount":2,"operator":"Toei"}},{"type":"Feature","geometry":{"type":"Point","coordinates":[139.77092,35.59391]},"properties":{"stopId":"Toei.OiSuisambutsuFutoIriguchi.217.2","name":"Ōi-Suisambutsu-Futō-Iriguchi","nameJa":"大井水産物埠頭入口","routeCount":2,"operator":"Toei"}},{"type":"Feature","geometry":{"type":"Point","coordinates":[139.77321,35.59104]},"properties":{"stopId":"Toei.OiSuisambutsuFuto.218.1","name":"Ōi-Suisambutsu-Futō","nameJa":"大井水産物埠頭前","routeCount":2,"operator":"Toei"}},{"type":"Feature","geometry":{"type":"Point","coordinates":[139.7731,35.59078]},"properties":{"stopId":"Toei.OiSuisambutsuFuto.218.2","name":"Ōi-Suisambutsu-Futō","nameJa":"大井水産物埠頭前","routeCount":2,"operator":"Toei"}},{"type":"Feature","geometry":{"type":"Point","coordinates":[139.73549,35.60617]},"properties":{"stopId":"Toei.OimachiStationHigashiguchi.223.1","name":"Ōimachi Sta. Higashiguchi (East Exit)","nameJa":"大井町駅東口","routeCount":2,"operator":"Toei"}},{"type":"Feature","geometry":{"type":"Point","coordinates":[139.73514,35.60631]},"properties":{"stopId":"Toei.OimachiStationHigashiguchi.223.4","name":"Ōimachi Sta. Higashiguchi (East Exit)","nameJa":"大井町駅東口","routeCount":2,"operator":"Toei"}},{"type":"Feature","geometry":{"type":"Point","coordinates":[139.8447,35.68928]},"properties":{"stopId":"Toei.HigashiOjimaStationIriguchi.238.4","name":"Higashi-Ōjima Sta. Iriguchi","nameJa":"東大島駅入口","routeCount":2,"operator":"Toei"}},{"type":"Feature","geometry":{"type":"Point","coordinates":[139.72912,35.73085]},"properties":{"stopId":"Toei.OtsukaStation.241.4","name":"Ōtsuka Sta.","nameJa":"大塚駅前","routeCount":2,"operator":"Toei"}},{"type":"Feature","geometry":{"type":"Point","coordinates":[139.72946,35.73077]},"properties":{"stopId":"Toei.OtsukaStation.241.3","name":"Ōtsuka Sta.","nameJa":"大塚駅前","routeCount":2,"operator":"Toei"}},{"type":"Feature","geometry":{"type":"Point","coordinates":[139.76348,35.68591]},"properties":{"stopId":"Toei.Otemachi.245.2","name":"Ōtemachi","nameJa":"大手町","routeCount":2,"operator":"Toei"}},{"type":"Feature","geometry":{"type":"Point","coordinates":[139.66156,35.66922]},"properties":{"stopId":"Toei.Oharacho.250.1","name":"Ōharachō","nameJa":"大原町","routeCount":2,"operator":"Toei"}},{"type":"Feature","geometry":{"type":"Point","coordinates":[139.66138,35.66942]},"properties":{"stopId":"Toei.Oharacho.250.2","name":"Ōharachō","nameJa":"大原町","routeCount":2,"operator":"Toei"}},{"type":"Feature","geometry":{"type":"Point","coordinates":[139.74315,35.70677]},"properties":{"stopId":"Toei.Omagari.251.1","name":"Ōmagari","nameJa":"大曲","routeCount":2,"operator":"Toei"}},{"type":"Feature","geometry":{"type":"Point","coordinates":[139.78086,35.68234]},"properties":{"stopId":"Toei.Kakigaracho.303.2","name":"Kakigarachō","nameJa":"蛎殻町","routeCount":2,"operator":"Toei"}},{"type":"Feature","geometry":{"type":"Point","coordinates":[139.75525,35.74686]},"properties":{"stopId":"Toei.OguStation.271.1","name":"Ogu Sta.","nameJa":"尾久駅前","routeCount":2,"operator":"Toei"}},{"type":"Feature","geometry":{"type":"Point","coordinates":[139.81802,35.70942]},"properties":{"stopId":"Toei.OshiageSanchome.279.1","name":"Oshiage-Sanchōme (Oshiage 3)","nameJa":"押上三丁目","routeCount":2,"operator":"Toei"}},{"type":"Feature","geometry":{"type":"Point","coordinates":[139.81644,35.71159]},"properties":{"stopId":"Toei.OshiageItchome.278.2","name":"Oshiage-Itchōme (Oshiage 1)","nameJa":"押上一丁目","routeCount":2,"operator":"Toei"}},{"type":"Feature","geometry":{"type":"Point","coordinates":[139.81356,35.71082]},"properties":{"stopId":"Toei.OshiageStation.277.1","name":"Oshiage Sta.","nameJa":"押上駅前","routeCount":2,"operator":"Toei"}},{"type":"Feature","geometry":{"type":"Point","coordinates":[139.81354,35.71068]},"properties":{"stopId":"Toei.OshiageStation.277.2","name":"Oshiage Sta.","nameJa":"押上駅前","routeCount":2,"operator":"Toei"}},{"type":"Feature","geometry":{"type":"Point","coordinates":[139.81586,35.71165]},"properties":{"stopId":"Toei.OshiageItchome.278.1","name":"Oshiage-Itchōme (Oshiage 1)","nameJa":"押上一丁目","routeCount":2,"operator":"Toei"}},{"type":"Feature","geometry":{"type":"Point","coordinates":[139.81799,35.70953]},"properties":{"stopId":"Toei.OshiageSanchome.279.2","name":"Oshiage-Sanchōme (Oshiage 3)","nameJa":"押上三丁目","routeCount":2,"operator":"Toei"}},{"type":"Feature","geometry":{"type":"Point","coordinates":[139.868,35.66834]},"properties":{"stopId":"Toei.EdogawaShako.310.4","name":"Edogawa-Shako","nameJa":"江戸川車庫前","routeCount":2,"operator":"Toei"}},{"type":"Feature","geometry":{"type":"Point","coordinates":[139.76426,35.7004]},"properties":{"stopId":"Toei.OchanomizuStation.291.1","name":"Ochanomizu Sta.","nameJa":"御茶ノ水駅前","routeCount":2,"operator":"Toei"}},{"type":"Feature","geometry":{"type":"Point","coordinates":[139.76353,35.69984]},"properties":{"stopId":"Toei.OchanomizuStation.291.3","name":"Ochanomizu Sta.","nameJa":"御茶ノ水駅前","routeCount":2,"operator":"Toei"}},{"type":"Feature","geometry":{"type":"Point","coordinates":[139.75063,35.66111]},"properties":{"stopId":"Toei.Onarimon.294.1","name":"Onarimon","nameJa":"御成門","routeCount":2,"operator":"Toei"}},{"type":"Feature","geometry":{"type":"Point","coordinates":[139.75055,35.66135]},"properties":{"stopId":"Toei.Onarimon.294.2","name":"Onarimon","nameJa":"御成門","routeCount":2,"operator":"Toei"}},{"type":"Feature","geometry":{"type":"Point","coordinates":[139.78563,35.63288]},"properties":{"stopId":"Toei.AriakeCleanCenter.2333.1","name":"Ariake Clean Center","nameJa":"有明クリーンセンター前","routeCount":2,"operator":"Toei"}},{"type":"Feature","geometry":{"type":"Point","coordinates":[139.78086,35.68248]},"properties":{"stopId":"Toei.Kakigaracho.303.1","name":"Kakigarachō","nameJa":"蛎殻町","routeCount":2,"operator":"Toei"}},{"type":"Feature","geometry":{"type":"Point","coordinates":[139.8727,35.66314]},"properties":{"stopId":"Toei.KasaiStation.307.4","name":"Kasai Sta.","nameJa":"葛西駅前","routeCount":2,"operator":"Toei"}},{"type":"Feature","geometry":{"type":"Point","coordinates":[139.87327,35.66318]},"properties":{"stopId":"Toei.KasaiStation.307.7","name":"Kasai Sta.","nameJa":"葛西駅前","routeCount":2,"operator":"Toei"}},{"type":"Feature","geometry":{"type":"Point","coordinates":[139.87374,35.66303]},"properties":{"stopId":"Toei.KasaiStation.307.12","name":"Kasai Sta.","nameJa":"葛西駅前","routeCount":2,"operator":"Toei"}},{"type":"Feature","geometry":{"type":"Point","coordinates":[139.86938,35.66606]},"properties":{"stopId":"Toei.KasaiKuminkan.308.1","name":"Kasai-Kuminkan (Kasai Civic Center)","nameJa":"葛西区民館前","routeCount":2,"operator":"Toei"}},{"type":"Feature","geometry":{"type":"Point","coordinates":[139.86747,35.66847]},"properties":{"stopId":"Toei.EdogawaShako.310.1","name":"Edogawa-Shako","nameJa":"江戸川車庫前","routeCount":2,"operator":"Toei"}},{"type":"Feature","geometry":{"type":"Point","coordinates":[139.86686,35.66876]},"properties":{"stopId":"Toei.EdogawaShako.310.2","name":"Edogawa-Shako","nameJa":"江戸川車庫前","routeCount":2,"operator":"Toei"}},{"type":"Feature","geometry":{"type":"Point","coordinates":[139.86761,35.66837]},"properties":{"stopId":"Toei.EdogawaShako.310.3","name":"Edogawa-Shako","nameJa":"江戸川車庫前","routeCount":2,"operator":"Toei"}},{"type":"Feature","geometry":{"type":"Point","coordinates":[139.86989,35.65417]},"properties":{"stopId":"Toei.KasaiMinamiKoko.316.1","name":"Kasai-Minami-Kōkō","nameJa":"葛西南高校前","routeCount":2,"operator":"Toei"}},{"type":"Feature","geometry":{"type":"Point","coordinates":[139.86966,35.65401]},"properties":{"stopId":"Toei.KasaiMinamiKoko.316.2","name":"Kasai-Minami-Kōkō","nameJa":"葛西南高校前","routeCount":2,"operator":"Toei"}},{"type":"Feature","geometry":{"type":"Point","coordinates":[139.75356,35.65288]},"properties":{"stopId":"Toei.Kanasugibashi.331.3","name":"Kanasugibashi","nameJa":"金杉橋","routeCount":2,"operator":"Toei"}},{"type":"Feature","geometry":{"type":"Point","coordinates":[139.71508,35.76381]},"properties":{"stopId":"Toei.KamiJujoGochome.351.1","name":"Kami-Jūjō-Gochōme (Kami-Jūjō 5)","nameJa":"上十条五丁目","routeCount":2,"operator":"Toei"}},{"type":"Feature","geometry":{"type":"Point","coordinates":[139.71537,35.76417]},"properties":{"stopId":"Toei.KamiJujoGochome.351.2","name":"Kami-Jūjō-Gochōme (Kami-Jūjō 5)","nameJa":"上十条五丁目","routeCount":2,"operator":"Toei"}},{"type":"Feature","geometry":{"type":"Point","coordinates":[139.7787,35.72438]},"properties":{"stopId":"Toei.KamiNegishi.356.1","name":"Kami-Negishi","nameJa":"上根岸","routeCount":2,"operator":"Toei"}},{"type":"Feature","geometry":{"type":"Point","coordinates":[139.74977,35.73158]},"properties":{"stopId":"Toei.KamiFujimae.359.1","name":"Kami-Fujimae","nameJa":"上富士前","routeCount":2,"operator":"Toei"}},{"type":"Feature","geometry":{"type":"Point","coordinates":[139.74893,35.73291]},"properties":{"stopId":"Toei.KamiFujimae.359.4","name":"Kami-Fujimae","nameJa":"上富士前","routeCount":2,"operator":"Toei"}},{"type":"Feature","geometry":{"type":"Point","coordinates":[139.74551,35.66364]},"properties":{"stopId":"Toei.KamiyachoStation.360.1","name":"Kamiyachō Sta.","nameJa":"神谷町駅前","routeCount":2,"operator":"Toei"}},{"type":"Feature","geometry":{"type":"Point","coordinates":[139.73073,35.7684]},"properties":{"stopId":"Toei.KamiyaItchome.361.1","name":"Kamiya-Itchōme (Kamiya 1)","nameJa":"神谷一丁目","routeCount":2,"operator":"Toei"}},{"type":"Feature","geometry":{"type":"Point","coordinates":[139.73101,35.76867]},"properties":{"stopId":"Toei.KamiyaItchome.361.2","name":"Kamiya-Itchōme (Kamiya 1)","nameJa":"神谷一丁目","routeCount":2,"operator":"Toei"}},{"type":"Feature","geometry":{"type":"Point","coordinates":[139.69304,35.6648]},"properties":{"stopId":"Toei.Kamiyama.363.1","name":"Kamiyama","nameJa":"神山","routeCount":2,"operator":"Toei"}},{"type":"Feature","geometry":{"type":"Point","coordinates":[139.82539,35.69806]},"properties":{"stopId":"Toei.KameidoStation.369.5","name":"Kameido Sta.","nameJa":"亀戸駅前","routeCount":2,"operator":"Toei"}},{"type":"Feature","geometry":{"type":"Point","coordinates":[139.82508,35.69803]},"properties":{"stopId":"Toei.KameidoStation.369.7","name":"Kameido Sta.","nameJa":"亀戸駅前","routeCount":2,"operator":"Toei"}},{"type":"Feature","geometry":{"type":"Point","coordinates":[139.77853,35.68128]},"properties":{"stopId":"Toei.Kayabacho.378.3","name":"Kayabachō","nameJa":"茅場町","routeCount":2,"operator":"Toei"}},{"type":"Feature","geometry":{"type":"Point","coordinates":[139.77869,35.68124]},"properties":{"stopId":"Toei.Kayabacho.378.4","name":"Kayabachō","nameJa":"茅場町","routeCount":2,"operator":"Toei"}},{"type":"Feature","geometry":{"type":"Point","coordinates":[139.76208,35.69281]},"properties":{"stopId":"Toei.KandaNishikicho.382.1","name":"Kanda-Nishikichō","nameJa":"神田錦町","routeCount":2,"operator":"Toei"}},{"type":"Feature","geometry":{"type":"Point","coordinates":[139.77153,35.69179]},"properties":{"stopId":"Toei.KandaStation.381.2","name":"Kanda Sta.","nameJa":"神田駅前","routeCount":2,"operator":"Toei"}},{"type":"Feature","geometry":{"type":"Point","coordinates":[139.76403,35.68778]},"properties":{"stopId":"Toei.Kandabashi.383.2","name":"Kandabashi","nameJa":"神田橋","routeCount":2,"operator":"Toei"}},{"type":"Feature","geometry":{"type":"Point","coordinates":[139.70533,35.67348]},"properties":{"stopId":"Toei.HarajukuGaienChugakko.385.1","name":"Harajuku-Gaien-Chūgakkō","nameJa":"原宿外苑中学校前","routeCount":2,"operator":"Toei"}},{"type":"Feature","geometry":{"type":"Point","coordinates":[139.70514,35.67356]},"properties":{"stopId":"Toei.HarajukuGaienChugakko.385.2","name":"Harajuku-Gaien-Chūgakkō","nameJa":"原宿外苑中学校前","routeCount":2,"operator":"Toei"}},{"type":"Feature","geometry":{"type":"Point","coordinates":[139.80455,35.73146]},"properties":{"stopId":"Toei.MinamiSenjuSeisoshaShako.388.1","name":"Minami-Senju-Seisōsha-Shako","nameJa":"南千住清掃車車庫前","routeCount":2,"operator":"Toei"}},{"type":"Feature","geometry":{"type":"Point","coordinates":[139.80583,35.73192]},"properties":{"stopId":"Toei.MinamiSenjuSeisoshaShako.388.3","name":"Minami-Senju-Seisōsha-Shako","nameJa":"南千住清掃車車庫前","routeCount":2,"operator":"Toei"}},{"type":"Feature","geometry":{"type":"Point","coordinates":[139.83299,35.67144]},"properties":{"stopId":"Toei.GakkoDori.389.6","name":"Gakkō-Dōri","nameJa":"学校通り","routeCount":2,"operator":"Toei"}},{"type":"Feature","geometry":{"type":"Point","coordinates":[139.72165,35.70304]},"properties":{"stopId":"Toei.Kikuicho.391.1","name":"Kikuichō","nameJa":"喜久井町","routeCount":2,"operator":"Toei"}},{"type":"Feature","geometry":{"type":"Point","coordinates":[139.80542,35.68845]},"properties":{"stopId":"Toei.KikukawaStation.392.1","name":"Kikukawa Sta.","nameJa":"菊川駅前","routeCount":2,"operator":"Toei"}},{"type":"Feature","geometry":{"type":"Point","coordinates":[139.80554,35.68829]},"properties":{"stopId":"Toei.KikukawaStation.392.2","name":"Kikukawa Sta.","nameJa":"菊川駅前","routeCount":2,"operator":"Toei"}},{"type":"Feature","geometry":{"type":"Point","coordinates":[139.80257,35.68814]},"properties":{"stopId":"Toei.KikukawaItchome.393.1","name":"Kikukawa-Itchōme (Kikukawa 1)","nameJa":"菊川一丁目","routeCount":2,"operator":"Toei"}},{"type":"Feature","geometry":{"type":"Point","coordinates":[139.80169,35.68828]},"properties":{"stopId":"Toei.KikukawaItchome.393.2","name":"Kikukawa-Itchōme (Kikukawa 1)","nameJa":"菊川一丁目","routeCount":2,"operator":"Toei"}},{"type":"Feature","geometry":{"type":"Point","coordinates":[139.80791,35.68842]},"properties":{"stopId":"Toei.KikukawaSanchome.394.1","name":"Kikukawa-Sanchōme (Kikukawa 3)","nameJa":"菊川三丁目","routeCount":2,"operator":"Toei"}},{"type":"Feature","geometry":{"type":"Point","coordinates":[139.80867,35.68862]},"properties":{"stopId":"Toei.KikukawaSanchome.394.2","name":"Kikukawa-Sanchōme (Kikukawa 3)","nameJa":"菊川三丁目","routeCount":2,"operator":"Toei"}},{"type":"Feature","geometry":{"type":"Point","coordinates":[139.75466,35.71143]},"properties":{"stopId":"Toei.KikusakaShita.395.1","name":"Kikusaka-Shita","nameJa":"菊坂下","routeCount":2,"operator":"Toei"}},{"type":"Feature","geometry":{"type":"Point","coordinates":[139.75512,35.71144]},"properties":{"stopId":"Toei.KikusakaShita.395.2","name":"Kikusaka-Shita","nameJa":"菊坂下","routeCount":2,"operator":"Toei"}},{"type":"Feature","geometry":{"type":"Point","coordinates":[139.72579,35.64447]},"properties":{"stopId":"Toei.KitasatoKenkyusho.405.1","name":"Kitasato-Kenkyūsho","nameJa":"北里研究所前","routeCount":2,"operator":"Toei"}},{"type":"Feature","geometry":{"type":"Point","coordinates":[139.82254,35.68089]},"properties":{"stopId":"Toei.KitasunaItchome.409.1","name":"Kitasuna-Itchōme (Kitasuna 1)","nameJa":"北砂一丁目","routeCount":2,"operator":"Toei"}},{"type":"Feature","geometry":{"type":"Point","coordinates":[139.75233,35.72758]},"properties":{"stopId":"Toei.Kichijoji.422.1","name":"Kichijōji (Kichijōji Temple)","nameJa":"吉祥寺前","routeCount":2,"operator":"Toei"}},{"type":"Feature","geometry":{"type":"Point","coordinates":[139.75305,35.72698]},"properties":{"stopId":"Toei.Kichijoji.422.2","name":"Kichijōji (Kichijōji Temple)","nameJa":"吉祥寺前","routeCount":2,"operator":"Toei"}},{"type":"Feature","geometry":{"type":"Point","coordinates":[139.83247,35.72128]},"properties":{"stopId":"Toei.HigashiSumidaKaikan.423.1","name":"Higashi-Sumida-Kaikan (Higashi-Sumida Center)","nameJa":"東墨田会館前","routeCount":2,"operator":"Toei"}},{"type":"Feature","geometry":{"type":"Point","coordinates":[139.83244,35.72107]},"properties":{"stopId":"Toei.HigashiSumidaKaikan.423.2","name":"Higashi-Sumida-Kaikan (Higashi-Sumida Center)","nameJa":"東墨田会館前","routeCount":2,"operator":"Toei"}},{"type":"Feature","geometry":{"type":"Point","coordinates":[139.80351,35.66963]},"properties":{"stopId":"Toei.KibaNichome.426.2","name":"Kiba-Nichōme (Kiba 2)","nameJa":"木場二丁目","routeCount":2,"operator":"Toei"}},{"type":"Feature","geometry":{"type":"Point","coordinates":[139.80647,35.66949]},"properties":{"stopId":"Toei.KibaStation.425.3","name":"Kiba Sta.","nameJa":"木場駅前","routeCount":2,"operator":"Toei"}},{"type":"Feature","geometry":{"type":"Point","coordinates":[139.80509,35.66956]},"properties":{"stopId":"Toei.KibaStation.425.5","name":"Kiba Sta.","nameJa":"木場駅前","routeCount":2,"operator":"Toei"}},{"type":"Feature","geometry":{"type":"Point","coordinates":[139.78931,35.68449]},"properties":{"stopId":"Toei.Kiyosubashi.437.2","name":"Kiyosubashi","nameJa":"清洲橋","routeCount":2,"operator":"Toei"}},{"type":"Feature","geometry":{"type":"Point","coordinates":[139.80049,35.726]},"properties":{"stopId":"Toei.KiyokawaNichome.436.3","name":"Kiyokawa-Nichōme (Kiyokawa 2)","nameJa":"清川二丁目","routeCount":2,"operator":"Toei"}},{"type":"Feature","geometry":{"type":"Point","coordinates":[139.79516,35.68189]},"properties":{"stopId":"Toei.KiyosumiItchome.439.2","name":"Kiyosumi-Itchōme (Kiyosumi 1)","nameJa":"清澄一丁目","routeCount":2,"operator":"Toei"}},{"type":"Feature","geometry":{"type":"Point","coordinates":[139.79883,35.68258]},"properties":{"stopId":"Toei.KiyosumiShirakawaStation.440.1","name":"Kiyosumi-Shirakawa Sta.","nameJa":"清澄白河駅前","routeCount":2,"operator":"Toei"}},{"type":"Feature","geometry":{"type":"Point","coordinates":[139.7979,35.68206]},"properties":{"stopId":"Toei.KiyosumiShirakawaStation.440.3","name":"Kiyosumi-Shirakawa Sta.","nameJa":"清澄白河駅前","routeCount":2,"operator":"Toei"}},{"type":"Feature","geometry":{"type":"Point","coordinates":[139.8143,35.69589]},"properties":{"stopId":"Toei.KinshichoStation.442.3","name":"Kinshichō Sta.","nameJa":"錦糸町駅前","routeCount":2,"operator":"Toei"}},{"type":"Feature","geometry":{"type":"Point","coordinates":[139.81425,35.69579]},"properties":{"stopId":"Toei.KinshichoStation.442.5","name":"Kinshichō Sta.","nameJa":"錦糸町駅前","routeCount":2,"operator":"Toei"}},{"type":"Feature","geometry":{"type":"Point","coordinates":[139.81526,35.695]},"properties":{"stopId":"Toei.KinshichoStation.442.10","name":"Kinshichō Sta.","nameJa":"錦糸町駅前","routeCount":2,"operator":"Toei"}},{"type":"Feature","geometry":{"type":"Point","coordinates":[139.81369,35.69731]},"properties":{"stopId":"Toei.KinshichoStation.442.11","name":"Kinshichō Sta.","nameJa":"錦糸町駅前","routeCount":2,"operator":"Toei"}},{"type":"Feature","geometry":{"type":"Point","coordinates":[139.81349,35.6973]},"properties":{"stopId":"Toei.KinshichoStation.442.12","name":"Kinshichō Sta.","nameJa":"錦糸町駅前","routeCount":2,"operator":"Toei"}},{"type":"Feature","geometry":{"type":"Point","coordinates":[139.73712,35.6445]},"properties":{"stopId":"Toei.GyoranZakaShita.444.6","name":"Gyoran-Zaka-Shita","nameJa":"魚籃坂下","routeCount":2,"operator":"Toei"}},{"type":"Feature","geometry":{"type":"Point","coordinates":[139.76143,35.67099]},"properties":{"stopId":"Toei.GinzaNishiRokuchome.445.4","name":"Ginza-Nishi-Rokuchōme (Ginza-Nishi 6)","nameJa":"銀座西六丁目","routeCount":2,"operator":"Toei"}},{"type":"Feature","geometry":{"type":"Point","coordinates":[139.7636,35.66999]},"properties":{"stopId":"Toei.GinzaRokuchome.449.6","name":"Ginza-Rokuchōme (Ginza 6)","nameJa":"銀座六丁目","routeCount":2,"operator":"Toei"}},{"type":"Feature","geometry":{"type":"Point","coordinates":[139.72078,35.71141]},"properties":{"stopId":"Toei.GroundSakaShita.463.1","name":"Ground Saka-Shita","nameJa":"グランド坂下","routeCount":2,"operator":"Toei"}},{"type":"Feature","geometry":{"type":"Point","coordinates":[139.74267,35.64804]},"properties":{"stopId":"Toei.KeiogijukuDai.464.3","name":"Keiōgijuku-Dai (Keio Univ.)","nameJa":"慶応義塾大前","routeCount":2,"operator":"Toei"}},{"type":"Feature","geometry":{"type":"Point","coordinates":[139.75183,35.67751]},"properties":{"stopId":"Toei.Keishicho.466.1","name":"Keishichō (Tokyo Metropolitan Police Department)","nameJa":"警視庁前","routeCount":2,"operator":"Toei"}},{"type":"Feature","geometry":{"type":"Point","coordinates":[139.75177,35.67719]},"properties":{"stopId":"Toei.Keishicho.466.2","name":"Keishichō (Tokyo Metropolitan Police Department)","nameJa":"警視庁前","routeCount":2,"operator":"Toei"}},{"type":"Feature","geometry":{"type":"Point","coordinates":[139.86703,35.70295]},"properties":{"stopId":"Toei.KeiyoKosaten.468.5","name":"Keiyō-Kōsaten","nameJa":"京葉交差点","routeCount":2,"operator":"Toei"}},{"type":"Feature","geometry":{"type":"Point","coordinates":[139.7699,35.78235]},"properties":{"stopId":"Toei.KohokuRokuchomeDanchi.505.1","name":"Kōhoku-Rokuchōme-Danchi (Kōhoku 6 Danchi)","nameJa":"江北六丁目団地前","routeCount":2,"operator":"Toei"}},{"type":"Feature","geometry":{"type":"Point","coordinates":[139.86637,35.70302]},"properties":{"stopId":"Toei.KeiyoKosaten.468.6","name":"Keiyō-Kōsaten","nameJa":"京葉交差点","routeCount":2,"operator":"Toei"}},{"type":"Feature","geometry":{"type":"Point","coordinates":[139.75133,35.71246]},"properties":{"stopId":"Toei.KoishikawaNichome.472.1","name":"Koishikawa-Nichōme (Koishikawa 2)","nameJa":"小石川二丁目","routeCount":2,"operator":"Toei"}},{"type":"Feature","geometry":{"type":"Point","coordinates":[139.7479,35.71526]},"properties":{"stopId":"Toei.KoishikawaSanchome.473.2","name":"Koishikawa-Sanchōme (Koishikawa 3)","nameJa":"小石川三丁目","routeCount":2,"operator":"Toei"}},{"type":"Feature","geometry":{"type":"Point","coordinates":[139.71109,35.69153]},"properties":{"stopId":"Toei.ShinjukuItchomeKita.490.2","name":"Shinjuku-Itchōme-Kita (Shinjuku 1 Kita)","nameJa":"新宿一丁目北","routeCount":2,"operator":"Toei"}},{"type":"Feature","geometry":{"type":"Point","coordinates":[139.75401,35.63121]},"properties":{"stopId":"Toei.KonanOhashi.498.1","name":"Kōnan-Ōhashi","nameJa":"港南大橋","routeCount":2,"operator":"Toei"}},{"type":"Feature","geometry":{"type":"Point","coordinates":[139.74767,35.63174]},"properties":{"stopId":"Toei.KonanChugakko.500.1","name":"Kōnan-Chūgakkō","nameJa":"港南中学校前","routeCount":2,"operator":"Toei"}},{"type":"Feature","geometry":{"type":"Point","coordinates":[139.74816,35.6314]},"properties":{"stopId":"Toei.KonanChugakko.500.2","name":"Kōnan-Chūgakkō","nameJa":"港南中学校前","routeCount":2,"operator":"Toei"}},{"type":"Feature","geometry":{"type":"Point","coordinates":[139.74519,35.6323]},"properties":{"stopId":"Toei.KonanItchome.501.1","name":"Kōnan-Itchōme (Kōnan 1)","nameJa":"港南一丁目","routeCount":2,"operator":"Toei"}},{"type":"Feature","geometry":{"type":"Point","coordinates":[139.7454,35.63251]},"properties":{"stopId":"Toei.KonanItchome.501.2","name":"Kōnan-Itchōme (Kōnan 1)","nameJa":"港南一丁目","routeCount":2,"operator":"Toei"}},{"type":"Feature","geometry":{"type":"Point","coordinates":[139.7702,35.78255]},"properties":{"stopId":"Toei.KohokuRokuchomeDanchi.505.2","name":"Kōhoku-Rokuchōme-Danchi (Kōhoku 6 Danchi)","nameJa":"江北六丁目団地前","routeCount":2,"operator":"Toei"}},{"type":"Feature","geometry":{"type":"Point","coordinates":[139.77007,35.77761]},"properties":{"stopId":"Toei.KohokuRikkyoShita.506.2","name":"Kōhoku-Rikkyō-Shita","nameJa":"江北陸橋下","routeCount":2,"operator":"Toei"}},{"type":"Feature","geometry":{"type":"Point","coordinates":[139.77031,35.77755]},"properties":{"stopId":"Toei.KohokuRikkyoShita.506.4","name":"Kōhoku-Rikkyō-Shita","nameJa":"江北陸橋下","routeCount":2,"operator":"Toei"}},{"type":"Feature","geometry":{"type":"Point","coordinates":[139.77056,35.77241]},"properties":{"stopId":"Toei.KohokuYonchome.508.1","name":"Kōhoku-Yonchōme (Kōhoku 4)","nameJa":"江北四丁目","routeCount":2,"operator":"Toei"}},{"type":"Feature","geometry":{"type":"Point","coordinates":[139.77,35.77977]},"properties":{"stopId":"Toei.KohokuRokuchomeDanchiIriguchi.509.1","name":"Kōhoku-Rokuchōme-Danchi-Iriguchi (Kōhoku 6 Danchi-Iriguchi)","nameJa":"江北六丁目団地入口","routeCount":2,"operator":"Toei"}},{"type":"Feature","geometry":{"type":"Point","coordinates":[139.77026,35.77999]},"properties":{"stopId":"Toei.KohokuRokuchomeDanchiIriguchi.509.2","name":"Kōhoku-Rokuchōme-Danchi-Iriguchi (Kōhoku 6 Danchi-Iriguchi)","nameJa":"江北六丁目団地入口","routeCount":2,"operator":"Toei"}},{"type":"Feature","geometry":{"type":"Point","coordinates":[139.71447,35.68153]},"properties":{"stopId":"Toei.YotsuyaDairokuShogakkoIriguchi.519.1","name":"Yotsuya-Dairoku-Shōgakkō-Iriguchi","nameJa":"四谷第六小学校入口","routeCount":2,"operator":"Toei"}},{"type":"Feature","geometry":{"type":"Point","coordinates":[139.71426,35.6816]},"properties":{"stopId":"Toei.YotsuyaDairokuShogakkoIriguchi.519.2","name":"Yotsuya-Dairoku-Shōgakkō-Iriguchi","nameJa":"四谷第六小学校入口","routeCount":2,"operator":"Toei"}},{"type":"Feature","geometry":{"type":"Point","coordinates":[139.85315,35.67411]},"properties":{"stopId":"Toei.Kojima.522.2","name":"Kojima","nameJa":"小島","routeCount":2,"operator":"Toei"}},{"type":"Feature","geometry":{"type":"Point","coordinates":[139.85574,35.67205]},"properties":{"stopId":"Toei.KitaKasaiNichome.523.2","name":"Kita-Kasai-Nichōme (Kita-Kasai 2)","nameJa":"北葛西二丁目","routeCount":2,"operator":"Toei"}},{"type":"Feature","geometry":{"type":"Point","coordinates":[139.77939,35.6911]},"properties":{"stopId":"Toei.Kodemmacho.532.2","name":"Kodemmachō","nameJa":"小伝馬町","routeCount":2,"operator":"Toei"}},{"type":"Feature","geometry":{"type":"Point","coordinates":[139.77774,35.69042]},"properties":{"stopId":"Toei.Kodemmacho.532.3","name":"Kodemmachō","nameJa":"小伝馬町","routeCount":2,"operator":"Toei"}},{"type":"Feature","geometry":{"type":"Point","coordinates":[139.80616,35.71254]},"properties":{"stopId":"Toei.Kototoibashi.533.2","name":"Kototoibashi","nameJa":"言問橋","routeCount":2,"operator":"Toei"}},{"type":"Feature","geometry":{"type":"Point","coordinates":[139.80642,35.71256]},"properties":{"stopId":"Toei.Kototoibashi.533.4","name":"Kototoibashi","nameJa":"言問橋","routeCount":2,"operator":"Toei"}},{"type":"Feature","geometry":{"type":"Point","coordinates":[139.75707,35.72457]},"properties":{"stopId":"Toei.KomagomeSendagicho.543.2","name":"Komagome-Sendagichō","nameJa":"駒込千駄木町","routeCount":2,"operator":"Toei"}},{"type":"Feature","geometry":{"type":"Point","coordinates":[139.75128,35.72973]},"properties":{"stopId":"Toei.KomagomeFujimae.546.1","name":"Komagome-Fujimae","nameJa":"駒込富士前","routeCount":2,"operator":"Toei"}},{"type":"Feature","geometry":{"type":"Point","coordinates":[139.75911,35.7249]},"properties":{"stopId":"Toei.SendagiItchome.544.2","name":"Sendagi-Itchōme (Sendagi 1)","nameJa":"千駄木一丁目","routeCount":2,"operator":"Toei"}},{"type":"Feature","geometry":{"type":"Point","coordinates":[139.7518,35.72925]},"properties":{"stopId":"Toei.KomagomeFujimae.546.2","name":"Komagome-Fujimae","nameJa":"駒込富士前","routeCount":2,"operator":"Toei"}},{"type":"Feature","geometry":{"type":"Point","coordinates":[139.72606,35.71991]},"properties":{"stopId":"Toei.Gokokuji.557.1","name":"Gokokuji (Gokokuji Temple)","nameJa":"護国寺前","routeCount":2,"operator":"Toei"}},{"type":"Feature","geometry":{"type":"Point","coordinates":[139.72514,35.62587]},"properties":{"stopId":"Toei.HigashiGotandaItchome.560.1","name":"Higashi-Gotanda-Itchōme (Higashi-Gotanda 1)","nameJa":"東五反田一丁目","routeCount":2,"operator":"Toei"}},{"type":"Feature","geometry":{"type":"Point","coordinates":[139.7349,35.62306]},"properties":{"stopId":"Toei.GotenYama.561.1","name":"Goten-Yama","nameJa":"御殿山","routeCount":2,"operator":"Toei"}},{"type":"Feature","geometry":{"type":"Point","coordinates":[139.7349,35.62319]},"properties":{"stopId":"Toei.GotenYama.561.2","name":"Goten-Yama","nameJa":"御殿山","routeCount":2,"operator":"Toei"}},{"type":"Feature","geometry":{"type":"Point","coordinates":[139.72061,35.67808]},"properties":{"stopId":"Toei.Gondawara.563.2","name":"Gondawara","nameJa":"権田原","routeCount":2,"operator":"Toei"}},{"type":"Feature","geometry":{"type":"Point","coordinates":[139.77472,35.67504]},"properties":{"stopId":"Toei.Sakurabashi.571.1","name":"Sakurabashi","nameJa":"桜橋","routeCount":2,"operator":"Toei"}},{"type":"Feature","geometry":{"type":"Point","coordinates":[139.77414,35.67396]},"properties":{"stopId":"Toei.Sakurabashi.571.2","name":"Sakurabashi","nameJa":"桜橋","routeCount":2,"operator":"Toei"}},{"type":"Feature","geometry":{"type":"Point","coordinates":[139.66719,35.67455]},"properties":{"stopId":"Toei.SasazukaStation.572.1","name":"Sasazuka Sta.","nameJa":"笹塚駅前","routeCount":2,"operator":"Toei"}},{"type":"Feature","geometry":{"type":"Point","coordinates":[139.66724,35.67423]},"properties":{"stopId":"Toei.SasazukaStation.572.2","name":"Sasazuka Sta.","nameJa":"笹塚駅前","routeCount":2,"operator":"Toei"}},{"type":"Feature","geometry":{"type":"Point","coordinates":[139.66425,35.67367]},"properties":{"stopId":"Toei.SasazukaNichome.573.1","name":"Sasazuka-Nichōme (Sasazuka 2)","nameJa":"笹塚二丁目","routeCount":2,"operator":"Toei"}},{"type":"Feature","geometry":{"type":"Point","coordinates":[139.66433,35.67338]},"properties":{"stopId":"Toei.SasazukaNichome.573.2","name":"Sasazuka-Nichōme (Sasazuka 2)","nameJa":"笹塚二丁目","routeCount":2,"operator":"Toei"}},{"type":"Feature","geometry":{"type":"Point","coordinates":[139.72013,35.68459]},"properties":{"stopId":"Toei.Samoncho.574.1","name":"Samonchō","nameJa":"左門町","routeCount":2,"operator":"Toei"}},{"type":"Feature","geometry":{"type":"Point","coordinates":[139.81609,35.68583]},"properties":{"stopId":"Toei.SarueNichome.578.1","name":"Sarue-Nichōme (Sarue 2)","nameJa":"猿江二丁目","routeCount":2,"operator":"Toei"}},{"type":"Feature","geometry":{"type":"Point","coordinates":[139.81582,35.68653]},"properties":{"stopId":"Toei.SarueNichome.578.2","name":"Sarue-Nichōme (Sarue 2)","nameJa":"猿江二丁目","routeCount":2,"operator":"Toei"}},{"type":"Feature","geometry":{"type":"Point","coordinates":[139.73071,35.64381]},"properties":{"stopId":"Toei.SankosakaShita.581.1","name":"Sankōsaka-Shita","nameJa":"三光坂下","routeCount":2,"operator":"Toei"}},{"type":"Feature","geometry":{"type":"Point","coordinates":[139.81128,35.65547]},"properties":{"stopId":"Toei.ShiomiItchome.595.1","name":"Shiomi-Itchōme (Shiomi 1)","nameJa":"潮見一丁目","routeCount":2,"operator":"Toei"}},{"type":"Feature","geometry":{"type":"Point","coordinates":[139.78809,35.72464]},"properties":{"stopId":"Toei.ShitayaKeisatsusho.600.1","name":"Shitaya-Keisatsusho (Shitaya Police Station)","nameJa":"下谷警察署前","routeCount":2,"operator":"Toei"}},{"type":"Feature","geometry":{"type":"Point","coordinates":[139.78887,35.72473]},"properties":{"stopId":"Toei.ShitayaKeisatsusho.600.2","name":"Shitaya-Keisatsusho (Shitaya Police Station)","nameJa":"下谷警察署前","routeCount":2,"operator":"Toei"}},{"type":"Feature","geometry":{"type":"Point","coordinates":[139.7865,35.72502]},"properties":{"stopId":"Toei.ShitayaSanchome.603.1","name":"Shitaya-Sanchōme (Shitaya 3)","nameJa":"下谷三丁目","routeCount":2,"operator":"Toei"}},{"type":"Feature","geometry":{"type":"Point","coordinates":[139.78607,35.72546]},"properties":{"stopId":"Toei.ShitayaSanchome.603.2","name":"Shitaya-Sanchōme (Shitaya 3)","nameJa":"下谷三丁目","routeCount":2,"operator":"Toei"}},{"type":"Feature","geometry":{"type":"Point","coordinates":[139.85822,35.67976]},"properties":{"stopId":"Toei.Shichikencho.604.2","name":"Shichikenchō","nameJa":"七軒町","routeCount":2,"operator":"Toei"}},{"type":"Feature","geometry":{"type":"Point","coordinates":[139.74117,35.62863]},"properties":{"stopId":"Toei.ShinagawaStationKonanguchi.605.3","name":"Shinagawa Sta. Kōnanguchi (Kōnan Exit)","nameJa":"品川駅港南口","routeCount":2,"operator":"Toei"}},{"type":"Feature","geometry":{"type":"Point","coordinates":[139.7412,35.62885]},"properties":{"stopId":"Toei.ShinagawaStationKonanguchi.605.8","name":"Shinagawa Sta. Kōnanguchi (Kōnan Exit)","nameJa":"品川駅港南口","routeCount":2,"operator":"Toei"}},{"type":"Feature","geometry":{"type":"Point","coordinates":[139.74133,35.62948]},"properties":{"stopId":"Toei.ShinagawaStationKonanguchi.605.9","name":"Shinagawa Sta. Kōnanguchi (Kōnan Exit)","nameJa":"品川駅港南口","routeCount":2,"operator":"Toei"}},{"type":"Feature","geometry":{"type":"Point","coordinates":[139.7377,35.62805]},"properties":{"stopId":"Toei.ShinagawaStationTakanawaguchi.606.4","name":"Shinagawa Sta. Takanawaguchi (Takanawa Exit)","nameJa":"品川駅高輪口","routeCount":2,"operator":"Toei"}},{"type":"Feature","geometry":{"type":"Point","coordinates":[139.73719,35.62962]},"properties":{"stopId":"Toei.ShinagawaStationTakanawaguchi.606.5","name":"Shinagawa Sta. Takanawaguchi (Takanawa Exit)","nameJa":"品川駅高輪口","routeCount":2,"operator":"Toei"}},{"type":"Feature","geometry":{"type":"Point","coordinates":[139.74106,35.6233]},"properties":{"stopId":"Toei.ShinagawaShako.608.3","name":"Shinagawa-Shako","nameJa":"品川車庫前","routeCount":2,"operator":"Toei"}},{"type":"Feature","geometry":{"type":"Point","coordinates":[139.71948,35.68076]},"properties":{"stopId":"Toei.ShinanomachiStation.611.2","name":"Shinanomachi Sta.","nameJa":"信濃町駅前","routeCount":2,"operator":"Toei"}},{"type":"Feature","geometry":{"type":"Point","coordinates":[139.904,35.70598]},"properties":{"stopId":"Toei.ShinozakiStation.615.2","name":"Shinozaki Sta.","nameJa":"篠崎駅前","routeCount":2,"operator":"Toei"}},{"type":"Feature","geometry":{"type":"Point","coordinates":[139.75232,35.64315]},"properties":{"stopId":"Toei.ShibauraNichome.625.2","name":"Shibaura-Nichōme (Shibaura 2)","nameJa":"芝浦二丁目","routeCount":2,"operator":"Toei"}},{"type":"Feature","geometry":{"type":"Point","coordinates":[139.75282,35.64296]},"properties":{"stopId":"Toei.ShibauraNichome.625.3","name":"Shibaura-Nichōme (Shibaura 2)","nameJa":"芝浦二丁目","routeCount":2,"operator":"Toei"}},{"type":"Feature","geometry":{"type":"Point","coordinates":[139.74726,35.63964]},"properties":{"stopId":"Toei.ShibauraYonchome.627.1","name":"Shibaura-Yonchōme (Shibaura 4)","nameJa":"芝浦四丁目","routeCount":2,"operator":"Toei"}},{"type":"Feature","geometry":{"type":"Point","coordinates":[139.74736,35.63908]},"properties":{"stopId":"Toei.ShibauraYonchome.627.2","name":"Shibaura-Yonchōme (Shibaura 4)","nameJa":"芝浦四丁目","routeCount":2,"operator":"Toei"}},{"type":"Feature","geometry":{"type":"Point","coordinates":[139.74834,35.65266]},"properties":{"stopId":"Toei.Shibazonobashi.631.1","name":"Shibazonobashi","nameJa":"芝園橋","routeCount":2,"operator":"Toei"}},{"type":"Feature","geometry":{"type":"Point","coordinates":[139.70222,35.66017]},"properties":{"stopId":"Toei.ShibuyaStationHigashiguchi.635.1","name":"Shibuya Sta. Higashiguchi (East Exit)","nameJa":"渋谷駅東口","routeCount":2,"operator":"Toei"}},{"type":"Feature","geometry":{"type":"Point","coordinates":[139.70205,35.65872]},"properties":{"stopId":"Toei.ShibuyaStation.636.1","name":"Shibuya Sta.","nameJa":"渋谷駅前","routeCount":2,"operator":"Toei"}},{"type":"Feature","geometry":{"type":"Point","coordinates":[139.70221,35.65939]},"properties":{"stopId":"Toei.ShibuyaStation.636.2","name":"Shibuya Sta.","nameJa":"渋谷駅前","routeCount":2,"operator":"Toei"}},{"type":"Feature","geometry":{"type":"Point","coordinates":[139.70183,35.65919]},"properties":{"stopId":"Toei.ShibuyaStation.636.5","name":"Shibuya Sta.","nameJa":"渋谷駅前","routeCount":2,"operator":"Toei"}},{"type":"Feature","geometry":{"type":"Point","coordinates":[139.7121,35.64855]},"properties":{"stopId":"Toei.Shibuyabashi.640.8","name":"Shibuyabashi","nameJa":"渋谷橋","routeCount":2,"operator":"Toei"}},{"type":"Feature","geometry":{"type":"Point","coordinates":[139.71098,35.64942]},"properties":{"stopId":"Toei.Shibuyabashi.640.9","name":"Shibuyabashi","nameJa":"渋谷橋","routeCount":2,"operator":"Toei"}},{"type":"Feature","geometry":{"type":"Point","coordinates":[139.70647,35.6606]},"properties":{"stopId":"Toei.ShibuyaNichome.641.1","name":"Shibuya-Nichōme (Shibuya 2)","nameJa":"渋谷二丁目","routeCount":2,"operator":"Toei"}},{"type":"Feature","geometry":{"type":"Point","coordinates":[139.78227,35.72821]},"properties":{"stopId":"Toei.ShimoNegishi.657.1","name":"Shimo-Negishi","nameJa":"下根岸","routeCount":2,"operator":"Toei"}},{"type":"Feature","geometry":{"type":"Point","coordinates":[139.78245,35.72806]},"properties":{"stopId":"Toei.ShimoNegishi.657.2","name":"Shimo-Negishi","nameJa":"下根岸","routeCount":2,"operator":"Toei"}},{"type":"Feature","geometry":{"type":"Point","coordinates":[139.82982,35.71873]},"properties":{"stopId":"Toei.ShakaiFukushiKaikan.665.2","name":"Shakai-Fukushi-Kaikan (Social Welfare Facilities)","nameJa":"社会福祉会館前","routeCount":2,"operator":"Toei"}},{"type":"Feature","geometry":{"type":"Point","coordinates":[139.80855,35.73721]},"properties":{"stopId":"Toei.ShioiriKoen.669.1","name":"Shioiri-Kōen (Shioiri Park)","nameJa":"汐入公園前","routeCount":2,"operator":"Toei"}},{"type":"Feature","geometry":{"type":"Point","coordinates":[139.80929,35.73706]},"properties":{"stopId":"Toei.ShioiriKoen.669.2","name":"Shioiri-Kōen (Shioiri Park)","nameJa":"汐入公園前","routeCount":2,"operator":"Toei"}},{"type":"Feature","geometry":{"type":"Point","coordinates":[139.75097,35.74921]},"properties":{"stopId":"Toei.ShowamachiSanchome.673.1","name":"Shōwamachi-Sanchōme (Shōwamachi 3)","nameJa":"昭和町三丁目","routeCount":2,"operator":"Toei"}},{"type":"Feature","geometry":{"type":"Point","coordinates":[139.80701,35.68259]},"properties":{"stopId":"Toei.Shirakawa.675.2","name":"Shirakawa","nameJa":"白河","routeCount":2,"operator":"Toei"}},{"type":"Feature","geometry":{"type":"Point","coordinates":[139.80267,35.68233]},"properties":{"stopId":"Toei.ShirakawaNichome.676.1","name":"Shirakawa-Nichōme (Shirakawa 2)","nameJa":"白河二丁目","routeCount":2,"operator":"Toei"}},{"type":"Feature","geometry":{"type":"Point","coordinates":[139.73367,35.64311]},"properties":{"stopId":"Toei.ShirokaneTakanawaStation.681.1","name":"Shirokane-Takanawa Sta.","nameJa":"白金高輪駅前","routeCount":2,"operator":"Toei"}},{"type":"Feature","geometry":{"type":"Point","coordinates":[139.72931,35.72609]},"properties":{"stopId":"Toei.ShinOtsuka.685.3","name":"Shin-Ōtsuka","nameJa":"新大塚","routeCount":2,"operator":"Toei"}},{"type":"Feature","geometry":{"type":"Point","coordinates":[139.79476,35.68788]},"properties":{"stopId":"Toei.ShinOhashi.686.1","name":"Shin-Ōhashi","nameJa":"新大橋","routeCount":2,"operator":"Toei"}},{"type":"Feature","geometry":{"type":"Point","coordinates":[139.79663,35.68805]},"properties":{"stopId":"Toei.ShinOhashi.686.2","name":"Shin-Ōhashi","nameJa":"新大橋","routeCount":2,"operator":"Toei"}},{"type":"Feature","geometry":{"type":"Point","coordinates":[139.82626,35.64564]},"properties":{"stopId":"Toei.ShinKibaStation.690.5","name":"Shin-Kiba Sta.","nameJa":"新木場駅前（構内）","routeCount":2,"operator":"Toei"}},{"type":"Feature","geometry":{"type":"Point","coordinates":[139.85835,35.71664]},"properties":{"stopId":"Toei.ShinKoiwaStation.696.2","name":"Shin-Koiwa Sta.","nameJa":"新小岩駅前","routeCount":2,"operator":"Toei"}},{"type":"Feature","geometry":{"type":"Point","coordinates":[139.64837,35.69793]},"properties":{"stopId":"Toei.ShinKoenji.699.1","name":"Shin-Kōenji","nameJa":"新高円寺","routeCount":2,"operator":"Toei"}},{"type":"Feature","geometry":{"type":"Point","coordinates":[139.70121,35.69245]},"properties":{"stopId":"Toei.ShinjukuStationHigashiguchi.703.1","name":"Shinjuku Sta. Higashiguchi (East Exit)","nameJa":"新宿駅東口","routeCount":2,"operator":"Toei"}},{"type":"Feature","geometry":{"type":"Point","coordinates":[139.70041,35.6927]},"properties":{"stopId":"Toei.ShinjukuStationHigashiguchi.703.2","name":"Shinjuku Sta. Higashiguchi (East Exit)","nameJa":"新宿駅東口","routeCount":2,"operator":"Toei"}},{"type":"Feature","geometry":{"type":"Point","coordinates":[139.68874,35.68156]},"properties":{"stopId":"Toei.TokyoOperaCityMinami.708.1","name":"Tokyo Opera City Minami","nameJa":"東京オペラシティ南","routeCount":2,"operator":"Toei"}},{"type":"Feature","geometry":{"type":"Point","coordinates":[139.689,35.68129]},"properties":{"stopId":"Toei.TokyoOperaCityMinami.708.2","name":"Tokyo Opera City Minami","nameJa":"東京オペラシティ南","routeCount":2,"operator":"Toei"}},{"type":"Feature","geometry":{"type":"Point","coordinates":[139.71335,35.68807]},"properties":{"stopId":"Toei.ShinjukuItchome.711.4","name":"Shinjuku-Itchōme (Shinjuku 1)","nameJa":"新宿一丁目(しんじゅくいっちょうめ)","routeCount":2,"operator":"Toei"}},{"type":"Feature","geometry":{"type":"Point","coordinates":[139.71047,35.6887]},"properties":{"stopId":"Toei.ShinjukuNichome.712.2","name":"Shinjuku-Nichōme (Shinjuku 2)","nameJa":"新宿二丁目","routeCount":2,"operator":"Toei"}},{"type":"Feature","geometry":{"type":"Point","coordinates":[139.70587,35.69031]},"properties":{"stopId":"Toei.ShinjukuSanchome.713.11","name":"Shinjuku-Sanchōme (Shinjuku 3)","nameJa":"新宿三丁目","routeCount":2,"operator":"Toei"}},{"type":"Feature","geometry":{"type":"Point","coordinates":[139.66057,35.66356]},"properties":{"stopId":"Toei.ShinDaitaStation.719.3","name":"Shin-Daita Sta.","nameJa":"新代田駅前","routeCount":2,"operator":"Toei"}},{"type":"Feature","geometry":{"type":"Point","coordinates":[139.66039,35.66373]},"properties":{"stopId":"Toei.ShinDaitaStation.719.4","name":"Shin-Daita Sta.","nameJa":"新代田駅前","routeCount":2,"operator":"Toei"}},{"type":"Feature","geometry":{"type":"Point","coordinates":[139.8685,35.65588]},"properties":{"stopId":"Toei.Shinden.721.1","name":"Shinden","nameJa":"新田","routeCount":2,"operator":"Toei"}},{"type":"Feature","geometry":{"type":"Point","coordinates":[139.86865,35.65581]},"properties":{"stopId":"Toei.Shinden.721.2","name":"Shinden","nameJa":"新田","routeCount":2,"operator":"Toei"}},{"type":"Feature","geometry":{"type":"Point","coordinates":[139.74177,35.76602]},"properties":{"stopId":"Toei.Shindembashi.726.1","name":"Shindembashi","nameJa":"新田橋","routeCount":2,"operator":"Toei"}},{"type":"Feature","geometry":{"type":"Point","coordinates":[139.74361,35.77024]},"properties":{"stopId":"Toei.ShindenSanchome.729.1","name":"Shinden-Sanchōme (Shinden 3)","nameJa":"新田三丁目","routeCount":2,"operator":"Toei"}},{"type":"Feature","geometry":{"type":"Point","coordinates":[139.7735,35.67174]},"properties":{"stopId":"Toei.Shintomicho.732.1","name":"Shintomichō","nameJa":"新富町","routeCount":2,"operator":"Toei"}},{"type":"Feature","geometry":{"type":"Point","coordinates":[139.77384,35.67212]},"properties":{"stopId":"Toei.Shintomicho.732.2","name":"Shintomichō","nameJa":"新富町","routeCount":2,"operator":"Toei"}},{"type":"Feature","geometry":{"type":"Point","coordinates":[139.75948,35.66752]},"properties":{"stopId":"Toei.Shimbashi.736.6","name":"Shimbashi","nameJa":"新橋","routeCount":2,"operator":"Toei"}},{"type":"Feature","geometry":{"type":"Point","coordinates":[139.75925,35.66642]},"properties":{"stopId":"Toei.ShimbashiStation.737.2","name":"Shimbashi Sta.","nameJa":"新橋駅前","routeCount":2,"operator":"Toei"}},{"type":"Feature","geometry":{"type":"Point","coordinates":[139.75847,35.66709]},"properties":{"stopId":"Toei.ShimbashiStation.737.3","name":"Shimbashi Sta.","nameJa":"新橋駅前","routeCount":2,"operator":"Toei"}},{"type":"Feature","geometry":{"type":"Point","coordinates":[139.75924,35.66594]},"properties":{"stopId":"Toei.ShimbashiStation.737.5","name":"Shimbashi Sta.","nameJa":"新橋駅前","routeCount":2,"operator":"Toei"}},{"type":"Feature","geometry":{"type":"Point","coordinates":[139.75672,35.66192]},"properties":{"stopId":"Toei.ShimbashiGochome.739.2","name":"Shimbashi-Gochōme (Shimbashi 5)","nameJa":"新橋五丁目","routeCount":2,"operator":"Toei"}},{"type":"Feature","geometry":{"type":"Point","coordinates":[139.75393,35.66028]},"properties":{"stopId":"Toei.ShimbashiRokuchome.740.1","name":"Shimbashi-Rokuchōme (Shimbashi 6)","nameJa":"新橋六丁目","routeCount":2,"operator":"Toei"}},{"type":"Feature","geometry":{"type":"Point","coordinates":[139.7735,35.73763]},"properties":{"stopId":"Toei.ShinMikawashimaStation.743.1","name":"Shin-Mikawashima Sta.","nameJa":"新三河島駅前","routeCount":2,"operator":"Toei"}},{"type":"Feature","geometry":{"type":"Point","coordinates":[139.72,35.76546]},"properties":{"stopId":"Toei.JujoNakaharaNichome.750.1","name":"Jūjō-Nakahara-Nichōme (Jūjō-Nakahara 2)","nameJa":"十条仲原二丁目","routeCount":2,"operator":"Toei"}},{"type":"Feature","geometry":{"type":"Point","coordinates":[139.72032,35.76586]},"properties":{"stopId":"Toei.JujoNakaharaNichome.750.2","name":"Jūjō-Nakahara-Nichōme (Jūjō-Nakahara 2)","nameJa":"十条仲原二丁目","routeCount":2,"operator":"Toei"}},{"type":"Feature","geometry":{"type":"Point","coordinates":[139.7837,35.68329]},"properties":{"stopId":"Toei.Suitengu.768.1","name":"Suitengū","nameJa":"水天宮前","routeCount":2,"operator":"Toei"}},{"type":"Feature","geometry":{"type":"Point","coordinates":[139.78351,35.68346]},"properties":{"stopId":"Toei.Suitengu.768.2","name":"Suitengū","nameJa":"水天宮前","routeCount":2,"operator":"Toei"}},{"type":"Feature","geometry":{"type":"Point","coordinates":[139.74041,35.73216]},"properties":{"stopId":"Toei.SugamoStationMinamiguchi.774.5","name":"Sugamo Sta. Minamiguchi (South Exit)","nameJa":"巣鴨駅南口","routeCount":2,"operator":"Toei"}},{"type":"Feature","geometry":{"type":"Point","coordinates":[139.74626,35.63631]},"properties":{"stopId":"Toei.ShibauraMizuSaiseiCenter.769.1","name":"Shibaura-Mizu-Saisei Center","nameJa":"芝浦水再生センター前","routeCount":2,"operator":"Toei"}},{"type":"Feature","geometry":{"type":"Point","coordinates":[139.74599,35.63478]},"properties":{"stopId":"Toei.ShibauraMizuSaiseiCenter.769.2","name":"Shibaura-Mizu-Saisei Center","nameJa":"芝浦水再生センター前","routeCount":2,"operator":"Toei"}},{"type":"Feature","geometry":{"type":"Point","coordinates":[139.73813,35.73406]},"properties":{"stopId":"Toei.SugamoStation.773.3","name":"Sugamo Sta.","nameJa":"巣鴨駅前","routeCount":2,"operator":"Toei"}},{"type":"Feature","geometry":{"type":"Point","coordinates":[139.73345,35.72747]},"properties":{"stopId":"Toei.SugamoShogakko.775.1","name":"Sugamo-Shōgakkō","nameJa":"巣鴨小学校前","routeCount":2,"operator":"Toei"}},{"type":"Feature","geometry":{"type":"Point","coordinates":[139.63643,35.69918]},"properties":{"stopId":"Toei.SuginamiKuyakusho.779.1","name":"Suginami-Kuyakusho (Suginami City Office)","nameJa":"杉並区役所前","routeCount":2,"operator":"Toei"}},{"type":"Feature","geometry":{"type":"Point","coordinates":[139.64013,35.69803]},"properties":{"stopId":"Toei.UmezatoChuoKoenIriguchi.782.1","name":"Umezato-Chūō-Kōen-Iriguchi (Umezato-Chūō Park)","nameJa":"梅里中央公園入口","routeCount":2,"operator":"Toei"}},{"type":"Feature","geometry":{"type":"Point","coordinates":[139.77024,35.69496]},"properties":{"stopId":"Toei.Sudacho.784.7","name":"Sudachō(Akihabara Sta.)","nameJa":"須田町","routeCount":2,"operator":"Toei"}},{"type":"Feature","geometry":{"type":"Point","coordinates":[139.79757,35.69647]},"properties":{"stopId":"Toei.ToeiRyogokuStation.785.2","name":"Toei-Ryōgoku Sta.","nameJa":"都営両国駅前","routeCount":2,"operator":"Toei"}},{"type":"Feature","geometry":{"type":"Point","coordinates":[139.80088,35.71535]},"properties":{"stopId":"Toei.SumidaKoen.786.1","name":"Sumida-Kōen (Sumida Park)","nameJa":"隅田公園","routeCount":2,"operator":"Toei"}},{"type":"Feature","geometry":{"type":"Point","coordinates":[139.80048,35.71528]},"properties":{"stopId":"Toei.SumidaKoen.786.2","name":"Sumida-Kōen (Sumida Park)","nameJa":"隅田公園","routeCount":2,"operator":"Toei"}},{"type":"Feature","geometry":{"type":"Point","coordinates":[139.81232,35.68873]},"properties":{"stopId":"Toei.SumiyoshiItchome.789.1","name":"Sumiyoshi-Itchōme (Sumiyoshi 1)","nameJa":"住吉一丁目","routeCount":2,"operator":"Toei"}},{"type":"Feature","geometry":{"type":"Point","coordinates":[139.76139,35.69489]},"properties":{"stopId":"Toei.SurugadaiShita.791.2","name":"Surugadai-Shita","nameJa":"駿河台下","routeCount":2,"operator":"Toei"}},{"type":"Feature","geometry":{"type":"Point","coordinates":[139.69911,35.66059]},"properties":{"stopId":"Toei.SeibuHyakkaten.794.1","name":"Seibu-Hyakkaten","nameJa":"西武百貨店前","routeCount":2,"operator":"Toei"}},{"type":"Feature","geometry":{"type":"Point","coordinates":[139.77778,35.66688]},"properties":{"stopId":"Toei.SeirukaByoin.797.2","name":"Seiruka-Byōin (St. Luke's International Hp. )","nameJa":"聖路加病院前","routeCount":2,"operator":"Toei"}},{"type":"Feature","geometry":{"type":"Point","coordinates":[139.73918,35.63654]},"properties":{"stopId":"Toei.Sengakuji.805.2","name":"Sengakuji (Sengakuji Temple)","nameJa":"泉岳寺前","routeCount":2,"operator":"Toei"}},{"type":"Feature","geometry":{"type":"Point","coordinates":[139.7435,35.72924]},"properties":{"stopId":"Toei.SengokuItchome.808.4","name":"Sengoku-Itchōme (Sengoku 1)","nameJa":"千石一丁目(せんごくいっちょうめ（ぶんきょうく）)","routeCount":2,"operator":"Toei"}},{"type":"Feature","geometry":{"type":"Point","coordinates":[139.81608,35.67741]},"properties":{"stopId":"Toei.SengokuNichome.809.1","name":"Sengoku-Nichōme (Sengoku 2)","nameJa":"千石二丁目(せんごくにちょうめ（こうとうく）)","routeCount":2,"operator":"Toei"}},{"type":"Feature","geometry":{"type":"Point","coordinates":[139.81582,35.67738]},"properties":{"stopId":"Toei.SengokuNichome.809.2","name":"Sengoku-Nichōme (Sengoku 2)","nameJa":"千石二丁目(せんごくにちょうめ（こうとうく）)","routeCount":2,"operator":"Toei"}},{"type":"Feature","geometry":{"type":"Point","coordinates":[139.73704,35.72386]},"properties":{"stopId":"Toei.SengokuSanchome.811.4","name":"Sengoku-Sanchōme (Sengoku 3)","nameJa":"千石三丁目","routeCount":2,"operator":"Toei"}},{"type":"Feature","geometry":{"type":"Point","coordinates":[139.71016,35.67504]},"properties":{"stopId":"Toei.SendagayaNichome.831.1","name":"Sendagaya-Nichōme (Sendagaya 2)","nameJa":"千駄ヶ谷二丁目","routeCount":2,"operator":"Toei"}},{"type":"Feature","geometry":{"type":"Point","coordinates":[139.79377,35.75142]},"properties":{"stopId":"Toei.SenjuTatsutacho.816.1","name":"Senju-Tatsutachō","nameJa":"千住竜田町","routeCount":2,"operator":"Toei"}},{"type":"Feature","geometry":{"type":"Point","coordinates":[139.79416,35.7511]},"properties":{"stopId":"Toei.SenjuTatsutacho.816.2","name":"Senju-Tatsutachō","nameJa":"千住竜田町","routeCount":2,"operator":"Toei"}},{"type":"Feature","geometry":{"type":"Point","coordinates":[139.81596,35.68142]},"properties":{"stopId":"Toei.Senda.824.2","name":"Senda","nameJa":"千田","routeCount":2,"operator":"Toei"}},{"type":"Feature","geometry":{"type":"Point","coordinates":[139.79638,35.75089]},"properties":{"stopId":"Toei.SenjuNakaicho.817.1","name":"Senju-Nakaichō","nameJa":"千住中居町","routeCount":2,"operator":"Toei"}},{"type":"Feature","geometry":{"type":"Point","coordinates":[139.79715,35.75082]},"properties":{"stopId":"Toei.SenjuNakaicho.817.2","name":"Senju-Nakaichō","nameJa":"千住中居町","routeCount":2,"operator":"Toei"}},{"type":"Feature","geometry":{"type":"Point","coordinates":[139.79938,35.75096]},"properties":{"stopId":"Toei.SenjuNichome.820.4","name":"Senju-Nichōme (Senju 2)","nameJa":"千住二丁目","routeCount":2,"operator":"Toei"}},{"type":"Feature","geometry":{"type":"Point","coordinates":[139.81615,35.68123]},"properties":{"stopId":"Toei.Senda.824.1","name":"Senda","nameJa":"千田","routeCount":2,"operator":"Toei"}},{"type":"Feature","geometry":{"type":"Point","coordinates":[139.73827,35.60643]},"properties":{"stopId":"Toei.Sendaizaka.825.1","name":"Sendaizaka","nameJa":"仙台坂","routeCount":2,"operator":"Toei"}},{"type":"Feature","geometry":{"type":"Point","coordinates":[139.70991,35.67514]},"properties":{"stopId":"Toei.SendagayaNichome.831.2","name":"Sendagaya-Nichōme (Sendagaya 2)","nameJa":"千駄ヶ谷二丁目","routeCount":2,"operator":"Toei"}},{"type":"Feature","geometry":{"type":"Point","coordinates":[139.73077,35.65192]},"properties":{"stopId":"Toei.SendaizakaUe.826.1","name":"Sendaizaka-Ue","nameJa":"仙台坂上","routeCount":2,"operator":"Toei"}},{"type":"Feature","geometry":{"type":"Point","coordinates":[139.73089,35.65201]},"properties":{"stopId":"Toei.SendaizakaUe.826.2","name":"Sendaizaka-Ue","nameJa":"仙台坂上","routeCount":2,"operator":"Toei"}},{"type":"Feature","geometry":{"type":"Point","coordinates":[139.73374,35.65256]},"properties":{"stopId":"Toei.SendaizakaShita.827.1","name":"Sendaizaka-Shita","nameJa":"仙台坂下","routeCount":2,"operator":"Toei"}},{"type":"Feature","geometry":{"type":"Point","coordinates":[139.73363,35.65245]},"properties":{"stopId":"Toei.SendaizakaShita.827.2","name":"Sendaizaka-Shita","nameJa":"仙台坂下","routeCount":2,"operator":"Toei"}},{"type":"Feature","geometry":{"type":"Point","coordinates":[139.71121,35.68019]},"properties":{"stopId":"Toei.SendagayaStation.828.2","name":"Sendagaya Sta.","nameJa":"千駄ヶ谷駅前","routeCount":2,"operator":"Toei"}},{"type":"Feature","geometry":{"type":"Point","coordinates":[139.74589,35.611]},"properties":{"stopId":"Toei.ToritsuYashioKoko.836.4","name":"Toritsu-Yashio-Kōkō","nameJa":"都立八潮高校前","routeCount":2,"operator":"Toei"}},{"type":"Feature","geometry":{"type":"Point","coordinates":[139.7214,35.70853]},"properties":{"stopId":"Toei.SodaiSeimon.839.7","name":"Sōdai-Seimon (Waseda Univ.)","nameJa":"早大正門","routeCount":2,"operator":"Toei"}},{"type":"Feature","geometry":{"type":"Point","coordinates":[139.84118,35.66992]},"properties":{"stopId":"Toei.Sodegaura.841.1","name":"Sodegaura","nameJa":"袖ヶ浦","routeCount":2,"operator":"Toei"}},{"type":"Feature","geometry":{"type":"Point","coordinates":[139.73207,35.62425]},"properties":{"stopId":"Toei.GotenYamaShogakko.845.1","name":"Goten-Yama-Shōgakkō","nameJa":"御殿山小学校前","routeCount":2,"operator":"Toei"}},{"type":"Feature","geometry":{"type":"Point","coordinates":[139.73253,35.62402]},"properties":{"stopId":"Toei.GotenYamaShogakko.845.2","name":"Goten-Yama-Shōgakkō","nameJa":"御殿山小学校前","routeCount":2,"operator":"Toei"}},{"type":"Feature","geometry":{"type":"Point","coordinates":[139.72322,35.72274]},"properties":{"stopId":"Toei.ZoshigayaReienIriguchi.847.2","name":"Zōshigaya-Reien-Iriguchi","nameJa":"雑司ヶ谷霊園入口","routeCount":2,"operator":"Toei"}},{"type":"Feature","geometry":{"type":"Point","coordinates":[139.81116,35.70093]},"properties":{"stopId":"Toei.TaiheiItchome.850.1","name":"Taihei-Itchōme (Taihei 1)","nameJa":"太平一丁目","routeCount":2,"operator":"Toei"}},{"type":"Feature","geometry":{"type":"Point","coordinates":[139.73847,35.6346]},"properties":{"stopId":"Toei.TakanawaKitamachi.863.2","name":"Takanawa-Kitamachi","nameJa":"高輪北町","routeCount":2,"operator":"Toei"}},{"type":"Feature","geometry":{"type":"Point","coordinates":[139.74672,35.63762]},"properties":{"stopId":"Toei.Takahamabashi.870.1","name":"Takahamabashi","nameJa":"高浜橋","routeCount":2,"operator":"Toei"}},{"type":"Feature","geometry":{"type":"Point","coordinates":[139.74711,35.63832]},"properties":{"stopId":"Toei.Takahamabashi.870.2","name":"Takahamabashi","nameJa":"高浜橋","routeCount":2,"operator":"Toei"}},{"type":"Feature","geometry":{"type":"Point","coordinates":[139.79857,35.68513]},"properties":{"stopId":"Toei.Takabashi.871.1","name":"Takabashi","nameJa":"高橋","routeCount":2,"operator":"Toei"}},{"type":"Feature","geometry":{"type":"Point","coordinates":[139.81192,35.65145]},"properties":{"stopId":"Toei.TatsumiItchome.890.4","name":"Tatsumi-Itchōme (Tatsumi 1)","nameJa":"辰巳一丁目","routeCount":2,"operator":"Toei"}},{"type":"Feature","geometry":{"type":"Point","coordinates":[139.76946,35.73882]},"properties":{"stopId":"Toei.TabataShimmachiItchome.900.3","name":"Tabata-Shimmachi-Itchōme (Tabata-Shimmachi 1)","nameJa":"田端新町一丁目","routeCount":2,"operator":"Toei"}},{"type":"Feature","geometry":{"type":"Point","coordinates":[139.76617,35.74078]},"properties":{"stopId":"Toei.TabataShimmachiNichome.901.1","name":"Tabata-Shimmachi-Nichōme (Tabata-Shimmachi 2)","nameJa":"田端新町二丁目","routeCount":2,"operator":"Toei"}},{"type":"Feature","geometry":{"type":"Point","coordinates":[139.76317,35.74255]},"properties":{"stopId":"Toei.TabataShimmachiSanchome.902.4","name":"Tabata-Shimmachi-Sanchōme (Tabata-Shimmachi 3)","nameJa":"田端新町三丁目","routeCount":2,"operator":"Toei"}},{"type":"Feature","geometry":{"type":"Point","coordinates":[139.7482,35.64457]},"properties":{"stopId":"Toei.TamachiStationHigashiguchi.906.7","name":"Tamachi Sta. Higashiguchi (East Exit)","nameJa":"田町駅東口","routeCount":2,"operator":"Toei"}},{"type":"Feature","geometry":{"type":"Point","coordinates":[139.74195,35.6703]},"properties":{"stopId":"Toei.Tameike.909.2","name":"Tameike","nameJa":"溜池","routeCount":2,"operator":"Toei"}},{"type":"Feature","geometry":{"type":"Point","coordinates":[139.88308,35.6901]},"properties":{"stopId":"Toei.KyoikuPlazaIchinoeIriguchi.910.1","name":"Kyōiku Plaza Ichinoe-Iriguchi","nameJa":"共育プラザ一之江入口","routeCount":2,"operator":"Toei"}},{"type":"Feature","geometry":{"type":"Point","coordinates":[139.66142,35.67122]},"properties":{"stopId":"Toei.Daitabashi.914.2","name":"Daitabashi","nameJa":"代田橋","routeCount":2,"operator":"Toei"}},{"type":"Feature","geometry":{"type":"Point","coordinates":[139.66121,35.67285]},"properties":{"stopId":"Toei.Daitabashi.914.3","name":"Daitabashi","nameJa":"代田橋","routeCount":2,"operator":"Toei"}},{"type":"Feature","geometry":{"type":"Point","coordinates":[139.76303,35.72511]},"properties":{"stopId":"Toei.DangozakaShita.922.3","name":"Dangozaka-Shita","nameJa":"団子坂下","routeCount":2,"operator":"Toei"}},{"type":"Feature","geometry":{"type":"Point","coordinates":[139.7981,35.69074]},"properties":{"stopId":"Toei.ChitoseSanchome.927.1","name":"Chitose-Sanchōme (Chitose 3)","nameJa":"千歳三丁目","routeCount":2,"operator":"Toei"}},{"type":"Feature","geometry":{"type":"Point","coordinates":[139.77067,35.66809]},"properties":{"stopId":"Toei.TsukijiStation.941.2","name":"Tsukiji Sta.","nameJa":"築地駅前","routeCount":2,"operator":"Toei"}},{"type":"Feature","geometry":{"type":"Point","coordinates":[139.7822,35.66234]},"properties":{"stopId":"Toei.TsukishimaSanchome.937.3","name":"Tsukishima-Sanchōme (Tsukishima 3)","nameJa":"月島三丁目","routeCount":2,"operator":"Toei"}},{"type":"Feature","geometry":{"type":"Point","coordinates":[139.77158,35.66745]},"properties":{"stopId":"Toei.TsukijiStation.941.1","name":"Tsukiji Sta.","nameJa":"築地駅前","routeCount":2,"operator":"Toei"}},{"type":"Feature","geometry":{"type":"Point","coordinates":[139.77239,35.66985]},"properties":{"stopId":"Toei.TsukijiNichome.944.1","name":"Tsukiji-Nichōme (Tsukiji 2)","nameJa":"築地二丁目","routeCount":2,"operator":"Toei"}},{"type":"Feature","geometry":{"type":"Point","coordinates":[139.77248,35.66973]},"properties":{"stopId":"Toei.TsukijiNichome.944.2","name":"Tsukiji-Nichōme (Tsukiji 2)","nameJa":"築地二丁目","routeCount":2,"operator":"Toei"}},{"type":"Feature","geometry":{"type":"Point","coordinates":[139.77585,35.66516]},"properties":{"stopId":"Toei.TsukijiNanachome.947.1","name":"Tsukiji-Nanachōme (Tsukiji 7)","nameJa":"築地七丁目","routeCount":2,"operator":"Toei"}},{"type":"Feature","geometry":{"type":"Point","coordinates":[139.67572,35.72355]},"properties":{"stopId":"Toei.Tetsugakudo.954.1","name":"Tetsugakudō","nameJa":"哲学堂","routeCount":2,"operator":"Toei"}},{"type":"Feature","geometry":{"type":"Point","coordinates":[139.67598,35.72369]},"properties":{"stopId":"Toei.Tetsugakudo.954.2","name":"Tetsugakudō","nameJa":"哲学堂","routeCount":2,"operator":"Toei"}},{"type":"Feature","geometry":{"type":"Point","coordinates":[139.77998,35.67208]},"properties":{"stopId":"Toei.Teppozu.955.2","name":"Teppōzu","nameJa":"鉄砲洲","routeCount":2,"operator":"Toei"}},{"type":"Feature","geometry":{"type":"Point","coordinates":[139.69679,35.66077]},"properties":{"stopId":"Toei.TokyuHyakkatenHonten.963.1","name":"Tōkyū-Hyakkaten-Honten","nameJa":"東急百貨店本店前","routeCount":2,"operator":"Toei"}},{"type":"Feature","geometry":{"type":"Point","coordinates":[139.76504,35.68223]},"properties":{"stopId":"Toei.TokyoStationMarunouchiKitaguchi.965.1","name":"Tokyo Sta. Marunouchi-Kitaguchi (Marunouchi North Exit)","nameJa":"東京駅丸の内北口","routeCount":2,"operator":"Toei"}},{"type":"Feature","geometry":{"type":"Point","coordinates":[139.7651,35.68239]},"properties":{"stopId":"Toei.TokyoStationMarunouchiKitaguchi.965.2","name":"Tokyo Sta. Marunouchi-Kitaguchi (Marunouchi North Exit)","nameJa":"東京駅丸の内北口","routeCount":2,"operator":"Toei"}},{"type":"Feature","geometry":{"type":"Point","coordinates":[139.7647,35.68086]},"properties":{"stopId":"Toei.TokyoStationMarunouchiMinamiguchi.966.2","name":"Tokyo Sta. Marunouchi-Minamiguchi (Marunouchi South Exit)","nameJa":"東京駅丸の内南口","routeCount":2,"operator":"Toei"}},{"type":"Feature","geometry":{"type":"Point","coordinates":[139.76572,35.67993]},"properties":{"stopId":"Toei.TokyoStationMarunouchiMinamiguchi.966.3","name":"Tokyo Sta. Marunouchi-Minamiguchi (Marunouchi South Exit)","nameJa":"東京駅丸の内南口","routeCount":2,"operator":"Toei"}},{"type":"Feature","geometry":{"type":"Point","coordinates":[139.71757,35.65581]},"properties":{"stopId":"Toei.TokyoJogakkan.970.2","name":"Tokyo Jogakkan","nameJa":"東京女学館前","routeCount":2,"operator":"Toei"}},{"type":"Feature","geometry":{"type":"Point","coordinates":[139.75609,35.6281]},"properties":{"stopId":"Toei.TokyoShutsunyukokuzairyuKanrikyoku.974.1","name":"Tokyo Shutsunyūkokuzairyu-Kanrikyoku (Tokyo Regional Immigration Services Bureau)","nameJa":"東京出入国在留管理局前","routeCount":2,"operator":"Toei"}},{"type":"Feature","geometry":{"type":"Point","coordinates":[139.75572,35.62794]},"properties":{"stopId":"Toei.TokyoShutsunyukokuzairyuKanrikyoku.974.2","name":"Tokyo Shutsunyūkokuzairyu-Kanrikyoku (Tokyo Regional Immigration Services Bureau)","nameJa":"東京出入国在留管理局前","routeCount":2,"operator":"Toei"}},{"type":"Feature","geometry":{"type":"Point","coordinates":[139.76413,35.71325]},"properties":{"stopId":"Toei.TodaiKonai.980.1","name":"Tōdai-Kōnai (The Univ. Of Tokyo)","nameJa":"東大構内","routeCount":2,"operator":"Toei"}},{"type":"Feature","geometry":{"type":"Point","coordinates":[139.76418,35.71322]},"properties":{"stopId":"Toei.TodaiKonai.980.2","name":"Tōdai-Kōnai (The Univ. Of Tokyo)","nameJa":"東大構内","routeCount":2,"operator":"Toei"}},{"type":"Feature","geometry":{"type":"Point","coordinates":[139.75827,35.71507]},"properties":{"stopId":"Toei.TodaiNogakubu.982.1","name":"Tōdai-Nōgakubu (The Univ. Of Tokyo Agricultural Dept.)","nameJa":"東大農学部前","routeCount":2,"operator":"Toei"}},{"type":"Feature","geometry":{"type":"Point","coordinates":[139.75944,35.71548]},"properties":{"stopId":"Toei.TodaiNogakubu.982.3","name":"Tōdai-Nōgakubu (The Univ. Of Tokyo Agricultural Dept.)","nameJa":"東大農学部前","routeCount":2,"operator":"Toei"}},{"type":"Feature","geometry":{"type":"Point","coordinates":[139.76402,35.71087]},"properties":{"stopId":"Toei.TodaiByoin.983.2","name":"Tōdai-Byōin (The University Of Tokyo Hp. )","nameJa":"東大病院前","routeCount":2,"operator":"Toei"}},{"type":"Feature","geometry":{"type":"Point","coordinates":[139.76403,35.71102]},"properties":{"stopId":"Toei.TodaiByoin.983.3","name":"Tōdai-Byōin (The University Of Tokyo Hp. )","nameJa":"東大病院前","routeCount":2,"operator":"Toei"}},{"type":"Feature","geometry":{"type":"Point","coordinates":[139.79766,35.71137]},"properties":{"stopId":"Toei.TobuAsakusaStation.984.1","name":"Tōbu-Asakusa Sta.","nameJa":"東武浅草駅前","routeCount":2,"operator":"Toei"}},{"type":"Feature","geometry":{"type":"Point","coordinates":[139.79773,35.71221]},"properties":{"stopId":"Toei.TobuAsakusaStation.984.2","name":"Tōbu-Asakusa Sta.","nameJa":"東武浅草駅前","routeCount":2,"operator":"Toei"}},{"type":"Feature","geometry":{"type":"Point","coordinates":[139.79943,35.77847]},"properties":{"stopId":"Toei.TobuByoin.986.2","name":"Tōbu-Byōin (Adachi Tobu Hp. )","nameJa":"東部病院前","routeCount":2,"operator":"Toei"}},{"type":"Feature","geometry":{"type":"Point","coordinates":[139.79815,35.77868]},"properties":{"stopId":"Toei.TobuByoin.986.1","name":"Tōbu-Byōin (Adachi Tobu Hp. )","nameJa":"東部病院前","routeCount":2,"operator":"Toei"}},{"type":"Feature","geometry":{"type":"Point","coordinates":[139.75022,35.72477]},"properties":{"stopId":"Toei.ToyoDaigaku.988.2","name":"Tōyō-Daigaku (Toyo Univ.)","nameJa":"東洋大学前","routeCount":2,"operator":"Toei"}},{"type":"Feature","geometry":{"type":"Point","coordinates":[139.81675,35.6697]},"properties":{"stopId":"Toei.ToyochoStation.989.1","name":"Tōyōchō Sta.","nameJa":"東陽町駅前","routeCount":2,"operator":"Toei"}},{"type":"Feature","geometry":{"type":"Point","coordinates":[139.81784,35.66975]},"properties":{"stopId":"Toei.ToyochoStation.989.3","name":"Tōyōchō Sta.","nameJa":"東陽町駅前","routeCount":2,"operator":"Toei"}},{"type":"Feature","geometry":{"type":"Point","coordinates":[139.8154,35.6694]},"properties":{"stopId":"Toei.ToyochoStation.989.8","name":"Tōyōchō Sta.","nameJa":"東陽町駅前","routeCount":2,"operator":"Toei"}},{"type":"Feature","geometry":{"type":"Point","coordinates":[139.72201,35.73061]},"properties":{"stopId":"Toei.HigashiIkebukuroSanchome.999.2","name":"Higashi-Ikebukuro-Sanchōme (Higashi-Ikebukuro 3)","nameJa":"東池袋三丁目","routeCount":2,"operator":"Toei"}},{"type":"Feature","geometry":{"type":"Point","coordinates":[139.75264,35.76411]},"properties":{"stopId":"Toei.ToshimaGochomeDanchi.1004.3","name":"Toshima-Gochōme-Danchi (Toshima 5-Danchi)","nameJa":"豊島五丁目団地","routeCount":2,"operator":"Toei"}},{"type":"Feature","geometry":{"type":"Point","coordinates":[139.73943,35.76598]},"properties":{"stopId":"Toei.ToshimaHatchome.1006.3","name":"Toshima-Hatchōme (Toshima 8)","nameJa":"豊島八丁目","routeCount":2,"operator":"Toei"}},{"type":"Feature","geometry":{"type":"Point","coordinates":[139.8,35.67028]},"properties":{"stopId":"Toei.TomiokaItchome.1016.1","name":"Tomioka-Itchōme (Tomioka 1)","nameJa":"富岡一丁目(とみおかいっちょうめ)","routeCount":2,"operator":"Toei"}},{"type":"Feature","geometry":{"type":"Point","coordinates":[139.68955,35.66778]},"properties":{"stopId":"Toei.Tomigaya.1017.1","name":"Tomigaya","nameJa":"富ヶ谷","routeCount":2,"operator":"Toei"}},{"type":"Feature","geometry":{"type":"Point","coordinates":[139.69135,35.66756]},"properties":{"stopId":"Toei.Tomigaya.1017.2","name":"Tomigaya","nameJa":"富ヶ谷","routeCount":2,"operator":"Toei"}},{"type":"Feature","geometry":{"type":"Point","coordinates":[139.79507,35.65498]},"properties":{"stopId":"Toei.ToyosuStation.1025.1","name":"Toyosu Sta.","nameJa":"豊洲駅前","routeCount":2,"operator":"Toei"}},{"type":"Feature","geometry":{"type":"Point","coordinates":[139.79526,35.6548]},"properties":{"stopId":"Toei.ToyosuStation.1025.3","name":"Toyosu Sta.","nameJa":"豊洲駅前","routeCount":2,"operator":"Toei"}},{"type":"Feature","geometry":{"type":"Point","coordinates":[139.79589,35.65393]},"properties":{"stopId":"Toei.ToyosuStation.1025.12","name":"Toyosu Sta.","nameJa":"豊洲駅前","routeCount":2,"operator":"Toei"}},{"type":"Feature","geometry":{"type":"Point","coordinates":[139.79597,35.654]},"properties":{"stopId":"Toei.ToyosuStation.1025.13","name":"Toyosu Sta.","nameJa":"豊洲駅前","routeCount":2,"operator":"Toei"}},{"type":"Feature","geometry":{"type":"Point","coordinates":[139.81704,35.67589]},"properties":{"stopId":"Toei.Toyozumibashi.1027.1","name":"Toyozumibashi","nameJa":"豊住橋","routeCount":2,"operator":"Toei"}},{"type":"Feature","geometry":{"type":"Point","coordinates":[139.81594,35.67518]},"properties":{"stopId":"Toei.Toyozumibashi.1027.2","name":"Toyozumibashi","nameJa":"豊住橋","routeCount":2,"operator":"Toei"}},{"type":"Feature","geometry":{"type":"Point","coordinates":[139.79352,35.66059]},"properties":{"stopId":"Toei.ToyosuItchome.1028.1","name":"Toyosu-Itchōme (Toyosu 1)","nameJa":"豊洲一丁目","routeCount":2,"operator":"Toei"}},{"type":"Feature","geometry":{"type":"Point","coordinates":[139.79322,35.65989]},"properties":{"stopId":"Toei.ToyosuItchome.1028.3","name":"Toyosu-Itchōme (Toyosu 1)","nameJa":"豊洲一丁目","routeCount":2,"operator":"Toei"}},{"type":"Feature","geometry":{"type":"Point","coordinates":[139.76288,35.73027]},"properties":{"stopId":"Toei.DokanYamashita.1055.4","name":"Dōkan-Yamashita","nameJa":"道灌山下","routeCount":2,"operator":"Toei"}},{"type":"Feature","geometry":{"type":"Point","coordinates":[139.75047,35.66987]},"properties":{"stopId":"Toei.Toranomon.1036.2","name":"Toranomon","nameJa":"虎ノ門","routeCount":2,"operator":"Toei"}},{"type":"Feature","geometry":{"type":"Point","coordinates":[139.72863,35.70742]},"properties":{"stopId":"Toei.ToritsuShinjukuYamabukiKoko.1044.1","name":"Toritsu-Shinjuku-Yamabuki-Kōkō","nameJa":"都立新宿山吹高校前","routeCount":2,"operator":"Toei"}},{"type":"Feature","geometry":{"type":"Point","coordinates":[139.74763,35.60702]},"properties":{"stopId":"Toei.ToritsuSangyoGijutsuKosenShinagawaCampus.1048.1","name":"Toritsu-Sangyō-Gijutsu-Kōsen-Shinagawa Campus","nameJa":"都立産業技術高専品川キャンパス前","routeCount":2,"operator":"Toei"}},{"type":"Feature","geometry":{"type":"Point","coordinates":[139.7629,35.73007]},"properties":{"stopId":"Toei.DokanYamashita.1055.2","name":"Dōkan-Yamashita","nameJa":"道灌山下","routeCount":2,"operator":"Toei"}},{"type":"Feature","geometry":{"type":"Point","coordinates":[139.82909,35.71821]},"properties":{"stopId":"Toei.YahiroSanchome.1052.1","name":"Yahiro-Sanchōme (Yahiro 3)","nameJa":"八広三丁目","routeCount":2,"operator":"Toei"}},{"type":"Feature","geometry":{"type":"Point","coordinates":[139.82918,35.71818]},"properties":{"stopId":"Toei.YahiroSanchome.1052.2","name":"Yahiro-Sanchōme (Yahiro 3)","nameJa":"八広三丁目","routeCount":2,"operator":"Toei"}},{"type":"Feature","geometry":{"type":"Point","coordinates":[139.71603,35.68475]},"properties":{"stopId":"Toei.NaitomachiDaikyocho.1060.1","name":"Naitōmachi-Daikyōchō","nameJa":"内藤町大京町","routeCount":2,"operator":"Toei"}},{"type":"Feature","geometry":{"type":"Point","coordinates":[139.71582,35.68414]},"properties":{"stopId":"Toei.NaitomachiDaikyocho.1060.2","name":"Naitōmachi-Daikyōchō","nameJa":"内藤町大京町","routeCount":2,"operator":"Toei"}},{"type":"Feature","geometry":{"type":"Point","coordinates":[139.7228,35.76657]},"properties":{"stopId":"Toei.NakaJujoYonchome.1077.2","name":"Naka-Jūjō-Yonchōme (Naka-Jūjō 4)","nameJa":"中十条四丁目","routeCount":2,"operator":"Toei"}},{"type":"Feature","geometry":{"type":"Point","coordinates":[139.72351,35.76642]},"properties":{"stopId":"Toei.NakaJujoYonchome.1077.1","name":"Naka-Jūjō-Yonchōme (Naka-Jūjō 4)","nameJa":"中十条四丁目","routeCount":2,"operator":"Toei"}},{"type":"Feature","geometry":{"type":"Point","coordinates":[139.74183,35.65445]},"properties":{"stopId":"Toei.Nakanohashi.1094.2","name":"Nakanohashi","nameJa":"中ノ橋","routeCount":2,"operator":"Toei"}},{"type":"Feature","geometry":{"type":"Point","coordinates":[139.74114,35.6555]},"properties":{"stopId":"Toei.Nakanohashi.1094.5","name":"Nakanohashi","nameJa":"中ノ橋","routeCount":2,"operator":"Toei"}},{"type":"Feature","geometry":{"type":"Point","coordinates":[139.87104,35.66792]},"properties":{"stopId":"Toei.NagashimachoKosaten.1106.1","name":"Nagashimachō-Kōsaten","nameJa":"長島町交差点","routeCount":2,"operator":"Toei"}},{"type":"Feature","geometry":{"type":"Point","coordinates":[139.87969,35.64719]},"properties":{"stopId":"Toei.NagisaNewTown.1111.2","name":"Nagisa New Town","nameJa":"なぎさニュータウン","routeCount":2,"operator":"Toei"}},{"type":"Feature","geometry":{"type":"Point","coordinates":[139.79192,35.71736]},"properties":{"stopId":"Toei.NishiAsakusaSanchome.1129.5","name":"Nishi-Asakusa-Sanchōme (Nishi-Asakusa 3)","nameJa":"西浅草三丁目","routeCount":2,"operator":"Toei"}},{"type":"Feature","geometry":{"type":"Point","coordinates":[139.75872,35.74497]},"properties":{"stopId":"Toei.NishiOguYonchome.1143.1","name":"Nishi-Ogu-Yonchōme (Nishi-Ogu 4)","nameJa":"西尾久四丁目","routeCount":2,"operator":"Toei"}},{"type":"Feature","geometry":{"type":"Point","coordinates":[139.67907,35.72338]},"properties":{"stopId":"Toei.NishiOchiaiItchome.1144.2","name":"Nishi-Ochiai-Itchōme (Nishi-Ochiai 1)","nameJa":"西落合一丁目","routeCount":2,"operator":"Toei"}},{"type":"Feature","geometry":{"type":"Point","coordinates":[139.67979,35.72303]},"properties":{"stopId":"Toei.NishiOchiaiItchome.1144.1","name":"Nishi-Ochiai-Itchōme (Nishi-Ochiai 1)","nameJa":"西落合一丁目","routeCount":2,"operator":"Toei"}},{"type":"Feature","geometry":{"type":"Point","coordinates":[139.68305,35.72259]},"properties":{"stopId":"Toei.OchiaiMinamiNagasakiStation.1145.1","name":"Ochiai-Minami-Nagasaki Sta.","nameJa":"落合南長崎駅前","routeCount":2,"operator":"Toei"}},{"type":"Feature","geometry":{"type":"Point","coordinates":[139.68484,35.72268]},"properties":{"stopId":"Toei.OchiaiMinamiNagasakiStation.1145.3","name":"Ochiai-Minami-Nagasaki Sta.","nameJa":"落合南長崎駅前","routeCount":2,"operator":"Toei"}},{"type":"Feature","geometry":{"type":"Point","coordinates":[139.85918,35.66412]},"properties":{"stopId":"Toei.NishiKasaiStation.1146.1","name":"Nishi-Kasai Sta.","nameJa":"西葛西駅前","routeCount":2,"operator":"Toei"}},{"type":"Feature","geometry":{"type":"Point","coordinates":[139.85906,35.66414]},"properties":{"stopId":"Toei.NishiKasaiStation.1146.3","name":"Nishi-Kasai Sta.","nameJa":"西葛西駅前","routeCount":2,"operator":"Toei"}},{"type":"Feature","geometry":{"type":"Point","coordinates":[139.75418,35.66865]},"properties":{"stopId":"Toei.ToagoseiHonsha.1159.5","name":"Tōagōsei Honsha(Toagosei Head Office)","nameJa":"東亞合成本社前","routeCount":2,"operator":"Toei"}},{"type":"Feature","geometry":{"type":"Point","coordinates":[139.76609,35.73208]},"properties":{"stopId":"Toei.NishiNipporiStation.1164.1","name":"Nishi-Nippori Sta.","nameJa":"西日暮里駅前","routeCount":2,"operator":"Toei"}},{"type":"Feature","geometry":{"type":"Point","coordinates":[139.76626,35.73195]},"properties":{"stopId":"Toei.NishiNipporiStation.1164.2","name":"Nishi-Nippori Sta.","nameJa":"西日暮里駅前","routeCount":2,"operator":"Toei"}},{"type":"Feature","geometry":{"type":"Point","coordinates":[139.77357,35.73516]},"properties":{"stopId":"Toei.NishiNipporiItchome.1165.1","name":"Nishi-Nippori-Itchōme (Nishi-Nippori 1)","nameJa":"西日暮里一丁目","routeCount":2,"operator":"Toei"}},{"type":"Feature","geometry":{"type":"Point","coordinates":[139.77308,35.73506]},"properties":{"stopId":"Toei.NishiNipporiItchome.1165.2","name":"Nishi-Nippori-Itchōme (Nishi-Nippori 1)","nameJa":"西日暮里一丁目","routeCount":2,"operator":"Toei"}},{"type":"Feature","geometry":{"type":"Point","coordinates":[139.76913,35.73342]},"properties":{"stopId":"Toei.NishiNipporiGochome.1167.1","name":"Nishi-Nippori-Gochōme (Nishi-Nippori 5)","nameJa":"西日暮里五丁目","routeCount":2,"operator":"Toei"}},{"type":"Feature","geometry":{"type":"Point","coordinates":[139.76921,35.73331]},"properties":{"stopId":"Toei.NishiNipporiGochome.1167.2","name":"Nishi-Nippori-Gochōme (Nishi-Nippori 5)","nameJa":"西日暮里五丁目","routeCount":2,"operator":"Toei"}},{"type":"Feature","geometry":{"type":"Point","coordinates":[139.64342,35.6978]},"properties":{"stopId":"Toei.Nishimabashi.1169.1","name":"Nishimabashi","nameJa":"西馬橋","routeCount":2,"operator":"Toei"}},{"type":"Feature","geometry":{"type":"Point","coordinates":[139.71766,35.65517]},"properties":{"stopId":"Toei.NissekiIryoCenter.1175.1","name":"Nisseki-Iryō Center (Japanese Red Cross Medical Center)","nameJa":"日赤医療センター前","routeCount":2,"operator":"Toei"}},{"type":"Feature","geometry":{"type":"Point","coordinates":[139.71766,35.65545]},"properties":{"stopId":"Toei.NissekiIryoCenter.1175.2","name":"Nisseki-Iryō Center (Japanese Red Cross Medical Center)","nameJa":"日赤医療センター前","routeCount":2,"operator":"Toei"}},{"type":"Feature","geometry":{"type":"Point","coordinates":[139.77149,35.72865]},"properties":{"stopId":"Toei.NipporiStation.1178.2","name":"Nippori Sta.","nameJa":"日暮里駅前","routeCount":2,"operator":"Toei"}},{"type":"Feature","geometry":{"type":"Point","coordinates":[139.73601,35.65264]},"properties":{"stopId":"Toei.Ninohashi.1180.1","name":"Ninohashi","nameJa":"二ノ橋","routeCount":2,"operator":"Toei"}},{"type":"Feature","geometry":{"type":"Point","coordinates":[139.73604,35.65252]},"properties":{"stopId":"Toei.Ninohashi.1180.2","name":"Ninohashi","nameJa":"二ノ橋","routeCount":2,"operator":"Toei"}},{"type":"Feature","geometry":{"type":"Point","coordinates":[139.7728,35.68276]},"properties":{"stopId":"Toei.Nihombashi.1185.2","name":"Nihombashi","nameJa":"日本橋","routeCount":2,"operator":"Toei"}},{"type":"Feature","geometry":{"type":"Point","coordinates":[139.79624,35.7259]},"properties":{"stopId":"Toei.NihonZutsumi.1184.1","name":"Nihon-Zutsumi","nameJa":"日本堤","routeCount":2,"operator":"Toei"}},{"type":"Feature","geometry":{"type":"Point","coordinates":[139.79566,35.72627]},"properties":{"stopId":"Toei.NihonZutsumi.1184.2","name":"Nihon-Zutsumi","nameJa":"日本堤","routeCount":2,"operator":"Toei"}},{"type":"Feature","geometry":{"type":"Point","coordinates":[139.77406,35.68331]},"properties":{"stopId":"Toei.Nihombashi.1185.1","name":"Nihombashi","nameJa":"日本橋","routeCount":2,"operator":"Toei"}},{"type":"Feature","geometry":{"type":"Point","coordinates":[139.77397,35.68586]},"properties":{"stopId":"Toei.NihombashiMitsukoshi.1186.1","name":"Nihombashi-Mitsukoshi (Mitsukoshi Department Store)","nameJa":"日本橋三越","routeCount":2,"operator":"Toei"}},{"type":"Feature","geometry":{"type":"Point","coordinates":[139.7745,35.68518]},"properties":{"stopId":"Toei.NihombashiMitsukoshi.1186.2","name":"Nihombashi-Mitsukoshi (Mitsukoshi Department Store)","nameJa":"日本橋三越","routeCount":2,"operator":"Toei"}},{"type":"Feature","geometry":{"type":"Point","coordinates":[139.76568,35.71829]},"properties":{"stopId":"Toei.NezuStation.1191.3","name":"Nezu Sta.","nameJa":"根津駅前","routeCount":2,"operator":"Toei"}},{"type":"Feature","geometry":{"type":"Point","coordinates":[139.66466,35.73837]},"properties":{"stopId":"Toei.NerimaShako.1197.4","name":"Nerima-Shako","nameJa":"練馬車庫前","routeCount":2,"operator":"Toei"}},{"type":"Feature","geometry":{"type":"Point","coordinates":[139.75349,35.72292]},"properties":{"stopId":"Toei.HakusanUe.1208.1","name":"Hakusan-Ue","nameJa":"白山上","routeCount":2,"operator":"Toei"}},{"type":"Feature","geometry":{"type":"Point","coordinates":[139.74512,35.71712]},"properties":{"stopId":"Toei.HakusanNichome.1211.2","name":"Hakusan-Nichōme (Hakusan 2)","nameJa":"白山二丁目","routeCount":2,"operator":"Toei"}},{"type":"Feature","geometry":{"type":"Point","coordinates":[139.74822,35.72588]},"properties":{"stopId":"Toei.HakusanGochome.1212.2","name":"Hakusan-Gochōme (Hakusan 5)","nameJa":"白山五丁目","routeCount":2,"operator":"Toei"}},{"type":"Feature","geometry":{"type":"Point","coordinates":[139.67635,35.67693]},"properties":{"stopId":"Toei.HatagayaStation.1219.1","name":"Hatagaya Sta.","nameJa":"幡ヶ谷駅前","routeCount":2,"operator":"Toei"}},{"type":"Feature","geometry":{"type":"Point","coordinates":[139.67758,35.67759]},"properties":{"stopId":"Toei.HatagayaStation.1219.2","name":"Hatagaya Sta.","nameJa":"幡ヶ谷駅前","routeCount":2,"operator":"Toei"}},{"type":"Feature","geometry":{"type":"Point","coordinates":[139.67365,35.6761]},"properties":{"stopId":"Toei.HatagayaHaramachi.1220.1","name":"Hatagaya-Haramachi","nameJa":"幡ヶ谷原町","routeCount":2,"operator":"Toei"}},{"type":"Feature","geometry":{"type":"Point","coordinates":[139.6715,35.67582]},"properties":{"stopId":"Toei.HatagayaHaramachi.1220.2","name":"Hatagaya-Haramachi","nameJa":"幡ヶ谷原町","routeCount":2,"operator":"Toei"}},{"type":"Feature","geometry":{"type":"Point","coordinates":[139.6808,35.67829]},"properties":{"stopId":"Toei.Hatashiro.1223.1","name":"Hatashiro","nameJa":"幡代","routeCount":2,"operator":"Toei"}},{"type":"Feature","geometry":{"type":"Point","coordinates":[139.68152,35.67899]},"properties":{"stopId":"Toei.Hatashiro.1223.2","name":"Hatashiro","nameJa":"幡代","routeCount":2,"operator":"Toei"}},{"type":"Feature","geometry":{"type":"Point","coordinates":[139.80829,35.65884]},"properties":{"stopId":"Toei.Hachiedabashi.1224.2","name":"Hachiedabashi","nameJa":"八枝橋","routeCount":2,"operator":"Toei"}},{"type":"Feature","geometry":{"type":"Point","coordinates":[139.68785,35.67235]},"properties":{"stopId":"Toei.HachimanShita.1227.1","name":"Hachiman-Shita","nameJa":"八幡下","routeCount":2,"operator":"Toei"}},{"type":"Feature","geometry":{"type":"Point","coordinates":[139.68747,35.67236]},"properties":{"stopId":"Toei.HachimanShita.1227.2","name":"Hachiman-Shita","nameJa":"八幡下","routeCount":2,"operator":"Toei"}},{"type":"Feature","geometry":{"type":"Point","coordinates":[139.68594,35.68079]},"properties":{"stopId":"Toei.ShinKokuritsuGekijo.1229.1","name":"Shin-Kokuritsu-Gekijō","nameJa":"新国立劇場前","routeCount":2,"operator":"Toei"}},{"type":"Feature","geometry":{"type":"Point","coordinates":[139.6858,35.68103]},"properties":{"stopId":"Toei.ShinKokuritsuGekijo.1229.2","name":"Shin-Kokuritsu-Gekijō","nameJa":"新国立劇場前","routeCount":2,"operator":"Toei"}},{"type":"Feature","geometry":{"type":"Point","coordinates":[139.70295,35.67046]},"properties":{"stopId":"Toei.HarajukuStation.1241.1","name":"Harajuku Sta.","nameJa":"原宿駅前","routeCount":2,"operator":"Toei"}},{"type":"Feature","geometry":{"type":"Point","coordinates":[139.68852,35.67958]},"properties":{"stopId":"Toei.HatsudaiSakaUe.1230.1","name":"Hatsudai-Saka-Ue","nameJa":"初台坂上","routeCount":2,"operator":"Toei"}},{"type":"Feature","geometry":{"type":"Point","coordinates":[139.68874,35.67911]},"properties":{"stopId":"Toei.HatsudaiSakaUe.1230.2","name":"Hatsudai-Saka-Ue","nameJa":"初台坂上","routeCount":2,"operator":"Toei"}},{"type":"Feature","geometry":{"type":"Point","coordinates":[139.68791,35.67428]},"properties":{"stopId":"Toei.HatsudaiSakaShita.1231.1","name":"Hatsudai-Saka-Shita","nameJa":"初台坂下","routeCount":2,"operator":"Toei"}},{"type":"Feature","geometry":{"type":"Point","coordinates":[139.68757,35.67449]},"properties":{"stopId":"Toei.HatsudaiSakaShita.1231.2","name":"Hatsudai-Saka-Shita","nameJa":"初台坂下","routeCount":2,"operator":"Toei"}},{"type":"Feature","geometry":{"type":"Point","coordinates":[139.77653,35.6779]},"properties":{"stopId":"Toei.HatchoboriNichome.1232.1","name":"Hatchōbori-Nichōme (Hatchōbori 2)","nameJa":"八丁堀二丁目","routeCount":2,"operator":"Toei"}},{"type":"Feature","geometry":{"type":"Point","coordinates":[139.77577,35.67698]},"properties":{"stopId":"Toei.HatchoboriNichome.1232.3","name":"Hatchōbori-Nichōme (Hatchōbori 2)","nameJa":"八丁堀二丁目","routeCount":2,"operator":"Toei"}},{"type":"Feature","geometry":{"type":"Point","coordinates":[139.71294,35.69134]},"properties":{"stopId":"Toei.Hanazonocho.1235.2","name":"Hanazonochō","nameJa":"花園町","routeCount":2,"operator":"Toei"}},{"type":"Feature","geometry":{"type":"Point","coordinates":[139.78609,35.68472]},"properties":{"stopId":"Toei.HamachoNakanohashi.1236.1","name":"Hamachō-Nakanohashi","nameJa":"浜町中の橋","routeCount":2,"operator":"Toei"}},{"type":"Feature","geometry":{"type":"Point","coordinates":[139.78792,35.68622]},"properties":{"stopId":"Toei.HamachoNakanohashi.1236.2","name":"Hamachō-Nakanohashi","nameJa":"浜町中の橋","routeCount":2,"operator":"Toei"}},{"type":"Feature","geometry":{"type":"Point","coordinates":[139.78995,35.68655]},"properties":{"stopId":"Toei.HamachoNichome.1237.1","name":"Hamachō-Nichōme (Hamachō 2)","nameJa":"浜町二丁目","routeCount":2,"operator":"Toei"}},{"type":"Feature","geometry":{"type":"Point","coordinates":[139.78986,35.68627]},"properties":{"stopId":"Toei.HamachoNichome.1237.2","name":"Hamachō-Nichōme (Hamachō 2)","nameJa":"浜町二丁目","routeCount":2,"operator":"Toei"}},{"type":"Feature","geometry":{"type":"Point","coordinates":[139.70275,35.67079]},"properties":{"stopId":"Toei.HarajukuStation.1241.2","name":"Harajuku Sta.","nameJa":"原宿駅前","routeCount":2,"operator":"Toei"}},{"type":"Feature","geometry":{"type":"Point","coordinates":[139.87501,35.68306]},"properties":{"stopId":"Toei.HaruechoYonchome.1246.3","name":"Haruechō-Yonchōme (Haruechō 4)","nameJa":"春江町四丁目","routeCount":2,"operator":"Toei"}},{"type":"Feature","geometry":{"type":"Point","coordinates":[139.8725,35.67864]},"properties":{"stopId":"Toei.HaruechoGochome.1247.1","name":"Haruechō-Gochōme (Haruechō 5)","nameJa":"春江町五丁目","routeCount":2,"operator":"Toei"}},{"type":"Feature","geometry":{"type":"Point","coordinates":[139.77302,35.64762]},"properties":{"stopId":"Toei.HarumiFuto.1249.3","name":"Harumi-Futō","nameJa":"晴海埠頭","routeCount":2,"operator":"Toei"}},{"type":"Feature","geometry":{"type":"Point","coordinates":[139.77278,35.64736]},"properties":{"stopId":"Toei.HarumiFuto.1249.4","name":"Harumi-Futō","nameJa":"晴海埠頭","routeCount":2,"operator":"Toei"}},{"type":"Feature","geometry":{"type":"Point","coordinates":[139.78141,35.69274]},"properties":{"stopId":"Toei.Bakurocho.1256.1","name":"Bakurochō","nameJa":"馬喰町","routeCount":2,"operator":"Toei"}},{"type":"Feature","geometry":{"type":"Point","coordinates":[139.78158,35.69254]},"properties":{"stopId":"Toei.Bakurocho.1256.2","name":"Bakurochō","nameJa":"馬喰町","routeCount":2,"operator":"Toei"}},{"type":"Feature","geometry":{"type":"Point","coordinates":[139.72025,35.70625]},"properties":{"stopId":"Toei.Babashitacho.1258.4","name":"Babashitachō","nameJa":"馬場下町","routeCount":2,"operator":"Toei"}},{"type":"Feature","geometry":{"type":"Point","coordinates":[139.79946,35.7216]},"properties":{"stopId":"Toei.HigashiAsakusaItchome.1262.1","name":"Higashi-Asakusa-Itchōme (Higashi-Asakusa 1)","nameJa":"東浅草一丁目","routeCount":2,"operator":"Toei"}},{"type":"Feature","geometry":{"type":"Point","coordinates":[139.79956,35.72179]},"properties":{"stopId":"Toei.HigashiAsakusaItchome.1262.2","name":"Higashi-Asakusa-Itchōme (Higashi-Asakusa 1)","nameJa":"東浅草一丁目","routeCount":2,"operator":"Toei"}},{"type":"Feature","geometry":{"type":"Point","coordinates":[139.71976,35.72564]},"properties":{"stopId":"Toei.HigashiIkebukuroYonchome.1266.1","name":"Higashi-Ikebukuro-Yonchōme (Higashi-Ikebukuro 4)","nameJa":"東池袋四丁目","routeCount":2,"operator":"Toei"}},{"type":"Feature","geometry":{"type":"Point","coordinates":[139.78039,35.69428]},"properties":{"stopId":"Toei.HigashiKanda.1276.2","name":"Higashi-Kanda","nameJa":"東神田","routeCount":2,"operator":"Toei"}},{"type":"Feature","geometry":{"type":"Point","coordinates":[139.86822,35.69813]},"properties":{"stopId":"Toei.HigashiKomatsugawaItchome.1280.4","name":"Higashi-Komatsugawa-Itchōme (Higashi-Komatsugawa 1)","nameJa":"東小松川一丁目","routeCount":2,"operator":"Toei"}},{"type":"Feature","geometry":{"type":"Point","coordinates":[139.73899,35.70838]},"properties":{"stopId":"Toei.HigashiGokencho.1282.1","name":"Higashi-Gokenchō","nameJa":"東五軒町","routeCount":2,"operator":"Toei"}},{"type":"Feature","geometry":{"type":"Point","coordinates":[139.73879,35.70858]},"properties":{"stopId":"Toei.HigashiGokencho.1282.2","name":"Higashi-Gokenchō","nameJa":"東五軒町","routeCount":2,"operator":"Toei"}},{"type":"Feature","geometry":{"type":"Point","coordinates":[139.73063,35.62487]},"properties":{"stopId":"Toei.HigashiGotandaSanchome.1283.1","name":"Higashi-Gotanda-Sanchōme (Higashi-Gotanda 3)","nameJa":"東五反田三丁目","routeCount":2,"operator":"Toei"}},{"type":"Feature","geometry":{"type":"Point","coordinates":[139.73047,35.62507]},"properties":{"stopId":"Toei.HigashiGotandaSanchome.1283.2","name":"Higashi-Gotanda-Sanchōme (Higashi-Gotanda 3)","nameJa":"東五反田三丁目","routeCount":2,"operator":"Toei"}},{"type":"Feature","geometry":{"type":"Point","coordinates":[139.74245,35.62062]},"properties":{"stopId":"Toei.HigashiShinagawaItchome.1286.1","name":"Higashi-Shinagawa-Itchōme (Higashi-Shinagawa 1)","nameJa":"東品川一丁目","routeCount":2,"operator":"Toei"}},{"type":"Feature","geometry":{"type":"Point","coordinates":[139.72806,35.76765]},"properties":{"stopId":"Toei.HigashiJujoYonchome.1292.1","name":"Higashi-Jūjō-Yonchōme (Higashi-Jūjō 4)","nameJa":"東十条四丁目","routeCount":2,"operator":"Toei"}},{"type":"Feature","geometry":{"type":"Point","coordinates":[139.7286,35.76804]},"properties":{"stopId":"Toei.HigashiJujoYonchome.1292.2","name":"Higashi-Jūjō-Yonchōme (Higashi-Jūjō 4)","nameJa":"東十条四丁目","routeCount":2,"operator":"Toei"}},{"type":"Feature","geometry":{"type":"Point","coordinates":[139.83293,35.71639]},"properties":{"stopId":"Toei.HigashiSumidaItchome.1299.1","name":"Higashi-Sumida-Itchōme (Higashi-Sumida 1)","nameJa":"東墨田一丁目","routeCount":2,"operator":"Toei"}},{"type":"Feature","geometry":{"type":"Point","coordinates":[139.83303,35.71633]},"properties":{"stopId":"Toei.HigashiSumidaItchome.1299.2","name":"Higashi-Sumida-Itchōme (Higashi-Sumida 1)","nameJa":"東墨田一丁目","routeCount":2,"operator":"Toei"}},{"type":"Feature","geometry":{"type":"Point","coordinates":[139.83083,35.72189]},"properties":{"stopId":"Toei.HigashiSumidaNichome.1300.2","name":"Higashi-Sumida-Nichōme (Higashi-Sumida 2)","nameJa":"東墨田二丁目","routeCount":2,"operator":"Toei"}},{"type":"Feature","geometry":{"type":"Point","coordinates":[139.8343,35.71847]},"properties":{"stopId":"Toei.HigashiSumidaSanchome.1301.1","name":"Higashi-Sumida-Sanchōme (Higashi-Sumida 3)","nameJa":"東墨田三丁目","routeCount":2,"operator":"Toei"}},{"type":"Feature","geometry":{"type":"Point","coordinates":[139.83426,35.71875]},"properties":{"stopId":"Toei.HigashiSumidaSanchome.1301.2","name":"Higashi-Sumida-Sanchōme (Higashi-Sumida 3)","nameJa":"東墨田三丁目","routeCount":2,"operator":"Toei"}},{"type":"Feature","geometry":{"type":"Point","coordinates":[139.77952,35.72854]},"properties":{"stopId":"Toei.HigashiNipporiSanchome.1308.2","name":"Higashi-Nippori-Sanchōme (Higashi-Nippori 3)","nameJa":"東日暮里三丁目","routeCount":2,"operator":"Toei"}},{"type":"Feature","geometry":{"type":"Point","coordinates":[139.77875,35.72799]},"properties":{"stopId":"Toei.HigashiNipporiSanchome.1308.3","name":"Higashi-Nippori-Sanchōme (Higashi-Nippori 3)","nameJa":"東日暮里三丁目","routeCount":2,"operator":"Toei"}},{"type":"Feature","geometry":{"type":"Point","coordinates":[139.77883,35.72562]},"properties":{"stopId":"Toei.HigashiNipporiYonchome.1309.2","name":"Higashi-Nippori-Yonchōme (Higashi-Nippori 4)","nameJa":"東日暮里四丁目","routeCount":2,"operator":"Toei"}},{"type":"Feature","geometry":{"type":"Point","coordinates":[139.78394,35.69116]},"properties":{"stopId":"Toei.HigashiNihombashiStation.1311.1","name":"Higashi-Nihombashi Sta.","nameJa":"東日本橋駅前","routeCount":2,"operator":"Toei"}},{"type":"Feature","geometry":{"type":"Point","coordinates":[139.71397,35.65516]},"properties":{"stopId":"Toei.HigashiYonchome.1323.1","name":"Higashi-Yonchōme (Higashi 4)","nameJa":"東四丁目","routeCount":2,"operator":"Toei"}},{"type":"Feature","geometry":{"type":"Point","coordinates":[139.78683,35.6876]},"properties":{"stopId":"Toei.Hisamatsucho.1324.1","name":"Hisamatsuchō","nameJa":"久松町","routeCount":2,"operator":"Toei"}},{"type":"Feature","geometry":{"type":"Point","coordinates":[139.72244,35.64952]},"properties":{"stopId":"Toei.HirooStation.1357.3","name":"Hiroo Sta.","nameJa":"広尾駅前（広尾橋）","routeCount":2,"operator":"Toei"}},{"type":"Feature","geometry":{"type":"Point","coordinates":[139.76009,35.67441]},"properties":{"stopId":"Toei.Hibiya.1336.7","name":"Hibiya","nameJa":"日比谷","routeCount":2,"operator":"Toei"}},{"type":"Feature","geometry":{"type":"Point","coordinates":[139.79868,35.67889]},"properties":{"stopId":"Toei.HiranoItchome.1354.2","name":"Hirano-Itchōme (Hirano 1)","nameJa":"平野一丁目","routeCount":2,"operator":"Toei"}},{"type":"Feature","geometry":{"type":"Point","coordinates":[139.72236,35.64789]},"properties":{"stopId":"Toei.HirooByoin.1358.8","name":"Hiroo-Byōin (Hiroo Hp.)","nameJa":"広尾病院前","routeCount":2,"operator":"Toei"}},{"type":"Feature","geometry":{"type":"Point","coordinates":[139.72145,35.6479]},"properties":{"stopId":"Toei.HirooByoin.1358.9","name":"Hiroo-Byōin (Hiroo Hp.)","nameJa":"広尾病院前","routeCount":2,"operator":"Toei"}},{"type":"Feature","geometry":{"type":"Point","coordinates":[139.71709,35.64855]},"properties":{"stopId":"Toei.HirooItchome.1359.1","name":"Hiroo-Itchōme (Hiroo 1)","nameJa":"広尾一丁目","routeCount":2,"operator":"Toei"}},{"type":"Feature","geometry":{"type":"Point","coordinates":[139.71766,35.64885]},"properties":{"stopId":"Toei.HirooItchome.1359.2","name":"Hiroo-Itchōme (Hiroo 1)","nameJa":"広尾一丁目","routeCount":2,"operator":"Toei"}},{"type":"Feature","geometry":{"type":"Point","coordinates":[139.80253,35.64312]},"properties":{"stopId":"Toei.FukagawaShako.1362.2","name":"Fukagawa-Shako","nameJa":"深川車庫前","routeCount":2,"operator":"Toei"}},{"type":"Feature","geometry":{"type":"Point","coordinates":[139.79633,35.67553]},"properties":{"stopId":"Toei.FukagawaItchome.1364.3","name":"Fukagawa-Itchōme (Fukagawa 1)","nameJa":"深川一丁目","routeCount":2,"operator":"Toei"}},{"type":"Feature","geometry":{"type":"Point","coordinates":[139.79699,35.67681]},"properties":{"stopId":"Toei.FukagawaNichome.1365.2","name":"Fukagawa-Nichōme (Fukagawa 2)","nameJa":"深川二丁目","routeCount":2,"operator":"Toei"}},{"type":"Feature","geometry":{"type":"Point","coordinates":[139.82854,35.67294]},"properties":{"stopId":"Toei.Fukushimabashi.1370.1","name":"Fukushimabashi","nameJa":"福島橋","routeCount":2,"operator":"Toei"}},{"type":"Feature","geometry":{"type":"Point","coordinates":[139.79167,35.76208]},"properties":{"stopId":"Toei.HosuiroDoteShita.1387.2","name":"Hōsuiro-Dote-Shita","nameJa":"放水路土手下","routeCount":2,"operator":"Toei"}},{"type":"Feature","geometry":{"type":"Point","coordinates":[139.82535,35.70508]},"properties":{"stopId":"Toei.Fukujimbashi.1371.1","name":"Fukujimbashi","nameJa":"福神橋","routeCount":2,"operator":"Toei"}},{"type":"Feature","geometry":{"type":"Point","coordinates":[139.79779,35.67125]},"properties":{"stopId":"Toei.Fudoson.1376.2","name":"Fudōson(Fukagawafudō Temple)","nameJa":"不動尊前","routeCount":2,"operator":"Toei"}},{"type":"Feature","geometry":{"type":"Point","coordinates":[139.75193,35.70776]},"properties":{"stopId":"Toei.KasugaStation.1384.4","name":"Kasuga Sta.","nameJa":"春日駅前","routeCount":2,"operator":"Toei"}},{"type":"Feature","geometry":{"type":"Point","coordinates":[139.69439,35.66496]},"properties":{"stopId":"Toei.HosoCenterNishiguchi.1389.1","name":"Hōsō Center Nishiguchi","nameJa":"放送センター西口","routeCount":2,"operator":"Toei"}},{"type":"Feature","geometry":{"type":"Point","coordinates":[139.74749,35.75146]},"properties":{"stopId":"Toei.Kajiwara.1400.2","name":"Kajiwara","nameJa":"梶原","routeCount":2,"operator":"Toei"}},{"type":"Feature","geometry":{"type":"Point","coordinates":[139.74369,35.75439]},"properties":{"stopId":"Toei.Horifune.1401.2","name":"Horifune","nameJa":"堀船","routeCount":2,"operator":"Toei"}},{"type":"Feature","geometry":{"type":"Point","coordinates":[139.7467,35.72685]},"properties":{"stopId":"Toei.HonKomagomeNichome.1404.2","name":"Hon-Komagome-Nichōme (Hon-Komagome 2)","nameJa":"本駒込二丁目","routeCount":2,"operator":"Toei"}},{"type":"Feature","geometry":{"type":"Point","coordinates":[139.74178,35.73087]},"properties":{"stopId":"Toei.HonKomagomeRokuchome.1407.2","name":"Hon-Komagome-Rokuchōme (Hon-Komagome 6)","nameJa":"本駒込六丁目","routeCount":2,"operator":"Toei"}},{"type":"Feature","geometry":{"type":"Point","coordinates":[139.7566,35.71324]},"properties":{"stopId":"Toei.HongoRokuchome.1411.1","name":"Hongō-Rokuchōme (Hongō 6)","nameJa":"本郷六丁目","routeCount":2,"operator":"Toei"}},{"type":"Feature","geometry":{"type":"Point","coordinates":[139.75686,35.71334]},"properties":{"stopId":"Toei.HongoRokuchome.1411.2","name":"Hongō-Rokuchōme (Hongō 6)","nameJa":"本郷六丁目","routeCount":2,"operator":"Toei"}},{"type":"Feature","geometry":{"type":"Point","coordinates":[139.80297,35.70841]},"properties":{"stopId":"Toei.HonjoAzumabashi.1414.3","name":"Honjo-Azumabashi","nameJa":"本所吾妻橋","routeCount":2,"operator":"Toei"}},{"type":"Feature","geometry":{"type":"Point","coordinates":[139.80512,35.70852]},"properties":{"stopId":"Toei.HonjoAzumabashi.1414.5","name":"Honjo-Azumabashi","nameJa":"本所吾妻橋","routeCount":2,"operator":"Toei"}},{"type":"Feature","geometry":{"type":"Point","coordinates":[139.77668,35.68969]},"properties":{"stopId":"Toei.HonchoSanchome.1419.1","name":"Honchō-Sanchōme (Honchō 3)","nameJa":"本町三丁目(ほんちょうさんちょうめ（ちゅうおうく）)","routeCount":2,"operator":"Toei"}},{"type":"Feature","geometry":{"type":"Point","coordinates":[139.77479,35.68927]},"properties":{"stopId":"Toei.HonchoSanchome.1419.2","name":"Honchō-Sanchōme (Honchō 3)","nameJa":"本町三丁目(ほんちょうさんちょうめ（ちゅうおうく）)","routeCount":2,"operator":"Toei"}},{"type":"Feature","geometry":{"type":"Point","coordinates":[139.8564,35.67929]},"properties":{"stopId":"Toei.Boshiba.1424.1","name":"Bōshiba","nameJa":"棒茅場","routeCount":2,"operator":"Toei"}},{"type":"Feature","geometry":{"type":"Point","coordinates":[139.78009,35.74219]},"properties":{"stopId":"Toei.MachiyaStation.1430.1","name":"Machiya Sta.","nameJa":"町屋駅前","routeCount":2,"operator":"Toei"}},{"type":"Feature","geometry":{"type":"Point","coordinates":[139.78206,35.74517]},"properties":{"stopId":"Toei.MachiyaItchome.1431.1","name":"Machiya-Itchōme (Machiya 1)","nameJa":"町屋一丁目","routeCount":2,"operator":"Toei"}},{"type":"Feature","geometry":{"type":"Point","coordinates":[139.78482,35.74934]},"properties":{"stopId":"Toei.MachiyaSanchome.1432.1","name":"Machiya-Sanchōme (Machiya 3)","nameJa":"町屋三丁目","routeCount":2,"operator":"Toei"}},{"type":"Feature","geometry":{"type":"Point","coordinates":[139.78548,35.75001]},"properties":{"stopId":"Toei.MachiyaSanchome.1432.3","name":"Machiya-Sanchōme (Machiya 3)","nameJa":"町屋三丁目","routeCount":2,"operator":"Toei"}},{"type":"Feature","geometry":{"type":"Point","coordinates":[139.66089,35.66539]},"properties":{"stopId":"Toei.DaitaRokuchome.1438.1","name":"Daita-Rokuchōme (Daita 6)","nameJa":"代田六丁目","routeCount":2,"operator":"Toei"}},{"type":"Feature","geometry":{"type":"Point","coordinates":[139.66061,35.66513]},"properties":{"stopId":"Toei.DaitaRokuchome.1438.2","name":"Daita-Rokuchōme (Daita 6)","nameJa":"代田六丁目","routeCount":2,"operator":"Toei"}},{"type":"Feature","geometry":{"type":"Point","coordinates":[139.73979,35.64642]},"properties":{"stopId":"Toei.MitaGochome.1453.2","name":"Mita-Gochōme (Mita 5)","nameJa":"三田五丁目","routeCount":2,"operator":"Toei"}},{"type":"Feature","geometry":{"type":"Point","coordinates":[139.79781,35.69391]},"properties":{"stopId":"Toei.MidoriItchome.1458.6","name":"Midori-Itchōme (Midori 1)","nameJa":"緑一丁目","routeCount":2,"operator":"Toei"}},{"type":"Feature","geometry":{"type":"Point","coordinates":[139.7791,35.67057]},"properties":{"stopId":"Toei.MinatoSanchome.1464.2","name":"Minato-Sanchōme (Minato 3)","nameJa":"湊三丁目","routeCount":2,"operator":"Toei"}},{"type":"Feature","geometry":{"type":"Point","coordinates":[139.71147,35.66274]},"properties":{"stopId":"Toei.MinamiAoyamaGochome.1467.2","name":"Minami-Aoyama-Gochōme (Minami-Aoyama 5)","nameJa":"南青山五丁目","routeCount":2,"operator":"Toei"}},{"type":"Feature","geometry":{"type":"Point","coordinates":[139.71441,35.66123]},"properties":{"stopId":"Toei.MinamiAoyamaRokuchome.1468.1","name":"Minami-Aoyama-Rokuchōme (Minami-Aoyama 6)","nameJa":"南青山六丁目","routeCount":2,"operator":"Toei"}},{"type":"Feature","geometry":{"type":"Point","coordinates":[139.72038,35.6592]},"properties":{"stopId":"Toei.MinamiAoyamaNanachome.1469.1","name":"Minami-Aoyama-Nanachōme (Minami-Aoyama 7)","nameJa":"南青山七丁目","routeCount":2,"operator":"Toei"}},{"type":"Feature","geometry":{"type":"Point","coordinates":[139.7181,35.6598]},"properties":{"stopId":"Toei.MinamiAoyamaNanachome.1469.2","name":"Minami-Aoyama-Nanachōme (Minami-Aoyama 7)","nameJa":"南青山七丁目","routeCount":2,"operator":"Toei"}},{"type":"Feature","geometry":{"type":"Point","coordinates":[139.82438,35.6787]},"properties":{"stopId":"Toei.MinamisunaItchome.1474.1","name":"Minamisuna-Itchōme (Minamisuna 1)","nameJa":"南砂一丁目","routeCount":2,"operator":"Toei"}},{"type":"Feature","geometry":{"type":"Point","coordinates":[139.73537,35.72568]},"properties":{"stopId":"Toei.MinamiOtsukaItchome.1471.1","name":"Minami-Ōtsuka-Itchōme (Minami-Ōtsuka 1)","nameJa":"南大塚一丁目","routeCount":2,"operator":"Toei"}},{"type":"Feature","geometry":{"type":"Point","coordinates":[139.83442,35.67092]},"properties":{"stopId":"Toei.MinamisunaRokuchome.1477.8","name":"Minamisuna-Rokuchōme (Minamisuna 6)","nameJa":"南砂六丁目","routeCount":2,"operator":"Toei"}},{"type":"Feature","geometry":{"type":"Point","coordinates":[139.80017,35.73024]},"properties":{"stopId":"Toei.SumidagawaKamotsueki.1479.2","name":"Sumidagawa-Kamotsueki","nameJa":"隅田川貨物駅前","routeCount":2,"operator":"Toei"}},{"type":"Feature","geometry":{"type":"Point","coordinates":[139.80837,35.73267]},"properties":{"stopId":"Toei.MinamiSenjuSanchome.1480.1","name":"Minami-Senju-Sanchōme (Minami-Senju 3)","nameJa":"南千住三丁目","routeCount":2,"operator":"Toei"}},{"type":"Feature","geometry":{"type":"Point","coordinates":[139.80745,35.7324]},"properties":{"stopId":"Toei.MinamiSenjuSanchome.1480.2","name":"Minami-Senju-Sanchōme (Minami-Senju 3)","nameJa":"南千住三丁目","routeCount":2,"operator":"Toei"}},{"type":"Feature","geometry":{"type":"Point","coordinates":[139.80789,35.73621]},"properties":{"stopId":"Toei.MinamiSenjuHatchome.1482.1","name":"Minami-Senju-Hatchōme (Minami-Senju 8)","nameJa":"南千住八丁目","routeCount":2,"operator":"Toei"}},{"type":"Feature","geometry":{"type":"Point","coordinates":[139.80775,35.73648]},"properties":{"stopId":"Toei.MinamiSenjuHatchome.1482.2","name":"Minami-Senju-Hatchōme (Minami-Senju 8)","nameJa":"南千住八丁目","routeCount":2,"operator":"Toei"}},{"type":"Feature","geometry":{"type":"Point","coordinates":[139.78259,35.67359]},"properties":{"stopId":"Toei.MinamiTakabashi.1483.1","name":"Minami-Takabashi","nameJa":"南高橋","routeCount":2,"operator":"Toei"}},{"type":"Feature","geometry":{"type":"Point","coordinates":[139.69019,35.72281]},"properties":{"stopId":"Toei.MinamiNagasakiNichome.1486.3","name":"Minami-Nagasaki-Nichōme (Minami-Nagasaki 2)","nameJa":"南長崎二丁目","routeCount":2,"operator":"Toei"}},{"type":"Feature","geometry":{"type":"Point","coordinates":[139.68654,35.72289]},"properties":{"stopId":"Toei.MinamiNagasakiSanchome.1487.2","name":"Minami-Nagasaki-Sanchōme (Minami-Nagasaki 3)","nameJa":"南長崎三丁目","routeCount":2,"operator":"Toei"}},{"type":"Feature","geometry":{"type":"Point","coordinates":[139.68767,35.67645]},"properties":{"stopId":"Toei.MinamiHatsudai.1490.1","name":"Minami-Hatsudai","nameJa":"南初台","routeCount":2,"operator":"Toei"}},{"type":"Feature","geometry":{"type":"Point","coordinates":[139.68804,35.67617]},"properties":{"stopId":"Toei.MinamiHatsudai.1490.2","name":"Minami-Hatsudai","nameJa":"南初台","routeCount":2,"operator":"Toei"}},{"type":"Feature","geometry":{"type":"Point","coordinates":[139.79446,35.72799]},"properties":{"stopId":"Toei.MinowaNichome.1495.2","name":"Minowa-Nichōme (Minowa 2)","nameJa":"三ノ輪二丁目","routeCount":2,"operator":"Toei"}},{"type":"Feature","geometry":{"type":"Point","coordinates":[139.79434,35.72785]},"properties":{"stopId":"Toei.MinowaNichome.1495.3","name":"Minowa-Nichōme (Minowa 2)","nameJa":"三ノ輪二丁目","routeCount":2,"operator":"Toei"}},{"type":"Feature","geometry":{"type":"Point","coordinates":[139.74498,35.68153]},"properties":{"stopId":"Toei.Miyakezaka.1501.1","name":"Miyakezaka","nameJa":"三宅坂","routeCount":2,"operator":"Toei"}},{"type":"Feature","geometry":{"type":"Point","coordinates":[139.74415,35.68219]},"properties":{"stopId":"Toei.Miyakezaka.1501.2","name":"Miyakezaka","nameJa":"三宅坂","routeCount":2,"operator":"Toei"}},{"type":"Feature","geometry":{"type":"Point","coordinates":[139.74418,35.6822]},"properties":{"stopId":"Toei.Miyakezaka.1501.3","name":"Miyakezaka","nameJa":"三宅坂","routeCount":2,"operator":"Toei"}},{"type":"Feature","geometry":{"type":"Point","coordinates":[139.72539,35.72868]},"properties":{"stopId":"Toei.Mukohara.1515.1","name":"Mukōhara","nameJa":"向原","routeCount":2,"operator":"Toei"}},{"type":"Feature","geometry":{"type":"Point","coordinates":[139.77388,35.68877]},"properties":{"stopId":"Toei.MuromachiSanchome.1519.1","name":"Muromachi-Sanchōme (Muromachi 3)","nameJa":"室町三丁目","routeCount":2,"operator":"Toei"}},{"type":"Feature","geometry":{"type":"Point","coordinates":[139.7732,35.68781]},"properties":{"stopId":"Toei.MuromachiSanchome.1519.2","name":"Muromachi-Sanchōme (Muromachi 3)","nameJa":"室町三丁目","routeCount":2,"operator":"Toei"}},{"type":"Feature","geometry":{"type":"Point","coordinates":[139.73022,35.68637]},"properties":{"stopId":"Toei.YotsuyaStation.1592.2","name":"Yotsuya Sta.","nameJa":"四谷駅","routeCount":2,"operator":"Toei"}},{"type":"Feature","geometry":{"type":"Point","coordinates":[139.70656,35.72164]},"properties":{"stopId":"Toei.MejiroStation.1529.1","name":"Mejiro Sta.","nameJa":"目白駅前","routeCount":2,"operator":"Toei"}},{"type":"Feature","geometry":{"type":"Point","coordinates":[139.74633,35.64316]},"properties":{"stopId":"Toei.Moshiobashi.1534.1","name":"Moshiobashi","nameJa":"藻塩橋","routeCount":2,"operator":"Toei"}},{"type":"Feature","geometry":{"type":"Point","coordinates":[139.74644,35.64301]},"properties":{"stopId":"Toei.Moshiobashi.1534.2","name":"Moshiobashi","nameJa":"藻塩橋","routeCount":2,"operator":"Toei"}},{"type":"Feature","geometry":{"type":"Point","coordinates":[139.72855,35.65258]},"properties":{"stopId":"Toei.MotoAzabuNichome.1537.1","name":"Moto-Azabu-Nichōme (Moto-Azabu 2)","nameJa":"元麻布二丁目","routeCount":2,"operator":"Toei"}},{"type":"Feature","geometry":{"type":"Point","coordinates":[139.72854,35.65271]},"properties":{"stopId":"Toei.MotoAzabuNichome.1537.2","name":"Moto-Azabu-Nichōme (Moto-Azabu 2)","nameJa":"元麻布二丁目","routeCount":2,"operator":"Toei"}},{"type":"Feature","geometry":{"type":"Point","coordinates":[139.8375,35.6698]},"properties":{"stopId":"Toei.MotoHachiman.1539.2","name":"Moto-Hachiman","nameJa":"元八幡","routeCount":2,"operator":"Toei"}},{"type":"Feature","geometry":{"type":"Point","coordinates":[139.79911,35.68814]},"properties":{"stopId":"Toei.MorishitaStation.1541.1","name":"Morishita Sta.","nameJa":"森下駅前","routeCount":2,"operator":"Toei"}},{"type":"Feature","geometry":{"type":"Point","coordinates":[139.79904,35.68795]},"properties":{"stopId":"Toei.MorishitaStation.1541.2","name":"Morishita Sta.","nameJa":"森下駅前","routeCount":2,"operator":"Toei"}},{"type":"Feature","geometry":{"type":"Point","coordinates":[139.79562,35.67218]},"properties":{"stopId":"Toei.MonzenNakacho.1544.3","name":"Monzen-Nakachō","nameJa":"門前仲町","routeCount":2,"operator":"Toei"}},{"type":"Feature","geometry":{"type":"Point","coordinates":[139.72509,35.69605]},"properties":{"stopId":"Toei.Yakuojimachi.1547.1","name":"Yakuōjimachi","nameJa":"薬王寺町","routeCount":2,"operator":"Toei"}},{"type":"Feature","geometry":{"type":"Point","coordinates":[139.74764,35.64084]},"properties":{"stopId":"Toei.Yachiyobashi.1552.1","name":"Yachiyobashi","nameJa":"八千代橋","routeCount":2,"operator":"Toei"}},{"type":"Feature","geometry":{"type":"Point","coordinates":[139.74786,35.64072]},"properties":{"stopId":"Toei.Yachiyobashi.1552.2","name":"Yachiyobashi","nameJa":"八千代橋","routeCount":2,"operator":"Toei"}},{"type":"Feature","geometry":{"type":"Point","coordinates":[139.77105,35.72111]},"properties":{"stopId":"Toei.Yanaka.1554.1","name":"Yanaka","nameJa":"谷中","routeCount":2,"operator":"Toei"}},{"type":"Feature","geometry":{"type":"Point","coordinates":[139.77066,35.72103]},"properties":{"stopId":"Toei.Yanaka.1554.2","name":"Yanaka","nameJa":"谷中","routeCount":2,"operator":"Toei"}},{"type":"Feature","geometry":{"type":"Point","coordinates":[139.82001,35.70723]},"properties":{"stopId":"Toei.Yanagishima.1556.2","name":"Yanagishima","nameJa":"柳島","routeCount":2,"operator":"Toei"}},{"type":"Feature","geometry":{"type":"Point","coordinates":[139.82864,35.71682]},"properties":{"stopId":"Toei.YahiroNichome.1560.1","name":"Yahiro-Nichōme (Yahiro 2)","nameJa":"八広二丁目","routeCount":2,"operator":"Toei"}},{"type":"Feature","geometry":{"type":"Point","coordinates":[139.82865,35.71582]},"properties":{"stopId":"Toei.YahiroNichome.1560.3","name":"Yahiro-Nichōme (Yahiro 2)","nameJa":"八広二丁目","routeCount":2,"operator":"Toei"}},{"type":"Feature","geometry":{"type":"Point","coordinates":[139.82997,35.72096]},"properties":{"stopId":"Toei.YahiroYonchome.1561.1","name":"Yahiro-Yonchōme (Yahiro 4)","nameJa":"八広四丁目","routeCount":2,"operator":"Toei"}},{"type":"Feature","geometry":{"type":"Point","coordinates":[139.83023,35.72143]},"properties":{"stopId":"Toei.YahiroYonchome.1561.2","name":"Yahiro-Yonchōme (Yahiro 4)","nameJa":"八広四丁目","routeCount":2,"operator":"Toei"}},{"type":"Feature","geometry":{"type":"Point","coordinates":[139.729,35.69934]},"properties":{"stopId":"Toei.Yamabushicho.1567.1","name":"Yamabushichō","nameJa":"山伏町","routeCount":2,"operator":"Toei"}},{"type":"Feature","geometry":{"type":"Point","coordinates":[139.72943,35.69913]},"properties":{"stopId":"Toei.Yamabushicho.1567.2","name":"Yamabushichō","nameJa":"山伏町","routeCount":2,"operator":"Toei"}},{"type":"Feature","geometry":{"type":"Point","coordinates":[139.74025,35.72094]},"properties":{"stopId":"Toei.YutatezakaShita.1576.2","name":"Yutatezaka-Shita","nameJa":"湯立坂下","routeCount":2,"operator":"Toei"}},{"type":"Feature","geometry":{"type":"Point","coordinates":[139.73007,35.68643]},"properties":{"stopId":"Toei.YotsuyaStation.1592.1","name":"Yotsuya Sta.","nameJa":"四谷駅","routeCount":2,"operator":"Toei"}},{"type":"Feature","geometry":{"type":"Point","coordinates":[139.72041,35.68726]},"properties":{"stopId":"Toei.YotsuyaSanchome.1595.2","name":"Yotsuya-Sanchōme (Yotsuya 3)","nameJa":"四谷三丁目","routeCount":2,"operator":"Toei"}},{"type":"Feature","geometry":{"type":"Point","coordinates":[139.71611,35.68681]},"properties":{"stopId":"Toei.YotsuyaYonchome.1596.1","name":"Yotsuya-Yonchōme (Yotsuya 4)","nameJa":"四谷四丁目","routeCount":2,"operator":"Toei"}},{"type":"Feature","geometry":{"type":"Point","coordinates":[139.68804,35.66974]},"properties":{"stopId":"Toei.YoyogiHachimanStationIriguchi.1597.1","name":"Yoyogi-Hachiman Sta. Iriguchi","nameJa":"代々木八幡駅入口","routeCount":2,"operator":"Toei"}},{"type":"Feature","geometry":{"type":"Point","coordinates":[139.68766,35.67005]},"properties":{"stopId":"Toei.YoyogiHachimanStationIriguchi.1597.2","name":"Yoyogi-Hachiman Sta. Iriguchi","nameJa":"代々木八幡駅入口","routeCount":2,"operator":"Toei"}},{"type":"Feature","geometry":{"type":"Point","coordinates":[139.65485,35.69846]},"properties":{"stopId":"Toei.KoenjiRikkyo.1598.4","name":"Kōenji-Rikkyō","nameJa":"高円寺陸橋","routeCount":2,"operator":"Toei"}},{"type":"Feature","geometry":{"type":"Point","coordinates":[139.85322,35.6771]},"properties":{"stopId":"Toei.Rokkencho.1608.2","name":"Rokkenchō","nameJa":"六軒町","routeCount":2,"operator":"Toei"}},{"type":"Feature","geometry":{"type":"Point","coordinates":[139.73831,35.66624]},"properties":{"stopId":"Toei.RoppongiItchomeStation.1610.5","name":"Roppongi-Itchōme Sta. (Roppongi 1 Sta.)","nameJa":"六本木一丁目駅前","routeCount":2,"operator":"Toei"}},{"type":"Feature","geometry":{"type":"Point","coordinates":[139.73596,35.66489]},"properties":{"stopId":"Toei.RoppongiYonchome.1611.7","name":"Roppongi-Yonchōme (Roppongi 4)","nameJa":"六本木四丁目","routeCount":2,"operator":"Toei"}},{"type":"Feature","geometry":{"type":"Point","coordinates":[139.7204,35.70043]},"properties":{"stopId":"Toei.Wakamatsucho.1617.2","name":"Wakamatsuchō","nameJa":"若松町","routeCount":2,"operator":"Toei"}},{"type":"Feature","geometry":{"type":"Point","coordinates":[139.72151,35.69992]},"properties":{"stopId":"Toei.Wakamatsucho.1617.3","name":"Wakamatsuchō","nameJa":"若松町","routeCount":2,"operator":"Toei"}},{"type":"Feature","geometry":{"type":"Point","coordinates":[139.77404,35.70781]},"properties":{"stopId":"Toei.UenoMatsuzakaya.2000.4","name":"Ueno-Matsuzakaya (Ueno-Matsuzakaya Department Store)","nameJa":"上野松坂屋前","routeCount":2,"operator":"Toei"}},{"type":"Feature","geometry":{"type":"Point","coordinates":[139.77284,35.70756]},"properties":{"stopId":"Toei.UenoMatsuzakaya.2000.6","name":"Ueno-Matsuzakaya (Ueno-Matsuzakaya Department Store)","nameJa":"上野松坂屋前","routeCount":2,"operator":"Toei"}},{"type":"Feature","geometry":{"type":"Point","coordinates":[139.77252,35.70686]},"properties":{"stopId":"Toei.UenoMatsuzakaya.2000.8","name":"Ueno-Matsuzakaya (Ueno-Matsuzakaya Department Store)","nameJa":"上野松坂屋前","routeCount":2,"operator":"Toei"}},{"type":"Feature","geometry":{"type":"Point","coordinates":[139.70401,35.69116]},"properties":{"stopId":"Toei.ShinjukuOiwake.2001.2","name":"Shinjuku-Oiwake","nameJa":"新宿追分","routeCount":2,"operator":"Toei"}},{"type":"Feature","geometry":{"type":"Point","coordinates":[139.75436,35.70654]},"properties":{"stopId":"Toei.TokyoDomeCity.2021.2","name":"Tokyo Dome City","nameJa":"東京ドームシティ","routeCount":2,"operator":"Toei"}},{"type":"Feature","geometry":{"type":"Point","coordinates":[139.7478,35.67043]},"properties":{"stopId":"Toei.ShosenMitsuiHonshaBiru.2033.5","name":"Shōsen-Mitsui-Honsha Biru(Shosen-Mitsui Head Office Building)","nameJa":"商船三井本社ビル前","routeCount":2,"operator":"Toei"}},{"type":"Feature","geometry":{"type":"Point","coordinates":[139.75678,35.66779]},"properties":{"stopId":"Toei.ShimbashiStationKitaguchi.2034.2","name":"Shimbashi Sta. Kitaguchi (North Exit)","nameJa":"新橋駅北口","routeCount":2,"operator":"Toei"}},{"type":"Feature","geometry":{"type":"Point","coordinates":[139.75413,35.75748]},"properties":{"stopId":"Toei.KonanChugakko.2043.1","name":"Kōnan-Chūgakkō","nameJa":"江南中学校前","routeCount":2,"operator":"Toei"}},{"type":"Feature","geometry":{"type":"Point","coordinates":[139.86348,35.67884]},"properties":{"stopId":"Toei.KasaiDainiChugakko.2080.2","name":"Kasai-Daini-Chūgakkō","nameJa":"葛西第二中学校前","routeCount":2,"operator":"Toei"}},{"type":"Feature","geometry":{"type":"Point","coordinates":[139.86603,35.67221]},"properties":{"stopId":"Toei.UkitaDaiichiJutaku.2083.1","name":"Ukita-Daiichi-Jūtaku","nameJa":"宇喜田第一住宅","routeCount":2,"operator":"Toei"}},{"type":"Feature","geometry":{"type":"Point","coordinates":[139.86614,35.66929]},"properties":{"stopId":"Toei.KasaiYubinkyoku.2084.1","name":"Kasai-Yūbinkyoku (Kasai Post Office)","nameJa":"葛西郵便局","routeCount":2,"operator":"Toei"}},{"type":"Feature","geometry":{"type":"Point","coordinates":[139.86558,35.66715]},"properties":{"stopId":"Toei.DairokuKasaiShogakko.2085.1","name":"Dairoku-Kasai-Shōgakkō","nameJa":"第六葛西小学校前","routeCount":2,"operator":"Toei"}},{"type":"Feature","geometry":{"type":"Point","coordinates":[139.72602,35.71326]},"properties":{"stopId":"Toei.HOTELCHINZANSOTOKYO.2090.1","name":"HOTEL-CHINZANSO-TOKYO","nameJa":"ホテル椿山荘東京前","routeCount":2,"operator":"Toei"}},{"type":"Feature","geometry":{"type":"Point","coordinates":[139.75083,35.63124]},"properties":{"stopId":"Toei.KonanYonchome.2091.2","name":"Kōnan-Yonchōme (Kōnan 4)","nameJa":"港南四丁目","routeCount":2,"operator":"Toei"}},{"type":"Feature","geometry":{"type":"Point","coordinates":[139.86414,35.67335]},"properties":{"stopId":"Toei.Horenji.2092.1","name":"Hōrenji (Hōrenji Temple)","nameJa":"法蓮寺","routeCount":2,"operator":"Toei"}},{"type":"Feature","geometry":{"type":"Point","coordinates":[139.87265,35.6433]},"properties":{"stopId":"Toei.KoshaHeimMinamiKasai.2110.3","name":"Kōsha Heim Minami-Kasai","nameJa":"コーシャハイム南葛西","routeCount":2,"operator":"Toei"}},{"type":"Feature","geometry":{"type":"Point","coordinates":[139.85363,35.6506]},"properties":{"stopId":"Toei.KasaiMizuSaiseiCenter.2111.1","name":"Kasai-Mizu-Saisei Center","nameJa":"葛西水再生センター前","routeCount":2,"operator":"Toei"}},{"type":"Feature","geometry":{"type":"Point","coordinates":[139.74437,35.6183]},"properties":{"stopId":"Toei.KitaShinagawaNichome.2112.1","name":"Kita-Shinagawa-Nichōme (Kita-Shinagawa 2)","nameJa":"北品川二丁目","routeCount":2,"operator":"Toei"}},{"type":"Feature","geometry":{"type":"Point","coordinates":[139.81282,35.70101]},"properties":{"stopId":"Toei.TaiheiNichome.2129.2","name":"Taihei-Nichōme (Taihei 2)","nameJa":"太平二丁目","routeCount":2,"operator":"Toei"}},{"type":"Feature","geometry":{"type":"Point","coordinates":[139.86279,35.65324]},"properties":{"stopId":"Toei.Nakasakombashi.2146.1","name":"Nakasakombashi","nameJa":"中左近橋","routeCount":2,"operator":"Toei"}},{"type":"Feature","geometry":{"type":"Point","coordinates":[139.76751,35.5856]},"properties":{"stopId":"Toei.OiFutoVanpool.2152.1","name":"Ōi-Futō Vanpool","nameJa":"大井埠頭バンプール前","routeCount":2,"operator":"Toei"}},{"type":"Feature","geometry":{"type":"Point","coordinates":[139.76978,35.59391]},"properties":{"stopId":"Toei.YashioNichome.2154.2","name":"Yashio-Nichōme (Yashio 2)","nameJa":"八潮二丁目","routeCount":2,"operator":"Toei"}},{"type":"Feature","geometry":{"type":"Point","coordinates":[139.78369,35.67438]},"properties":{"stopId":"Toei.SumitomoTwinBiru.2162.2","name":"Sumitomo Twin Biru","nameJa":"住友ツインビル前","routeCount":2,"operator":"Toei"}},{"type":"Feature","geometry":{"type":"Point","coordinates":[139.8323,35.67362]},"properties":{"stopId":"Toei.MinamisunaYonchomeJutaku.2164.1","name":"Minamisuna-Yonchōme-Jūtaku (Minamisuna 4 Jūtaku)","nameJa":"南砂四丁目住宅","routeCount":2,"operator":"Toei"}},{"type":"Feature","geometry":{"type":"Point","coordinates":[139.82952,35.67426]},"properties":{"stopId":"Toei.FukushimabashiMinamizume.2165.1","name":"Fukushimabashi-Minamizume","nameJa":"福島橋南詰","routeCount":2,"operator":"Toei"}},{"type":"Feature","geometry":{"type":"Point","coordinates":[139.82403,35.67545]},"properties":{"stopId":"Toei.MinamisunaYonchome.2166.1","name":"Minamisuna-Yonchōme (Minamisuna 4)","nameJa":"南砂四丁目","routeCount":2,"operator":"Toei"}},{"type":"Feature","geometry":{"type":"Point","coordinates":[139.82239,35.67576]},"properties":{"stopId":"Toei.MinamisunaNichome.2167.2","name":"Minamisuna-Nichōme (Minamisuna 2)","nameJa":"南砂二丁目","routeCount":2,"operator":"Toei"}},{"type":"Feature","geometry":{"type":"Point","coordinates":[139.78956,35.62942]},"properties":{"stopId":"Toei.FerryFutoIriguchi.2171.1","name":"Ferry Futō-Iriguchi","nameJa":"フェリー埠頭入口","routeCount":2,"operator":"Toei"}},{"type":"Feature","geometry":{"type":"Point","coordinates":[139.71221,35.67542]},"properties":{"stopId":"Toei.Kasumigaoka.2191.3","name":"Kasumigaoka","nameJa":"霞ヶ丘","routeCount":2,"operator":"Toei"}},{"type":"Feature","geometry":{"type":"Point","coordinates":[139.78724,35.75218]},"properties":{"stopId":"Toei.Otakebashi.2192.1","name":"Otakebashi","nameJa":"尾竹橋","routeCount":2,"operator":"Toei"}},{"type":"Feature","geometry":{"type":"Point","coordinates":[139.86261,35.65301]},"properties":{"stopId":"Toei.RinkaichoNichomeDanchi.2197.3","name":"Rinkaichō-Nichōme-Danchi (Rinkaichō 2-Danchi)","nameJa":"臨海町二丁目団地前","routeCount":2,"operator":"Toei"}},{"type":"Feature","geometry":{"type":"Point","coordinates":[139.7642,35.58438]},"properties":{"stopId":"Toei.OtaShijoKitamon.2198.3","name":"Ōta-Shijō-Kitamon","nameJa":"大田市場北","routeCount":2,"operator":"Toei"}},{"type":"Feature","geometry":{"type":"Point","coordinates":[139.76021,35.57908]},"properties":{"stopId":"Toei.OtaShijo.2200.2","name":"Ōta-Shijō","nameJa":"大田市場","routeCount":2,"operator":"Toei"}},{"type":"Feature","geometry":{"type":"Point","coordinates":[139.74185,35.7193]},"properties":{"stopId":"Toei.HakusanSanchome.2203.2","name":"Hakusan-Sanchōme (Hakusan 3)","nameJa":"白山三丁目","routeCount":2,"operator":"Toei"}},{"type":"Feature","geometry":{"type":"Point","coordinates":[139.83516,35.71507]},"properties":{"stopId":"Toei.HiraiNanachomeDaisanApato.2205.4","name":"Hirai-Nanachōme-Daisan-Apāto (Hirai 7 Daisan-Apāto)","nameJa":"平井七丁目第三アパート前","routeCount":2,"operator":"Toei"}},{"type":"Feature","geometry":{"type":"Point","coordinates":[139.83549,35.71498]},"properties":{"stopId":"Toei.HiraiNanachomeDaisanApato.2205.3","name":"Hirai-Nanachōme-Daisan-Apāto (Hirai 7 Daisan-Apāto)","nameJa":"平井七丁目第三アパート前","routeCount":2,"operator":"Toei"}},{"type":"Feature","geometry":{"type":"Point","coordinates":[139.72105,35.6482]},"properties":{"stopId":"Toei.HirooGochome.2215.10","name":"Hiroo-Gochōme (Hiroo 5)","nameJa":"広尾五丁目","routeCount":2,"operator":"Toei"}},{"type":"Feature","geometry":{"type":"Point","coordinates":[139.71982,35.64836]},"properties":{"stopId":"Toei.HirooGochome.2215.11","name":"Hiroo-Gochōme (Hiroo 5)","nameJa":"広尾五丁目","routeCount":2,"operator":"Toei"}},{"type":"Feature","geometry":{"type":"Point","coordinates":[139.76282,35.71637]},"properties":{"stopId":"Toei.YayoiNichome.2217.1","name":"Yayoi-Nichōme (Yayoi 2)","nameJa":"弥生二丁目","routeCount":2,"operator":"Toei"}},{"type":"Feature","geometry":{"type":"Point","coordinates":[139.76247,35.71607]},"properties":{"stopId":"Toei.YayoiNichome.2217.2","name":"Yayoi-Nichōme (Yayoi 2)","nameJa":"弥生二丁目","routeCount":2,"operator":"Toei"}},{"type":"Feature","geometry":{"type":"Point","coordinates":[139.80199,35.71053]},"properties":{"stopId":"Toei.SumidaKuyakusho.2238.1","name":"Sumida-Kuyakusho (Sumida City Office)","nameJa":"墨田区役所前","routeCount":2,"operator":"Toei"}},{"type":"Feature","geometry":{"type":"Point","coordinates":[139.80795,35.73434]},"properties":{"stopId":"Toei.ToritsuSangyoGijutsuKosenArakawaCampus.2253.1","name":"Toritsu-Sangyō-Gijutsu-Kōsen-Arakawa Campus","nameJa":"都立産業技術高専荒川キャンパス前","routeCount":2,"operator":"Toei"}},{"type":"Feature","geometry":{"type":"Point","coordinates":[139.80804,35.73445]},"properties":{"stopId":"Toei.ToritsuSangyoGijutsuKosenArakawaCampus.2253.2","name":"Toritsu-Sangyō-Gijutsu-Kōsen-Arakawa Campus","nameJa":"都立産業技術高専荒川キャンパス前","routeCount":2,"operator":"Toei"}},{"type":"Feature","geometry":{"type":"Point","coordinates":[139.87134,35.64244]},"properties":{"stopId":"Toei.MinamiKasaiDaisanShogakko.2275.1","name":"Minami-Kasai-Daisan-Shōgakkō","nameJa":"南葛西第三小学校前","routeCount":2,"operator":"Toei"}},{"type":"Feature","geometry":{"type":"Point","coordinates":[139.87105,35.6431]},"properties":{"stopId":"Toei.MinamiKasaiDaisanShogakko.2275.2","name":"Minami-Kasai-Daisan-Shōgakkō","nameJa":"南葛西第三小学校前","routeCount":2,"operator":"Toei"}},{"type":"Feature","geometry":{"type":"Point","coordinates":[139.81937,35.67597]},"properties":{"stopId":"Toei.ToyoNanachome.2298.2","name":"Tōyō-Nanachōme (Tōyō 7)","nameJa":"東陽七丁目","routeCount":2,"operator":"Toei"}},{"type":"Feature","geometry":{"type":"Point","coordinates":[139.83237,35.62883]},"properties":{"stopId":"Toei.ChassisSeirijo.2308.1","name":"Chassis Seirijō","nameJa":"シャシー整理場前","routeCount":2,"operator":"Toei"}},{"type":"Feature","geometry":{"type":"Point","coordinates":[139.83251,35.62863]},"properties":{"stopId":"Toei.ChassisSeirijo.2308.2","name":"Chassis Seirijō","nameJa":"シャシー整理場前","routeCount":2,"operator":"Toei"}},{"type":"Feature","geometry":{"type":"Point","coordinates":[139.83104,35.62752]},"properties":{"stopId":"Toei.WakasuChuo.2309.1","name":"Wakasu-Chūō","nameJa":"若洲中央","routeCount":2,"operator":"Toei"}},{"type":"Feature","geometry":{"type":"Point","coordinates":[139.8308,35.62747]},"properties":{"stopId":"Toei.WakasuChuo.2309.2","name":"Wakasu-Chūō","nameJa":"若洲中央","routeCount":2,"operator":"Toei"}},{"type":"Feature","geometry":{"type":"Point","coordinates":[139.83239,35.6263]},"properties":{"stopId":"Toei.KotoSokoKumiai.2310.1","name":"Kōtō-Sōko-Kumiai","nameJa":"江東倉庫組合前","routeCount":2,"operator":"Toei"}},{"type":"Feature","geometry":{"type":"Point","coordinates":[139.83222,35.62648]},"properties":{"stopId":"Toei.KotoSokoKumiai.2310.2","name":"Kōtō-Sōko-Kumiai","nameJa":"江東倉庫組合前","routeCount":2,"operator":"Toei"}},{"type":"Feature","geometry":{"type":"Point","coordinates":[139.83355,35.62492]},"properties":{"stopId":"Toei.KotoSokoKaikan.2311.1","name":"Kōtō-Sōko-Kaikan","nameJa":"江東倉庫会館前","routeCount":2,"operator":"Toei"}},{"type":"Feature","geometry":{"type":"Point","coordinates":[139.83353,35.62472]},"properties":{"stopId":"Toei.KotoSokoKaikan.2311.2","name":"Kōtō-Sōko-Kaikan","nameJa":"江東倉庫会館前","routeCount":2,"operator":"Toei"}},{"type":"Feature","geometry":{"type":"Point","coordinates":[139.75246,35.64561]},"properties":{"stopId":"Toei.ShibauraItchome.2319.1","name":"Shibaura-Itchōme (Shibaura 1)","nameJa":"芝浦一丁目","routeCount":2,"operator":"Toei"}},{"type":"Feature","geometry":{"type":"Point","coordinates":[139.75336,35.6458]},"properties":{"stopId":"Toei.ShibauraItchome.2319.2","name":"Shibaura-Itchōme (Shibaura 1)","nameJa":"芝浦一丁目","routeCount":2,"operator":"Toei"}},{"type":"Feature","geometry":{"type":"Point","coordinates":[139.77941,35.62717]},"properties":{"stopId":"Toei.TokyoTeleportStation.2326.5","name":"Tokyo Teleport Sta.","nameJa":"東京テレポート駅前","routeCount":2,"operator":"Toei"}},{"type":"Feature","geometry":{"type":"Point","coordinates":[139.77977,35.62691]},"properties":{"stopId":"Toei.TokyoTeleportStation.2326.8","name":"Tokyo Teleport Sta.","nameJa":"東京テレポート駅前","routeCount":2,"operator":"Toei"}},{"type":"Feature","geometry":{"type":"Point","coordinates":[139.80377,35.77539]},"properties":{"stopId":"Toei.AdachiKuyakusho.2330.2","name":"Adachi-Kuyakusho (Adachi City Office)","nameJa":"足立区役所","routeCount":2,"operator":"Toei"}},{"type":"Feature","geometry":{"type":"Point","coordinates":[139.75096,35.62015]},"properties":{"stopId":"Toei.TennozuIsleStation.2334.1","name":"Tennōzu Isle Sta.","nameJa":"りんかい線天王洲アイル駅前","routeCount":2,"operator":"Toei"}},{"type":"Feature","geometry":{"type":"Point","coordinates":[139.71469,35.6482]},"properties":{"stopId":"Toei.Ebisubashi.2339.1","name":"Ebisubashi","nameJa":"恵比寿橋","routeCount":2,"operator":"Toei"}},{"type":"Feature","geometry":{"type":"Point","coordinates":[139.71567,35.64854]},"properties":{"stopId":"Toei.Ebisubashi.2339.2","name":"Ebisubashi","nameJa":"恵比寿橋","routeCount":2,"operator":"Toei"}},{"type":"Feature","geometry":{"type":"Point","coordinates":[139.74471,35.60672]},"properties":{"stopId":"Toei.TokyoKokaSemmongakko.2372.1","name":"Tokyo Kōka-Semmongakkō","nameJa":"東京工科専門学校前","routeCount":2,"operator":"Toei"}},{"type":"Feature","geometry":{"type":"Point","coordinates":[139.75605,35.6297]},"properties":{"stopId":"Toei.KonanOhashiHigashizume.2373.1","name":"Kōnan-Ōhashi-Higashizume","nameJa":"港南大橋東詰","routeCount":2,"operator":"Toei"}},{"type":"Feature","geometry":{"type":"Point","coordinates":[139.78123,35.62491]},"properties":{"stopId":"Toei.AomiStation.2387.1","name":"Aomi Sta.","nameJa":"青海駅前","routeCount":2,"operator":"Toei"}},{"type":"Feature","geometry":{"type":"Point","coordinates":[139.87638,35.65963]},"properties":{"stopId":"Toei.DainiKasaiShogakkoIriguchi.2392.2","name":"Daini-Kasai-Shōgakkō-Iriguchi","nameJa":"第二葛西小学校入口","routeCount":2,"operator":"Toei"}},{"type":"Feature","geometry":{"type":"Point","coordinates":[139.87951,35.65917]},"properties":{"stopId":"Toei.HigashiKasaiRokuchome.2394.2","name":"Higashi-Kasai-Rokuchōme (Higashi-Kasai 6)","nameJa":"東葛西六丁目","routeCount":2,"operator":"Toei"}},{"type":"Feature","geometry":{"type":"Point","coordinates":[139.8811,35.65806]},"properties":{"stopId":"Toei.HigashiKasaiNanachome.2395.1","name":"Higashi-Kasai-Nanachōme (Higashi-Kasai 7)","nameJa":"東葛西七丁目","routeCount":2,"operator":"Toei"}},{"type":"Feature","geometry":{"type":"Point","coordinates":[139.88074,35.65595]},"properties":{"stopId":"Toei.HigashiKasaiHatchome.2396.1","name":"Higashi-Kasai-Hatchōme (Higashi-Kasai 8)","nameJa":"東葛西八丁目","routeCount":2,"operator":"Toei"}},{"type":"Feature","geometry":{"type":"Point","coordinates":[139.88009,35.65219]},"properties":{"stopId":"Toei.HigashiKasaiKyuchome.2397.1","name":"Higashi-Kasai-Kyūchōme (Higashi-Kasai 9)","nameJa":"東葛西九丁目","routeCount":2,"operator":"Toei"}},{"type":"Feature","geometry":{"type":"Point","coordinates":[139.87964,35.64884]},"properties":{"stopId":"Toei.MahoNoBungakukanIriguchi.2398.1","name":"Mahō-No-Bungakukan-Iriguchi","nameJa":"魔法の文学館入口","routeCount":2,"operator":"Toei"}},{"type":"Feature","geometry":{"type":"Point","coordinates":[139.79598,35.67388]},"properties":{"stopId":"Toei.MonzenNakachoNichome.2403.1","name":"Monzen-Nakachō-Nichōme (Monzen-Nakachō 2)","nameJa":"門前仲町二丁目","routeCount":2,"operator":"Toei"}},{"type":"Feature","geometry":{"type":"Point","coordinates":[139.73935,35.62114]},"properties":{"stopId":"Toei.KitaShinagawa.2434.1","name":"Kita-Shinagawa","nameJa":"北品川","routeCount":2,"operator":"Toei"}},{"type":"Feature","geometry":{"type":"Point","coordinates":[139.79982,35.73332]},"properties":{"stopId":"Toei.MinamiSenjuStationHigashiguchi.2443.3","name":"Minami-Senju Sta. Higashiguchi (East Exit)","nameJa":"南千住駅東口","routeCount":2,"operator":"Toei"}},{"type":"Feature","geometry":{"type":"Point","coordinates":[139.86398,35.65808]},"properties":{"stopId":"Toei.KasaiDaisanChugakkoIriguchi.2448.1","name":"Kasai-Daisan-Chūgakkō-Iriguchi","nameJa":"葛西第三中学校入口","routeCount":2,"operator":"Toei"}},{"type":"Feature","geometry":{"type":"Point","coordinates":[139.8638,35.65927]},"properties":{"stopId":"Toei.KasaiDaisanChugakkoIriguchi.2448.2","name":"Kasai-Daisan-Chūgakkō-Iriguchi","nameJa":"葛西第三中学校入口","routeCount":2,"operator":"Toei"}},{"type":"Feature","geometry":{"type":"Point","coordinates":[139.86593,35.68015]},"properties":{"stopId":"Toei.FunaboriSanchome.2450.1","name":"Funabori-Sanchōme (Funabori 3)","nameJa":"船堀三丁目","routeCount":2,"operator":"Toei"}},{"type":"Feature","geometry":{"type":"Point","coordinates":[139.86637,35.68034]},"properties":{"stopId":"Toei.FunaboriSanchome.2450.2","name":"Funabori-Sanchōme (Funabori 3)","nameJa":"船堀三丁目","routeCount":2,"operator":"Toei"}},{"type":"Feature","geometry":{"type":"Point","coordinates":[139.86147,35.67263]},"properties":{"stopId":"Toei.KusunokiCultureCenter.2451.1","name":"Kusunoki Culture Center","nameJa":"くすのきカルチャーセンター前","routeCount":2,"operator":"Toei"}},{"type":"Feature","geometry":{"type":"Point","coordinates":[139.86193,35.67288]},"properties":{"stopId":"Toei.KusunokiCultureCenter.2451.2","name":"Kusunoki Culture Center","nameJa":"くすのきカルチャーセンター前","routeCount":2,"operator":"Toei"}},{"type":"Feature","geometry":{"type":"Point","coordinates":[139.86032,35.67164]},"properties":{"stopId":"Toei.GyosenKoen.2452.1","name":"Gyōsen-Kōen (Gyōsen Park)","nameJa":"行船公園前","routeCount":2,"operator":"Toei"}},{"type":"Feature","geometry":{"type":"Point","coordinates":[139.85931,35.67064]},"properties":{"stopId":"Toei.GyosenKoen.2452.2","name":"Gyōsen-Kōen (Gyōsen Park)","nameJa":"行船公園前","routeCount":2,"operator":"Toei"}},{"type":"Feature","geometry":{"type":"Point","coordinates":[139.76522,35.78028]},"properties":{"stopId":"Toei.KAMINUMATASHOUGAKKOUIRIGUCHI.2468.2","name":"KAMINUMATASHOUGAKKOUIRIGUCHI","nameJa":"鹿浜菜の花中学校入口","routeCount":2,"operator":"Toei"}},{"type":"Feature","geometry":{"type":"Point","coordinates":[139.83419,35.66516]},"properties":{"stopId":"Toei.KotoKoreishaIryoCenter.2458.1","name":"Kōtō-Kōreisha-Iryō Center (Juntendo Tokyo Koto Geriatric Medical Center)","nameJa":"江東高齢者医療センター","routeCount":2,"operator":"Toei"}},{"type":"Feature","geometry":{"type":"Point","coordinates":[139.74963,35.60923]},"properties":{"stopId":"Toei.ShinagawaSeasideStation.2463.2","name":"Shinagawa Seaside Sta.","nameJa":"品川シーサイド駅前","routeCount":2,"operator":"Toei"}},{"type":"Feature","geometry":{"type":"Point","coordinates":[139.76534,35.77518]},"properties":{"stopId":"Toei.KAMINUMATACHUUGAKKOUMAE.2467.1","name":"KAMINUMATACHUUGAKKOUMAE","nameJa":"江北小学校前","routeCount":2,"operator":"Toei"}},{"type":"Feature","geometry":{"type":"Point","coordinates":[139.76526,35.78256]},"properties":{"stopId":"Toei.TokyoHokubuByoin.2469.2","name":"Tokyo Hokubu-Byōin (Tokyo Hokubu Hp. )","nameJa":"東京北部病院前","routeCount":2,"operator":"Toei"}},{"type":"Feature","geometry":{"type":"Point","coordinates":[139.76329,35.78528]},"properties":{"stopId":"Toei.Oshibe.2470.2","name":"Oshibe","nameJa":"押部","routeCount":2,"operator":"Toei"}},{"type":"Feature","geometry":{"type":"Point","coordinates":[139.76208,35.78861]},"properties":{"stopId":"Toei.ShikahamaHatchome.2471.2","name":"Shikahama-Hatchōme (Shikahama 8)","nameJa":"鹿浜八丁目","routeCount":2,"operator":"Toei"}},{"type":"Feature","geometry":{"type":"Point","coordinates":[139.76173,35.79423]},"properties":{"stopId":"Toei.KagaDanchi.2473.1","name":"Kaga-Danchi","nameJa":"加賀団地","routeCount":2,"operator":"Toei"}},{"type":"Feature","geometry":{"type":"Point","coordinates":[139.71698,35.71148]},"properties":{"stopId":"Toei.KansenEnKoen.2482.13","name":"Kansen-En-Kōen (Kansen-En Park)","nameJa":"甘泉園公園前","routeCount":2,"operator":"Toei"}},{"type":"Feature","geometry":{"type":"Point","coordinates":[139.74844,35.64394]},"properties":{"stopId":"Toei.TamachiStationHigashiguchi.2498.8","name":"Tamachi Sta. Higashiguchi (East Exit)","nameJa":"田町駅東口前","routeCount":2,"operator":"Toei"}},{"type":"Feature","geometry":{"type":"Point","coordinates":[139.74802,35.6439]},"properties":{"stopId":"Toei.TamachiStationHigashiguchi.2498.9","name":"Tamachi Sta. Higashiguchi (East Exit)","nameJa":"田町駅東口前","routeCount":2,"operator":"Toei"}},{"type":"Feature","geometry":{"type":"Point","coordinates":[139.74453,35.77135]},"properties":{"stopId":"Toei.HeartIslandIriguchi.2499.1","name":"Heart Island Iriguchi","nameJa":"ハートアイランド入口","routeCount":2,"operator":"Toei"}},{"type":"Feature","geometry":{"type":"Point","coordinates":[139.83021,35.66766]},"properties":{"stopId":"Toei.MinamiSunamachiStationIriguchi.2509.1","name":"Minami-Sunamachi Sta. Iriguchi","nameJa":"南砂町駅入口","routeCount":2,"operator":"Toei"}},{"type":"Feature","geometry":{"type":"Point","coordinates":[139.76657,35.76896]},"properties":{"stopId":"Toei.KOHOKUNICHOME.2534.2","name":"KOHOKU-NICHOME","nameJa":"江北二丁目","routeCount":2,"operator":"Toei"}},{"type":"Feature","geometry":{"type":"Point","coordinates":[139.76736,35.76652]},"properties":{"stopId":"Toei.KOHOKUITCHOMEAPARTMENT.2533.2","name":"KOHOKU-ITCHOME-APARTMENT","nameJa":"江北一丁目アパート前","routeCount":2,"operator":"Toei"}},{"type":"Feature","geometry":{"type":"Point","coordinates":[139.76127,35.79076]},"properties":{"stopId":"Toei.KagaItchome.2535.2","name":"Kaga-Itchōme (Kaga 1)","nameJa":"加賀一丁目","routeCount":2,"operator":"Toei"}},{"type":"Feature","geometry":{"type":"Point","coordinates":[139.75925,35.79042]},"properties":{"stopId":"Toei.Kaga.2536.2","name":"Kaga","nameJa":"加賀","routeCount":2,"operator":"Toei"}},{"type":"Feature","geometry":{"type":"Point","coordinates":[139.75856,35.7931]},"properties":{"stopId":"Toei.KagaChugakkoIriguchi.2537.2","name":"Kaga-Chūgakkō-Iriguchi","nameJa":"加賀中学校入口","routeCount":2,"operator":"Toei"}},{"type":"Feature","geometry":{"type":"Point","coordinates":[139.78169,35.618]},"properties":{"stopId":"Toei.AomiNichome.2542.1","name":"Aomi-Nichōme (Aomi 2)","nameJa":"青海二丁目","routeCount":2,"operator":"Toei"}},{"type":"Feature","geometry":{"type":"Point","coordinates":[139.78175,35.61717]},"properties":{"stopId":"Toei.AomiNichome.2542.2","name":"Aomi-Nichōme (Aomi 2)","nameJa":"青海二丁目","routeCount":2,"operator":"Toei"}},{"type":"Feature","geometry":{"type":"Point","coordinates":[139.79916,35.59873]},"properties":{"stopId":"Toei.KankyokyokuChuboGodochosha.2543.1","name":"Kankyōkyoku-Chūbō-Gōdōchōsha (Environment government Offices)","nameJa":"環境局中防合同庁舎前","routeCount":2,"operator":"Toei"}},{"type":"Feature","geometry":{"type":"Point","coordinates":[139.79922,35.59896]},"properties":{"stopId":"Toei.KankyokyokuChuboGodochosha.2543.2","name":"Kankyōkyoku-Chūbō-Gōdōchōsha (Environment government Offices)","nameJa":"環境局中防合同庁舎前","routeCount":2,"operator":"Toei"}},{"type":"Feature","geometry":{"type":"Point","coordinates":[139.77087,35.77414]},"properties":{"stopId":"Toei.KohokuStation.2566.1","name":"Kōhoku Sta.","nameJa":"江北駅前","routeCount":2,"operator":"Toei"}},{"type":"Feature","geometry":{"type":"Point","coordinates":[139.79743,35.60086]},"properties":{"stopId":"Toei.ChuoBohatei.2544.1","name":"Chūō-Bōhatei","nameJa":"中央防波堤","routeCount":2,"operator":"Toei"}},{"type":"Feature","geometry":{"type":"Point","coordinates":[139.79763,35.60096]},"properties":{"stopId":"Toei.ChuoBohatei.2544.2","name":"Chūō-Bōhatei","nameJa":"中央防波堤","routeCount":2,"operator":"Toei"}},{"type":"Feature","geometry":{"type":"Point","coordinates":[139.77719,35.62048]},"properties":{"stopId":"Toei.SymbolPromenadeKoen.2547.1","name":"Symbol Promenade Kōen (Symbol Promenade Park)","nameJa":"シンボルプロムナード公園前","routeCount":2,"operator":"Toei"}},{"type":"Feature","geometry":{"type":"Point","coordinates":[139.72697,35.70626]},"properties":{"stopId":"Toei.EnokichoTokubetsuShutchojo.2549.2","name":"Enokichō-Tokubetsu-Shutchōjo","nameJa":"榎町特別出張所前","routeCount":2,"operator":"Toei"}},{"type":"Feature","geometry":{"type":"Point","coordinates":[139.74627,35.77143]},"properties":{"stopId":"Toei.HeartIslandKita.2555.1","name":"Heart Island Kita","nameJa":"ハートアイランド北","routeCount":2,"operator":"Toei"}},{"type":"Feature","geometry":{"type":"Point","coordinates":[139.73752,35.66042]},"properties":{"stopId":"Toei.IiguraKatamachi.2562.1","name":"Iigura-Katamachi","nameJa":"飯倉片町","routeCount":2,"operator":"Toei"}},{"type":"Feature","geometry":{"type":"Point","coordinates":[139.73727,35.66069]},"properties":{"stopId":"Toei.IiguraKatamachi.2562.2","name":"Iigura-Katamachi","nameJa":"飯倉片町","routeCount":2,"operator":"Toei"}},{"type":"Feature","geometry":{"type":"Point","coordinates":[139.77018,35.77389]},"properties":{"stopId":"Toei.KohokuStation.2566.3","name":"Kōhoku Sta.","nameJa":"江北駅前","routeCount":2,"operator":"Toei"}},{"type":"Feature","geometry":{"type":"Point","coordinates":[139.74001,35.66763]},"properties":{"stopId":"Toei.AKASAKAARKHILLS.2572.1","name":"AKASAKA-ARK-HILLS","nameJa":"赤坂アークヒルズ","routeCount":2,"operator":"Toei"}},{"type":"Feature","geometry":{"type":"Point","coordinates":[139.78773,35.63074]},"properties":{"stopId":"Toei.MusashinoDaigaku.2586.1","name":"Musashino-Daigaku (Musashino Univ.)","nameJa":"武蔵野大学前","routeCount":2,"operator":"Toei"}},{"type":"Feature","geometry":{"type":"Point","coordinates":[139.78747,35.63068]},"properties":{"stopId":"Toei.MusashinoDaigaku.2586.2","name":"Musashino-Daigaku (Musashino Univ.)","nameJa":"武蔵野大学前","routeCount":2,"operator":"Toei"}},{"type":"Feature","geometry":{"type":"Point","coordinates":[139.81247,35.66365]},"properties":{"stopId":"Toei.FukagawaHatchuMinami.2587.2","name":"Fukagawa-Hatchū-Minami","nameJa":"深川八中南","routeCount":2,"operator":"Toei"}},{"type":"Feature","geometry":{"type":"Point","coordinates":[139.79024,35.64864]},"properties":{"stopId":"Toei.ShinToyosuStation.2589.4","name":"Shin-Toyosu Sta.","nameJa":"新豊洲駅前","routeCount":2,"operator":"Toei"}},{"type":"Feature","geometry":{"type":"Point","coordinates":[139.78196,35.64523]},"properties":{"stopId":"Toei.SuisanNakaoroshiTo.2598.1","name":"Suisan-Nakaoroshi-Tō","nameJa":"水産仲卸棟","routeCount":2,"operator":"Toei"}},{"type":"Feature","geometry":{"type":"Point","coordinates":[139.79655,35.65164]},"properties":{"stopId":"Toei.ShowaDaigakuKotoToyosuByoin.2591.1","name":"Shōwa-Daigaku-Kōtō-Toyosu-Byōin (Showa Univ. Koto Toyosu Hp.)","nameJa":"昭和大学江東豊洲病院前","routeCount":2,"operator":"Toei"}},{"type":"Feature","geometry":{"type":"Point","coordinates":[139.8162,35.66402]},"properties":{"stopId":"Toei.ToyoBashiMinami.2592.2","name":"Tōyō-Bashi-Minami","nameJa":"東陽橋南","routeCount":2,"operator":"Toei"}},{"type":"Feature","geometry":{"type":"Point","coordinates":[139.72111,35.72878]},"properties":{"stopId":"Toei.IkebukuroSunshineCity.2604.1","name":"Ikebukuro Sunshine City","nameJa":"池袋サンシャインシティ","routeCount":2,"operator":"Toei"}},{"type":"Feature","geometry":{"type":"Point","coordinates":[139.72008,35.72809]},"properties":{"stopId":"Toei.IkebukuroSunshineCity.2604.2","name":"Ikebukuro Sunshine City","nameJa":"池袋サンシャインシティ","routeCount":2,"operator":"Toei"}},{"type":"Feature","geometry":{"type":"Point","coordinates":[139.76099,35.58276]},"properties":{"stopId":"Toei.OtaShijoKitamonNishi.2607.2","name":"Ōta-Shijō-Kitamon-Nishi","nameJa":"大田市場北門西","routeCount":2,"operator":"Toei"}},{"type":"Feature","geometry":{"type":"Point","coordinates":[139.72039,35.71631]},"properties":{"stopId":"Toei.NihonJoshiDai.2608.1","name":"Nihon-Joshi-Dai (Japan Women's Univ.)","nameJa":"日本女子大（構内）","routeCount":2,"operator":"Toei"}},{"type":"Feature","geometry":{"type":"Point","coordinates":[139.76598,35.77266]},"properties":{"stopId":"Toei.TokyoJoshiIdaiAdachiIryoCenter.2617.2","name":"Tokyo Joshi-Idai-Adachi-Iryō Center (Tokyo Women's Medical Univ. Adachi Medical Center)","nameJa":"東京女子医大足立医療センター","routeCount":2,"operator":"Toei"}},{"type":"Feature","geometry":{"type":"Point","coordinates":[139.76565,35.77392]},"properties":{"stopId":"Toei.TokyoJoshiIdaiAdachiIryoCenterMae.2622.2","name":"Tokyo Joshi-Idai-Adachi-Iryō Center-Mae (Tokyo Women's Medical Univ. Adachi Medical Center)","nameJa":"東京女子医大足立医療センター前","routeCount":2,"operator":"Toei"}},{"type":"Feature","geometry":{"type":"Point","coordinates":[139.77319,35.65216]},"properties":{"stopId":"Toei.HarumiGochomeTerminal.2627.2","name":"Harumi-Gochōme-Terminal(Harumi 5 Terminal)","nameJa":"晴海五丁目ターミナル","routeCount":2,"operator":"Toei"}},{"type":"Feature","geometry":{"type":"Point","coordinates":[139.7718,35.64882]},"properties":{"stopId":"Toei.HarumiFutoKoenKita.2628.2","name":"Harumi-Futō-Kōen-Kita(Harumi-Futō Park-Kita)","nameJa":"晴海ふ頭公園北","routeCount":2,"operator":"Toei"}},{"type":"Feature","geometry":{"type":"Point","coordinates":[139.81011,35.60531]},"properties":{"stopId":"Toei.UminomoriKoen.2630.1","name":"Uminomori-Kōen(Uminomori-Park)","nameJa":"海の森公園","routeCount":2,"operator":"Toei"}},{"type":"Feature","geometry":{"type":"Point","coordinates":[139.809,35.60471]},"properties":{"stopId":"Toei.UminomoriKoen.2630.2","name":"Uminomori-Kōen(Uminomori-Park)","nameJa":"海の森公園","routeCount":2,"operator":"Toei"}},{"type":"Feature","geometry":{"type":"Point","coordinates":[139.74593,35.65816]},"properties":{"stopId":"Toei.TokyoTower.975.2","name":"Tokyo Tower","nameJa":"東京タワー","routeCount":1,"operator":"Toei"}},{"type":"Feature","geometry":{"type":"Point","coordinates":[139.75818,35.69482]},"properties":{"stopId":"Toei.Jimbocho.761.2","name":"Jimbōchō","nameJa":"神保町","routeCount":1,"operator":"Toei"}},{"type":"Feature","geometry":{"type":"Point","coordinates":[139.72541,35.67206]},"properties":{"stopId":"Toei.AoyamaItchomeStation.12.4","name":"Aoyama-Itchōme Sta. (Aoyama 1 Sta.)","nameJa":"青山一丁目駅前","routeCount":1,"operator":"Toei"}},{"type":"Feature","geometry":{"type":"Point","coordinates":[139.70441,35.71305]},"properties":{"stopId":"Toei.TakadanobabaStation.855.9","name":"Takadanobaba Sta.","nameJa":"高田馬場駅前","routeCount":1,"operator":"Toei"}},{"type":"Feature","geometry":{"type":"Point","coordinates":[139.7074,35.65847]},"properties":{"stopId":"Toei.ShibuyaSanchome.5.1","name":"Shibuya-Sanchōme (Shibuya 3)","nameJa":"渋谷三丁目","routeCount":1,"operator":"Toei"}},{"type":"Feature","geometry":{"type":"Point","coordinates":[139.70752,35.65807]},"properties":{"stopId":"Toei.ShibuyaSanchome.5.2","name":"Shibuya-Sanchōme (Shibuya 3)","nameJa":"渋谷三丁目","routeCount":1,"operator":"Toei"}},{"type":"Feature","geometry":{"type":"Point","coordinates":[139.72238,35.78223]},"properties":{"stopId":"Toei.AkabaneNichome.23.1","name":"Akabane-Nichōme (Akabane 2)","nameJa":"赤羽二丁目","routeCount":1,"operator":"Toei"}},{"type":"Feature","geometry":{"type":"Point","coordinates":[139.71059,35.6577]},"properties":{"stopId":"Toei.AoyamagakuinShotobu.6.1","name":"Aoyamagakuin-Shotōbu","nameJa":"青山学院初等部前","routeCount":1,"operator":"Toei"}},{"type":"Feature","geometry":{"type":"Point","coordinates":[139.71181,35.65764]},"properties":{"stopId":"Toei.AoyamagakuinShotobu.6.2","name":"Aoyamagakuin-Shotōbu","nameJa":"青山学院初等部前","routeCount":1,"operator":"Toei"}},{"type":"Feature","geometry":{"type":"Point","coordinates":[139.72035,35.66465]},"properties":{"stopId":"Toei.AoyamaRikkyoShita.11.1","name":"Aoyama-Rikkyō-Shita","nameJa":"青山陸橋下","routeCount":1,"operator":"Toei"}},{"type":"Feature","geometry":{"type":"Point","coordinates":[139.7206,35.66466]},"properties":{"stopId":"Toei.AoyamaRikkyoShita.11.2","name":"Aoyama-Rikkyō-Shita","nameJa":"青山陸橋下","routeCount":1,"operator":"Toei"}},{"type":"Feature","geometry":{"type":"Point","coordinates":[139.72533,35.67298]},"properties":{"stopId":"Toei.AoyamaItchomeStation.12.3","name":"Aoyama-Itchōme Sta. (Aoyama 1 Sta.)","nameJa":"青山一丁目駅前","routeCount":1,"operator":"Toei"}},{"type":"Feature","geometry":{"type":"Point","coordinates":[139.74012,35.66787]},"properties":{"stopId":"Toei.AkasakaArkHills.16.2","name":"Akasaka Ark Hills","nameJa":"赤坂アークヒルズ前","routeCount":1,"operator":"Toei"}},{"type":"Feature","geometry":{"type":"Point","coordinates":[139.77864,35.66849]},"properties":{"stopId":"Toei.Akashicho.18.2","name":"Akashichō","nameJa":"明石町","routeCount":1,"operator":"Toei"}},{"type":"Feature","geometry":{"type":"Point","coordinates":[139.72261,35.78283]},"properties":{"stopId":"Toei.AkabaneNichome.23.2","name":"Akabane-Nichōme (Akabane 2)","nameJa":"赤羽二丁目","routeCount":1,"operator":"Toei"}},{"type":"Feature","geometry":{"type":"Point","coordinates":[139.79264,35.76381]},"properties":{"stopId":"Toei.Akafudo.24.1","name":"Akafudō","nameJa":"赤不動","routeCount":1,"operator":"Toei"}},{"type":"Feature","geometry":{"type":"Point","coordinates":[139.76576,35.79816]},"properties":{"stopId":"Toei.AdachiRyutsuCenter.52.2","name":"Adachi-Ryūtsū Center","nameJa":"足立流通センター","routeCount":1,"operator":"Toei"}},{"type":"Feature","geometry":{"type":"Point","coordinates":[139.79565,35.76933]},"properties":{"stopId":"Toei.AdachiUmedacho.48.2","name":"Adachi-Umedachō","nameJa":"足立梅田町","routeCount":1,"operator":"Toei"}},{"type":"Feature","geometry":{"type":"Point","coordinates":[139.76562,35.79874]},"properties":{"stopId":"Toei.AdachiRyutsuCenter.52.1","name":"Adachi-Ryūtsū Center","nameJa":"足立流通センター","routeCount":1,"operator":"Toei"}},{"type":"Feature","geometry":{"type":"Point","coordinates":[139.78013,35.74956]},"properties":{"stopId":"Toei.HaraChugakkoIriguchi.65.1","name":"Hara-Chūgakkō-Iriguchi","nameJa":"原中学校入口","routeCount":1,"operator":"Toei"}},{"type":"Feature","geometry":{"type":"Point","coordinates":[139.77969,35.74963]},"properties":{"stopId":"Toei.HaraChugakkoIriguchi.65.2","name":"Hara-Chūgakkō-Iriguchi","nameJa":"原中学校入口","routeCount":1,"operator":"Toei"}},{"type":"Feature","geometry":{"type":"Point","coordinates":[139.77826,35.73927]},"properties":{"stopId":"Toei.ArakawaGochome.70.1","name":"Arakawa-Gochōme (Arakawa 5)","nameJa":"荒川五丁目","routeCount":1,"operator":"Toei"}},{"type":"Feature","geometry":{"type":"Point","coordinates":[139.74599,35.70155]},"properties":{"stopId":"Toei.IidabashiStation.78.5","name":"Iidabashi Sta.","nameJa":"飯田橋駅前","routeCount":1,"operator":"Toei"}},{"type":"Feature","geometry":{"type":"Point","coordinates":[139.74618,35.70167]},"properties":{"stopId":"Toei.IidabashiStation.78.6","name":"Iidabashi Sta.","nameJa":"飯田橋駅前","routeCount":1,"operator":"Toei"}},{"type":"Feature","geometry":{"type":"Point","coordinates":[139.74433,35.70326]},"properties":{"stopId":"Toei.Iidabashi.79.1","name":"Iidabashi","nameJa":"飯田橋","routeCount":1,"operator":"Toei"}},{"type":"Feature","geometry":{"type":"Point","coordinates":[139.74493,35.7035]},"properties":{"stopId":"Toei.Iidabashi.79.2","name":"Iidabashi","nameJa":"飯田橋","routeCount":1,"operator":"Toei"}},{"type":"Feature","geometry":{"type":"Point","coordinates":[139.74331,35.70288]},"properties":{"stopId":"Toei.Iidabashi.79.3","name":"Iidabashi","nameJa":"飯田橋","routeCount":1,"operator":"Toei"}},{"type":"Feature","geometry":{"type":"Point","coordinates":[139.74381,35.70264]},"properties":{"stopId":"Toei.Iidabashi.79.4","name":"Iidabashi","nameJa":"飯田橋","routeCount":1,"operator":"Toei"}},{"type":"Feature","geometry":{"type":"Point","coordinates":[139.88462,35.6602]},"properties":{"stopId":"Toei.IkazuchiFudo.84.2","name":"Ikazuchi Fudō","nameJa":"雷不動前","routeCount":1,"operator":"Toei"}},{"type":"Feature","geometry":{"type":"Point","coordinates":[139.74896,35.69914]},"properties":{"stopId":"Toei.IidabashiItchome.81.1","name":"Iidabashi-Itchōme (Iidabashi 1)","nameJa":"飯田橋一丁目","routeCount":1,"operator":"Toei"}},{"type":"Feature","geometry":{"type":"Point","coordinates":[139.74893,35.69953]},"properties":{"stopId":"Toei.IidabashiItchome.81.2","name":"Iidabashi-Itchōme (Iidabashi 1)","nameJa":"飯田橋一丁目","routeCount":1,"operator":"Toei"}},{"type":"Feature","geometry":{"type":"Point","coordinates":[139.88399,35.6559]},"properties":{"stopId":"Toei.Ikazuchi.83.1","name":"Ikazuchi","nameJa":"雷","routeCount":1,"operator":"Toei"}},{"type":"Feature","geometry":{"type":"Point","coordinates":[139.88441,35.6562]},"properties":{"stopId":"Toei.Ikazuchi.83.2","name":"Ikazuchi","nameJa":"雷","routeCount":1,"operator":"Toei"}},{"type":"Feature","geometry":{"type":"Point","coordinates":[139.88449,35.65903]},"properties":{"stopId":"Toei.IkazuchiFudo.84.1","name":"Ikazuchi Fudō","nameJa":"雷不動前","routeCount":1,"operator":"Toei"}},{"type":"Feature","geometry":{"type":"Point","coordinates":[139.71371,35.72949]},"properties":{"stopId":"Toei.IkebukuroStationHigashiguchi.87.7","name":"Ikebukuro Sta. Higashiguchi (East Exit)","nameJa":"池袋駅東口","routeCount":1,"operator":"Toei"}},{"type":"Feature","geometry":{"type":"Point","coordinates":[139.71267,35.73083]},"properties":{"stopId":"Toei.IkebukuroStationHigashiguchi.87.11","name":"Ikebukuro Sta. Higashiguchi (East Exit)","nameJa":"池袋駅東口","routeCount":1,"operator":"Toei"}},{"type":"Feature","geometry":{"type":"Point","coordinates":[139.71274,35.73106]},"properties":{"stopId":"Toei.IkebukuroStationHigashiguchi.87.13","name":"Ikebukuro Sta. Higashiguchi (East Exit)","nameJa":"池袋駅東口","routeCount":1,"operator":"Toei"}},{"type":"Feature","geometry":{"type":"Point","coordinates":[139.72057,35.73164]},"properties":{"stopId":"Toei.HigashiIkebukuroNichome.89.1","name":"Higashi-Ikebukuro-Nichōme (Higashi-Ikebukuro 2)","nameJa":"東池袋二丁目","routeCount":1,"operator":"Toei"}},{"type":"Feature","geometry":{"type":"Point","coordinates":[139.73675,35.69136]},"properties":{"stopId":"Toei.IchigayaStation.99.1","name":"Ichigaya Sta.","nameJa":"市ヶ谷駅前","routeCount":1,"operator":"Toei"}},{"type":"Feature","geometry":{"type":"Point","coordinates":[139.73692,35.69123]},"properties":{"stopId":"Toei.IchigayaStation.99.2","name":"Ichigaya Sta.","nameJa":"市ヶ谷駅前","routeCount":1,"operator":"Toei"}},{"type":"Feature","geometry":{"type":"Point","coordinates":[139.7358,35.69053]},"properties":{"stopId":"Toei.IchigayaStation.99.3","name":"Ichigaya Sta.","nameJa":"市ヶ谷駅前","routeCount":1,"operator":"Toei"}},{"type":"Feature","geometry":{"type":"Point","coordinates":[139.73558,35.69028]},"properties":{"stopId":"Toei.IchigayaStation.99.4","name":"Ichigaya Sta.","nameJa":"市ヶ谷駅前","routeCount":1,"operator":"Toei"}},{"type":"Feature","geometry":{"type":"Point","coordinates":[139.73125,35.69118]},"properties":{"stopId":"Toei.Boeisho.100.1","name":"Bōeishō","nameJa":"防衛省前","routeCount":1,"operator":"Toei"}},{"type":"Feature","geometry":{"type":"Point","coordinates":[139.7299,35.69095]},"properties":{"stopId":"Toei.Boeisho.100.2","name":"Bōeishō","nameJa":"防衛省前","routeCount":1,"operator":"Toei"}},{"type":"Feature","geometry":{"type":"Point","coordinates":[139.73669,35.69519]},"properties":{"stopId":"Toei.IchigayaTamachi.101.1","name":"Ichigaya-Tamachi","nameJa":"市谷田町","routeCount":1,"operator":"Toei"}},{"type":"Feature","geometry":{"type":"Point","coordinates":[139.73699,35.69479]},"properties":{"stopId":"Toei.IchigayaTamachi.101.2","name":"Ichigaya-Tamachi","nameJa":"市谷田町","routeCount":1,"operator":"Toei"}},{"type":"Feature","geometry":{"type":"Point","coordinates":[139.87925,35.68987]},"properties":{"stopId":"Toei.IchinoeGochome.104.1","name":"Ichinoe-Gochōme(Ichinoe 5)","nameJa":"一之江五丁目","routeCount":1,"operator":"Toei"}},{"type":"Feature","geometry":{"type":"Point","coordinates":[139.88762,35.70224]},"properties":{"stopId":"Toei.NiihoriItchome.107.1","name":"Niihori-Itchōme (Niihori 1)","nameJa":"新堀一丁目","routeCount":1,"operator":"Toei"}},{"type":"Feature","geometry":{"type":"Point","coordinates":[139.88849,35.70202]},"properties":{"stopId":"Toei.NiihoriItchome.107.2","name":"Niihori-Itchōme (Niihori 1)","nameJa":"新堀一丁目","routeCount":1,"operator":"Toei"}},{"type":"Feature","geometry":{"type":"Point","coordinates":[139.87714,35.68724]},"properties":{"stopId":"Toei.IchinoeNanachome.110.1","name":"Ichinoe-Nanachōme (Ichinoe 7)","nameJa":"一之江七丁目","routeCount":1,"operator":"Toei"}},{"type":"Feature","geometry":{"type":"Point","coordinates":[139.78368,35.74738]},"properties":{"stopId":"Toei.Ippommatsu.114.2","name":"Ippommatsu","nameJa":"一本松","routeCount":1,"operator":"Toei"}},{"type":"Feature","geometry":{"type":"Point","coordinates":[139.72529,35.78287]},"properties":{"stopId":"Toei.Iwabuchimachi.126.1","name":"Iwabuchimachi","nameJa":"岩淵町","routeCount":1,"operator":"Toei"}},{"type":"Feature","geometry":{"type":"Point","coordinates":[139.72547,35.78266]},"properties":{"stopId":"Toei.Iwabuchimachi.126.2","name":"Iwabuchimachi","nameJa":"岩淵町","routeCount":1,"operator":"Toei"}},{"type":"Feature","geometry":{"type":"Point","coordinates":[139.77712,35.71197]},"properties":{"stopId":"Toei.UenoStation.131.1","name":"Ueno Sta.","nameJa":"上野駅前","routeCount":1,"operator":"Toei"}},{"type":"Feature","geometry":{"type":"Point","coordinates":[139.77207,35.70963]},"properties":{"stopId":"Toei.UenoKoen.132.10","name":"Ueno-Kōen (Ueno Park)","nameJa":"上野公園","routeCount":1,"operator":"Toei"}},{"type":"Feature","geometry":{"type":"Point","coordinates":[139.77097,35.70939]},"properties":{"stopId":"Toei.UenoKoen.132.11","name":"Ueno-Kōen (Ueno Park)","nameJa":"上野公園","routeCount":1,"operator":"Toei"}},{"type":"Feature","geometry":{"type":"Point","coordinates":[139.7731,35.7087]},"properties":{"stopId":"Toei.UenoHirokoji.135.5","name":"Ueno-Hirokōji","nameJa":"上野広小路","routeCount":1,"operator":"Toei"}},{"type":"Feature","geometry":{"type":"Point","coordinates":[139.75535,35.67083]},"properties":{"stopId":"Toei.Uchisaiwaicho.144.2","name":"Uchisaiwaichō","nameJa":"内幸町","routeCount":1,"operator":"Toei"}},{"type":"Feature","geometry":{"type":"Point","coordinates":[139.77941,35.72275]},"properties":{"stopId":"Toei.UguisudaniStation.137.2","name":"Uguisudani Sta.","nameJa":"鶯谷駅前","routeCount":1,"operator":"Toei"}},{"type":"Feature","geometry":{"type":"Point","coordinates":[139.7558,35.66978]},"properties":{"stopId":"Toei.Uchisaiwaicho.144.3","name":"Uchisaiwaichō","nameJa":"内幸町","routeCount":1,"operator":"Toei"}},{"type":"Feature","geometry":{"type":"Point","coordinates":[139.79764,35.77454]},"properties":{"stopId":"Toei.UmejimaStation.149.1","name":"Umejima Sta.","nameJa":"梅島駅前","routeCount":1,"operator":"Toei"}},{"type":"Feature","geometry":{"type":"Point","coordinates":[139.79752,35.77416]},"properties":{"stopId":"Toei.UmejimaStation.149.2","name":"Umejima Sta.","nameJa":"梅島駅前","routeCount":1,"operator":"Toei"}},{"type":"Feature","geometry":{"type":"Point","coordinates":[139.79754,35.77093]},"properties":{"stopId":"Toei.LSophia.150.1","name":"L Sophia","nameJa":"エル・ソフィア前","routeCount":1,"operator":"Toei"}},{"type":"Feature","geometry":{"type":"Point","coordinates":[139.79742,35.77099]},"properties":{"stopId":"Toei.LSophia.150.2","name":"L Sophia","nameJa":"エル・ソフィア前","routeCount":1,"operator":"Toei"}},{"type":"Feature","geometry":{"type":"Point","coordinates":[139.79316,35.765]},"properties":{"stopId":"Toei.UmejimaDainiShogakkoDori.151.1","name":"Umejima-Daini-Shōgakkō-Dōri","nameJa":"梅島第二小学校通り","routeCount":1,"operator":"Toei"}},{"type":"Feature","geometry":{"type":"Point","coordinates":[139.79754,35.77655]},"properties":{"stopId":"Toei.UmejimaNichome.152.1","name":"Umejima-Nichōme (Umejima 2)","nameJa":"梅島二丁目","routeCount":1,"operator":"Toei"}},{"type":"Feature","geometry":{"type":"Point","coordinates":[139.7977,35.77611]},"properties":{"stopId":"Toei.UmejimaNichome.152.2","name":"Umejima-Nichōme (Umejima 2)","nameJa":"梅島二丁目","routeCount":1,"operator":"Toei"}},{"type":"Feature","geometry":{"type":"Point","coordinates":[139.79477,35.76757]},"properties":{"stopId":"Toei.UmedachoShimmeiDori.155.2","name":"Umedachō-Shimmei-Dōri","nameJa":"梅田町神明通り","routeCount":1,"operator":"Toei"}},{"type":"Feature","geometry":{"type":"Point","coordinates":[139.80081,35.76654]},"properties":{"stopId":"Toei.UmedaNanachome.156.1","name":"Umeda-Nanachōme (Umeda 7)","nameJa":"梅田七丁目","routeCount":1,"operator":"Toei"}},{"type":"Feature","geometry":{"type":"Point","coordinates":[139.80059,35.76688]},"properties":{"stopId":"Toei.UmedaNanachome.156.2","name":"Umeda-Nanachōme (Umeda 7)","nameJa":"梅田七丁目","routeCount":1,"operator":"Toei"}},{"type":"Feature","geometry":{"type":"Point","coordinates":[139.88436,35.66647]},"properties":{"stopId":"Toei.Urayasubashi.157.1","name":"Urayasubashi","nameJa":"浦安橋","routeCount":1,"operator":"Toei"}},{"type":"Feature","geometry":{"type":"Point","coordinates":[139.88465,35.66614]},"properties":{"stopId":"Toei.Urayasubashi.157.2","name":"Urayasubashi","nameJa":"浦安橋","routeCount":1,"operator":"Toei"}},{"type":"Feature","geometry":{"type":"Point","coordinates":[139.78524,35.67716]},"properties":{"stopId":"Toei.Eitaibashi.159.1","name":"Eitaibashi","nameJa":"永代橋","routeCount":1,"operator":"Toei"}},{"type":"Feature","geometry":{"type":"Point","coordinates":[139.78527,35.67688]},"properties":{"stopId":"Toei.Eitaibashi.159.2","name":"Eitaibashi","nameJa":"永代橋","routeCount":1,"operator":"Toei"}},{"type":"Feature","geometry":{"type":"Point","coordinates":[139.79261,35.67327]},"properties":{"stopId":"Toei.EitaiNichome.160.1","name":"Eitai-Nichōme (Eitai 2)","nameJa":"永代二丁目","routeCount":1,"operator":"Toei"}},{"type":"Feature","geometry":{"type":"Point","coordinates":[139.7924,35.67361]},"properties":{"stopId":"Toei.EitaiNichome.160.2","name":"Eitai-Nichōme (Eitai 2)","nameJa":"永代二丁目","routeCount":1,"operator":"Toei"}},{"type":"Feature","geometry":{"type":"Point","coordinates":[139.67646,35.73289]},"properties":{"stopId":"Toei.NerimaSogoByoinIriguchi.161.2","name":"Nerima-Sōgō-Byōin-Iriguchi (Nerima-Sōgō Hp.)","nameJa":"練馬総合病院入口","routeCount":1,"operator":"Toei"}},{"type":"Feature","geometry":{"type":"Point","coordinates":[139.66773,35.72591]},"properties":{"stopId":"Toei.EgotaSanchome.165.1","name":"Egota-Sanchōme (Egota 3)","nameJa":"江古田三丁目","routeCount":1,"operator":"Toei"}},{"type":"Feature","geometry":{"type":"Point","coordinates":[139.66774,35.72624]},"properties":{"stopId":"Toei.EgotaSanchome.165.2","name":"Egota-Sanchōme (Egota 3)","nameJa":"江古田三丁目","routeCount":1,"operator":"Toei"}},{"type":"Feature","geometry":{"type":"Point","coordinates":[139.80588,35.65927]},"properties":{"stopId":"Toei.EdagawaNichome.168.3","name":"Edagawa-Nichōme (Edagawa 2)","nameJa":"枝川二丁目","routeCount":1,"operator":"Toei"}},{"type":"Feature","geometry":{"type":"Point","coordinates":[139.80573,35.65955]},"properties":{"stopId":"Toei.EdagawaNichome.168.4","name":"Edagawa-Nichōme (Edagawa 2)","nameJa":"枝川二丁目","routeCount":1,"operator":"Toei"}},{"type":"Feature","geometry":{"type":"Point","coordinates":[139.71042,35.64778]},"properties":{"stopId":"Toei.EbisuStation.183.5","name":"Ebisu Sta.","nameJa":"恵比寿駅前","routeCount":1,"operator":"Toei"}},{"type":"Feature","geometry":{"type":"Point","coordinates":[139.71191,35.64642]},"properties":{"stopId":"Toei.EbisuItchome.185.11","name":"Ebisu-Itchōme (Ebisu 1)","nameJa":"恵比寿一丁目","routeCount":1,"operator":"Toei"}},{"type":"Feature","geometry":{"type":"Point","coordinates":[139.71965,35.64508]},"properties":{"stopId":"Toei.EbisuNichome.186.2","name":"Ebisu-Nichōme (Ebisu 2)","nameJa":"恵比寿二丁目","routeCount":1,"operator":"Toei"}},{"type":"Feature","geometry":{"type":"Point","coordinates":[139.72238,35.64469]},"properties":{"stopId":"Toei.EbisuSanchome.187.4","name":"Ebisu-Sanchōme (Ebisu 3)","nameJa":"恵比寿三丁目","routeCount":1,"operator":"Toei"}},{"type":"Feature","geometry":{"type":"Point","coordinates":[139.71671,35.64552]},"properties":{"stopId":"Toei.EbisuYonchome.188.2","name":"Ebisu-Yonchōme (Ebisu 4)","nameJa":"恵比寿四丁目","routeCount":1,"operator":"Toei"}},{"type":"Feature","geometry":{"type":"Point","coordinates":[139.73772,35.75408]},"properties":{"stopId":"Toei.OjiStation.196.6","name":"Ōji Sta.","nameJa":"王子駅前","routeCount":1,"operator":"Toei"}},{"type":"Feature","geometry":{"type":"Point","coordinates":[139.73868,35.7542]},"properties":{"stopId":"Toei.OjiStation.196.11","name":"Ōji Sta.","nameJa":"王子駅前","routeCount":1,"operator":"Toei"}},{"type":"Feature","geometry":{"type":"Point","coordinates":[139.73852,35.75852]},"properties":{"stopId":"Toei.OjiSanchome.199.11","name":"Ōji-Sanchōme (Ōji 3)","nameJa":"王子三丁目","routeCount":1,"operator":"Toei"}},{"type":"Feature","geometry":{"type":"Point","coordinates":[139.8218,35.68913]},"properties":{"stopId":"Toei.OjimaNichome.235.1","name":"Ōjima-Nichōme (Ōjima 2)","nameJa":"大島二丁目","routeCount":1,"operator":"Toei"}},{"type":"Feature","geometry":{"type":"Point","coordinates":[139.82131,35.68926]},"properties":{"stopId":"Toei.OjimaNichome.235.2","name":"Ōjima-Nichōme (Ōjima 2)","nameJa":"大島二丁目","routeCount":1,"operator":"Toei"}},{"type":"Feature","geometry":{"type":"Point","coordinates":[139.73515,35.60651]},"properties":{"stopId":"Toei.OimachiStationHigashiguchi.223.5","name":"Ōimachi Sta. Higashiguchi (East Exit)","nameJa":"大井町駅東口","routeCount":1,"operator":"Toei"}},{"type":"Feature","geometry":{"type":"Point","coordinates":[139.70747,35.69851]},"properties":{"stopId":"Toei.HigashiShinjukuStation.227.4","name":"Higashi-Shinjuku Sta.","nameJa":"東新宿駅前","routeCount":1,"operator":"Toei"}},{"type":"Feature","geometry":{"type":"Point","coordinates":[139.83549,35.69025]},"properties":{"stopId":"Toei.OjimaStation.233.3","name":"Ōjima Sta.","nameJa":"大島駅前","routeCount":1,"operator":"Toei"}},{"type":"Feature","geometry":{"type":"Point","coordinates":[139.83573,35.69039]},"properties":{"stopId":"Toei.OjimaStation.233.4","name":"Ōjima Sta.","nameJa":"大島駅前","routeCount":1,"operator":"Toei"}},{"type":"Feature","geometry":{"type":"Point","coordinates":[139.83617,35.68803]},"properties":{"stopId":"Toei.OjimaGochome.237.1","name":"Ōjima-Gochōme (Ōjima 5)","nameJa":"大島五丁目","routeCount":1,"operator":"Toei"}},{"type":"Feature","geometry":{"type":"Point","coordinates":[139.83642,35.68797]},"properties":{"stopId":"Toei.OjimaGochome.237.2","name":"Ōjima-Gochōme (Ōjima 5)","nameJa":"大島五丁目","routeCount":1,"operator":"Toei"}},{"type":"Feature","geometry":{"type":"Point","coordinates":[139.744,35.70781]},"properties":{"stopId":"Toei.Omagari.251.3","name":"Ōmagari","nameJa":"大曲","routeCount":1,"operator":"Toei"}},{"type":"Feature","geometry":{"type":"Point","coordinates":[139.74374,35.70718]},"properties":{"stopId":"Toei.Omagari.251.2","name":"Ōmagari","nameJa":"大曲","routeCount":1,"operator":"Toei"}},{"type":"Feature","geometry":{"type":"Point","coordinates":[139.73263,35.7214]},"properties":{"stopId":"Toei.OtsukaSanchome.244.2","name":"Ōtsuka-Sanchōme (Ōtsuka 3)","nameJa":"大塚三丁目","routeCount":1,"operator":"Toei"}},{"type":"Feature","geometry":{"type":"Point","coordinates":[139.73244,35.72155]},"properties":{"stopId":"Toei.OtsukaSanchome.244.4","name":"Ōtsuka-Sanchōme (Ōtsuka 3)","nameJa":"大塚三丁目","routeCount":1,"operator":"Toei"}},{"type":"Feature","geometry":{"type":"Point","coordinates":[139.76322,35.68606]},"properties":{"stopId":"Toei.Otemachi.245.1","name":"Ōtemachi","nameJa":"大手町","routeCount":1,"operator":"Toei"}},{"type":"Feature","geometry":{"type":"Point","coordinates":[139.73016,35.71392]},"properties":{"stopId":"Toei.OtowaItchome.292.2","name":"Otowa-Itchōme (Otowa 1)","nameJa":"音羽一丁目","routeCount":1,"operator":"Toei"}},{"type":"Feature","geometry":{"type":"Point","coordinates":[139.74412,35.708]},"properties":{"stopId":"Toei.Omagari.251.4","name":"Ōmagari","nameJa":"大曲","routeCount":1,"operator":"Toei"}},{"type":"Feature","geometry":{"type":"Point","coordinates":[139.72798,35.71779]},"properties":{"stopId":"Toei.OtowaNichome.293.1","name":"Otowa-Nichōme (Otowa 2)","nameJa":"音羽二丁目","routeCount":1,"operator":"Toei"}},{"type":"Feature","geometry":{"type":"Point","coordinates":[139.77292,35.74944]},"properties":{"stopId":"Toei.ToritsudaiArakawaCampus.273.1","name":"Toritsudai-Arakawa Campus (Tokyo Metropolitan Univ. Arakawa Campus)","nameJa":"都立大荒川キャンパス前","routeCount":1,"operator":"Toei"}},{"type":"Feature","geometry":{"type":"Point","coordinates":[139.77181,35.7495]},"properties":{"stopId":"Toei.ToritsudaiArakawaCampus.273.2","name":"Toritsudai-Arakawa Campus (Tokyo Metropolitan Univ. Arakawa Campus)","nameJa":"都立大荒川キャンパス前","routeCount":1,"operator":"Toei"}},{"type":"Feature","geometry":{"type":"Point","coordinates":[139.72836,35.71748]},"properties":{"stopId":"Toei.OtowaNichome.293.2","name":"Otowa-Nichōme (Otowa 2)","nameJa":"音羽二丁目","routeCount":1,"operator":"Toei"}},{"type":"Feature","geometry":{"type":"Point","coordinates":[139.73756,35.7016]},"properties":{"stopId":"Toei.UshigomeKagurazakaStation.305.1","name":"Ushigome-Kagurazaka Sta.","nameJa":"牛込神楽坂駅前","routeCount":1,"operator":"Toei"}},{"type":"Feature","geometry":{"type":"Point","coordinates":[139.76847,35.75587]},"properties":{"stopId":"Toei.OdaiDoteUe.285.1","name":"Odai-Dote-Ue","nameJa":"小台土手上","routeCount":1,"operator":"Toei"}},{"type":"Feature","geometry":{"type":"Point","coordinates":[139.76888,35.75587]},"properties":{"stopId":"Toei.OdaiDoteUe.285.2","name":"Odai-Dote-Ue","nameJa":"小台土手上","routeCount":1,"operator":"Toei"}},{"type":"Feature","geometry":{"type":"Point","coordinates":[139.77486,35.7549]},"properties":{"stopId":"Toei.OdaiHigashi.287.1","name":"Odai-Higashi","nameJa":"小台東","routeCount":1,"operator":"Toei"}},{"type":"Feature","geometry":{"type":"Point","coordinates":[139.77485,35.75499]},"properties":{"stopId":"Toei.OdaiHigashi.287.2","name":"Odai-Higashi","nameJa":"小台東","routeCount":1,"operator":"Toei"}},{"type":"Feature","geometry":{"type":"Point","coordinates":[139.7621,35.75874]},"properties":{"stopId":"Toei.Odaimachi.288.1","name":"Odaimachi","nameJa":"小台町","routeCount":1,"operator":"Toei"}},{"type":"Feature","geometry":{"type":"Point","coordinates":[139.76217,35.75879]},"properties":{"stopId":"Toei.Odaimachi.288.2","name":"Odaimachi","nameJa":"小台町","routeCount":1,"operator":"Toei"}},{"type":"Feature","geometry":{"type":"Point","coordinates":[139.7634,35.7001]},"properties":{"stopId":"Toei.OchanomizuStation.291.4","name":"Ochanomizu Sta.","nameJa":"御茶ノ水駅前","routeCount":1,"operator":"Toei"}},{"type":"Feature","geometry":{"type":"Point","coordinates":[139.76462,35.70046]},"properties":{"stopId":"Toei.OchanomizuStation.291.6","name":"Ochanomizu Sta.","nameJa":"御茶ノ水駅前","routeCount":1,"operator":"Toei"}},{"type":"Feature","geometry":{"type":"Point","coordinates":[139.73006,35.71355]},"properties":{"stopId":"Toei.OtowaItchome.292.1","name":"Otowa-Itchōme (Otowa 1)","nameJa":"音羽一丁目","routeCount":1,"operator":"Toei"}},{"type":"Feature","geometry":{"type":"Point","coordinates":[139.74894,35.66055]},"properties":{"stopId":"Toei.OnarimonShogakko.295.1","name":"Onarimon-Shōgakkō","nameJa":"御成門小学校前","routeCount":1,"operator":"Toei"}},{"type":"Feature","geometry":{"type":"Point","coordinates":[139.75936,35.65622]},"properties":{"stopId":"Toei.KaiganItchome.299.1","name":"Kaigan-Itchōme (Kaigan 1)","nameJa":"海岸一丁目","routeCount":1,"operator":"Toei"}},{"type":"Feature","geometry":{"type":"Point","coordinates":[139.75956,35.656]},"properties":{"stopId":"Toei.KaiganItchome.299.2","name":"Kaigan-Itchōme (Kaigan 1)","nameJa":"海岸一丁目","routeCount":1,"operator":"Toei"}},{"type":"Feature","geometry":{"type":"Point","coordinates":[139.75884,35.6505]},"properties":{"stopId":"Toei.HinodeSambashiIriguchi.300.1","name":"Hinode-Sambashi-Iriguchi (Hinode Pier)","nameJa":"日の出桟橋入口","routeCount":1,"operator":"Toei"}},{"type":"Feature","geometry":{"type":"Point","coordinates":[139.75899,35.64997]},"properties":{"stopId":"Toei.HinodeSambashiIriguchi.300.2","name":"Hinode-Sambashi-Iriguchi (Hinode Pier)","nameJa":"日の出桟橋入口","routeCount":1,"operator":"Toei"}},{"type":"Feature","geometry":{"type":"Point","coordinates":[139.75634,35.64557]},"properties":{"stopId":"Toei.KaiganSanchome.301.1","name":"Kaigan-Sanchōme (Kaigan 3)","nameJa":"海岸三丁目","routeCount":1,"operator":"Toei"}},{"type":"Feature","geometry":{"type":"Point","coordinates":[139.75658,35.64531]},"properties":{"stopId":"Toei.KaiganSanchome.301.2","name":"Kaigan-Sanchōme (Kaigan 3)","nameJa":"海岸三丁目","routeCount":1,"operator":"Toei"}},{"type":"Feature","geometry":{"type":"Point","coordinates":[139.77218,35.62233]},"properties":{"stopId":"Toei.TokyoInternationalCruiseTerminalStation.302.1","name":"Tokyo International Cruise Terminal Sta.","nameJa":"東京国際クルーズターミナル駅前","routeCount":1,"operator":"Toei"}},{"type":"Feature","geometry":{"type":"Point","coordinates":[139.73769,35.7019]},"properties":{"stopId":"Toei.UshigomeKagurazakaStation.305.2","name":"Ushigome-Kagurazaka Sta.","nameJa":"牛込神楽坂駅前","routeCount":1,"operator":"Toei"}},{"type":"Feature","geometry":{"type":"Point","coordinates":[139.72526,35.69182]},"properties":{"stopId":"Toei.KappazakaShita.330.3","name":"Kappazaka-Shita","nameJa":"合羽坂下","routeCount":1,"operator":"Toei"}},{"type":"Feature","geometry":{"type":"Point","coordinates":[139.72529,35.69163]},"properties":{"stopId":"Toei.KappazakaShita.330.4","name":"Kappazaka-Shita","nameJa":"合羽坂下","routeCount":1,"operator":"Toei"}},{"type":"Feature","geometry":{"type":"Point","coordinates":[139.87323,35.66246]},"properties":{"stopId":"Toei.KasaiStation.307.15","name":"Kasai Sta.","nameJa":"葛西駅前","routeCount":1,"operator":"Toei"}},{"type":"Feature","geometry":{"type":"Point","coordinates":[139.86981,35.66622]},"properties":{"stopId":"Toei.KasaiKuminkan.308.2","name":"Kasai-Kuminkan (Kasai Civic Center)","nameJa":"葛西区民館前","routeCount":1,"operator":"Toei"}},{"type":"Feature","geometry":{"type":"Point","coordinates":[139.75401,35.70775]},"properties":{"stopId":"Toei.KasugaItchome.318.1","name":"Kasuga-Itchōme (Kasuga 1)","nameJa":"春日一丁目","routeCount":1,"operator":"Toei"}},{"type":"Feature","geometry":{"type":"Point","coordinates":[139.74867,35.6739]},"properties":{"stopId":"Toei.Kasumigaseki.320.1","name":"Kasumigaseki","nameJa":"霞が関","routeCount":1,"operator":"Toei"}},{"type":"Feature","geometry":{"type":"Point","coordinates":[139.74987,35.67308]},"properties":{"stopId":"Toei.Kasumigaseki.320.2","name":"Kasumigaseki","nameJa":"霞が関","routeCount":1,"operator":"Toei"}},{"type":"Feature","geometry":{"type":"Point","coordinates":[139.77677,35.65885]},"properties":{"stopId":"Toei.KachidokiStation.326.5","name":"Kachidoki Sta.","nameJa":"勝どき駅前","routeCount":1,"operator":"Toei"}},{"type":"Feature","geometry":{"type":"Point","coordinates":[139.72613,35.69216]},"properties":{"stopId":"Toei.KappazakaShita.330.5","name":"Kappazaka-Shita","nameJa":"合羽坂下","routeCount":1,"operator":"Toei"}},{"type":"Feature","geometry":{"type":"Point","coordinates":[139.72682,35.69155]},"properties":{"stopId":"Toei.KappazakaShita.330.6","name":"Kappazaka-Shita","nameJa":"合羽坂下","routeCount":1,"operator":"Toei"}},{"type":"Feature","geometry":{"type":"Point","coordinates":[139.75338,35.65273]},"properties":{"stopId":"Toei.Kanasugibashi.331.4","name":"Kanasugibashi","nameJa":"金杉橋","routeCount":1,"operator":"Toei"}},{"type":"Feature","geometry":{"type":"Point","coordinates":[139.77768,35.68104]},"properties":{"stopId":"Toei.Kabutocho.335.2","name":"Kabutochō","nameJa":"兜町","routeCount":1,"operator":"Toei"}},{"type":"Feature","geometry":{"type":"Point","coordinates":[139.7774,35.68092]},"properties":{"stopId":"Toei.Kabutocho.335.1","name":"Kabutochō","nameJa":"兜町","routeCount":1,"operator":"Toei"}},{"type":"Feature","geometry":{"type":"Point","coordinates":[139.76099,35.69331]},"properties":{"stopId":"Toei.KandaNishikicho.382.2","name":"Kanda-Nishikichō","nameJa":"神田錦町","routeCount":1,"operator":"Toei"}},{"type":"Feature","geometry":{"type":"Point","coordinates":[139.77886,35.72438]},"properties":{"stopId":"Toei.KamiNegishi.356.2","name":"Kami-Negishi","nameJa":"上根岸","routeCount":1,"operator":"Toei"}},{"type":"Feature","geometry":{"type":"Point","coordinates":[139.75002,35.73257]},"properties":{"stopId":"Toei.KamiFujimae.359.2","name":"Kami-Fujimae","nameJa":"上富士前","routeCount":1,"operator":"Toei"}},{"type":"Feature","geometry":{"type":"Point","coordinates":[139.74984,35.73272]},"properties":{"stopId":"Toei.KamiFujimae.359.3","name":"Kami-Fujimae","nameJa":"上富士前","routeCount":1,"operator":"Toei"}},{"type":"Feature","geometry":{"type":"Point","coordinates":[139.74586,35.66292]},"properties":{"stopId":"Toei.KamiyachoStation.360.3","name":"Kamiyachō Sta.","nameJa":"神谷町駅前","routeCount":1,"operator":"Toei"}},{"type":"Feature","geometry":{"type":"Point","coordinates":[139.8247,35.69808]},"properties":{"stopId":"Toei.KameidoStation.369.8","name":"Kameido Sta.","nameJa":"亀戸駅前","routeCount":1,"operator":"Toei"}},{"type":"Feature","geometry":{"type":"Point","coordinates":[139.77947,35.68007]},"properties":{"stopId":"Toei.Kayabacho.378.5","name":"Kayabachō","nameJa":"茅場町","routeCount":1,"operator":"Toei"}},{"type":"Feature","geometry":{"type":"Point","coordinates":[139.7808,35.67974]},"properties":{"stopId":"Toei.Kayabacho.378.6","name":"Kayabachō","nameJa":"茅場町","routeCount":1,"operator":"Toei"}},{"type":"Feature","geometry":{"type":"Point","coordinates":[139.76362,35.68752]},"properties":{"stopId":"Toei.Kandabashi.383.1","name":"Kandabashi","nameJa":"神田橋","routeCount":1,"operator":"Toei"}},{"type":"Feature","geometry":{"type":"Point","coordinates":[139.77094,35.69388]},"properties":{"stopId":"Toei.KandaStation.381.1","name":"Kanda Sta.","nameJa":"神田駅前","routeCount":1,"operator":"Toei"}},{"type":"Feature","geometry":{"type":"Point","coordinates":[139.83194,35.67186]},"properties":{"stopId":"Toei.GakkoDori.389.5","name":"Gakkō-Dōri","nameJa":"学校通り","routeCount":1,"operator":"Toei"}},{"type":"Feature","geometry":{"type":"Point","coordinates":[139.71517,35.66968]},"properties":{"stopId":"Toei.KitaAoyamaSanchome.400.1","name":"Kita-Aoyama-Sanchōme (Kita-Aoyama 3)","nameJa":"北青山三丁目","routeCount":1,"operator":"Toei"}},{"type":"Feature","geometry":{"type":"Point","coordinates":[139.71508,35.66949]},"properties":{"stopId":"Toei.KitaAoyamaSanchome.400.2","name":"Kita-Aoyama-Sanchōme (Kita-Aoyama 3)","nameJa":"北青山三丁目","routeCount":1,"operator":"Toei"}},{"type":"Feature","geometry":{"type":"Point","coordinates":[139.72553,35.64442]},"properties":{"stopId":"Toei.KitasatoKenkyusho.405.2","name":"Kitasato-Kenkyūsho","nameJa":"北里研究所前","routeCount":1,"operator":"Toei"}},{"type":"Feature","geometry":{"type":"Point","coordinates":[139.733,35.77358]},"properties":{"stopId":"Toei.KitaShako.407.3","name":"Kita-Shako","nameJa":"北車庫前","routeCount":1,"operator":"Toei"}},{"type":"Feature","geometry":{"type":"Point","coordinates":[139.83741,35.68451]},"properties":{"stopId":"Toei.KitasunaRokuchome.414.4","name":"Kitasuna-Rokuchōme (Kitasuna 6)","nameJa":"北砂六丁目","routeCount":1,"operator":"Toei"}},{"type":"Feature","geometry":{"type":"Point","coordinates":[139.83697,35.6844]},"properties":{"stopId":"Toei.KitasunaRokuchome.414.3","name":"Kitasuna-Rokuchōme (Kitasuna 6)","nameJa":"北砂六丁目","routeCount":1,"operator":"Toei"}},{"type":"Feature","geometry":{"type":"Point","coordinates":[139.80352,35.6697]},"properties":{"stopId":"Toei.KibaNichome.426.3","name":"Kiba-Nichōme (Kiba 2)","nameJa":"木場二丁目","routeCount":1,"operator":"Toei"}},{"type":"Feature","geometry":{"type":"Point","coordinates":[139.80555,35.66786]},"properties":{"stopId":"Toei.KibaRokuchomeGyazaria.429.3","name":"Kiba-Rokuchōme-Gyazaria (Kiba 6 Gyazaria)","nameJa":"木場六丁目ギャザリア前","routeCount":1,"operator":"Toei"}},{"type":"Feature","geometry":{"type":"Point","coordinates":[139.84049,35.67487]},"properties":{"stopId":"Toei.KyuKasaibashi.430.1","name":"Kyū-Kasaibashi","nameJa":"旧葛西橋","routeCount":1,"operator":"Toei"}},{"type":"Feature","geometry":{"type":"Point","coordinates":[139.81437,35.6958]},"properties":{"stopId":"Toei.KinshichoStation.442.4","name":"Kinshichō Sta.","nameJa":"錦糸町駅前","routeCount":1,"operator":"Toei"}},{"type":"Feature","geometry":{"type":"Point","coordinates":[139.737,35.6442]},"properties":{"stopId":"Toei.GyoranZakaShita.444.7","name":"Gyoran-Zaka-Shita","nameJa":"魚籃坂下","routeCount":1,"operator":"Toei"}},{"type":"Feature","geometry":{"type":"Point","coordinates":[139.74562,35.69413]},"properties":{"stopId":"Toei.KudanUe.451.1","name":"Kudan-Ue","nameJa":"九段上","routeCount":1,"operator":"Toei"}},{"type":"Feature","geometry":{"type":"Point","coordinates":[139.76358,35.66969]},"properties":{"stopId":"Toei.GinzaRokuchome.449.5","name":"Ginza-Rokuchōme (Ginza 6)","nameJa":"銀座六丁目","routeCount":1,"operator":"Toei"}},{"type":"Feature","geometry":{"type":"Point","coordinates":[139.74577,35.69399]},"properties":{"stopId":"Toei.KudanUe.451.2","name":"Kudan-Ue","nameJa":"九段上","routeCount":1,"operator":"Toei"}},{"type":"Feature","geometry":{"type":"Point","coordinates":[139.75112,35.69591]},"properties":{"stopId":"Toei.Kudanshita.452.1","name":"Kudanshita","nameJa":"九段下","routeCount":1,"operator":"Toei"}},{"type":"Feature","geometry":{"type":"Point","coordinates":[139.75235,35.69544]},"properties":{"stopId":"Toei.Kudanshita.452.2","name":"Kudanshita","nameJa":"九段下","routeCount":1,"operator":"Toei"}},{"type":"Feature","geometry":{"type":"Point","coordinates":[139.75207,35.69567]},"properties":{"stopId":"Toei.Kudanshita.452.3","name":"Kudanshita","nameJa":"九段下","routeCount":1,"operator":"Toei"}},{"type":"Feature","geometry":{"type":"Point","coordinates":[139.74261,35.69286]},"properties":{"stopId":"Toei.KudanSanchome.453.1","name":"Kudan-Sanchōme (Kudan 3)","nameJa":"九段三丁目","routeCount":1,"operator":"Toei"}},{"type":"Feature","geometry":{"type":"Point","coordinates":[139.74322,35.69327]},"properties":{"stopId":"Toei.KudanSanchome.453.2","name":"Kudan-Sanchōme (Kudan 3)","nameJa":"九段三丁目","routeCount":1,"operator":"Toei"}},{"type":"Feature","geometry":{"type":"Point","coordinates":[139.74157,35.64783]},"properties":{"stopId":"Toei.KeiogijukuDai.464.4","name":"Keiōgijuku-Dai (Keio Univ.)","nameJa":"慶応義塾大前","routeCount":1,"operator":"Toei"}},{"type":"Feature","geometry":{"type":"Point","coordinates":[139.75016,35.63395]},"properties":{"stopId":"Toei.KonanSanchome.502.2","name":"Kōnan-Sanchōme (Kōnan 3)","nameJa":"港南三丁目","routeCount":1,"operator":"Toei"}},{"type":"Feature","geometry":{"type":"Point","coordinates":[139.73822,35.68353]},"properties":{"stopId":"Toei.KojimachiYonchome.488.1","name":"Kōjimachi-Yonchōme (Kōjimachi 4)","nameJa":"麹町四丁目","routeCount":1,"operator":"Toei"}},{"type":"Feature","geometry":{"type":"Point","coordinates":[139.73814,35.68328]},"properties":{"stopId":"Toei.KojimachiYonchome.488.4","name":"Kōjimachi-Yonchōme (Kōjimachi 4)","nameJa":"麹町四丁目","routeCount":1,"operator":"Toei"}},{"type":"Feature","geometry":{"type":"Point","coordinates":[139.75456,35.70459]},"properties":{"stopId":"Toei.Korakuen.512.1","name":"Kōrakuen","nameJa":"後楽園","routeCount":1,"operator":"Toei"}},{"type":"Feature","geometry":{"type":"Point","coordinates":[139.75415,35.62618]},"properties":{"stopId":"Toei.KonanGochome.503.1","name":"Kōnan-Gochōme (Kōnan 5)","nameJa":"港南五丁目","routeCount":1,"operator":"Toei"}},{"type":"Feature","geometry":{"type":"Point","coordinates":[139.81858,35.68901]},"properties":{"stopId":"Toei.KotoKokaido.492.1","name":"Kōtō-Kōkaidō","nameJa":"江東公会堂前","routeCount":1,"operator":"Toei"}},{"type":"Feature","geometry":{"type":"Point","coordinates":[139.81903,35.68917]},"properties":{"stopId":"Toei.KotoKokaido.492.2","name":"Kōtō-Kōkaidō","nameJa":"江東公会堂前","routeCount":1,"operator":"Toei"}},{"type":"Feature","geometry":{"type":"Point","coordinates":[139.83522,35.69198]},"properties":{"stopId":"Toei.RoGakkoKotoBunkyoshitsu.497.1","name":"Rō-Gakkō-Kōtō-Bunkyōshitsu","nameJa":"城東特別支援学校前","routeCount":1,"operator":"Toei"}},{"type":"Feature","geometry":{"type":"Point","coordinates":[139.83495,35.69206]},"properties":{"stopId":"Toei.RoGakkoKotoBunkyoshitsu.497.2","name":"Rō-Gakkō-Kōtō-Bunkyōshitsu","nameJa":"城東特別支援学校前","routeCount":1,"operator":"Toei"}},{"type":"Feature","geometry":{"type":"Point","coordinates":[139.75076,35.63457]},"properties":{"stopId":"Toei.KonanSanchome.502.1","name":"Kōnan-Sanchōme (Kōnan 3)","nameJa":"港南三丁目","routeCount":1,"operator":"Toei"}},{"type":"Feature","geometry":{"type":"Point","coordinates":[139.75531,35.70345]},"properties":{"stopId":"Toei.Korakuen.512.2","name":"Kōrakuen","nameJa":"後楽園","routeCount":1,"operator":"Toei"}},{"type":"Feature","geometry":{"type":"Point","coordinates":[139.71099,35.65546]},"properties":{"stopId":"Toei.KokugakuinDaigaku.516.1","name":"Kokugakuin-Daigaku (Kokugakuin Univ.)","nameJa":"国学院大学前","routeCount":1,"operator":"Toei"}},{"type":"Feature","geometry":{"type":"Point","coordinates":[139.71097,35.65608]},"properties":{"stopId":"Toei.KokugakuinDaigaku.516.2","name":"Kokugakuin-Daigaku (Kokugakuin Univ.)","nameJa":"国学院大学前","routeCount":1,"operator":"Toei"}},{"type":"Feature","geometry":{"type":"Point","coordinates":[139.66606,35.72685]},"properties":{"stopId":"Toei.GodoJutaku.520.1","name":"Gōdō-Jūtaku","nameJa":"合同住宅前","routeCount":1,"operator":"Toei"}},{"type":"Feature","geometry":{"type":"Point","coordinates":[139.66563,35.72713]},"properties":{"stopId":"Toei.GodoJutaku.520.2","name":"Gōdō-Jūtaku","nameJa":"合同住宅前","routeCount":1,"operator":"Toei"}},{"type":"Feature","geometry":{"type":"Point","coordinates":[139.7446,35.6778]},"properties":{"stopId":"Toei.KokkaiGijido.531.1","name":"Kokkai-Gijidō(The National Diet)","nameJa":"国会議事堂前","routeCount":1,"operator":"Toei"}},{"type":"Feature","geometry":{"type":"Point","coordinates":[139.74407,35.67752]},"properties":{"stopId":"Toei.KokkaiGijido.531.2","name":"Kokkai-Gijidō(The National Diet)","nameJa":"国会議事堂前","routeCount":1,"operator":"Toei"}},{"type":"Feature","geometry":{"type":"Point","coordinates":[139.75743,35.72984]},"properties":{"stopId":"Toei.KomagomeByoin.545.2","name":"Komagome-Byōin (Komagome Hp.)","nameJa":"駒込病院前","routeCount":1,"operator":"Toei"}},{"type":"Feature","geometry":{"type":"Point","coordinates":[139.84736,35.70259]},"properties":{"stopId":"Toei.KomatsugawaKuminkan.550.1","name":"Komatsugawa-Kuminkan (Komatsugawa Civic Center)","nameJa":"小松川区民館前","routeCount":1,"operator":"Toei"}},{"type":"Feature","geometry":{"type":"Point","coordinates":[139.724,35.62627]},"properties":{"stopId":"Toei.GotandaStation.559.5","name":"Gotanda Sta.","nameJa":"五反田駅","routeCount":1,"operator":"Toei"}},{"type":"Feature","geometry":{"type":"Point","coordinates":[139.72447,35.62633]},"properties":{"stopId":"Toei.GotandaStation.559.1","name":"Gotanda Sta.","nameJa":"五反田駅","routeCount":1,"operator":"Toei"}},{"type":"Feature","geometry":{"type":"Point","coordinates":[139.75184,35.63666]},"properties":{"stopId":"Toei.Goshikibashi.558.1","name":"Goshikibashi","nameJa":"五色橋","routeCount":1,"operator":"Toei"}},{"type":"Feature","geometry":{"type":"Point","coordinates":[139.75218,35.63648]},"properties":{"stopId":"Toei.Goshikibashi.558.2","name":"Goshikibashi","nameJa":"五色橋","routeCount":1,"operator":"Toei"}},{"type":"Feature","geometry":{"type":"Point","coordinates":[139.76927,35.68413]},"properties":{"stopId":"Toei.Gofukubashi.562.1","name":"Gofukubashi","nameJa":"呉服橋","routeCount":1,"operator":"Toei"}},{"type":"Feature","geometry":{"type":"Point","coordinates":[139.76909,35.68389]},"properties":{"stopId":"Toei.Gofukubashi.562.2","name":"Gofukubashi","nameJa":"呉服橋","routeCount":1,"operator":"Toei"}},{"type":"Feature","geometry":{"type":"Point","coordinates":[139.7894,35.67534]},"properties":{"stopId":"Toei.SagaItchome.567.1","name":"Saga-Itchōme (Saga 1)","nameJa":"佐賀一丁目","routeCount":1,"operator":"Toei"}},{"type":"Feature","geometry":{"type":"Point","coordinates":[139.78955,35.67559]},"properties":{"stopId":"Toei.SagaItchome.567.2","name":"Saga-Itchōme (Saga 1)","nameJa":"佐賀一丁目","routeCount":1,"operator":"Toei"}},{"type":"Feature","geometry":{"type":"Point","coordinates":[139.77893,35.75492]},"properties":{"stopId":"Toei.SakuragiDoteUe.568.1","name":"Sakuragi-Dote-Ue","nameJa":"桜木土手上","routeCount":1,"operator":"Toei"}},{"type":"Feature","geometry":{"type":"Point","coordinates":[139.77893,35.755]},"properties":{"stopId":"Toei.SakuragiDoteUe.568.2","name":"Sakuragi-Dote-Ue","nameJa":"桜木土手上","routeCount":1,"operator":"Toei"}},{"type":"Feature","geometry":{"type":"Point","coordinates":[139.66061,35.73709]},"properties":{"stopId":"Toei.SakuradaiStation.570.1","name":"Sakuradai Sta.","nameJa":"桜台駅前","routeCount":1,"operator":"Toei"}},{"type":"Feature","geometry":{"type":"Point","coordinates":[139.66052,35.73713]},"properties":{"stopId":"Toei.SakuradaiStation.570.2","name":"Sakuradai Sta.","nameJa":"桜台駅前","routeCount":1,"operator":"Toei"}},{"type":"Feature","geometry":{"type":"Point","coordinates":[139.66077,35.73813]},"properties":{"stopId":"Toei.SakuradaiStation.570.3","name":"Sakuradai Sta.","nameJa":"桜台駅前","routeCount":1,"operator":"Toei"}},{"type":"Feature","geometry":{"type":"Point","coordinates":[139.77025,35.79217]},"properties":{"stopId":"Toei.SaranumaNichome.576.1","name":"Saranuma-Nichōme (Saranuma 2)","nameJa":"皿沼二丁目","routeCount":1,"operator":"Toei"}},{"type":"Feature","geometry":{"type":"Point","coordinates":[139.76995,35.79229]},"properties":{"stopId":"Toei.SaranumaNichome.576.2","name":"Saranuma-Nichōme (Saranuma 2)","nameJa":"皿沼二丁目","routeCount":1,"operator":"Toei"}},{"type":"Feature","geometry":{"type":"Point","coordinates":[139.74086,35.62329]},"properties":{"stopId":"Toei.ShinagawaShako.608.4","name":"Shinagawa-Shako","nameJa":"品川車庫前","routeCount":1,"operator":"Toei"}},{"type":"Feature","geometry":{"type":"Point","coordinates":[139.72997,35.64381]},"properties":{"stopId":"Toei.SankosakaShita.581.2","name":"Sankōsaka-Shita","nameJa":"三光坂下","routeCount":1,"operator":"Toei"}},{"type":"Feature","geometry":{"type":"Point","coordinates":[139.74087,35.62327]},"properties":{"stopId":"Toei.ShinagawaShako.608.5","name":"Shinagawa-Shako","nameJa":"品川車庫前","routeCount":1,"operator":"Toei"}},{"type":"Feature","geometry":{"type":"Point","coordinates":[139.75614,35.64336]},"properties":{"stopId":"Toei.Shiojibashi.591.2","name":"Shiojibashi","nameJa":"潮路橋","routeCount":1,"operator":"Toei"}},{"type":"Feature","geometry":{"type":"Point","coordinates":[139.75528,35.64345]},"properties":{"stopId":"Toei.Shiojibashi.591.3","name":"Shiojibashi","nameJa":"潮路橋","routeCount":1,"operator":"Toei"}},{"type":"Feature","geometry":{"type":"Point","coordinates":[139.80395,35.66094]},"properties":{"stopId":"Toei.ShiohamaNichome.594.3","name":"Shiohama-Nichōme (Shiohama 2)","nameJa":"塩浜二丁目","routeCount":1,"operator":"Toei"}},{"type":"Feature","geometry":{"type":"Point","coordinates":[139.81042,35.65624]},"properties":{"stopId":"Toei.ShiomiItchome.595.2","name":"Shiomi-Itchōme (Shiomi 1)","nameJa":"潮見一丁目","routeCount":1,"operator":"Toei"}},{"type":"Feature","geometry":{"type":"Point","coordinates":[139.877,35.71991]},"properties":{"stopId":"Toei.ShikamotoChugakko.599.1","name":"Shikamoto-Chūgakkō","nameJa":"鹿本中学校前","routeCount":1,"operator":"Toei"}},{"type":"Feature","geometry":{"type":"Point","coordinates":[139.87669,35.71982]},"properties":{"stopId":"Toei.ShikamotoChugakko.599.3","name":"Shikamoto-Chūgakkō","nameJa":"鹿本中学校前","routeCount":1,"operator":"Toei"}},{"type":"Feature","geometry":{"type":"Point","coordinates":[139.74163,35.62964]},"properties":{"stopId":"Toei.ShinagawaStationKonanguchi.605.5","name":"Shinagawa Sta. Kōnanguchi (Kōnan Exit)","nameJa":"品川駅港南口","routeCount":1,"operator":"Toei"}},{"type":"Feature","geometry":{"type":"Point","coordinates":[139.90184,35.703]},"properties":{"stopId":"Toei.ShinozakichoNanachome.616.1","name":"Shinozakichō-Nanachōme (Shinozakichō 7)","nameJa":"篠崎町七丁目","routeCount":1,"operator":"Toei"}},{"type":"Feature","geometry":{"type":"Point","coordinates":[139.73776,35.62743]},"properties":{"stopId":"Toei.ShinagawaStationTakanawaguchi.606.1","name":"Shinagawa Sta. Takanawaguchi (Takanawa Exit)","nameJa":"品川駅高輪口","routeCount":1,"operator":"Toei"}},{"type":"Feature","geometry":{"type":"Point","coordinates":[139.75481,35.62157]},"properties":{"stopId":"Toei.ShinagawaKaryokuHatsudensho.607.3","name":"Shinagawa-Karyoku-Hatsudensho","nameJa":"品川火力発電所前","routeCount":1,"operator":"Toei"}},{"type":"Feature","geometry":{"type":"Point","coordinates":[139.74049,35.62254]},"properties":{"stopId":"Toei.ShinagawaShako.608.2","name":"Shinagawa-Shako","nameJa":"品川車庫前","routeCount":1,"operator":"Toei"}},{"type":"Feature","geometry":{"type":"Point","coordinates":[139.7576,35.63151]},"properties":{"stopId":"Toei.ShinagawaFuto.609.1","name":"Shinagawa-Futō","nameJa":"品川埠頭","routeCount":1,"operator":"Toei"}},{"type":"Feature","geometry":{"type":"Point","coordinates":[139.90101,35.70236]},"properties":{"stopId":"Toei.ShinozakichoNanachome.616.2","name":"Shinozakichō-Nanachōme (Shinozakichō 7)","nameJa":"篠崎町七丁目","routeCount":1,"operator":"Toei"}},{"type":"Feature","geometry":{"type":"Point","coordinates":[139.75768,35.62903]},"properties":{"stopId":"Toei.ShinagawaFutoGampekiIriguchi.610.1","name":"Shinagawa-Futō-Gampeki-Iriguchi","nameJa":"品川埠頭岸壁入口","routeCount":1,"operator":"Toei"}},{"type":"Feature","geometry":{"type":"Point","coordinates":[139.74794,35.65256]},"properties":{"stopId":"Toei.Shibazonobashi.631.2","name":"Shibazonobashi","nameJa":"芝園橋","routeCount":1,"operator":"Toei"}},{"type":"Feature","geometry":{"type":"Point","coordinates":[139.70206,35.65936]},"properties":{"stopId":"Toei.ShibuyaStation.636.3","name":"Shibuya Sta.","nameJa":"渋谷駅前","routeCount":1,"operator":"Toei"}},{"type":"Feature","geometry":{"type":"Point","coordinates":[139.69913,35.66396]},"properties":{"stopId":"Toei.ShibuyaKuyakusho.638.1","name":"Shibuya-Kuyakusho (Shibuya City Office)","nameJa":"渋谷区役所前","routeCount":1,"operator":"Toei"}},{"type":"Feature","geometry":{"type":"Point","coordinates":[139.71096,35.64864]},"properties":{"stopId":"Toei.Shibuyabashi.640.7","name":"Shibuyabashi","nameJa":"渋谷橋","routeCount":1,"operator":"Toei"}},{"type":"Feature","geometry":{"type":"Point","coordinates":[139.71149,35.64941]},"properties":{"stopId":"Toei.Shibuyabashi.640.10","name":"Shibuyabashi","nameJa":"渋谷橋","routeCount":1,"operator":"Toei"}},{"type":"Feature","geometry":{"type":"Point","coordinates":[139.73267,35.77797]},"properties":{"stopId":"Toei.ShimoItchome.663.1","name":"Shimo-Itchōme (Shimo 1)","nameJa":"志茂一丁目","routeCount":1,"operator":"Toei"}},{"type":"Feature","geometry":{"type":"Point","coordinates":[139.73248,35.77792]},"properties":{"stopId":"Toei.ShimoItchome.663.2","name":"Shimo-Itchōme (Shimo 1)","nameJa":"志茂一丁目","routeCount":1,"operator":"Toei"}},{"type":"Feature","geometry":{"type":"Point","coordinates":[139.72935,35.78136]},"properties":{"stopId":"Toei.ShimoNichome.664.1","name":"Shimo-Nichōme (Shimo 2)","nameJa":"志茂二丁目","routeCount":1,"operator":"Toei"}},{"type":"Feature","geometry":{"type":"Point","coordinates":[139.72977,35.78073]},"properties":{"stopId":"Toei.ShimoNichome.664.2","name":"Shimo-Nichōme (Shimo 2)","nameJa":"志茂二丁目","routeCount":1,"operator":"Toei"}},{"type":"Feature","geometry":{"type":"Point","coordinates":[139.82996,35.71885]},"properties":{"stopId":"Toei.ShakaiFukushiKaikan.665.1","name":"Shakai-Fukushi-Kaikan (Social Welfare Facilities)","nameJa":"社会福祉会館前","routeCount":1,"operator":"Toei"}},{"type":"Feature","geometry":{"type":"Point","coordinates":[139.87623,35.65789]},"properties":{"stopId":"Toei.ShogakkoDori.667.1","name":"Shōgakkō-Dōri","nameJa":"小学校通り","routeCount":1,"operator":"Toei"}},{"type":"Feature","geometry":{"type":"Point","coordinates":[139.87539,35.65806]},"properties":{"stopId":"Toei.ShogakkoDori.667.2","name":"Shōgakkō-Dōri","nameJa":"小学校通り","routeCount":1,"operator":"Toei"}},{"type":"Feature","geometry":{"type":"Point","coordinates":[139.73342,35.64317]},"properties":{"stopId":"Toei.ShirokaneTakanawaStation.681.2","name":"Shirokane-Takanawa Sta.","nameJa":"白金高輪駅前","routeCount":1,"operator":"Toei"}},{"type":"Feature","geometry":{"type":"Point","coordinates":[139.73397,35.6423]},"properties":{"stopId":"Toei.ShirokaneTakanawaStation.681.3","name":"Shirokane-Takanawa Sta.","nameJa":"白金高輪駅前","routeCount":1,"operator":"Toei"}},{"type":"Feature","geometry":{"type":"Point","coordinates":[139.884,35.67336]},"properties":{"stopId":"Toei.ShinKawaguchi.687.1","name":"Shin-Kawaguchi","nameJa":"新川口","routeCount":1,"operator":"Toei"}},{"type":"Feature","geometry":{"type":"Point","coordinates":[139.7296,35.72617]},"properties":{"stopId":"Toei.ShinOtsuka.685.4","name":"Shin-Ōtsuka","nameJa":"新大塚","routeCount":1,"operator":"Toei"}},{"type":"Feature","geometry":{"type":"Point","coordinates":[139.88337,35.67151]},"properties":{"stopId":"Toei.ShinKawaguchi.687.2","name":"Shin-Kawaguchi","nameJa":"新川口","routeCount":1,"operator":"Toei"}},{"type":"Feature","geometry":{"type":"Point","coordinates":[139.78315,35.67837]},"properties":{"stopId":"Toei.ShinkawaItchome.688.1","name":"Shinkawa-Itchōme (Shinkawa 1)","nameJa":"新川一丁目","routeCount":1,"operator":"Toei"}},{"type":"Feature","geometry":{"type":"Point","coordinates":[139.78298,35.67821]},"properties":{"stopId":"Toei.ShinkawaItchome.688.2","name":"Shinkawa-Itchōme (Shinkawa 1)","nameJa":"新川一丁目","routeCount":1,"operator":"Toei"}},{"type":"Feature","geometry":{"type":"Point","coordinates":[139.7811,35.67476]},"properties":{"stopId":"Toei.ShinkawaNichome.689.1","name":"Shinkawa-Nichōme (Shinkawa 2)","nameJa":"新川二丁目","routeCount":1,"operator":"Toei"}},{"type":"Feature","geometry":{"type":"Point","coordinates":[139.85827,35.71637]},"properties":{"stopId":"Toei.ShinKoiwaStation.696.1","name":"Shin-Koiwa Sta.","nameJa":"新小岩駅前","routeCount":1,"operator":"Toei"}},{"type":"Feature","geometry":{"type":"Point","coordinates":[139.69893,35.69111]},"properties":{"stopId":"Toei.ShinjukuStationNishiguchi.702.7","name":"Shinjuku Sta. Nishiguchi (West Exit)","nameJa":"新宿駅西口","routeCount":1,"operator":"Toei"}},{"type":"Feature","geometry":{"type":"Point","coordinates":[139.7052,35.69158]},"properties":{"stopId":"Toei.ShinjukuIsetan.705.6","name":"Shinjuku-Isetan (Shinjuku-Isetan Department Store)","nameJa":"新宿伊勢丹前","routeCount":1,"operator":"Toei"}},{"type":"Feature","geometry":{"type":"Point","coordinates":[139.70682,35.69062]},"properties":{"stopId":"Toei.ShinjukuSanchome.713.3","name":"Shinjuku-Sanchōme (Shinjuku 3)","nameJa":"新宿三丁目","routeCount":1,"operator":"Toei"}},{"type":"Feature","geometry":{"type":"Point","coordinates":[139.70709,35.69043]},"properties":{"stopId":"Toei.ShinjukuSanchome.713.4","name":"Shinjuku-Sanchōme (Shinjuku 3)","nameJa":"新宿三丁目","routeCount":1,"operator":"Toei"}},{"type":"Feature","geometry":{"type":"Point","coordinates":[139.70639,35.69025]},"properties":{"stopId":"Toei.ShinjukuSanchome.713.10","name":"Shinjuku-Sanchōme (Shinjuku 3)","nameJa":"新宿三丁目","routeCount":1,"operator":"Toei"}},{"type":"Feature","geometry":{"type":"Point","coordinates":[139.75774,35.697]},"properties":{"stopId":"Toei.JimbochoNichome.762.1","name":"Jimbōchō-Nichōme (Jimbōchō 2)","nameJa":"神保町二丁目","routeCount":1,"operator":"Toei"}},{"type":"Feature","geometry":{"type":"Point","coordinates":[139.7536,35.7688]},"properties":{"stopId":"Toei.ShindenDoteDori.725.1","name":"Shinden-Dote-Dōri","nameJa":"新田土手通り","routeCount":1,"operator":"Toei"}},{"type":"Feature","geometry":{"type":"Point","coordinates":[139.75317,35.76904]},"properties":{"stopId":"Toei.ShindenDoteDori.725.2","name":"Shinden-Dote-Dōri","nameJa":"新田土手通り","routeCount":1,"operator":"Toei"}},{"type":"Feature","geometry":{"type":"Point","coordinates":[139.75843,35.69495]},"properties":{"stopId":"Toei.Jimbocho.761.1","name":"Jimbōchō","nameJa":"神保町","routeCount":1,"operator":"Toei"}},{"type":"Feature","geometry":{"type":"Point","coordinates":[139.78367,35.75548]},"properties":{"stopId":"Toei.ShinWatashi.747.2","name":"Shin-Watashi","nameJa":"新渡し","routeCount":1,"operator":"Toei"}},{"type":"Feature","geometry":{"type":"Point","coordinates":[139.75351,35.66053]},"properties":{"stopId":"Toei.ShimbashiRokuchome.740.2","name":"Shimbashi-Rokuchōme (Shimbashi 6)","nameJa":"新橋六丁目","routeCount":1,"operator":"Toei"}},{"type":"Feature","geometry":{"type":"Point","coordinates":[139.75584,35.66084]},"properties":{"stopId":"Toei.ShimbashiRokuchome.740.4","name":"Shimbashi-Rokuchōme (Shimbashi 6)","nameJa":"新橋六丁目","routeCount":1,"operator":"Toei"}},{"type":"Feature","geometry":{"type":"Point","coordinates":[139.78372,35.7554]},"properties":{"stopId":"Toei.ShinWatashi.747.1","name":"Shin-Watashi","nameJa":"新渡し","routeCount":1,"operator":"Toei"}},{"type":"Feature","geometry":{"type":"Point","coordinates":[139.71077,35.65665]},"properties":{"stopId":"Toei.JissenjoshiGakuen.749.1","name":"Jissenjoshi-Gakuen","nameJa":"実践女子学園前","routeCount":1,"operator":"Toei"}},{"type":"Feature","geometry":{"type":"Point","coordinates":[139.71262,35.67276]},"properties":{"stopId":"Toei.JingumaeNichome.759.1","name":"Jingūmae-Nichōme (Jingūmae 2)","nameJa":"神宮前二丁目","routeCount":1,"operator":"Toei"}},{"type":"Feature","geometry":{"type":"Point","coordinates":[139.71241,35.67324]},"properties":{"stopId":"Toei.JingumaeNichome.759.2","name":"Jingūmae-Nichōme (Jingūmae 2)","nameJa":"神宮前二丁目","routeCount":1,"operator":"Toei"}},{"type":"Feature","geometry":{"type":"Point","coordinates":[139.75766,35.69674]},"properties":{"stopId":"Toei.JimbochoNichome.762.2","name":"Jimbōchō-Nichōme (Jimbōchō 2)","nameJa":"神保町二丁目","routeCount":1,"operator":"Toei"}},{"type":"Feature","geometry":{"type":"Point","coordinates":[139.75532,35.63218]},"properties":{"stopId":"Toei.TakanawaShoboshoKonanShutchojoIriguchi.764.1","name":"Takanawa-Shōbōsho-Kōnan-Shutchōjo-Iriguchi","nameJa":"高輪消防署港南出張所入口","routeCount":1,"operator":"Toei"}},{"type":"Feature","geometry":{"type":"Point","coordinates":[139.75558,35.70123]},"properties":{"stopId":"Toei.SuidobashiStation.771.2","name":"Suidōbashi Sta.","nameJa":"水道橋駅前","routeCount":1,"operator":"Toei"}},{"type":"Feature","geometry":{"type":"Point","coordinates":[139.75528,35.70116]},"properties":{"stopId":"Toei.SuidobashiStation.771.1","name":"Suidōbashi Sta.","nameJa":"水道橋駅前","routeCount":1,"operator":"Toei"}},{"type":"Feature","geometry":{"type":"Point","coordinates":[139.76257,35.67274]},"properties":{"stopId":"Toei.Sukiyabashi.778.4","name":"Sukiyabashi","nameJa":"数寄屋橋","routeCount":1,"operator":"Toei"}},{"type":"Feature","geometry":{"type":"Point","coordinates":[139.65166,35.69784]},"properties":{"stopId":"Toei.SuginamiShako.780.4","name":"Suginami-Shako","nameJa":"杉並車庫前","routeCount":1,"operator":"Toei"}},{"type":"Feature","geometry":{"type":"Point","coordinates":[139.77081,35.69631]},"properties":{"stopId":"Toei.Sudacho.784.5","name":"Sudachō(Akihabara Sta.)","nameJa":"須田町","routeCount":1,"operator":"Toei"}},{"type":"Feature","geometry":{"type":"Point","coordinates":[139.76188,35.69728]},"properties":{"stopId":"Toei.SurugadaiShita.791.1","name":"Surugadai-Shita","nameJa":"駿河台下","routeCount":1,"operator":"Toei"}},{"type":"Feature","geometry":{"type":"Point","coordinates":[139.77797,35.66686]},"properties":{"stopId":"Toei.SeirukaByoin.797.1","name":"Seiruka-Byōin (St. Luke's International Hp. )","nameJa":"聖路加病院前","routeCount":1,"operator":"Toei"}},{"type":"Feature","geometry":{"type":"Point","coordinates":[139.7435,35.7281]},"properties":{"stopId":"Toei.SengokuItchome.808.1","name":"Sengoku-Itchōme (Sengoku 1)","nameJa":"千石一丁目(せんごくいっちょうめ（ぶんきょうく）)","routeCount":1,"operator":"Toei"}},{"type":"Feature","geometry":{"type":"Point","coordinates":[139.74421,35.72911]},"properties":{"stopId":"Toei.SengokuItchome.808.3","name":"Sengoku-Itchōme (Sengoku 1)","nameJa":"千石一丁目(せんごくいっちょうめ（ぶんきょうく）)","routeCount":1,"operator":"Toei"}},{"type":"Feature","geometry":{"type":"Point","coordinates":[139.79056,35.75519]},"properties":{"stopId":"Toei.SenjuSakuragi.814.2","name":"Senju-Sakuragi","nameJa":"千住桜木","routeCount":1,"operator":"Toei"}},{"type":"Feature","geometry":{"type":"Point","coordinates":[139.7402,35.72533]},"properties":{"stopId":"Toei.SengokuNichome.810.3","name":"Sengoku-Nichōme (Sengoku 2)","nameJa":"千石二丁目(せんごくにちょうめ（ぶんきょうく）)","routeCount":1,"operator":"Toei"}},{"type":"Feature","geometry":{"type":"Point","coordinates":[139.74091,35.72599]},"properties":{"stopId":"Toei.SengokuNichome.810.4","name":"Sengoku-Nichōme (Sengoku 2)","nameJa":"千石二丁目(せんごくにちょうめ（ぶんきょうく）)","routeCount":1,"operator":"Toei"}},{"type":"Feature","geometry":{"type":"Point","coordinates":[139.73687,35.723]},"properties":{"stopId":"Toei.SengokuSanchome.811.1","name":"Sengoku-Sanchōme (Sengoku 3)","nameJa":"千石三丁目","routeCount":1,"operator":"Toei"}},{"type":"Feature","geometry":{"type":"Point","coordinates":[139.7368,35.72314]},"properties":{"stopId":"Toei.SengokuSanchome.811.3","name":"Sengoku-Sanchōme (Sengoku 3)","nameJa":"千石三丁目","routeCount":1,"operator":"Toei"}},{"type":"Feature","geometry":{"type":"Point","coordinates":[139.78944,35.75516]},"properties":{"stopId":"Toei.SenjuSakuragi.814.1","name":"Senju-Sakuragi","nameJa":"千住桜木","routeCount":1,"operator":"Toei"}},{"type":"Feature","geometry":{"type":"Point","coordinates":[139.78943,35.75609]},"properties":{"stopId":"Toei.SenjuSakuragi.814.3","name":"Senju-Sakuragi","nameJa":"千住桜木","routeCount":1,"operator":"Toei"}},{"type":"Feature","geometry":{"type":"Point","coordinates":[139.78954,35.75525]},"properties":{"stopId":"Toei.SenjuSakuragi.814.5","name":"Senju-Sakuragi","nameJa":"千住桜木","routeCount":1,"operator":"Toei"}},{"type":"Feature","geometry":{"type":"Point","coordinates":[139.80244,35.7652]},"properties":{"stopId":"Toei.SenjuShako.815.3","name":"Senju-Shako","nameJa":"千住車庫前","routeCount":1,"operator":"Toei"}},{"type":"Feature","geometry":{"type":"Point","coordinates":[139.712,35.68066]},"properties":{"stopId":"Toei.SendagayaStation.828.3","name":"Sendagaya Sta.","nameJa":"千駄ヶ谷駅前","routeCount":1,"operator":"Toei"}},{"type":"Feature","geometry":{"type":"Point","coordinates":[139.76203,35.7216]},"properties":{"stopId":"Toei.SendagiNichome.833.1","name":"Sendagi-Nichōme (Sendagi 2)","nameJa":"千駄木二丁目","routeCount":1,"operator":"Toei"}},{"type":"Feature","geometry":{"type":"Point","coordinates":[139.76237,35.72221]},"properties":{"stopId":"Toei.SendagiNichome.833.2","name":"Sendagi-Nichōme (Sendagi 2)","nameJa":"千駄木二丁目","routeCount":1,"operator":"Toei"}},{"type":"Feature","geometry":{"type":"Point","coordinates":[139.75624,35.72735]},"properties":{"stopId":"Toei.SendagiGochome.835.1","name":"Sendagi-Gochōme (Sendagi 5)","nameJa":"千駄木五丁目","routeCount":1,"operator":"Toei"}},{"type":"Feature","geometry":{"type":"Point","coordinates":[139.75615,35.72746]},"properties":{"stopId":"Toei.SendagiGochome.835.2","name":"Sendagi-Gochōme (Sendagi 5)","nameJa":"千駄木五丁目","routeCount":1,"operator":"Toei"}},{"type":"Feature","geometry":{"type":"Point","coordinates":[139.72168,35.70863]},"properties":{"stopId":"Toei.SodaiSeimon.839.6","name":"Sōdai-Seimon (Waseda Univ.)","nameJa":"早大正門","routeCount":1,"operator":"Toei"}},{"type":"Feature","geometry":{"type":"Point","coordinates":[139.72148,35.7087]},"properties":{"stopId":"Toei.SodaiSeimon.839.9","name":"Sōdai-Seimon (Waseda Univ.)","nameJa":"早大正門","routeCount":1,"operator":"Toei"}},{"type":"Feature","geometry":{"type":"Point","coordinates":[139.84107,35.66979]},"properties":{"stopId":"Toei.Sodegaura.841.2","name":"Sodegaura","nameJa":"袖ヶ浦","routeCount":1,"operator":"Toei"}},{"type":"Feature","geometry":{"type":"Point","coordinates":[139.7044,35.71319]},"properties":{"stopId":"Toei.TakadanobabaStation.855.6","name":"Takadanobaba Sta.","nameJa":"高田馬場駅前","routeCount":1,"operator":"Toei"}},{"type":"Feature","geometry":{"type":"Point","coordinates":[139.70485,35.71293]},"properties":{"stopId":"Toei.TakadanobabaStation.855.1","name":"Takadanobaba Sta.","nameJa":"高田馬場駅前","routeCount":1,"operator":"Toei"}},{"type":"Feature","geometry":{"type":"Point","coordinates":[139.70446,35.71334]},"properties":{"stopId":"Toei.TakadanobabaStation.855.2","name":"Takadanobaba Sta.","nameJa":"高田馬場駅前","routeCount":1,"operator":"Toei"}},{"type":"Feature","geometry":{"type":"Point","coordinates":[139.7042,35.71381]},"properties":{"stopId":"Toei.TakadanobabaStation.855.5","name":"Takadanobaba Sta.","nameJa":"高田馬場駅前","routeCount":1,"operator":"Toei"}},{"type":"Feature","geometry":{"type":"Point","coordinates":[139.70887,35.70747]},"properties":{"stopId":"Toei.GakushuinJoshiDaigaku.856.1","name":"Gakushūin-Joshi-Daigaku (Gakushuin Women's Col.)","nameJa":"学習院戸山キャンパス前","routeCount":1,"operator":"Toei"}},{"type":"Feature","geometry":{"type":"Point","coordinates":[139.72947,35.63127]},"properties":{"stopId":"Toei.TakanawadaiStation.865.1","name":"Takanawadai Sta.","nameJa":"高輪台駅前","routeCount":1,"operator":"Toei"}},{"type":"Feature","geometry":{"type":"Point","coordinates":[139.73046,35.63158]},"properties":{"stopId":"Toei.TakanawadaiStation.865.2","name":"Takanawadai Sta.","nameJa":"高輪台駅前","routeCount":1,"operator":"Toei"}},{"type":"Feature","geometry":{"type":"Point","coordinates":[139.76175,35.6548]},"properties":{"stopId":"Toei.TakeshibaSambashiIriguchi.880.1","name":"Takeshiba-Sambashi-Iriguchi","nameJa":"竹芝桟橋入口","routeCount":1,"operator":"Toei"}},{"type":"Feature","geometry":{"type":"Point","coordinates":[139.81193,35.64892]},"properties":{"stopId":"Toei.TatsumiDanchi.887.1","name":"Tatsumi-Danchi","nameJa":"辰巳団地","routeCount":1,"operator":"Toei"}},{"type":"Feature","geometry":{"type":"Point","coordinates":[139.81192,35.64895]},"properties":{"stopId":"Toei.TatsumiDanchi.887.4","name":"Tatsumi-Danchi","nameJa":"辰巳団地","routeCount":1,"operator":"Toei"}},{"type":"Feature","geometry":{"type":"Point","coordinates":[139.76635,35.73911]},"properties":{"stopId":"Toei.TabataShimmachi.899.2","name":"Tabata-Shimmachi","nameJa":"田端新町","routeCount":1,"operator":"Toei"}},{"type":"Feature","geometry":{"type":"Point","coordinates":[139.76781,35.73905]},"properties":{"stopId":"Toei.TabataShimmachiItchome.900.1","name":"Tabata-Shimmachi-Itchōme (Tabata-Shimmachi 1)","nameJa":"田端新町一丁目","routeCount":1,"operator":"Toei"}},{"type":"Feature","geometry":{"type":"Point","coordinates":[139.81223,35.6468]},"properties":{"stopId":"Toei.TatsumiStation.891.2","name":"Tatsumi Sta.","nameJa":"辰巳駅前","routeCount":1,"operator":"Toei"}},{"type":"Feature","geometry":{"type":"Point","coordinates":[139.81162,35.65112]},"properties":{"stopId":"Toei.TatsumiItchome.890.2","name":"Tatsumi-Itchōme (Tatsumi 1)","nameJa":"辰巳一丁目","routeCount":1,"operator":"Toei"}},{"type":"Feature","geometry":{"type":"Point","coordinates":[139.81213,35.6469]},"properties":{"stopId":"Toei.TatsumiStation.891.4","name":"Tatsumi Sta.","nameJa":"辰巳駅前","routeCount":1,"operator":"Toei"}},{"type":"Feature","geometry":{"type":"Point","coordinates":[139.83408,35.6951]},"properties":{"stopId":"Toei.TatekawaOhashiKitazume.893.1","name":"Tatekawa-Ōhashi-Kitazume","nameJa":"竪川大橋北詰","routeCount":1,"operator":"Toei"}},{"type":"Feature","geometry":{"type":"Point","coordinates":[139.83426,35.69564]},"properties":{"stopId":"Toei.TatekawaOhashiKitazume.893.2","name":"Tatekawa-Ōhashi-Kitazume","nameJa":"竪川大橋北詰","routeCount":1,"operator":"Toei"}},{"type":"Feature","geometry":{"type":"Point","coordinates":[139.76053,35.73864]},"properties":{"stopId":"Toei.TabataStation.898.3","name":"Tabata Sta.","nameJa":"田端駅前","routeCount":1,"operator":"Toei"}},{"type":"Feature","geometry":{"type":"Point","coordinates":[139.7657,35.73882]},"properties":{"stopId":"Toei.TabataShimmachi.899.1","name":"Tabata-Shimmachi","nameJa":"田端新町","routeCount":1,"operator":"Toei"}},{"type":"Feature","geometry":{"type":"Point","coordinates":[139.74228,35.67014]},"properties":{"stopId":"Toei.Tameike.909.1","name":"Tameike","nameJa":"溜池","routeCount":1,"operator":"Toei"}},{"type":"Feature","geometry":{"type":"Point","coordinates":[139.87034,35.65988]},"properties":{"stopId":"Toei.DaiyonKasaiShogakko.921.1","name":"Daiyon-Kasai-Shōgakkō","nameJa":"第四葛西小学校前","routeCount":1,"operator":"Toei"}},{"type":"Feature","geometry":{"type":"Point","coordinates":[139.75497,35.65726]},"properties":{"stopId":"Toei.DaimonStation.919.2","name":"Daimon Sta.","nameJa":"大門駅前","routeCount":1,"operator":"Toei"}},{"type":"Feature","geometry":{"type":"Point","coordinates":[139.75479,35.65618]},"properties":{"stopId":"Toei.DaimonStation.919.3","name":"Daimon Sta.","nameJa":"大門駅前","routeCount":1,"operator":"Toei"}},{"type":"Feature","geometry":{"type":"Point","coordinates":[139.77714,35.74952]},"properties":{"stopId":"Toei.DaimonShogakko.920.1","name":"Daimon-Shōgakkō","nameJa":"大門小学校前","routeCount":1,"operator":"Toei"}},{"type":"Feature","geometry":{"type":"Point","coordinates":[139.77748,35.74959]},"properties":{"stopId":"Toei.DaimonShogakko.920.2","name":"Daimon-Shōgakkō","nameJa":"大門小学校前","routeCount":1,"operator":"Toei"}},{"type":"Feature","geometry":{"type":"Point","coordinates":[139.86956,35.65949]},"properties":{"stopId":"Toei.DaiyonKasaiShogakko.921.2","name":"Daiyon-Kasai-Shōgakkō","nameJa":"第四葛西小学校前","routeCount":1,"operator":"Toei"}},{"type":"Feature","geometry":{"type":"Point","coordinates":[139.76287,35.72446]},"properties":{"stopId":"Toei.DangozakaShita.922.1","name":"Dangozaka-Shita","nameJa":"団子坂下","routeCount":1,"operator":"Toei"}},{"type":"Feature","geometry":{"type":"Point","coordinates":[139.76293,35.72418]},"properties":{"stopId":"Toei.DangozakaShita.922.2","name":"Dangozaka-Shita","nameJa":"団子坂下","routeCount":1,"operator":"Toei"}},{"type":"Feature","geometry":{"type":"Point","coordinates":[139.75184,35.67262]},"properties":{"stopId":"Toei.KeizaisangyoSho.935.3","name":"Keizaisangyō-Shō","nameJa":"経済産業省前","routeCount":1,"operator":"Toei"}},{"type":"Feature","geometry":{"type":"Point","coordinates":[139.75202,35.6722]},"properties":{"stopId":"Toei.KeizaisangyoSho.935.4","name":"Keizaisangyō-Shō","nameJa":"経済産業省前","routeCount":1,"operator":"Toei"}},{"type":"Feature","geometry":{"type":"Point","coordinates":[139.7762,35.66526]},"properties":{"stopId":"Toei.TsukijiNanachome.947.2","name":"Tsukiji-Nanachōme (Tsukiji 7)","nameJa":"築地七丁目","routeCount":1,"operator":"Toei"}},{"type":"Feature","geometry":{"type":"Point","coordinates":[139.74169,35.70316]},"properties":{"stopId":"Toei.TokyoShinjukuMedicalCenter.949.3","name":"Tokyo Shinjuku Medical Center","nameJa":"東京新宿メディカルセンター前","routeCount":1,"operator":"Toei"}},{"type":"Feature","geometry":{"type":"Point","coordinates":[139.742,35.70316]},"properties":{"stopId":"Toei.TokyoShinjukuMedicalCenter.949.4","name":"Tokyo Shinjuku Medical Center","nameJa":"東京新宿メディカルセンター前","routeCount":1,"operator":"Toei"}},{"type":"Feature","geometry":{"type":"Point","coordinates":[139.78022,35.67248]},"properties":{"stopId":"Toei.Teppozu.955.1","name":"Teppōzu","nameJa":"鉄砲洲","routeCount":1,"operator":"Toei"}},{"type":"Feature","geometry":{"type":"Point","coordinates":[139.74609,35.70983]},"properties":{"stopId":"Toei.Denzuin.961.3","name":"Denzūin","nameJa":"伝通院前","routeCount":1,"operator":"Toei"}},{"type":"Feature","geometry":{"type":"Point","coordinates":[139.74631,35.71003]},"properties":{"stopId":"Toei.Denzuin.961.1","name":"Denzūin","nameJa":"伝通院前","routeCount":1,"operator":"Toei"}},{"type":"Feature","geometry":{"type":"Point","coordinates":[139.76559,35.68012]},"properties":{"stopId":"Toei.TokyoStationMarunouchiMinamiguchi.966.4","name":"Tokyo Sta. Marunouchi-Minamiguchi (Marunouchi South Exit)","nameJa":"東京駅丸の内南口","routeCount":1,"operator":"Toei"}},{"type":"Feature","geometry":{"type":"Point","coordinates":[139.76824,35.67968]},"properties":{"stopId":"Toei.TokyoStationYaesuguchi.967.2","name":"Tokyo Sta. Yaesuguchi(Yaesu Exit)","nameJa":"東京駅八重洲口","routeCount":1,"operator":"Toei"}},{"type":"Feature","geometry":{"type":"Point","coordinates":[139.74574,35.65793]},"properties":{"stopId":"Toei.TokyoTower.975.1","name":"Tokyo Tower","nameJa":"東京タワー","routeCount":1,"operator":"Toei"}},{"type":"Feature","geometry":{"type":"Point","coordinates":[139.74605,35.7706]},"properties":{"stopId":"Toei.ShindenHigashi.978.1","name":"Shinden-Higashi","nameJa":"新田東","routeCount":1,"operator":"Toei"}},{"type":"Feature","geometry":{"type":"Point","coordinates":[139.74574,35.77052]},"properties":{"stopId":"Toei.ShindenHigashi.978.2","name":"Shinden-Higashi","nameJa":"新田東","routeCount":1,"operator":"Toei"}},{"type":"Feature","geometry":{"type":"Point","coordinates":[139.74616,35.65723]},"properties":{"stopId":"Toei.TokyoTower.985.2","name":"Tokyo Tower","nameJa":"東京タワー（公園下）","routeCount":1,"operator":"Toei"}},{"type":"Feature","geometry":{"type":"Point","coordinates":[139.7235,35.73004]},"properties":{"stopId":"Toei.HigashiIkebukuroSanchome.999.1","name":"Higashi-Ikebukuro-Sanchōme (Higashi-Ikebukuro 3)","nameJa":"東池袋三丁目","routeCount":1,"operator":"Toei"}},{"type":"Feature","geometry":{"type":"Point","coordinates":[139.75772,35.76383]},"properties":{"stopId":"Toei.Toshimabashi.1000.1","name":"Toshimabashi","nameJa":"豊島橋","routeCount":1,"operator":"Toei"}},{"type":"Feature","geometry":{"type":"Point","coordinates":[139.75731,35.76437]},"properties":{"stopId":"Toei.Toshimabashi.1000.2","name":"Toshimabashi","nameJa":"豊島橋","routeCount":1,"operator":"Toei"}},{"type":"Feature","geometry":{"type":"Point","coordinates":[139.75222,35.76426]},"properties":{"stopId":"Toei.ToshimaGochomeDanchi.1004.5","name":"Toshima-Gochōme-Danchi (Toshima 5-Danchi)","nameJa":"豊島五丁目団地","routeCount":1,"operator":"Toei"}},{"type":"Feature","geometry":{"type":"Point","coordinates":[139.76258,35.72952]},"properties":{"stopId":"Toei.DokanYamashita.1055.1","name":"Dōkan-Yamashita","nameJa":"道灌山下","routeCount":1,"operator":"Toei"}},{"type":"Feature","geometry":{"type":"Point","coordinates":[139.76193,35.73026]},"properties":{"stopId":"Toei.DokanYamashita.1055.3","name":"Dōkan-Yamashita","nameJa":"道灌山下","routeCount":1,"operator":"Toei"}},{"type":"Feature","geometry":{"type":"Point","coordinates":[139.65955,35.73531]},"properties":{"stopId":"Toei.ToyotamaKitaYonchome.1031.1","name":"Toyotama-Kita-Yonchōme (Toyotama-Kita 4)","nameJa":"豊玉北四丁目","routeCount":1,"operator":"Toei"}},{"type":"Feature","geometry":{"type":"Point","coordinates":[139.65932,35.73454]},"properties":{"stopId":"Toei.ToyotamaKitaYonchome.1031.2","name":"Toyotama-Kita-Yonchōme (Toyotama-Kita 4)","nameJa":"豊玉北四丁目","routeCount":1,"operator":"Toei"}},{"type":"Feature","geometry":{"type":"Point","coordinates":[139.66157,35.7286]},"properties":{"stopId":"Toei.ToyotamaNakaItchome.1033.1","name":"Toyotama-Naka-Itchōme (Toyotama-Naka 1)","nameJa":"豊玉中一丁目","routeCount":1,"operator":"Toei"}},{"type":"Feature","geometry":{"type":"Point","coordinates":[139.66152,35.72857]},"properties":{"stopId":"Toei.ToyotamaNakaItchome.1033.2","name":"Toyotama-Naka-Itchōme (Toyotama-Naka 1)","nameJa":"豊玉中一丁目","routeCount":1,"operator":"Toei"}},{"type":"Feature","geometry":{"type":"Point","coordinates":[139.65949,35.73116]},"properties":{"stopId":"Toei.ToyotamaNakaNichome.1034.1","name":"Toyotama-Naka-Nichōme (Toyotama-Naka 2)","nameJa":"豊玉中二丁目","routeCount":1,"operator":"Toei"}},{"type":"Feature","geometry":{"type":"Point","coordinates":[139.65963,35.73061]},"properties":{"stopId":"Toei.ToyotamaNakaNichome.1034.4","name":"Toyotama-Naka-Nichōme (Toyotama-Naka 2)","nameJa":"豊玉中二丁目","routeCount":1,"operator":"Toei"}},{"type":"Feature","geometry":{"type":"Point","coordinates":[139.74704,35.66613]},"properties":{"stopId":"Toei.ToranomonSanchome.1039.3","name":"Toranomon-Sanchōme (Toranomon 3)","nameJa":"虎ノ門三丁目","routeCount":1,"operator":"Toei"}},{"type":"Feature","geometry":{"type":"Point","coordinates":[139.74639,35.66417]},"properties":{"stopId":"Toei.ToranomonSanchome.1039.4","name":"Toranomon-Sanchōme (Toranomon 3)","nameJa":"虎ノ門三丁目","routeCount":1,"operator":"Toei"}},{"type":"Feature","geometry":{"type":"Point","coordinates":[139.75875,35.73193]},"properties":{"stopId":"Toei.DozakaShita.1057.2","name":"Dōzaka-Shita","nameJa":"動坂下","routeCount":1,"operator":"Toei"}},{"type":"Feature","geometry":{"type":"Point","coordinates":[139.75943,35.73177]},"properties":{"stopId":"Toei.DozakaShita.1057.3","name":"Dōzaka-Shita","nameJa":"動坂下","routeCount":1,"operator":"Toei"}},{"type":"Feature","geometry":{"type":"Point","coordinates":[139.76877,35.80178]},"properties":{"stopId":"Toei.NakaIriya.1065.1","name":"Naka-Iriya","nameJa":"中入谷(なかいりや（あだちく）)","routeCount":1,"operator":"Toei"}},{"type":"Feature","geometry":{"type":"Point","coordinates":[139.76898,35.80196]},"properties":{"stopId":"Toei.NakaIriya.1065.2","name":"Naka-Iriya","nameJa":"中入谷(なかいりや（あだちく）)","routeCount":1,"operator":"Toei"}},{"type":"Feature","geometry":{"type":"Point","coordinates":[139.86422,35.6565]},"properties":{"stopId":"Toei.NakaKasaiNanachome.1070.1","name":"Naka-Kasai-Nanachōme (Naka-Kasai 7)","nameJa":"中葛西七丁目","routeCount":1,"operator":"Toei"}},{"type":"Feature","geometry":{"type":"Point","coordinates":[139.86439,35.65659]},"properties":{"stopId":"Toei.NakaKasaiNanachome.1070.3","name":"Naka-Kasai-Nanachōme (Naka-Kasai 7)","nameJa":"中葛西七丁目","routeCount":1,"operator":"Toei"}},{"type":"Feature","geometry":{"type":"Point","coordinates":[139.84626,35.69898]},"properties":{"stopId":"Toei.NakagawaShimbashi.1072.3","name":"Nakagawa-Shimbashi","nameJa":"中川新橋","routeCount":1,"operator":"Toei"}},{"type":"Feature","geometry":{"type":"Point","coordinates":[139.87999,35.65693]},"properties":{"stopId":"Toei.NakachoHigashigumi.1082.1","name":"Nakachō-Higashigumi","nameJa":"仲町東組","routeCount":1,"operator":"Toei"}},{"type":"Feature","geometry":{"type":"Point","coordinates":[139.87915,35.65708]},"properties":{"stopId":"Toei.NakachoHigashigumi.1082.2","name":"Nakachō-Higashigumi","nameJa":"仲町東組","routeCount":1,"operator":"Toei"}},{"type":"Feature","geometry":{"type":"Point","coordinates":[139.88357,35.6687]},"properties":{"stopId":"Toei.HigashiKasaiSanchome.1104.1","name":"Higashi-Kasai-Sanchōme (Higashi-Kasai 3)","nameJa":"東葛西三丁目","routeCount":1,"operator":"Toei"}},{"type":"Feature","geometry":{"type":"Point","coordinates":[139.88367,35.66881]},"properties":{"stopId":"Toei.HigashiKasaiSanchome.1104.2","name":"Higashi-Kasai-Sanchōme (Higashi-Kasai 3)","nameJa":"東葛西三丁目","routeCount":1,"operator":"Toei"}},{"type":"Feature","geometry":{"type":"Point","coordinates":[139.74247,35.67772]},"properties":{"stopId":"Toei.Nagatacho.1108.1","name":"Nagatachō","nameJa":"永田町","routeCount":1,"operator":"Toei"}},{"type":"Feature","geometry":{"type":"Point","coordinates":[139.74081,35.67818]},"properties":{"stopId":"Toei.Nagatacho.1108.2","name":"Nagatachō","nameJa":"永田町","routeCount":1,"operator":"Toei"}},{"type":"Feature","geometry":{"type":"Point","coordinates":[139.87957,35.64623]},"properties":{"stopId":"Toei.NagisaNewTown.1111.5","name":"Nagisa New Town","nameJa":"なぎさニュータウン","routeCount":1,"operator":"Toei"}},{"type":"Feature","geometry":{"type":"Point","coordinates":[139.73404,35.69796]},"properties":{"stopId":"Toei.Nandomachi.1125.1","name":"Nandomachi","nameJa":"納戸町","routeCount":1,"operator":"Toei"}},{"type":"Feature","geometry":{"type":"Point","coordinates":[139.73415,35.69756]},"properties":{"stopId":"Toei.Nandomachi.1125.2","name":"Nandomachi","nameJa":"納戸町","routeCount":1,"operator":"Toei"}},{"type":"Feature","geometry":{"type":"Point","coordinates":[139.79255,35.71793]},"properties":{"stopId":"Toei.NishiAsakusaSanchome.1129.3","name":"Nishi-Asakusa-Sanchōme (Nishi-Asakusa 3)","nameJa":"西浅草三丁目","routeCount":1,"operator":"Toei"}},{"type":"Feature","geometry":{"type":"Point","coordinates":[139.72187,35.66183]},"properties":{"stopId":"Toei.NishiAzabuNichome.1131.1","name":"Nishi-Azabu-Nichōme (Nishi-Azabu 2)","nameJa":"西麻布二丁目","routeCount":1,"operator":"Toei"}},{"type":"Feature","geometry":{"type":"Point","coordinates":[139.7222,35.66184]},"properties":{"stopId":"Toei.NishiAzabuNichome.1131.2","name":"Nishi-Azabu-Nichōme (Nishi-Azabu 2)","nameJa":"西麻布二丁目","routeCount":1,"operator":"Toei"}},{"type":"Feature","geometry":{"type":"Point","coordinates":[139.76998,35.79508]},"properties":{"stopId":"Toei.ToneriKoen.1136.1","name":"Toneri-Kōen (Toneri Park)","nameJa":"舎人公園前","routeCount":1,"operator":"Toei"}},{"type":"Feature","geometry":{"type":"Point","coordinates":[139.77025,35.79522]},"properties":{"stopId":"Toei.ToneriKoen.1136.2","name":"Toneri-Kōen (Toneri Park)","nameJa":"舎人公園前","routeCount":1,"operator":"Toei"}},{"type":"Feature","geometry":{"type":"Point","coordinates":[139.8737,35.69414]},"properties":{"stopId":"Toei.NishiIchinoeYonchome.1138.1","name":"Nishi-Ichinoe-Yonchōme (Nishi-Ichinoe 4)","nameJa":"西一之江四丁目","routeCount":1,"operator":"Toei"}},{"type":"Feature","geometry":{"type":"Point","coordinates":[139.87915,35.7028]},"properties":{"stopId":"Toei.NishiIchinoeNichome.1139.1","name":"Nishi-Ichinoe-Nichōme (Nishi-Ichinoe 2)","nameJa":"西一之江二丁目","routeCount":1,"operator":"Toei"}},{"type":"Feature","geometry":{"type":"Point","coordinates":[139.87895,35.7026]},"properties":{"stopId":"Toei.NishiIchinoeNichome.1139.2","name":"Nishi-Ichinoe-Nichōme (Nishi-Ichinoe 2)","nameJa":"西一之江二丁目","routeCount":1,"operator":"Toei"}},{"type":"Feature","geometry":{"type":"Point","coordinates":[139.82598,35.68925]},"properties":{"stopId":"Toei.NishiOjimaStation.1140.2","name":"Nishi-Ōjima Sta.","nameJa":"西大島駅前","routeCount":1,"operator":"Toei"}},{"type":"Feature","geometry":{"type":"Point","coordinates":[139.85894,35.66418]},"properties":{"stopId":"Toei.NishiKasaiStation.1146.5","name":"Nishi-Kasai Sta.","nameJa":"西葛西駅前","routeCount":1,"operator":"Toei"}},{"type":"Feature","geometry":{"type":"Point","coordinates":[139.75648,35.69929]},"properties":{"stopId":"Toei.NishiKandaItchome.1152.1","name":"Nishi-Kanda-Itchōme (Nishi-Kanda 1)","nameJa":"西神田一丁目","routeCount":1,"operator":"Toei"}},{"type":"Feature","geometry":{"type":"Point","coordinates":[139.86343,35.66157]},"properties":{"stopId":"Toei.NishiKasaiRokuchome.1149.1","name":"Nishi-Kasai-Rokuchōme (Nishi-Kasai 6)","nameJa":"西葛西六丁目","routeCount":1,"operator":"Toei"}},{"type":"Feature","geometry":{"type":"Point","coordinates":[139.86329,35.66188]},"properties":{"stopId":"Toei.NishiKasaiRokuchome.1149.2","name":"Nishi-Kasai-Rokuchōme (Nishi-Kasai 6)","nameJa":"西葛西六丁目","routeCount":1,"operator":"Toei"}},{"type":"Feature","geometry":{"type":"Point","coordinates":[139.75648,35.69881]},"properties":{"stopId":"Toei.NishiKandaItchome.1152.2","name":"Nishi-Kanda-Itchōme (Nishi-Kanda 1)","nameJa":"西神田一丁目","routeCount":1,"operator":"Toei"}},{"type":"Feature","geometry":{"type":"Point","coordinates":[139.89574,35.70177]},"properties":{"stopId":"Toei.NishiMizueItchome.1170.1","name":"Nishi-Mizue-Itchōme (Nishi-Mizue 1)","nameJa":"西瑞江一丁目","routeCount":1,"operator":"Toei"}},{"type":"Feature","geometry":{"type":"Point","coordinates":[139.89668,35.70152]},"properties":{"stopId":"Toei.NishiMizueItchome.1170.2","name":"Nishi-Mizue-Itchōme (Nishi-Mizue 1)","nameJa":"西瑞江一丁目","routeCount":1,"operator":"Toei"}},{"type":"Feature","geometry":{"type":"Point","coordinates":[139.71699,35.70895]},"properties":{"stopId":"Toei.NishiWaseda.1174.1","name":"Nishi-Waseda","nameJa":"西早稲田","routeCount":1,"operator":"Toei"}},{"type":"Feature","geometry":{"type":"Point","coordinates":[139.71695,35.70869]},"properties":{"stopId":"Toei.NishiWaseda.1174.2","name":"Nishi-Waseda","nameJa":"西早稲田","routeCount":1,"operator":"Toei"}},{"type":"Feature","geometry":{"type":"Point","coordinates":[139.77447,35.68209]},"properties":{"stopId":"Toei.Nihombashi.1185.3","name":"Nihombashi","nameJa":"日本橋","routeCount":1,"operator":"Toei"}},{"type":"Feature","geometry":{"type":"Point","coordinates":[139.77447,35.68233]},"properties":{"stopId":"Toei.Nihombashi.1185.4","name":"Nihombashi","nameJa":"日本橋","routeCount":1,"operator":"Toei"}},{"type":"Feature","geometry":{"type":"Point","coordinates":[139.76505,35.71813]},"properties":{"stopId":"Toei.NezuStation.1191.4","name":"Nezu Sta.","nameJa":"根津駅前","routeCount":1,"operator":"Toei"}},{"type":"Feature","geometry":{"type":"Point","coordinates":[139.76336,35.71961]},"properties":{"stopId":"Toei.NezuJinjaIriguchi.1192.1","name":"Nezu-Jinja-Iriguchi (Nezu-Jinja Shrine)","nameJa":"根津神社入口","routeCount":1,"operator":"Toei"}},{"type":"Feature","geometry":{"type":"Point","coordinates":[139.76286,35.72031]},"properties":{"stopId":"Toei.NezuJinjaIriguchi.1192.2","name":"Nezu-Jinja-Iriguchi (Nezu-Jinja Shrine)","nameJa":"根津神社入口","routeCount":1,"operator":"Toei"}},{"type":"Feature","geometry":{"type":"Point","coordinates":[139.6635,35.73831]},"properties":{"stopId":"Toei.NerimaShako.1197.2","name":"Nerima-Shako","nameJa":"練馬車庫前","routeCount":1,"operator":"Toei"}},{"type":"Feature","geometry":{"type":"Point","coordinates":[139.74692,35.62942]},"properties":{"stopId":"Toei.Mitatebashi.1450.2","name":"Mitatebashi","nameJa":"御楯橋","routeCount":1,"operator":"Toei"}},{"type":"Feature","geometry":{"type":"Point","coordinates":[139.80799,35.65877]},"properties":{"stopId":"Toei.Hachiedabashi.1224.1","name":"Hachiedabashi","nameJa":"八枝橋","routeCount":1,"operator":"Toei"}},{"type":"Feature","geometry":{"type":"Point","coordinates":[139.75659,35.65669]},"properties":{"stopId":"Toei.HamamatsuchoStation.1238.1","name":"Hamamatsuchō Sta.","nameJa":"浜松町駅前","routeCount":1,"operator":"Toei"}},{"type":"Feature","geometry":{"type":"Point","coordinates":[139.75659,35.65653]},"properties":{"stopId":"Toei.HamamatsuchoStation.1238.2","name":"Hamamatsuchō Sta.","nameJa":"浜松町駅前","routeCount":1,"operator":"Toei"}},{"type":"Feature","geometry":{"type":"Point","coordinates":[139.89339,35.7019]},"properties":{"stopId":"Toei.HarueDanchi.1243.1","name":"Harue-Danchi","nameJa":"春江団地前","routeCount":1,"operator":"Toei"}},{"type":"Feature","geometry":{"type":"Point","coordinates":[139.89355,35.70168]},"properties":{"stopId":"Toei.HarueDanchi.1243.2","name":"Harue-Danchi","nameJa":"春江団地前","routeCount":1,"operator":"Toei"}},{"type":"Feature","geometry":{"type":"Point","coordinates":[139.87478,35.68286]},"properties":{"stopId":"Toei.HaruechoYonchome.1246.4","name":"Haruechō-Yonchōme (Haruechō 4)","nameJa":"春江町四丁目","routeCount":1,"operator":"Toei"}},{"type":"Feature","geometry":{"type":"Point","coordinates":[139.87228,35.67859]},"properties":{"stopId":"Toei.HaruechoGochome.1247.2","name":"Haruechō-Gochōme (Haruechō 5)","nameJa":"春江町五丁目","routeCount":1,"operator":"Toei"}},{"type":"Feature","geometry":{"type":"Point","coordinates":[139.7187,35.70688]},"properties":{"stopId":"Toei.Babashitacho.1258.2","name":"Babashitachō","nameJa":"馬場下町","routeCount":1,"operator":"Toei"}},{"type":"Feature","geometry":{"type":"Point","coordinates":[139.71839,35.70693]},"properties":{"stopId":"Toei.Babashitacho.1258.3","name":"Babashitachō","nameJa":"馬場下町","routeCount":1,"operator":"Toei"}},{"type":"Feature","geometry":{"type":"Point","coordinates":[139.73625,35.68706]},"properties":{"stopId":"Toei.Bancho.1259.1","name":"Banchō","nameJa":"番町","routeCount":1,"operator":"Toei"}},{"type":"Feature","geometry":{"type":"Point","coordinates":[139.7362,35.68751]},"properties":{"stopId":"Toei.Bancho.1259.2","name":"Banchō","nameJa":"番町","routeCount":1,"operator":"Toei"}},{"type":"Feature","geometry":{"type":"Point","coordinates":[139.74368,35.65822]},"properties":{"stopId":"Toei.HigashiAzabuItchome.1263.1","name":"Higashi-Azabu-Itchōme (Higashi-Azabu 1)","nameJa":"東麻布一丁目","routeCount":1,"operator":"Toei"}},{"type":"Feature","geometry":{"type":"Point","coordinates":[139.74372,35.65764]},"properties":{"stopId":"Toei.HigashiAzabuItchome.1263.2","name":"Higashi-Azabu-Itchōme (Higashi-Azabu 1)","nameJa":"東麻布一丁目","routeCount":1,"operator":"Toei"}},{"type":"Feature","geometry":{"type":"Point","coordinates":[139.84557,35.69007]},"properties":{"stopId":"Toei.HigashiOjimaStation.1273.2","name":"Higashi-Ōjima Sta.","nameJa":"東大島駅前","routeCount":1,"operator":"Toei"}},{"type":"Feature","geometry":{"type":"Point","coordinates":[139.84903,35.68941]},"properties":{"stopId":"Toei.HigashiOjimaStation.1273.6","name":"Higashi-Ōjima Sta.","nameJa":"東大島駅前","routeCount":1,"operator":"Toei"}},{"type":"Feature","geometry":{"type":"Point","coordinates":[139.8488,35.68915]},"properties":{"stopId":"Toei.HigashiOjimaStation.1273.7","name":"Higashi-Ōjima Sta.","nameJa":"東大島駅前","routeCount":1,"operator":"Toei"}},{"type":"Feature","geometry":{"type":"Point","coordinates":[139.77488,35.74956]},"properties":{"stopId":"Toei.HigashiOguRokuchome.1275.1","name":"Higashi-Ogu-Rokuchōme (Higashi-Ogu 6)","nameJa":"東尾久六丁目","routeCount":1,"operator":"Toei"}},{"type":"Feature","geometry":{"type":"Point","coordinates":[139.77542,35.7495]},"properties":{"stopId":"Toei.HigashiOguRokuchome.1275.2","name":"Higashi-Ogu-Rokuchōme (Higashi-Ogu 6)","nameJa":"東尾久六丁目","routeCount":1,"operator":"Toei"}},{"type":"Feature","geometry":{"type":"Point","coordinates":[139.74742,35.61525]},"properties":{"stopId":"Toei.HigashiShinagawaSanchome.1287.1","name":"Higashi-Shinagawa-Sanchōme (Higashi-Shinagawa 3)","nameJa":"東品川三丁目","routeCount":1,"operator":"Toei"}},{"type":"Feature","geometry":{"type":"Point","coordinates":[139.75011,35.61298]},"properties":{"stopId":"Toei.HigashiShinagawaYuyuPlaza.1284.1","name":"Higashi-Shinagawa Yuyu Plaza","nameJa":"東品川ゆうゆうプラザ前","routeCount":1,"operator":"Toei"}},{"type":"Feature","geometry":{"type":"Point","coordinates":[139.75037,35.61572]},"properties":{"stopId":"Toei.HigashiShinagawabashi.1285.1","name":"Higashi-Shinagawabashi","nameJa":"東品川橋","routeCount":1,"operator":"Toei"}},{"type":"Feature","geometry":{"type":"Point","coordinates":[139.75399,35.62373]},"properties":{"stopId":"Toei.HigashiShinagawaGochome.1288.1","name":"Higashi-Shinagawa-Gochōme (Higashi-Shinagawa 5)","nameJa":"東品川五丁目","routeCount":1,"operator":"Toei"}},{"type":"Feature","geometry":{"type":"Point","coordinates":[139.84087,35.67149]},"properties":{"stopId":"Toei.HigashisunaRokuchome.1297.3","name":"Higashisuna-Rokuchōme (Higashisuna 6)","nameJa":"東砂六丁目","routeCount":1,"operator":"Toei"}},{"type":"Feature","geometry":{"type":"Point","coordinates":[139.83092,35.72187]},"properties":{"stopId":"Toei.HigashiSumidaNichome.1300.1","name":"Higashi-Sumida-Nichōme (Higashi-Sumida 2)","nameJa":"東墨田二丁目","routeCount":1,"operator":"Toei"}},{"type":"Feature","geometry":{"type":"Point","coordinates":[139.77898,35.72608]},"properties":{"stopId":"Toei.HigashiNipporiYonchome.1309.1","name":"Higashi-Nippori-Yonchōme (Higashi-Nippori 4)","nameJa":"東日暮里四丁目","routeCount":1,"operator":"Toei"}},{"type":"Feature","geometry":{"type":"Point","coordinates":[139.71361,35.6544]},"properties":{"stopId":"Toei.HigashiYonchome.1323.2","name":"Higashi-Yonchōme (Higashi 4)","nameJa":"東四丁目","routeCount":1,"operator":"Toei"}},{"type":"Feature","geometry":{"type":"Point","coordinates":[139.71328,35.65522]},"properties":{"stopId":"Toei.HigashiYonchome.1323.3","name":"Higashi-Yonchōme (Higashi 4)","nameJa":"東四丁目","routeCount":1,"operator":"Toei"}},{"type":"Feature","geometry":{"type":"Point","coordinates":[139.74055,35.69245]},"properties":{"stopId":"Toei.HitokuchiZaka.1325.1","name":"Hitokuchi-Zaka","nameJa":"一口坂","routeCount":1,"operator":"Toei"}},{"type":"Feature","geometry":{"type":"Point","coordinates":[139.74039,35.6922]},"properties":{"stopId":"Toei.HitokuchiZaka.1325.2","name":"Hitokuchi-Zaka","nameJa":"一口坂","routeCount":1,"operator":"Toei"}},{"type":"Feature","geometry":{"type":"Point","coordinates":[139.75897,35.69243]},"properties":{"stopId":"Toei.Hitotsubashi.1326.1","name":"Hitotsubashi","nameJa":"一ツ橋","routeCount":1,"operator":"Toei"}},{"type":"Feature","geometry":{"type":"Point","coordinates":[139.7585,35.69326]},"properties":{"stopId":"Toei.Hitotsubashi.1326.2","name":"Hitotsubashi","nameJa":"一ツ橋","routeCount":1,"operator":"Toei"}},{"type":"Feature","geometry":{"type":"Point","coordinates":[139.75755,35.64798]},"properties":{"stopId":"Toei.KaiganNichome.1332.1","name":"Kaigan-Nichōme (Kaigan 2)","nameJa":"海岸二丁目","routeCount":1,"operator":"Toei"}},{"type":"Feature","geometry":{"type":"Point","coordinates":[139.75783,35.64766]},"properties":{"stopId":"Toei.KaiganNichome.1332.2","name":"Kaigan-Nichōme (Kaigan 2)","nameJa":"海岸二丁目","routeCount":1,"operator":"Toei"}},{"type":"Feature","geometry":{"type":"Point","coordinates":[139.83776,35.71303]},"properties":{"stopId":"Toei.HiraiNishibukuro.1346.2","name":"Hirai-Nishibukuro","nameJa":"平井西袋","routeCount":1,"operator":"Toei"}},{"type":"Feature","geometry":{"type":"Point","coordinates":[139.83984,35.71132]},"properties":{"stopId":"Toei.HiraiSoshajo.1344.1","name":"Hirai-Sōshajo","nameJa":"平井操車所","routeCount":1,"operator":"Toei"}},{"type":"Feature","geometry":{"type":"Point","coordinates":[139.83966,35.71135]},"properties":{"stopId":"Toei.HiraiSoshajo.1344.2","name":"Hirai-Sōshajo","nameJa":"平井操車所","routeCount":1,"operator":"Toei"}},{"type":"Feature","geometry":{"type":"Point","coordinates":[139.84025,35.70269]},"properties":{"stopId":"Toei.HiraiToeiApato.1345.1","name":"Hirai-Toei-Apāto","nameJa":"平井都営アパート前","routeCount":1,"operator":"Toei"}},{"type":"Feature","geometry":{"type":"Point","coordinates":[139.8383,35.71253]},"properties":{"stopId":"Toei.HiraiNishibukuro.1346.1","name":"Hirai-Nishibukuro","nameJa":"平井西袋","routeCount":1,"operator":"Toei"}},{"type":"Feature","geometry":{"type":"Point","coordinates":[139.84467,35.6997]},"properties":{"stopId":"Toei.HiraiNichome.1348.1","name":"Hirai-Nichōme (Hirai 2)","nameJa":"平井二丁目","routeCount":1,"operator":"Toei"}},{"type":"Feature","geometry":{"type":"Point","coordinates":[139.73828,35.68073]},"properties":{"stopId":"Toei.HirakawachoNichome.1353.1","name":"Hirakawachō-Nichōme (Hirakawachō 2)","nameJa":"平河町二丁目","routeCount":1,"operator":"Toei"}},{"type":"Feature","geometry":{"type":"Point","coordinates":[139.73832,35.68104]},"properties":{"stopId":"Toei.HirakawachoNichome.1353.2","name":"Hirakawachō-Nichōme (Hirakawachō 2)","nameJa":"平河町二丁目","routeCount":1,"operator":"Toei"}},{"type":"Feature","geometry":{"type":"Point","coordinates":[139.71343,35.6531]},"properties":{"stopId":"Toei.HirooKoko.1356.1","name":"Hiroo-Kōkō","nameJa":"広尾高校前","routeCount":1,"operator":"Toei"}},{"type":"Feature","geometry":{"type":"Point","coordinates":[139.71346,35.65242]},"properties":{"stopId":"Toei.HirooKoko.1356.2","name":"Hiroo-Kōkō","nameJa":"広尾高校前","routeCount":1,"operator":"Toei"}},{"type":"Feature","geometry":{"type":"Point","coordinates":[139.79711,35.67519]},"properties":{"stopId":"Toei.FukagawaItchome.1364.2","name":"Fukagawa-Itchōme (Fukagawa 1)","nameJa":"深川一丁目","routeCount":1,"operator":"Toei"}},{"type":"Feature","geometry":{"type":"Point","coordinates":[139.79738,35.67504]},"properties":{"stopId":"Toei.FukagawaItchome.1364.4","name":"Fukagawa-Itchōme (Fukagawa 1)","nameJa":"深川一丁目","routeCount":1,"operator":"Toei"}},{"type":"Feature","geometry":{"type":"Point","coordinates":[139.79876,35.67507]},"properties":{"stopId":"Toei.FukagawaNichome.1365.3","name":"Fukagawa-Nichōme (Fukagawa 2)","nameJa":"深川二丁目","routeCount":1,"operator":"Toei"}},{"type":"Feature","geometry":{"type":"Point","coordinates":[139.80042,35.6753]},"properties":{"stopId":"Toei.FukagawaNichome.1365.4","name":"Fukagawa-Nichōme (Fukagawa 2)","nameJa":"深川二丁目","routeCount":1,"operator":"Toei"}},{"type":"Feature","geometry":{"type":"Point","coordinates":[139.82938,35.67278]},"properties":{"stopId":"Toei.Fukushimabashi.1370.2","name":"Fukushimabashi","nameJa":"福島橋","routeCount":1,"operator":"Toei"}},{"type":"Feature","geometry":{"type":"Point","coordinates":[139.75624,35.62461]},"properties":{"stopId":"Toei.FutoDori.1375.1","name":"Futō-Dōri","nameJa":"埠頭通り","routeCount":1,"operator":"Toei"}},{"type":"Feature","geometry":{"type":"Point","coordinates":[139.79167,35.76186]},"properties":{"stopId":"Toei.HosuiroDoteShita.1387.1","name":"Hōsuiro-Dote-Shita","nameJa":"放水路土手下","routeCount":1,"operator":"Toei"}},{"type":"Feature","geometry":{"type":"Point","coordinates":[139.75415,35.72476]},"properties":{"stopId":"Toei.HonKomagomeSanchome.1405.4","name":"Hon-Komagome-Sanchōme (Hon-Komagome 3)","nameJa":"本駒込三丁目","routeCount":1,"operator":"Toei"}},{"type":"Feature","geometry":{"type":"Point","coordinates":[139.75454,35.72525]},"properties":{"stopId":"Toei.HonKomagomeSanchome.1405.3","name":"Hon-Komagome-Sanchōme (Hon-Komagome 3)","nameJa":"本駒込三丁目","routeCount":1,"operator":"Toei"}},{"type":"Feature","geometry":{"type":"Point","coordinates":[139.75498,35.73349]},"properties":{"stopId":"Toei.HonKomagomeYonchome.1406.1","name":"Hon-Komagome-Yonchōme (Hon-Komagome 4)","nameJa":"本駒込四丁目","routeCount":1,"operator":"Toei"}},{"type":"Feature","geometry":{"type":"Point","coordinates":[139.75699,35.73325]},"properties":{"stopId":"Toei.HonKomagomeYonchome.1406.2","name":"Hon-Komagome-Yonchōme (Hon-Komagome 4)","nameJa":"本駒込四丁目","routeCount":1,"operator":"Toei"}},{"type":"Feature","geometry":{"type":"Point","coordinates":[139.76989,35.7878]},"properties":{"stopId":"Toei.YazaikeItchome.1550.2","name":"Yazaike-Itchōme (Yazaike 1)","nameJa":"谷在家一丁目","routeCount":1,"operator":"Toei"}},{"type":"Feature","geometry":{"type":"Point","coordinates":[139.79629,35.70424]},"properties":{"stopId":"Toei.HonjoItchome.1416.5","name":"Honjo-Itchōme (Honjo 1)","nameJa":"本所一丁目","routeCount":1,"operator":"Toei"}},{"type":"Feature","geometry":{"type":"Point","coordinates":[139.78208,35.74495]},"properties":{"stopId":"Toei.MachiyaItchome.1431.2","name":"Machiya-Itchōme (Machiya 1)","nameJa":"町屋一丁目","routeCount":1,"operator":"Toei"}},{"type":"Feature","geometry":{"type":"Point","coordinates":[139.78035,35.74237]},"properties":{"stopId":"Toei.MachiyaStation.1430.2","name":"Machiya Sta.","nameJa":"町屋駅前","routeCount":1,"operator":"Toei"}},{"type":"Feature","geometry":{"type":"Point","coordinates":[139.77014,35.78462]},"properties":{"stopId":"Toei.YazaikeNichome.1551.1","name":"Yazaike-Nichōme (Yazaike 2)","nameJa":"谷在家二丁目","routeCount":1,"operator":"Toei"}},{"type":"Feature","geometry":{"type":"Point","coordinates":[139.78426,35.74969]},"properties":{"stopId":"Toei.MachiyaSanchome.1432.2","name":"Machiya-Sanchōme (Machiya 3)","nameJa":"町屋三丁目","routeCount":1,"operator":"Toei"}},{"type":"Feature","geometry":{"type":"Point","coordinates":[139.77002,35.69828]},"properties":{"stopId":"Toei.Manseibashi.1440.1","name":"Manseibashi","nameJa":"万世橋","routeCount":1,"operator":"Toei"}},{"type":"Feature","geometry":{"type":"Point","coordinates":[139.7703,35.69795]},"properties":{"stopId":"Toei.Manseibashi.1440.2","name":"Manseibashi","nameJa":"万世橋","routeCount":1,"operator":"Toei"}},{"type":"Feature","geometry":{"type":"Point","coordinates":[139.88401,35.68616]},"properties":{"stopId":"Toei.IchinoeStation.1445.5","name":"Ichinoe Sta.","nameJa":"一之江駅前","routeCount":1,"operator":"Toei"}},{"type":"Feature","geometry":{"type":"Point","coordinates":[139.74682,35.62969]},"properties":{"stopId":"Toei.Mitatebashi.1450.1","name":"Mitatebashi","nameJa":"御楯橋","routeCount":1,"operator":"Toei"}},{"type":"Feature","geometry":{"type":"Point","coordinates":[139.73987,35.64617]},"properties":{"stopId":"Toei.MitaGochome.1453.1","name":"Mita-Gochōme (Mita 5)","nameJa":"三田五丁目","routeCount":1,"operator":"Toei"}},{"type":"Feature","geometry":{"type":"Point","coordinates":[139.71882,35.66746]},"properties":{"stopId":"Toei.MinamiAoyamaNichome.1466.2","name":"Minami-Aoyama-Nichōme (Minami-Aoyama 2)","nameJa":"南青山二丁目","routeCount":1,"operator":"Toei"}},{"type":"Feature","geometry":{"type":"Point","coordinates":[139.75391,35.63994]},"properties":{"stopId":"Toei.KaiganDori.1462.2","name":"Kaigan-Dōri","nameJa":"海岸通り","routeCount":1,"operator":"Toei"}},{"type":"Feature","geometry":{"type":"Point","coordinates":[139.77946,35.67096]},"properties":{"stopId":"Toei.MinatoSanchome.1464.1","name":"Minato-Sanchōme (Minato 3)","nameJa":"湊三丁目","routeCount":1,"operator":"Toei"}},{"type":"Feature","geometry":{"type":"Point","coordinates":[139.71846,35.66771]},"properties":{"stopId":"Toei.MinamiAoyamaNichome.1466.1","name":"Minami-Aoyama-Nichōme (Minami-Aoyama 2)","nameJa":"南青山二丁目","routeCount":1,"operator":"Toei"}},{"type":"Feature","geometry":{"type":"Point","coordinates":[139.7437,35.61461]},"properties":{"stopId":"Toei.MinamiShinagawaNichome.1473.1","name":"Minami-Shinagawa-Nichōme (Minami-Shinagawa 2)","nameJa":"南品川二丁目","routeCount":1,"operator":"Toei"}},{"type":"Feature","geometry":{"type":"Point","coordinates":[139.83417,35.67109]},"properties":{"stopId":"Toei.MinamisunaRokuchome.1477.7","name":"Minamisuna-Rokuchōme (Minamisuna 6)","nameJa":"南砂六丁目","routeCount":1,"operator":"Toei"}},{"type":"Feature","geometry":{"type":"Point","coordinates":[139.67797,35.73134]},"properties":{"stopId":"Toei.MinamiNagasakiRokuchome.1489.2","name":"Minami-Nagasaki-Rokuchōme (Minami-Nagasaki 6)","nameJa":"南長崎六丁目","routeCount":1,"operator":"Toei"}},{"type":"Feature","geometry":{"type":"Point","coordinates":[139.7415,35.6138]},"properties":{"stopId":"Toei.MinamiBamba.1491.1","name":"Minami-Bamba","nameJa":"南馬場","routeCount":1,"operator":"Toei"}},{"type":"Feature","geometry":{"type":"Point","coordinates":[139.75829,35.76236]},"properties":{"stopId":"Toei.MiyagiDoteUe.1499.1","name":"Miyagi-Dote-Ue","nameJa":"宮城土手上","routeCount":1,"operator":"Toei"}},{"type":"Feature","geometry":{"type":"Point","coordinates":[139.76989,35.78538]},"properties":{"stopId":"Toei.YazaikeNichome.1551.3","name":"Yazaike-Nichōme (Yazaike 2)","nameJa":"谷在家二丁目","routeCount":1,"operator":"Toei"}},{"type":"Feature","geometry":{"type":"Point","coordinates":[139.75841,35.76269]},"properties":{"stopId":"Toei.MiyagiDoteUe.1499.2","name":"Miyagi-Dote-Ue","nameJa":"宮城土手上","routeCount":1,"operator":"Toei"}},{"type":"Feature","geometry":{"type":"Point","coordinates":[139.7077,35.72106]},"properties":{"stopId":"Toei.MejiroStation.1529.3","name":"Mejiro Sta.","nameJa":"目白駅前","routeCount":1,"operator":"Toei"}},{"type":"Feature","geometry":{"type":"Point","coordinates":[139.72542,35.72888]},"properties":{"stopId":"Toei.Mukohara.1515.2","name":"Mukōhara","nameJa":"向原","routeCount":1,"operator":"Toei"}},{"type":"Feature","geometry":{"type":"Point","coordinates":[139.77012,35.78685]},"properties":{"stopId":"Toei.YazaikeItchome.1550.1","name":"Yazaike-Itchōme (Yazaike 1)","nameJa":"谷在家一丁目","routeCount":1,"operator":"Toei"}},{"type":"Feature","geometry":{"type":"Point","coordinates":[139.73127,35.6364]},"properties":{"stopId":"Toei.MeijiGakuin.1520.1","name":"Meiji-Gakuin (Meiji Gakuin Univ.)","nameJa":"明治学院前","routeCount":1,"operator":"Toei"}},{"type":"Feature","geometry":{"type":"Point","coordinates":[139.73146,35.63549]},"properties":{"stopId":"Toei.MeijiGakuin.1520.4","name":"Meiji-Gakuin (Meiji Gakuin Univ.)","nameJa":"明治学院前","routeCount":1,"operator":"Toei"}},{"type":"Feature","geometry":{"type":"Point","coordinates":[139.8376,35.66987]},"properties":{"stopId":"Toei.MotoHachiman.1539.1","name":"Moto-Hachiman","nameJa":"元八幡","routeCount":1,"operator":"Toei"}},{"type":"Feature","geometry":{"type":"Point","coordinates":[139.7941,35.67259]},"properties":{"stopId":"Toei.MonzenNakacho.1544.7","name":"Monzen-Nakachō","nameJa":"門前仲町","routeCount":1,"operator":"Toei"}},{"type":"Feature","geometry":{"type":"Point","coordinates":[139.79533,35.67338]},"properties":{"stopId":"Toei.MonzenNakacho.1544.9","name":"Monzen-Nakachō","nameJa":"門前仲町","routeCount":1,"operator":"Toei"}},{"type":"Feature","geometry":{"type":"Point","coordinates":[139.73213,35.63896]},"properties":{"stopId":"Toei.ShirokanedaiItchome.2009.2","name":"Shirokanedai-Itchōme (Shirokanedai 1)","nameJa":"白金台一丁目","routeCount":1,"operator":"Toei"}},{"type":"Feature","geometry":{"type":"Point","coordinates":[139.72801,35.68619]},"properties":{"stopId":"Toei.YotsuyaItchome.1593.2","name":"Yotsuya-Itchōme (Yotsuya 1)","nameJa":"四谷一丁目","routeCount":1,"operator":"Toei"}},{"type":"Feature","geometry":{"type":"Point","coordinates":[139.7314,35.68537]},"properties":{"stopId":"Toei.YotsuyaStationMae.1590.3","name":"Yotsuya Sta. Mae","nameJa":"四谷駅前","routeCount":1,"operator":"Toei"}},{"type":"Feature","geometry":{"type":"Point","coordinates":[139.72823,35.68643]},"properties":{"stopId":"Toei.YotsuyaItchome.1593.3","name":"Yotsuya-Itchōme (Yotsuya 1)","nameJa":"四谷一丁目","routeCount":1,"operator":"Toei"}},{"type":"Feature","geometry":{"type":"Point","coordinates":[139.72459,35.68767]},"properties":{"stopId":"Toei.YotsuyaNichome.1594.1","name":"Yotsuya-Nichōme (Yotsuya 2)","nameJa":"四谷二丁目","routeCount":1,"operator":"Toei"}},{"type":"Feature","geometry":{"type":"Point","coordinates":[139.72553,35.68706]},"properties":{"stopId":"Toei.YotsuyaNichome.1594.3","name":"Yotsuya-Nichōme (Yotsuya 2)","nameJa":"四谷二丁目","routeCount":1,"operator":"Toei"}},{"type":"Feature","geometry":{"type":"Point","coordinates":[139.79116,35.72427]},"properties":{"stopId":"Toei.Ryusen.1599.2","name":"Ryūsen","nameJa":"竜泉","routeCount":1,"operator":"Toei"}},{"type":"Feature","geometry":{"type":"Point","coordinates":[139.73206,35.63954]},"properties":{"stopId":"Toei.ShirokanedaiItchome.2009.1","name":"Shirokanedai-Itchōme (Shirokanedai 1)","nameJa":"白金台一丁目","routeCount":1,"operator":"Toei"}},{"type":"Feature","geometry":{"type":"Point","coordinates":[139.87302,35.6598]},"properties":{"stopId":"Toei.NakachoNishigumi.1801.2","name":"Nakachō-Nishigumi","nameJa":"仲町西組","routeCount":1,"operator":"Toei"}},{"type":"Feature","geometry":{"type":"Point","coordinates":[139.70416,35.69124]},"properties":{"stopId":"Toei.ShinjukuOiwake.2001.1","name":"Shinjuku-Oiwake","nameJa":"新宿追分","routeCount":1,"operator":"Toei"}},{"type":"Feature","geometry":{"type":"Point","coordinates":[139.75429,35.62803]},"properties":{"stopId":"Toei.KeihinUnga.2005.1","name":"Keihin-Unga","nameJa":"京浜運河","routeCount":1,"operator":"Toei"}},{"type":"Feature","geometry":{"type":"Point","coordinates":[139.73089,35.63372]},"properties":{"stopId":"Toei.ShirokanedaiNichome.2019.1","name":"Shirokanedai-Nichōme (Shirokanedai 2)","nameJa":"白金台二丁目","routeCount":1,"operator":"Toei"}},{"type":"Feature","geometry":{"type":"Point","coordinates":[139.73124,35.63388]},"properties":{"stopId":"Toei.ShirokanedaiNichome.2019.2","name":"Shirokanedai-Nichōme (Shirokanedai 2)","nameJa":"白金台二丁目","routeCount":1,"operator":"Toei"}},{"type":"Feature","geometry":{"type":"Point","coordinates":[139.70178,35.66605]},"properties":{"stopId":"Toei.KokuritsuYoyogiKyogijo.2025.1","name":"Kokuritsu-Yoyogi-Kyōgijō","nameJa":"国立代々木競技場前","routeCount":1,"operator":"Toei"}},{"type":"Feature","geometry":{"type":"Point","coordinates":[139.70038,35.66599]},"properties":{"stopId":"Toei.KokuritsuYoyogiKyogijo.2025.2","name":"Kokuritsu-Yoyogi-Kyōgijō","nameJa":"国立代々木競技場前","routeCount":1,"operator":"Toei"}},{"type":"Feature","geometry":{"type":"Point","coordinates":[139.86407,35.68408]},"properties":{"stopId":"Toei.FunaboriStation.2032.4","name":"Funabori Sta.","nameJa":"船堀駅前","routeCount":1,"operator":"Toei"}},{"type":"Feature","geometry":{"type":"Point","coordinates":[139.74706,35.67013]},"properties":{"stopId":"Toei.ShosenMitsuiHonshaBiru.2033.6","name":"Shōsen-Mitsui-Honsha Biru(Shosen-Mitsui Head Office Building)","nameJa":"商船三井本社ビル前","routeCount":1,"operator":"Toei"}},{"type":"Feature","geometry":{"type":"Point","coordinates":[139.75295,35.75985]},"properties":{"stopId":"Toei.MiyagiMizuSaiseiCenter.2044.1","name":"Miyagi-Mizu-Saisei Center","nameJa":"みやぎ水再生センター前","routeCount":1,"operator":"Toei"}},{"type":"Feature","geometry":{"type":"Point","coordinates":[139.86221,35.67975]},"properties":{"stopId":"Toei.KasaiDainiChugakko.2080.1","name":"Kasai-Daini-Chūgakkō","nameJa":"葛西第二中学校前","routeCount":1,"operator":"Toei"}},{"type":"Feature","geometry":{"type":"Point","coordinates":[139.86162,35.67978]},"properties":{"stopId":"Toei.KasaiDainiChugakko.2080.3","name":"Kasai-Daini-Chūgakkō","nameJa":"葛西第二中学校前","routeCount":1,"operator":"Toei"}},{"type":"Feature","geometry":{"type":"Point","coordinates":[139.86147,35.67981]},"properties":{"stopId":"Toei.KasaiDainiChugakko.2080.4","name":"Kasai-Daini-Chūgakkō","nameJa":"葛西第二中学校前","routeCount":1,"operator":"Toei"}},{"type":"Feature","geometry":{"type":"Point","coordinates":[139.86648,35.66982]},"properties":{"stopId":"Toei.KasaiYubinkyoku.2084.2","name":"Kasai-Yūbinkyoku (Kasai Post Office)","nameJa":"葛西郵便局","routeCount":1,"operator":"Toei"}},{"type":"Feature","geometry":{"type":"Point","coordinates":[139.86605,35.6723]},"properties":{"stopId":"Toei.UkitaDaiichiJutaku.2083.2","name":"Ukita-Daiichi-Jūtaku","nameJa":"宇喜田第一住宅","routeCount":1,"operator":"Toei"}},{"type":"Feature","geometry":{"type":"Point","coordinates":[139.86458,35.67314]},"properties":{"stopId":"Toei.Horenji.2092.2","name":"Hōrenji (Hōrenji Temple)","nameJa":"法蓮寺","routeCount":1,"operator":"Toei"}},{"type":"Feature","geometry":{"type":"Point","coordinates":[139.80445,35.64093]},"properties":{"stopId":"Toei.ShinonomeStation.2102.2","name":"Shinonome Sta.","nameJa":"東雲駅前","routeCount":1,"operator":"Toei"}},{"type":"Feature","geometry":{"type":"Point","coordinates":[139.74446,35.61871]},"properties":{"stopId":"Toei.KitaShinagawaNichome.2112.2","name":"Kita-Shinagawa-Nichōme (Kita-Shinagawa 2)","nameJa":"北品川二丁目","routeCount":1,"operator":"Toei"}},{"type":"Feature","geometry":{"type":"Point","coordinates":[139.80851,35.7273]},"properties":{"stopId":"Toei.HashibaNichomeApato.2114.1","name":"Hashiba-Nichōme-Apāto (Hashiba 2 Apāto)","nameJa":"橋場二丁目アパート前","routeCount":1,"operator":"Toei"}},{"type":"Feature","geometry":{"type":"Point","coordinates":[139.80792,35.72536]},"properties":{"stopId":"Toei.HashibaItchome.2115.1","name":"Hashiba-Itchōme (Hashiba 1)","nameJa":"橋場一丁目","routeCount":1,"operator":"Toei"}},{"type":"Feature","geometry":{"type":"Point","coordinates":[139.80749,35.72332]},"properties":{"stopId":"Toei.TokyotoJinkenPlaza.2116.2","name":"Tokyoto-Jinken Plaza","nameJa":"浅草病院前","routeCount":1,"operator":"Toei"}},{"type":"Feature","geometry":{"type":"Point","coordinates":[139.80608,35.72007]},"properties":{"stopId":"Toei.SakurabashiChugakko.2117.1","name":"Sakurabashi-Chūgakkō","nameJa":"桜橋中学校前","routeCount":1,"operator":"Toei"}},{"type":"Feature","geometry":{"type":"Point","coordinates":[139.80445,35.71817]},"properties":{"stopId":"Toei.RiversideSportsCenter.2118.1","name":"Riverside Sports Center","nameJa":"リバーサイドスポーツセンター前","routeCount":1,"operator":"Toei"}},{"type":"Feature","geometry":{"type":"Point","coordinates":[139.80392,35.71824]},"properties":{"stopId":"Toei.RiversideSportsCenter.2118.2","name":"Riverside Sports Center","nameJa":"リバーサイドスポーツセンター前","routeCount":1,"operator":"Toei"}},{"type":"Feature","geometry":{"type":"Point","coordinates":[139.80417,35.72044]},"properties":{"stopId":"Toei.ImadoItchome.2119.1","name":"Imado-Itchōme (Imado 1)","nameJa":"今戸一丁目","routeCount":1,"operator":"Toei"}},{"type":"Feature","geometry":{"type":"Point","coordinates":[139.80489,35.726]},"properties":{"stopId":"Toei.KiyokawaItchome.2120.1","name":"Kiyokawa-Itchōme (Kiyokawa 1)","nameJa":"清川一丁目","routeCount":1,"operator":"Toei"}},{"type":"Feature","geometry":{"type":"Point","coordinates":[139.80521,35.72806]},"properties":{"stopId":"Toei.KiyokawaSeisoShako.2121.1","name":"Kiyokawa-Seisō-Shako","nameJa":"清川清掃車庫前","routeCount":1,"operator":"Toei"}},{"type":"Feature","geometry":{"type":"Point","coordinates":[139.70607,35.70861]},"properties":{"stopId":"Toei.ShinjukuSportsCenterIriguchi.2130.1","name":"Shinjuku Sports Center Iriguchi","nameJa":"新宿スポーツセンター入口","routeCount":1,"operator":"Toei"}},{"type":"Feature","geometry":{"type":"Point","coordinates":[139.70621,35.70877]},"properties":{"stopId":"Toei.ShinjukuSportsCenterIriguchi.2130.2","name":"Shinjuku Sports Center Iriguchi","nameJa":"新宿スポーツセンター入口","routeCount":1,"operator":"Toei"}},{"type":"Feature","geometry":{"type":"Point","coordinates":[139.88021,35.70698]},"properties":{"stopId":"Toei.OsugiDainiShogakko.2132.1","name":"Ōsugi-Daini-Shōgakkō","nameJa":"大杉第二小学校前","routeCount":1,"operator":"Toei"}},{"type":"Feature","geometry":{"type":"Point","coordinates":[139.87013,35.72417]},"properties":{"stopId":"Toei.KamiIsshiki.2139.2","name":"Kami-Isshiki","nameJa":"上一色","routeCount":1,"operator":"Toei"}},{"type":"Feature","geometry":{"type":"Point","coordinates":[139.88074,35.70599]},"properties":{"stopId":"Toei.OsugiDainiShogakko.2132.2","name":"Ōsugi-Daini-Shōgakkō","nameJa":"大杉第二小学校前","routeCount":1,"operator":"Toei"}},{"type":"Feature","geometry":{"type":"Point","coordinates":[139.87988,35.7094]},"properties":{"stopId":"Toei.OsugiYonchome.2133.1","name":"Ōsugi-Yonchōme (Ōsugi 4)","nameJa":"大杉四丁目","routeCount":1,"operator":"Toei"}},{"type":"Feature","geometry":{"type":"Point","coordinates":[139.87948,35.71007]},"properties":{"stopId":"Toei.OsugiYonchome.2133.2","name":"Ōsugi-Yonchōme (Ōsugi 4)","nameJa":"大杉四丁目","routeCount":1,"operator":"Toei"}},{"type":"Feature","geometry":{"type":"Point","coordinates":[139.87882,35.71269]},"properties":{"stopId":"Toei.MatsumotoBenten.2134.1","name":"Matsumoto-Benten","nameJa":"松本弁天","routeCount":1,"operator":"Toei"}},{"type":"Feature","geometry":{"type":"Point","coordinates":[139.87917,35.71261]},"properties":{"stopId":"Toei.MatsumotoBenten.2134.2","name":"Matsumoto-Benten","nameJa":"松本弁天","routeCount":1,"operator":"Toei"}},{"type":"Feature","geometry":{"type":"Point","coordinates":[139.87815,35.71554]},"properties":{"stopId":"Toei.MatsumotoJidoYuen.2135.1","name":"Matsumoto-Jidō-Yūen","nameJa":"松本児童遊園前","routeCount":1,"operator":"Toei"}},{"type":"Feature","geometry":{"type":"Point","coordinates":[139.8784,35.71592]},"properties":{"stopId":"Toei.MatsumotoJidoYuen.2135.2","name":"Matsumoto-Jidō-Yūen","nameJa":"松本児童遊園前","routeCount":1,"operator":"Toei"}},{"type":"Feature","geometry":{"type":"Point","coordinates":[139.87376,35.72332]},"properties":{"stopId":"Toei.KamiIsshikiChugakko.2137.1","name":"Kami-Isshiki-Chūgakkō","nameJa":"上一色中学校前","routeCount":1,"operator":"Toei"}},{"type":"Feature","geometry":{"type":"Point","coordinates":[139.87359,35.72316]},"properties":{"stopId":"Toei.KamiIsshikiChugakko.2137.2","name":"Kami-Isshiki-Chūgakkō","nameJa":"上一色中学校前","routeCount":1,"operator":"Toei"}},{"type":"Feature","geometry":{"type":"Point","coordinates":[139.87203,35.72483]},"properties":{"stopId":"Toei.KamiIsshikiCommunityCenter.2138.1","name":"Kami-Isshiki Community Center","nameJa":"上一色コミュニティセンター前","routeCount":1,"operator":"Toei"}},{"type":"Feature","geometry":{"type":"Point","coordinates":[139.87219,35.72528]},"properties":{"stopId":"Toei.KamiIsshikiCommunityCenter.2138.2","name":"Kami-Isshiki Community Center","nameJa":"上一色コミュニティセンター前","routeCount":1,"operator":"Toei"}},{"type":"Feature","geometry":{"type":"Point","coordinates":[139.87052,35.72421]},"properties":{"stopId":"Toei.KamiIsshiki.2139.1","name":"Kami-Isshiki","nameJa":"上一色","routeCount":1,"operator":"Toei"}},{"type":"Feature","geometry":{"type":"Point","coordinates":[139.8679,35.72212]},"properties":{"stopId":"Toei.KoiwaKokoIriguchi.2140.1","name":"Koiwa-Kōkō-Iriguchi","nameJa":"小岩高校入口","routeCount":1,"operator":"Toei"}},{"type":"Feature","geometry":{"type":"Point","coordinates":[139.86797,35.72256]},"properties":{"stopId":"Toei.KoiwaKokoIriguchi.2140.2","name":"Koiwa-Kōkō-Iriguchi","nameJa":"小岩高校入口","routeCount":1,"operator":"Toei"}},{"type":"Feature","geometry":{"type":"Point","coordinates":[139.86729,35.71989]},"properties":{"stopId":"Toei.ShinkoiwaYonchome.2141.1","name":"Shinkoiwa-Yonchōme (Shinkoiwa 4)","nameJa":"新小岩四丁目","routeCount":1,"operator":"Toei"}},{"type":"Feature","geometry":{"type":"Point","coordinates":[139.86731,35.72025]},"properties":{"stopId":"Toei.ShinkoiwaYonchome.2141.2","name":"Shinkoiwa-Yonchōme (Shinkoiwa 4)","nameJa":"新小岩四丁目","routeCount":1,"operator":"Toei"}},{"type":"Feature","geometry":{"type":"Point","coordinates":[139.70362,35.70974]},"properties":{"stopId":"Toei.TakadanobabaStationDori.2149.1","name":"Takadanobaba Sta. Dōri","nameJa":"高田馬場駅通り","routeCount":1,"operator":"Toei"}},{"type":"Feature","geometry":{"type":"Point","coordinates":[139.70373,35.7105]},"properties":{"stopId":"Toei.TakadanobabaStationDori.2149.2","name":"Takadanobaba Sta. Dōri","nameJa":"高田馬場駅通り","routeCount":1,"operator":"Toei"}},{"type":"Feature","geometry":{"type":"Point","coordinates":[139.83889,35.70554]},"properties":{"stopId":"Toei.HiraiGochome.2150.1","name":"Hirai-Gochōme (Hirai 5)","nameJa":"平井五丁目","routeCount":1,"operator":"Toei"}},{"type":"Feature","geometry":{"type":"Point","coordinates":[139.7716,35.58904]},"properties":{"stopId":"Toei.OiChassisPool.2153.1","name":"Ōi Chassis Pool","nameJa":"大井シャシープール前","routeCount":1,"operator":"Toei"}},{"type":"Feature","geometry":{"type":"Point","coordinates":[139.77115,35.58826]},"properties":{"stopId":"Toei.OiChassisPool.2153.2","name":"Ōi Chassis Pool","nameJa":"大井シャシープール前","routeCount":1,"operator":"Toei"}},{"type":"Feature","geometry":{"type":"Point","coordinates":[139.77117,35.59224]},"properties":{"stopId":"Toei.Nichirei.2155.2","name":"Nichirei","nameJa":"ニチレイ前","routeCount":1,"operator":"Toei"}},{"type":"Feature","geometry":{"type":"Point","coordinates":[139.88084,35.70435]},"properties":{"stopId":"Toei.OsugiSanchome.2161.1","name":"Ōsugi-Sanchōme (Ōsugi 3)","nameJa":"大杉三丁目","routeCount":1,"operator":"Toei"}},{"type":"Feature","geometry":{"type":"Point","coordinates":[139.88116,35.70448]},"properties":{"stopId":"Toei.OsugiSanchome.2161.2","name":"Ōsugi-Sanchōme (Ōsugi 3)","nameJa":"大杉三丁目","routeCount":1,"operator":"Toei"}},{"type":"Feature","geometry":{"type":"Point","coordinates":[139.80219,35.67517]},"properties":{"stopId":"Toei.Fuyuki.2172.1","name":"Fuyuki","nameJa":"冬木","routeCount":1,"operator":"Toei"}},{"type":"Feature","geometry":{"type":"Point","coordinates":[139.80336,35.67538]},"properties":{"stopId":"Toei.Fuyuki.2172.2","name":"Fuyuki","nameJa":"冬木","routeCount":1,"operator":"Toei"}},{"type":"Feature","geometry":{"type":"Point","coordinates":[139.84305,35.68462]},"properties":{"stopId":"Toei.HigashisunaDanchi.2179.1","name":"Higashisuna-Danchi","nameJa":"東砂団地","routeCount":1,"operator":"Toei"}},{"type":"Feature","geometry":{"type":"Point","coordinates":[139.84405,35.68472]},"properties":{"stopId":"Toei.HigashisunaDanchi.2179.2","name":"Higashisuna-Danchi","nameJa":"東砂団地","routeCount":1,"operator":"Toei"}},{"type":"Feature","geometry":{"type":"Point","coordinates":[139.8406,35.68448]},"properties":{"stopId":"Toei.HigashisunaItchome.2180.1","name":"Higashisuna-Itchōme (Higashisuna 1)","nameJa":"東砂一丁目","routeCount":1,"operator":"Toei"}},{"type":"Feature","geometry":{"type":"Point","coordinates":[139.84164,35.68461]},"properties":{"stopId":"Toei.HigashisunaItchome.2180.2","name":"Higashisuna-Itchōme (Higashisuna 1)","nameJa":"東砂一丁目","routeCount":1,"operator":"Toei"}},{"type":"Feature","geometry":{"type":"Point","coordinates":[139.8759,35.64401]},"properties":{"stopId":"Toei.MinamiKasaiChugakko.2184.3","name":"Minami-Kasai-Chūgakkō","nameJa":"南葛西中学校前","routeCount":1,"operator":"Toei"}},{"type":"Feature","geometry":{"type":"Point","coordinates":[139.87676,35.64394]},"properties":{"stopId":"Toei.MinamiKasaiChugakko.2184.4","name":"Minami-Kasai-Chūgakkō","nameJa":"南葛西中学校前","routeCount":1,"operator":"Toei"}},{"type":"Feature","geometry":{"type":"Point","coordinates":[139.86168,35.64398]},"properties":{"stopId":"Toei.KasaiRinkaiKoenStation.2189.3","name":"Kasai-Rinkai-Kōen Sta. (Kasai Rinkai Park Sta.)","nameJa":"葛西臨海公園駅前","routeCount":1,"operator":"Toei"}},{"type":"Feature","geometry":{"type":"Point","coordinates":[139.86222,35.64397]},"properties":{"stopId":"Toei.KasaiRinkaiKoenStation.2189.2","name":"Kasai-Rinkai-Kōen Sta. (Kasai Rinkai Park Sta.)","nameJa":"葛西臨海公園駅前","routeCount":1,"operator":"Toei"}},{"type":"Feature","geometry":{"type":"Point","coordinates":[139.86198,35.64404]},"properties":{"stopId":"Toei.KasaiRinkaiKoenStation.2189.4","name":"Kasai-Rinkai-Kōen Sta. (Kasai Rinkai Park Sta.)","nameJa":"葛西臨海公園駅前","routeCount":1,"operator":"Toei"}},{"type":"Feature","geometry":{"type":"Point","coordinates":[139.71271,35.67512]},"properties":{"stopId":"Toei.Kasumigaoka.2191.1","name":"Kasumigaoka","nameJa":"霞ヶ丘","routeCount":1,"operator":"Toei"}},{"type":"Feature","geometry":{"type":"Point","coordinates":[139.71249,35.67471]},"properties":{"stopId":"Toei.Kasumigaoka.2191.2","name":"Kasumigaoka","nameJa":"霞ヶ丘","routeCount":1,"operator":"Toei"}},{"type":"Feature","geometry":{"type":"Point","coordinates":[139.83622,35.71472]},"properties":{"stopId":"Toei.HiraiNanachomeDaisanApato.2205.1","name":"Hirai-Nanachōme-Daisan-Apāto (Hirai 7 Daisan-Apāto)","nameJa":"平井七丁目第三アパート前","routeCount":1,"operator":"Toei"}},{"type":"Feature","geometry":{"type":"Point","coordinates":[139.83627,35.71443]},"properties":{"stopId":"Toei.HiraiNanachomeDaisanApato.2205.2","name":"Hirai-Nanachōme-Daisan-Apāto (Hirai 7 Daisan-Apāto)","nameJa":"平井七丁目第三アパート前","routeCount":1,"operator":"Toei"}},{"type":"Feature","geometry":{"type":"Point","coordinates":[139.84943,35.69424]},"properties":{"stopId":"Toei.KomatsugawaNichome.2211.1","name":"Komatsugawa-Nichōme (Komatsugawa 2)","nameJa":"小松川二丁目","routeCount":1,"operator":"Toei"}},{"type":"Feature","geometry":{"type":"Point","coordinates":[139.84918,35.69418]},"properties":{"stopId":"Toei.KomatsugawaNichome.2211.2","name":"Komatsugawa-Nichōme (Komatsugawa 2)","nameJa":"小松川二丁目","routeCount":1,"operator":"Toei"}},{"type":"Feature","geometry":{"type":"Point","coordinates":[139.84894,35.69563]},"properties":{"stopId":"Toei.KomatsugawaKenkoSupportCenter.2212.1","name":"Komatsugawa-Kenkō Support Center","nameJa":"小松川健康サポートセンター前","routeCount":1,"operator":"Toei"}},{"type":"Feature","geometry":{"type":"Point","coordinates":[139.84842,35.69631]},"properties":{"stopId":"Toei.KomatsugawaKenkoSupportCenter.2212.2","name":"Komatsugawa-Kenkō Support Center","nameJa":"小松川健康サポートセンター前","routeCount":1,"operator":"Toei"}},{"type":"Feature","geometry":{"type":"Point","coordinates":[139.85027,35.69759]},"properties":{"stopId":"Toei.KomatsugawaDainiShogakko.2213.1","name":"Komatsugawa-Daini-Shōgakkō","nameJa":"小松川第二小学校前","routeCount":1,"operator":"Toei"}},{"type":"Feature","geometry":{"type":"Point","coordinates":[139.84834,35.69717]},"properties":{"stopId":"Toei.KomatsugawaSanchomeApato.2214.1","name":"Komatsugawa-Sanchōme-Apāto (Komatsugawa 3 Apāto)","nameJa":"小松川三丁目アパート前","routeCount":1,"operator":"Toei"}},{"type":"Feature","geometry":{"type":"Point","coordinates":[139.82673,35.72823]},"properties":{"stopId":"Toei.ShinYotsugibashi.2237.1","name":"Shin-Yotsugibashi","nameJa":"新四ツ木橋","routeCount":1,"operator":"Toei"}},{"type":"Feature","geometry":{"type":"Point","coordinates":[139.82691,35.72886]},"properties":{"stopId":"Toei.ShinYotsugibashi.2237.2","name":"Shin-Yotsugibashi","nameJa":"新四ツ木橋","routeCount":1,"operator":"Toei"}},{"type":"Feature","geometry":{"type":"Point","coordinates":[139.69145,35.69027]},"properties":{"stopId":"Toei.TochoDaiichiHonchosha.2248.1","name":"Tochō-Daiichi-Honchōsha (Tokyo Metropolitan Government No.1 Building)","nameJa":"都庁第一本庁舎","routeCount":1,"operator":"Toei"}},{"type":"Feature","geometry":{"type":"Point","coordinates":[139.69216,35.68886]},"properties":{"stopId":"Toei.TochoDainiHonchosha.2249.1","name":"Tochō-Daini-Honchōsha (Tokyo Metropolitan Government No.2 Building)","nameJa":"都庁第二本庁舎","routeCount":1,"operator":"Toei"}},{"type":"Feature","geometry":{"type":"Point","coordinates":[139.69358,35.68959]},"properties":{"stopId":"Toei.TogikaiGijido.2250.1","name":"Togikai-Gijidō","nameJa":"都議会議事堂","routeCount":1,"operator":"Toei"}},{"type":"Feature","geometry":{"type":"Point","coordinates":[139.81779,35.73435]},"properties":{"stopId":"Toei.SumidaNichome.2262.1","name":"Sumida-Nichōme (Sumida 2)","nameJa":"墨田二丁目","routeCount":1,"operator":"Toei"}},{"type":"Feature","geometry":{"type":"Point","coordinates":[139.81706,35.73424]},"properties":{"stopId":"Toei.SumidaNichome.2262.2","name":"Sumida-Nichōme (Sumida 2)","nameJa":"墨田二丁目","routeCount":1,"operator":"Toei"}},{"type":"Feature","geometry":{"type":"Point","coordinates":[139.81527,35.7317]},"properties":{"stopId":"Toei.SuijinMae.2263.1","name":"Suijin-Mae","nameJa":"水神前","routeCount":1,"operator":"Toei"}},{"type":"Feature","geometry":{"type":"Point","coordinates":[139.81469,35.73159]},"properties":{"stopId":"Toei.SuijinMae.2263.2","name":"Suijin-Mae","nameJa":"水神前","routeCount":1,"operator":"Toei"}},{"type":"Feature","geometry":{"type":"Point","coordinates":[139.8133,35.72884]},"properties":{"stopId":"Toei.Sirahigebashi.2264.1","name":"Sirahigebashi","nameJa":"白鬚橋","routeCount":1,"operator":"Toei"}},{"type":"Feature","geometry":{"type":"Point","coordinates":[139.81371,35.72898]},"properties":{"stopId":"Toei.Sirahigebashi.2264.2","name":"Sirahigebashi","nameJa":"白鬚橋","routeCount":1,"operator":"Toei"}},{"type":"Feature","geometry":{"type":"Point","coordinates":[139.81858,35.71852]},"properties":{"stopId":"Toei.SumidakuHikifuneBunkaCenter.2265.1","name":"Sumidaku-Hikifune-Bunka Center (Sumidaku-Hikifune Culture Center)","nameJa":"墨田区曳舟文化センター前","routeCount":1,"operator":"Toei"}},{"type":"Feature","geometry":{"type":"Point","coordinates":[139.81838,35.71853]},"properties":{"stopId":"Toei.SumidakuHikifuneBunkaCenter.2265.2","name":"Sumidaku-Hikifune-Bunka Center (Sumidaku-Hikifune Culture Center)","nameJa":"墨田区曳舟文化センター前","routeCount":1,"operator":"Toei"}},{"type":"Feature","geometry":{"type":"Point","coordinates":[139.81445,35.71498]},"properties":{"stopId":"Toei.OshiageNichome.2266.1","name":"Oshiage-Nichōme (Oshiage 2)","nameJa":"押上二丁目","routeCount":1,"operator":"Toei"}},{"type":"Feature","geometry":{"type":"Point","coordinates":[139.81493,35.71553]},"properties":{"stopId":"Toei.OshiageNichome.2266.2","name":"Oshiage-Nichōme (Oshiage 2)","nameJa":"押上二丁目","routeCount":1,"operator":"Toei"}},{"type":"Feature","geometry":{"type":"Point","coordinates":[139.81186,35.71279]},"properties":{"stopId":"Toei.MukojimaSanchome.2267.1","name":"Mukōjima-Sanchōme (Mukōjima 3)","nameJa":"向島三丁目","routeCount":1,"operator":"Toei"}},{"type":"Feature","geometry":{"type":"Point","coordinates":[139.81178,35.71292]},"properties":{"stopId":"Toei.MukojimaSanchome.2267.2","name":"Mukōjima-Sanchōme (Mukōjima 3)","nameJa":"向島三丁目","routeCount":1,"operator":"Toei"}},{"type":"Feature","geometry":{"type":"Point","coordinates":[139.7187,35.73253]},"properties":{"stopId":"Toei.MutsumataRikkyo.2273.1","name":"Mutsumata-Rikkyō","nameJa":"六ツ又陸橋","routeCount":1,"operator":"Toei"}},{"type":"Feature","geometry":{"type":"Point","coordinates":[139.75069,35.62306]},"properties":{"stopId":"Toei.TennozuIsle.2271.1","name":"Tennōzu Isle (Park Square)","nameJa":"天王洲アイル","routeCount":1,"operator":"Toei"}},{"type":"Feature","geometry":{"type":"Point","coordinates":[139.74999,35.62319]},"properties":{"stopId":"Toei.TennozuIsle.2271.2","name":"Tennōzu Isle (Park Square)","nameJa":"天王洲アイル","routeCount":1,"operator":"Toei"}},{"type":"Feature","geometry":{"type":"Point","coordinates":[139.75073,35.62127]},"properties":{"stopId":"Toei.TennozuIsle.2271.3","name":"Tennōzu Isle (Park Square)","nameJa":"天王洲アイル","routeCount":1,"operator":"Toei"}},{"type":"Feature","geometry":{"type":"Point","coordinates":[139.84866,35.69138]},"properties":{"stopId":"Toei.KomatsugawaItchomeApato.2272.1","name":"Komatsugawa-Itchōme-Apāto (Komatsugawa 1 Apāto)","nameJa":"小松川一丁目アパート前","routeCount":1,"operator":"Toei"}},{"type":"Feature","geometry":{"type":"Point","coordinates":[139.84852,35.69194]},"properties":{"stopId":"Toei.KomatsugawaItchomeApato.2272.2","name":"Komatsugawa-Itchōme-Apāto (Komatsugawa 1 Apāto)","nameJa":"小松川一丁目アパート前","routeCount":1,"operator":"Toei"}},{"type":"Feature","geometry":{"type":"Point","coordinates":[139.75016,35.62609]},"properties":{"stopId":"Toei.TennozuUnga.2283.1","name":"Tennōzu-Unga","nameJa":"天王洲運河","routeCount":1,"operator":"Toei"}},{"type":"Feature","geometry":{"type":"Point","coordinates":[139.74988,35.62669]},"properties":{"stopId":"Toei.TennozuUnga.2283.2","name":"Tennōzu-Unga","nameJa":"天王洲運河","routeCount":1,"operator":"Toei"}},{"type":"Feature","geometry":{"type":"Point","coordinates":[139.86874,35.64605]},"properties":{"stopId":"Toei.EdogawaRinkaiYubinkyoku.2289.2","name":"Edogawa Rinkai Yūbinkyoku (Edogawa Rinkai Post Office)","nameJa":"江戸川臨海郵便局前","routeCount":1,"operator":"Toei"}},{"type":"Feature","geometry":{"type":"Point","coordinates":[139.73334,35.77506]},"properties":{"stopId":"Toei.KitaShakoIriguchi.2294.1","name":"Kita-Shako-Iriguchi","nameJa":"北車庫入口","routeCount":1,"operator":"Toei"}},{"type":"Feature","geometry":{"type":"Point","coordinates":[139.79303,35.62988]},"properties":{"stopId":"Toei.TokyoBigSight.2324.3","name":"Tokyo Big Sight","nameJa":"東京ビッグサイト","routeCount":1,"operator":"Toei"}},{"type":"Feature","geometry":{"type":"Point","coordinates":[139.75296,35.69616]},"properties":{"stopId":"Toei.Manaitabashi.2320.1","name":"Manaitabashi","nameJa":"まないた橋","routeCount":1,"operator":"Toei"}},{"type":"Feature","geometry":{"type":"Point","coordinates":[139.79148,35.63372]},"properties":{"stopId":"Toei.KokusaiTenjijoStation.2323.2","name":"Kokusai-Tenjijō Sta.","nameJa":"国際展示場駅前","routeCount":1,"operator":"Toei"}},{"type":"Feature","geometry":{"type":"Point","coordinates":[139.79306,35.63023]},"properties":{"stopId":"Toei.TokyoBigSight.2324.1","name":"Tokyo Big Sight","nameJa":"東京ビッグサイト","routeCount":1,"operator":"Toei"}},{"type":"Feature","geometry":{"type":"Point","coordinates":[139.79314,35.63014]},"properties":{"stopId":"Toei.TokyoBigSight.2324.5","name":"Tokyo Big Sight","nameJa":"東京ビッグサイト","routeCount":1,"operator":"Toei"}},{"type":"Feature","geometry":{"type":"Point","coordinates":[139.77906,35.62721]},"properties":{"stopId":"Toei.TokyoTeleportStation.2326.4","name":"Tokyo Teleport Sta.","nameJa":"東京テレポート駅前","routeCount":1,"operator":"Toei"}},{"type":"Feature","geometry":{"type":"Point","coordinates":[139.77964,35.62705]},"properties":{"stopId":"Toei.TokyoTeleportStation.2326.6","name":"Tokyo Teleport Sta.","nameJa":"東京テレポート駅前","routeCount":1,"operator":"Toei"}},{"type":"Feature","geometry":{"type":"Point","coordinates":[139.77053,35.62439]},"properties":{"stopId":"Toei.ShiokazeKoenIriguchi.2328.1","name":"Shiokaze-Kōen-Iriguchi (Shiokaze Park)","nameJa":"潮風公園入口","routeCount":1,"operator":"Toei"}},{"type":"Feature","geometry":{"type":"Point","coordinates":[139.77138,35.62601]},"properties":{"stopId":"Toei.DaibaStation.2329.1","name":"Daiba Sta.","nameJa":"台場駅前","routeCount":1,"operator":"Toei"}},{"type":"Feature","geometry":{"type":"Point","coordinates":[139.75072,35.6198]},"properties":{"stopId":"Toei.TennozuKoen.2335.1","name":"Tennōzu-Kōen (Tennōzu Park)","nameJa":"天王洲公園前","routeCount":1,"operator":"Toei"}},{"type":"Feature","geometry":{"type":"Point","coordinates":[139.77296,35.69366]},"properties":{"stopId":"Toei.KandaTomiyamacho.2410.1","name":"Kanda-Tomiyamachō","nameJa":"神田富山町","routeCount":1,"operator":"Toei"}},{"type":"Feature","geometry":{"type":"Point","coordinates":[139.77464,35.62779]},"properties":{"stopId":"Toei.FujiTerebi.2346.1","name":"Fuji-Terebi (Fuji TV)","nameJa":"フジテレビ前","routeCount":1,"operator":"Toei"}},{"type":"Feature","geometry":{"type":"Point","coordinates":[139.75372,35.6223]},"properties":{"stopId":"Toei.ShinagawaFutobashi.2353.1","name":"Shinagawa-Futōbashi","nameJa":"品川ふ頭橋","routeCount":1,"operator":"Toei"}},{"type":"Feature","geometry":{"type":"Point","coordinates":[139.7462,35.73013]},"properties":{"stopId":"Toei.BunkyoGreenCourt.2412.1","name":"Bunkyō Green Court","nameJa":"文京グリーンコート前","routeCount":1,"operator":"Toei"}},{"type":"Feature","geometry":{"type":"Point","coordinates":[139.74192,35.61216]},"properties":{"stopId":"Toei.MinamiShinagawaGochome.2364.1","name":"Minami-Shinagawa-Gochōme (Minami-Shinagawa 5)","nameJa":"南品川五丁目","routeCount":1,"operator":"Toei"}},{"type":"Feature","geometry":{"type":"Point","coordinates":[139.87043,35.68617]},"properties":{"stopId":"Toei.MatsueRokuchome.2366.2","name":"Matsue-Rokuchōme (Matsue 6)","nameJa":"松江六丁目","routeCount":1,"operator":"Toei"}},{"type":"Feature","geometry":{"type":"Point","coordinates":[139.87031,35.68572]},"properties":{"stopId":"Toei.MatsueRokuchome.2366.4","name":"Matsue-Rokuchōme (Matsue 6)","nameJa":"松江六丁目","routeCount":1,"operator":"Toei"}},{"type":"Feature","geometry":{"type":"Point","coordinates":[139.87184,35.69084]},"properties":{"stopId":"Toei.MatsueCommunityKaikan.2367.1","name":"Matsue Community Kaikan (Matsue Community Center)","nameJa":"松江コミュニティ会館前","routeCount":1,"operator":"Toei"}},{"type":"Feature","geometry":{"type":"Point","coordinates":[139.87196,35.69085]},"properties":{"stopId":"Toei.MatsueCommunityKaikan.2367.2","name":"Matsue Community Kaikan (Matsue Community Center)","nameJa":"松江コミュニティ会館前","routeCount":1,"operator":"Toei"}},{"type":"Feature","geometry":{"type":"Point","coordinates":[139.87233,35.69301]},"properties":{"stopId":"Toei.IchoNamikiDori.2368.1","name":"Ichō-Namiki-Dōri","nameJa":"銀杏並木通り","routeCount":1,"operator":"Toei"}},{"type":"Feature","geometry":{"type":"Point","coordinates":[139.87243,35.69292]},"properties":{"stopId":"Toei.IchoNamikiDori.2368.2","name":"Ichō-Namiki-Dōri","nameJa":"銀杏並木通り","routeCount":1,"operator":"Toei"}},{"type":"Feature","geometry":{"type":"Point","coordinates":[139.87529,35.69532]},"properties":{"stopId":"Toei.MatsueYonchuDori.2369.1","name":"Matsue-Yonchū-Dōri","nameJa":"松江四中通り","routeCount":1,"operator":"Toei"}},{"type":"Feature","geometry":{"type":"Point","coordinates":[139.87506,35.69517]},"properties":{"stopId":"Toei.MatsueYonchuDori.2369.2","name":"Matsue-Yonchū-Dōri","nameJa":"松江四中通り","routeCount":1,"operator":"Toei"}},{"type":"Feature","geometry":{"type":"Point","coordinates":[139.87683,35.69728]},"properties":{"stopId":"Toei.MatsueDaiyonChugakko.2370.1","name":"Matsue-Daiyon-Chūgakkō","nameJa":"松江第四中学校前","routeCount":1,"operator":"Toei"}},{"type":"Feature","geometry":{"type":"Point","coordinates":[139.87666,35.69724]},"properties":{"stopId":"Toei.MatsueDaiyonChugakko.2370.2","name":"Matsue-Daiyon-Chūgakkō","nameJa":"松江第四中学校前","routeCount":1,"operator":"Toei"}},{"type":"Feature","geometry":{"type":"Point","coordinates":[139.87815,35.69997]},"properties":{"stopId":"Toei.OsugiHigashiShogakko.2371.1","name":"Ōsugi-Higashi-Shōgakkō","nameJa":"大杉東小学校前","routeCount":1,"operator":"Toei"}},{"type":"Feature","geometry":{"type":"Point","coordinates":[139.87834,35.70047]},"properties":{"stopId":"Toei.OsugiHigashiShogakko.2371.2","name":"Ōsugi-Higashi-Shōgakkō","nameJa":"大杉東小学校前","routeCount":1,"operator":"Toei"}},{"type":"Feature","geometry":{"type":"Point","coordinates":[139.84939,35.69654]},"properties":{"stopId":"Toei.KomatsugawaSakuraHall.2388.1","name":"Komatsugawa-Sakura Hall","nameJa":"小松川さくらホール前","routeCount":1,"operator":"Toei"}},{"type":"Feature","geometry":{"type":"Point","coordinates":[139.851,35.69692]},"properties":{"stopId":"Toei.KomatsugawaDainiHoikuen.2389.1","name":"Komatsugawa-Daini-Hoikuen","nameJa":"小松川第二保育園前","routeCount":1,"operator":"Toei"}},{"type":"Feature","geometry":{"type":"Point","coordinates":[139.85169,35.69545]},"properties":{"stopId":"Toei.CherryGarden.2390.1","name":"Cherry Garden","nameJa":"チェリーガーデン前","routeCount":1,"operator":"Toei"}},{"type":"Feature","geometry":{"type":"Point","coordinates":[139.85098,35.69452]},"properties":{"stopId":"Toei.JiyuNoHiroba.2391.1","name":"Jiyū-No-Hiroba","nameJa":"自由の広場前","routeCount":1,"operator":"Toei"}},{"type":"Feature","geometry":{"type":"Point","coordinates":[139.84507,35.70671]},"properties":{"stopId":"Toei.HiraiYonchome.2409.1","name":"Hirai-Yonchōme (Hirai 4)","nameJa":"平井四丁目","routeCount":1,"operator":"Toei"}},{"type":"Feature","geometry":{"type":"Point","coordinates":[139.7468,35.73063]},"properties":{"stopId":"Toei.BunkyoGreenCourt.2412.2","name":"Bunkyō Green Court","nameJa":"文京グリーンコート前","routeCount":1,"operator":"Toei"}},{"type":"Feature","geometry":{"type":"Point","coordinates":[139.87464,35.6518]},"properties":{"stopId":"Toei.MinamiKasaiYonchome.2436.2","name":"Minami-Kasai-Yonchōme (Minami-Kasai 4)","nameJa":"南葛西四丁目","routeCount":1,"operator":"Toei"}},{"type":"Feature","geometry":{"type":"Point","coordinates":[139.73959,35.62129]},"properties":{"stopId":"Toei.KitaShinagawa.2434.2","name":"Kita-Shinagawa","nameJa":"北品川","routeCount":1,"operator":"Toei"}},{"type":"Feature","geometry":{"type":"Point","coordinates":[139.876,35.64989]},"properties":{"stopId":"Toei.FujiKoen.2435.1","name":"Fuji-Kōen","nameJa":"富士公園前","routeCount":1,"operator":"Toei"}},{"type":"Feature","geometry":{"type":"Point","coordinates":[139.87614,35.64993]},"properties":{"stopId":"Toei.FujiKoen.2435.2","name":"Fuji-Kōen","nameJa":"富士公園前","routeCount":1,"operator":"Toei"}},{"type":"Feature","geometry":{"type":"Point","coordinates":[139.87277,35.65212]},"properties":{"stopId":"Toei.MinamiKasaiYonchome.2436.1","name":"Minami-Kasai-Yonchōme (Minami-Kasai 4)","nameJa":"南葛西四丁目","routeCount":1,"operator":"Toei"}},{"type":"Feature","geometry":{"type":"Point","coordinates":[139.76512,35.78215]},"properties":{"stopId":"Toei.TokyoHokubuByoin.2469.1","name":"Tokyo Hokubu-Byōin (Tokyo Hokubu Hp. )","nameJa":"東京北部病院前","routeCount":1,"operator":"Toei"}},{"type":"Feature","geometry":{"type":"Point","coordinates":[139.79989,35.73349]},"properties":{"stopId":"Toei.MinamiSenjuStationHigashiguchi.2443.1","name":"Minami-Senju Sta. Higashiguchi (East Exit)","nameJa":"南千住駅東口","routeCount":1,"operator":"Toei"}},{"type":"Feature","geometry":{"type":"Point","coordinates":[139.81682,35.73506]},"properties":{"stopId":"Toei.UmewakabashiCommunityKaikan.2445.1","name":"Umewakabashi Community Kaikan (Umewakabashi Community Center)","nameJa":"梅若橋コミュニティ会館前","routeCount":1,"operator":"Toei"}},{"type":"Feature","geometry":{"type":"Point","coordinates":[139.855,35.65154]},"properties":{"stopId":"Toei.TokyoRinkaiByoin.2449.1","name":"Tokyo Rinkai-Byōin (Tokyo Rinkai Hp.)","nameJa":"東京臨海病院前","routeCount":1,"operator":"Toei"}},{"type":"Feature","geometry":{"type":"Point","coordinates":[139.86734,35.65294]},"properties":{"stopId":"Toei.MinamiKasaiJutaku.2453.1","name":"Minami-Kasai-Jūtaku","nameJa":"南葛西住宅前","routeCount":1,"operator":"Toei"}},{"type":"Feature","geometry":{"type":"Point","coordinates":[139.86632,35.65281]},"properties":{"stopId":"Toei.MinamiKasaiJutaku.2453.2","name":"Minami-Kasai-Jūtaku","nameJa":"南葛西住宅前","routeCount":1,"operator":"Toei"}},{"type":"Feature","geometry":{"type":"Point","coordinates":[139.72411,35.68974]},"properties":{"stopId":"Toei.SanEicho.2454.1","name":"San-Eichō","nameJa":"三栄町","routeCount":1,"operator":"Toei"}},{"type":"Feature","geometry":{"type":"Point","coordinates":[139.72407,35.68935]},"properties":{"stopId":"Toei.SanEicho.2454.2","name":"San-Eichō","nameJa":"三栄町","routeCount":1,"operator":"Toei"}},{"type":"Feature","geometry":{"type":"Point","coordinates":[139.74743,35.629]},"properties":{"stopId":"Toei.TokyoKaiyoDaigakuHombu.2456.1","name":"Tokyo Kaiyō-Daigaku-Hombu (Tokyo Univ. Of Marine Science and Technology)","nameJa":"東京海洋大学本部前","routeCount":1,"operator":"Toei"}},{"type":"Feature","geometry":{"type":"Point","coordinates":[139.74724,35.62879]},"properties":{"stopId":"Toei.TokyoKaiyoDaigakuHombu.2456.2","name":"Tokyo Kaiyō-Daigaku-Hombu (Tokyo Univ. Of Marine Science and Technology)","nameJa":"東京海洋大学本部前","routeCount":1,"operator":"Toei"}},{"type":"Feature","geometry":{"type":"Point","coordinates":[139.83418,35.66516]},"properties":{"stopId":"Toei.KotoKoreishaIryoCenter.2458.2","name":"Kōtō-Kōreisha-Iryō Center (Juntendo Tokyo Koto Geriatric Medical Center)","nameJa":"江東高齢者医療センター","routeCount":1,"operator":"Toei"}},{"type":"Feature","geometry":{"type":"Point","coordinates":[139.76426,35.73828]},"properties":{"stopId":"Toei.HigashiTabataItchome.2462.1","name":"Higashi-Tabata-Itchōme (Higashi-Tabata 1)","nameJa":"東田端一丁目","routeCount":1,"operator":"Toei"}},{"type":"Feature","geometry":{"type":"Point","coordinates":[139.76381,35.73801]},"properties":{"stopId":"Toei.HigashiTabataItchome.2462.2","name":"Higashi-Tabata-Itchōme (Higashi-Tabata 1)","nameJa":"東田端一丁目","routeCount":1,"operator":"Toei"}},{"type":"Feature","geometry":{"type":"Point","coordinates":[139.76501,35.78017]},"properties":{"stopId":"Toei.KAMINUMATASHOUGAKKOUIRIGUCHI.2468.1","name":"KAMINUMATASHOUGAKKOUIRIGUCHI","nameJa":"鹿浜菜の花中学校入口","routeCount":1,"operator":"Toei"}},{"type":"Feature","geometry":{"type":"Point","coordinates":[139.76285,35.78578]},"properties":{"stopId":"Toei.Oshibe.2470.1","name":"Oshibe","nameJa":"押部","routeCount":1,"operator":"Toei"}},{"type":"Feature","geometry":{"type":"Point","coordinates":[139.76211,35.78955]},"properties":{"stopId":"Toei.ShikahamaHatchome.2471.1","name":"Shikahama-Hatchōme (Shikahama 8)","nameJa":"鹿浜八丁目","routeCount":1,"operator":"Toei"}},{"type":"Feature","geometry":{"type":"Point","coordinates":[139.76191,35.79101]},"properties":{"stopId":"Toei.SaranumaItchome.2472.1","name":"Saranuma-Itchōme (Saranuma 1)","nameJa":"皿沼一丁目","routeCount":1,"operator":"Toei"}},{"type":"Feature","geometry":{"type":"Point","coordinates":[139.77047,35.81249]},"properties":{"stopId":"Toei.HikawaJinja.2476.1","name":"Hikawa-Jinja (Hikawa-Jinja Shrine)","nameJa":"氷川神社前","routeCount":1,"operator":"Toei"}},{"type":"Feature","geometry":{"type":"Point","coordinates":[139.77029,35.81267]},"properties":{"stopId":"Toei.HikawaJinja.2476.2","name":"Hikawa-Jinja (Hikawa-Jinja Shrine)","nameJa":"氷川神社前","routeCount":1,"operator":"Toei"}},{"type":"Feature","geometry":{"type":"Point","coordinates":[139.77019,35.80812]},"properties":{"stopId":"Toei.HoshaJuichigoToneri.2477.1","name":"Hōsha-Jūichigō-Toneri","nameJa":"放射１１号舎人","routeCount":1,"operator":"Toei"}},{"type":"Feature","geometry":{"type":"Point","coordinates":[139.76995,35.80848]},"properties":{"stopId":"Toei.HoshaJuichigoToneri.2477.2","name":"Hōsha-Jūichigō-Toneri","nameJa":"放射１１号舎人","routeCount":1,"operator":"Toei"}},{"type":"Feature","geometry":{"type":"Point","coordinates":[139.77031,35.80372]},"properties":{"stopId":"Toei.IriyaItchome.2478.1","name":"Iriya-Itchōme (Iriya 1)","nameJa":"入谷一丁目","routeCount":1,"operator":"Toei"}},{"type":"Feature","geometry":{"type":"Point","coordinates":[139.76996,35.80404]},"properties":{"stopId":"Toei.IriyaItchome.2478.2","name":"Iriya-Itchōme (Iriya 1)","nameJa":"入谷一丁目","routeCount":1,"operator":"Toei"}},{"type":"Feature","geometry":{"type":"Point","coordinates":[139.7306,35.65924]},"properties":{"stopId":"Toei.RoppongiKeyakizaka.2481.2","name":"Roppongi-Keyakizaka","nameJa":"六本木けやき坂","routeCount":1,"operator":"Toei"}},{"type":"Feature","geometry":{"type":"Point","coordinates":[139.80278,35.66587]},"properties":{"stopId":"Toei.KibaItchome.2489.1","name":"Kiba-Itchōme (Kiba 1)","nameJa":"木場一丁目","routeCount":1,"operator":"Toei"}},{"type":"Feature","geometry":{"type":"Point","coordinates":[139.80477,35.66227]},"properties":{"stopId":"Toei.Shiozakiso.2490.1","name":"Shiozakisō","nameJa":"塩崎荘前","routeCount":1,"operator":"Toei"}},{"type":"Feature","geometry":{"type":"Point","coordinates":[139.81547,35.6581]},"properties":{"stopId":"Toei.ShiomiNichome.2491.1","name":"Shiomi-Nichōme (Shiomi 2)","nameJa":"潮見二丁目","routeCount":1,"operator":"Toei"}},{"type":"Feature","geometry":{"type":"Point","coordinates":[139.8155,35.65807]},"properties":{"stopId":"Toei.ShiomiNichome.2491.2","name":"Shiomi-Nichōme (Shiomi 2)","nameJa":"潮見二丁目","routeCount":1,"operator":"Toei"}},{"type":"Feature","geometry":{"type":"Point","coordinates":[139.81672,35.64726]},"properties":{"stopId":"Toei.KowanJutaku.2493.1","name":"Kōwan-Jūtaku","nameJa":"港湾住宅前","routeCount":1,"operator":"Toei"}},{"type":"Feature","geometry":{"type":"Point","coordinates":[139.74949,35.6444]},"properties":{"stopId":"Toei.TamachiStationHigashiguchi.2498.7","name":"Tamachi Sta. Higashiguchi (East Exit)","nameJa":"田町駅東口前","routeCount":1,"operator":"Toei"}},{"type":"Feature","geometry":{"type":"Point","coordinates":[139.85955,35.67599]},"properties":{"stopId":"Toei.UkitaKoen.2501.1","name":"Ukita-Kōen (Ukita Park)","nameJa":"宇喜田公園前","routeCount":1,"operator":"Toei"}},{"type":"Feature","geometry":{"type":"Point","coordinates":[139.85917,35.67497]},"properties":{"stopId":"Toei.UkitaKoen.2501.2","name":"Ukita-Kōen (Ukita Park)","nameJa":"宇喜田公園前","routeCount":1,"operator":"Toei"}},{"type":"Feature","geometry":{"type":"Point","coordinates":[139.85741,35.67164]},"properties":{"stopId":"Toei.KuritsuShizenDobutsuen.2502.1","name":"Kuritsu-Shizen-Dōbutsuen (Kuritsu-Shizen Zoo)","nameJa":"区立自然動物園前","routeCount":1,"operator":"Toei"}},{"type":"Feature","geometry":{"type":"Point","coordinates":[139.85786,35.67279]},"properties":{"stopId":"Toei.KuritsuShizenDobutsuen.2502.2","name":"Kuritsu-Shizen-Dōbutsuen (Kuritsu-Shizen Zoo)","nameJa":"区立自然動物園前","routeCount":1,"operator":"Toei"}},{"type":"Feature","geometry":{"type":"Point","coordinates":[139.85856,35.66123]},"properties":{"stopId":"Toei.NishiKasaiStationMinami.2506.1","name":"Nishi-Kasai Sta. Minami","nameJa":"西葛西駅南","routeCount":1,"operator":"Toei"}},{"type":"Feature","geometry":{"type":"Point","coordinates":[139.85603,35.66316]},"properties":{"stopId":"Toei.SeishinchoKenkosupportCenter.2507.1","name":"Seishinchō-Kenkō support Center","nameJa":"清新町健康サポートセンター前","routeCount":1,"operator":"Toei"}},{"type":"Feature","geometry":{"type":"Point","coordinates":[139.8371,35.66578]},"properties":{"stopId":"Toei.KiyosunaOhashiNishi.2508.1","name":"Kiyosuna-Ōhashi-Nishi","nameJa":"清砂大橋西","routeCount":1,"operator":"Toei"}},{"type":"Feature","geometry":{"type":"Point","coordinates":[139.83223,35.66726]},"properties":{"stopId":"Toei.MinamiSunamachiStationIriguchi.2509.2","name":"Minami-Sunamachi Sta. Iriguchi","nameJa":"南砂町駅入口","routeCount":1,"operator":"Toei"}},{"type":"Feature","geometry":{"type":"Point","coordinates":[139.76609,35.79611]},"properties":{"stopId":"Toei.AdachiRyutsuCenterMinami.2510.1","name":"Adachi-Ryūtsū Center Minami","nameJa":"足立流通センター南","routeCount":1,"operator":"Toei"}},{"type":"Feature","geometry":{"type":"Point","coordinates":[139.76643,35.7959]},"properties":{"stopId":"Toei.AdachiRyutsuCenterMinami.2510.2","name":"Adachi-Ryūtsū Center Minami","nameJa":"足立流通センター南","routeCount":1,"operator":"Toei"}},{"type":"Feature","geometry":{"type":"Point","coordinates":[139.74779,35.76933]},"properties":{"stopId":"Toei.HeartIslandNishi.2519.1","name":"Heart Island Nishi","nameJa":"ハートアイランド西","routeCount":1,"operator":"Toei"}},{"type":"Feature","geometry":{"type":"Point","coordinates":[139.83387,35.66675]},"properties":{"stopId":"Toei.KotoKoreishaIryoCenterIriguchi.2520.2","name":"Kōtō-Kōreisha-Iryō Center Iriguchi (Juntendo Tokyo Koto Geriatric Medical Center)","nameJa":"江東高齢者医療センター入口","routeCount":1,"operator":"Toei"}},{"type":"Feature","geometry":{"type":"Point","coordinates":[139.75599,35.64221]},"properties":{"stopId":"Toei.FutoKoenIriguchi.2541.1","name":"Futō-Kōen-Iriguchi (Futō Park)","nameJa":"埠頭公園入口","routeCount":1,"operator":"Toei"}},{"type":"Feature","geometry":{"type":"Point","coordinates":[139.74937,35.62874]},"properties":{"stopId":"Toei.KonanShogakko.2522.1","name":"Kōnan-Shōgakkō","nameJa":"港南小学校前","routeCount":1,"operator":"Toei"}},{"type":"Feature","geometry":{"type":"Point","coordinates":[139.75036,35.62837]},"properties":{"stopId":"Toei.KonanShogakko.2522.2","name":"Kōnan-Shōgakkō","nameJa":"港南小学校前","routeCount":1,"operator":"Toei"}},{"type":"Feature","geometry":{"type":"Point","coordinates":[139.81462,35.65847]},"properties":{"stopId":"Toei.FukagawaAkatsukiBashiMinami.2523.1","name":"Fukagawa-Akatsuki-Bashi-Minami","nameJa":"深川暁橋南","routeCount":1,"operator":"Toei"}},{"type":"Feature","geometry":{"type":"Point","coordinates":[139.81607,35.65649]},"properties":{"stopId":"Toei.ShiomiItchomeApato.2524.1","name":"Shiomi-Itchōme-Apāto (Shiomi 1 Apāto)","nameJa":"潮見一丁目アパート前","routeCount":1,"operator":"Toei"}},{"type":"Feature","geometry":{"type":"Point","coordinates":[139.81595,35.65631]},"properties":{"stopId":"Toei.ShiomiItchomeApato.2524.2","name":"Shiomi-Itchōme-Apāto (Shiomi 1 Apāto)","nameJa":"潮見一丁目アパート前","routeCount":1,"operator":"Toei"}},{"type":"Feature","geometry":{"type":"Point","coordinates":[139.81604,35.65236]},"properties":{"stopId":"Toei.SazanamibashiMinamizume.2525.1","name":"Sazanamibashi-Minamizume","nameJa":"漣橋南詰","routeCount":1,"operator":"Toei"}},{"type":"Feature","geometry":{"type":"Point","coordinates":[139.81547,35.65264]},"properties":{"stopId":"Toei.SazanamibashiMinamizume.2525.2","name":"Sazanamibashi-Minamizume","nameJa":"漣橋南詰","routeCount":1,"operator":"Toei"}},{"type":"Feature","geometry":{"type":"Point","coordinates":[139.80973,35.64899]},"properties":{"stopId":"Toei.DainiTatsumiShogakko.2526.1","name":"Daini-Tatsumi-Shōgakkō","nameJa":"第二辰巳小学校前","routeCount":1,"operator":"Toei"}},{"type":"Feature","geometry":{"type":"Point","coordinates":[139.8087,35.65106]},"properties":{"stopId":"Toei.TatsumiChuo.2527.1","name":"Tatsumi-Chūō","nameJa":"辰巳中央","routeCount":1,"operator":"Toei"}},{"type":"Feature","geometry":{"type":"Point","coordinates":[139.80908,35.652]},"properties":{"stopId":"Toei.TatsumiItchomeKita.2528.1","name":"Tatsumi-Itchōme-Kita (Tatsumi 1-Kita)","nameJa":"辰巳一丁目北","routeCount":1,"operator":"Toei"}},{"type":"Feature","geometry":{"type":"Point","coordinates":[139.81094,35.65992]},"properties":{"stopId":"Toei.EdagawaSanchome.2530.1","name":"Edagawa-Sanchōme (Edagawa 3)","nameJa":"枝川三丁目","routeCount":1,"operator":"Toei"}},{"type":"Feature","geometry":{"type":"Point","coordinates":[139.81076,35.66008]},"properties":{"stopId":"Toei.EdagawaSanchome.2530.2","name":"Edagawa-Sanchōme (Edagawa 3)","nameJa":"枝川三丁目","routeCount":1,"operator":"Toei"}},{"type":"Feature","geometry":{"type":"Point","coordinates":[139.76728,35.76619]},"properties":{"stopId":"Toei.KOHOKUITCHOMEAPARTMENT.2533.1","name":"KOHOKU-ITCHOME-APARTMENT","nameJa":"江北一丁目アパート前","routeCount":1,"operator":"Toei"}},{"type":"Feature","geometry":{"type":"Point","coordinates":[139.76636,35.76922]},"properties":{"stopId":"Toei.KOHOKUNICHOME.2534.1","name":"KOHOKU-NICHOME","nameJa":"江北二丁目","routeCount":1,"operator":"Toei"}},{"type":"Feature","geometry":{"type":"Point","coordinates":[139.7482,35.634]},"properties":{"stopId":"Toei.Hamajibashi.2538.1","name":"Hamajibashi","nameJa":"浜路橋","routeCount":1,"operator":"Toei"}},{"type":"Feature","geometry":{"type":"Point","coordinates":[139.74807,35.63329]},"properties":{"stopId":"Toei.Hamajibashi.2538.2","name":"Hamajibashi","nameJa":"浜路橋","routeCount":1,"operator":"Toei"}},{"type":"Feature","geometry":{"type":"Point","coordinates":[139.75447,35.63872]},"properties":{"stopId":"Toei.KaiganDoriUra.2539.1","name":"Kaigan-Dōri-Ura","nameJa":"海岸通り裏","routeCount":1,"operator":"Toei"}},{"type":"Feature","geometry":{"type":"Point","coordinates":[139.75672,35.64003]},"properties":{"stopId":"Toei.ShibauraFuto.2540.1","name":"Shibaura-Futō","nameJa":"芝浦埠頭","routeCount":1,"operator":"Toei"}},{"type":"Feature","geometry":{"type":"Point","coordinates":[139.75695,35.63975]},"properties":{"stopId":"Toei.ShibauraFuto.2540.2","name":"Shibaura-Futō","nameJa":"芝浦埠頭","routeCount":1,"operator":"Toei"}},{"type":"Feature","geometry":{"type":"Point","coordinates":[139.75621,35.64196]},"properties":{"stopId":"Toei.FutoKoenIriguchi.2541.2","name":"Futō-Kōen-Iriguchi (Futō Park)","nameJa":"埠頭公園入口","routeCount":1,"operator":"Toei"}},{"type":"Feature","geometry":{"type":"Point","coordinates":[139.77086,35.75526]},"properties":{"stopId":"Toei.AdachiOdaiStation.2567.3","name":"Adachi-Odai Sta.","nameJa":"足立小台駅前","routeCount":1,"operator":"Toei"}},{"type":"Feature","geometry":{"type":"Point","coordinates":[139.77028,35.81428]},"properties":{"stopId":"Toei.MinumadaiShinsuiKoenStation.2569.1","name":"Minumadai-Shinsui-Kōen Sta. (Minumadai-Shinsui Park Sta.)","nameJa":"見沼代親水公園駅前","routeCount":1,"operator":"Toei"}},{"type":"Feature","geometry":{"type":"Point","coordinates":[139.7701,35.81424]},"properties":{"stopId":"Toei.MinumadaiShinsuiKoenStation.2569.2","name":"Minumadai-Shinsui-Kōen Sta. (Minumadai-Shinsui Park Sta.)","nameJa":"見沼代親水公園駅前","routeCount":1,"operator":"Toei"}},{"type":"Feature","geometry":{"type":"Point","coordinates":[139.83513,35.67302]},"properties":{"stopId":"Toei.KotoToshokanIriguchi.2580.1","name":"Kōtō-Toshokan-Iriguchi","nameJa":"江東図書館入口","routeCount":1,"operator":"Toei"}},{"type":"Feature","geometry":{"type":"Point","coordinates":[139.83508,35.67285]},"properties":{"stopId":"Toei.KotoToshokanIriguchi.2580.2","name":"Kōtō-Toshokan-Iriguchi","nameJa":"江東図書館入口","routeCount":1,"operator":"Toei"}},{"type":"Feature","geometry":{"type":"Point","coordinates":[139.75442,35.6303]},"properties":{"stopId":"Toei.KonanOhashiShita.2581.1","name":"Kōnan-Ōhashi-Shita","nameJa":"港南大橋下","routeCount":1,"operator":"Toei"}},{"type":"Feature","geometry":{"type":"Point","coordinates":[139.74484,35.65581]},"properties":{"stopId":"Toei.AkabanebashiKosaten.2584.1","name":"Akabanebashi-Kōsaten","nameJa":"赤羽橋交差点","routeCount":1,"operator":"Toei"}},{"type":"Feature","geometry":{"type":"Point","coordinates":[139.74514,35.6559]},"properties":{"stopId":"Toei.AkabanebashiKosaten.2584.2","name":"Akabanebashi-Kōsaten","nameJa":"赤羽橋交差点","routeCount":1,"operator":"Toei"}},{"type":"Feature","geometry":{"type":"Point","coordinates":[139.79622,35.65165]},"properties":{"stopId":"Toei.ShowaDaigakuKotoToyosuByoin.2591.2","name":"Shōwa-Daigaku-Kōtō-Toyosu-Byōin (Showa Univ. Koto Toyosu Hp.)","nameJa":"昭和大学江東豊洲病院前","routeCount":1,"operator":"Toei"}},{"type":"Feature","geometry":{"type":"Point","coordinates":[139.75385,35.73355]},"properties":{"stopId":"Toei.HonKomagomeGochome.2593.1","name":"Hon-Komagome-Gochōme (Hon-Komagome 5)","nameJa":"本駒込五丁目","routeCount":1,"operator":"Toei"}},{"type":"Feature","geometry":{"type":"Point","coordinates":[139.78415,35.64342]},"properties":{"stopId":"Toei.ToyosuShijo.2597.2","name":"Toyosu-Shijō","nameJa":"豊洲市場","routeCount":1,"operator":"Toei"}},{"type":"Feature","geometry":{"type":"Point","coordinates":[139.78186,35.64514]},"properties":{"stopId":"Toei.SuisanNakaoroshiTo.2598.2","name":"Suisan-Nakaoroshi-Tō","nameJa":"水産仲卸棟","routeCount":1,"operator":"Toei"}},{"type":"Feature","geometry":{"type":"Point","coordinates":[139.78203,35.64496]},"properties":{"stopId":"Toei.SuisanNakaoroshiTo.2598.3","name":"Suisan-Nakaoroshi-Tō","nameJa":"水産仲卸棟","routeCount":1,"operator":"Toei"}},{"type":"Feature","geometry":{"type":"Point","coordinates":[139.80448,35.72333]},"properties":{"stopId":"Toei.ImadoNichome.2605.1","name":"Imado-Nichōme (Imado 2)","nameJa":"今戸二丁目","routeCount":1,"operator":"Toei"}},{"type":"Feature","geometry":{"type":"Point","coordinates":[139.79331,35.63864]},"properties":{"stopId":"Toei.AriakeGarden.2610.1","name":"Ariake Garden","nameJa":"有明ガーデン","routeCount":1,"operator":"Toei"}},{"type":"Feature","geometry":{"type":"Point","coordinates":[139.79343,35.63876]},"properties":{"stopId":"Toei.AriakeGarden.2610.2","name":"Ariake Garden","nameJa":"有明ガーデン","routeCount":1,"operator":"Toei"}},{"type":"Feature","geometry":{"type":"Point","coordinates":[139.76553,35.77355]},"properties":{"stopId":"Toei.TokyoJoshiIdaiAdachiIryoCenterMae.2622.1","name":"Tokyo Joshi-Idai-Adachi-Iryō Center-Mae (Tokyo Women's Medical Univ. Adachi Medical Center)","nameJa":"東京女子医大足立医療センター前","routeCount":1,"operator":"Toei"}},{"type":"Feature","geometry":{"type":"Point","coordinates":[139.77336,35.6523]},"properties":{"stopId":"Toei.HarumiGochomeTerminal.2627.1","name":"Harumi-Gochōme-Terminal(Harumi 5 Terminal)","nameJa":"晴海五丁目ターミナル","routeCount":1,"operator":"Toei"}}],"meta":{"source":"cache","generatedAt":"2026-09-12T19:39:02+09:00","degraded":false,"note":"Toei bus stop poles inside the 23-ward bbox"}}