{"type":"FeatureCollection","features":[{"type":"Feature","geometry":{"type":"Point","coordinates":[139.72531,35.660369]},"properties":{"busId":"Toei.T01.8501.1.D317","busNumber":"D317","routeLabel":"T01 Shibuya Sta. → Shimbashi Sta.","routeLabelJa":"都０１（Ｔ０１） 渋谷駅前→新橋駅前 西麻布","routeId":"Toei.T01","patternId":"Toei.T01.8501.1","fromStop":"Nishi-Azabu","fromStopJa":"西麻布","toStop":"EX Theater Roppongi","nextStopName":"EX Theater Roppongi","nextStopNameJa":"EXシアター六本木前","positionSource":"interpolated","positionMethod":"derived: elapsed since odpt:fromBusstopPoleTime / (road distance to the next stop at a calibrated 12.3 km/h), walked along the ODPT road polyline. NOT GPS — odpt:Bus carries no coordinates.","positionNote":null,"legFraction":0.549,"legGeometry":"road","bearing":67.2,"departedAt":"2026-09-12T19:30:41+09:00","updatedAt":"2026-09-12T19:32:01+09:00","validUntil":"2026-09-12T19:32:31+09:00","stale":true,"operator":"Toei"}},{"type":"Feature","geometry":{"type":"Point","coordinates":[139.759262,35.666191]},"properties":{"busId":"Toei.T01.8501.2.B784","busNumber":"B784","routeLabel":"T01 Shimbashi Sta. → Shibuya Sta.","routeLabelJa":"都０１（Ｔ０１） 新橋駅前→渋谷駅前 新橋駅前","routeId":"Toei.T01","patternId":"Toei.T01.8501.2","fromStop":"Shimbashi Sta.","fromStopJa":"新橋駅前","toStop":"Shimbashi Sta. Kitaguchi (North Exit)","nextStopName":"Shimbashi Sta. Kitaguchi (North Exit)","nextStopNameJa":"新橋駅北口","positionSource":"interpolated","positionMethod":"derived: elapsed since odpt:fromBusstopPoleTime / (road distance to the next stop at a calibrated 12.3 km/h), walked along the ODPT road polyline. NOT GPS — odpt:Bus carries no coordinates.","positionNote":null,"legFraction":0.0,"legGeometry":"road","bearing":197.9,"departedAt":"2026-09-12T19:32:01+09:00","updatedAt":"2026-09-12T19:32:01+09:00","validUntil":"2026-09-12T19:32:31+09:00","stale":true,"operator":"Toei"}},{"type":"Feature","geometry":{"type":"Point","coordinates":[139.73106,35.662563]},"properties":{"busId":"Toei.T01.8501.2.D330","busNumber":"D330","routeLabel":"T01 Shimbashi Sta. → Shibuya Sta.","routeLabelJa":"都０１（Ｔ０１） 新橋駅前→渋谷駅前 六本木四丁目","routeId":"Toei.T01","patternId":"Toei.T01.8501.2","fromStop":"Roppongi-Yonchōme (Roppongi 4)","fromStopJa":"六本木四丁目","toStop":"Roppongi Sta.","nextStopName":"Roppongi Sta.","nextStopNameJa":"六本木駅前","positionSource":"interpolated","positionMethod":"derived: elapsed since odpt:fromBusstopPoleTime / (road distance to the next stop at a calibrated 12.3 km/h), walked along the ODPT road polyline. NOT GPS — odpt:Bus carries no coordinates.","positionNote":null,"legFraction":0.982,"legGeometry":"road","bearing":240.5,"departedAt":"2026-09-12T19:29:10+09:00","updatedAt":"2026-09-12T19:32:01+09:00","validUntil":"2026-09-12T19:32:31+09:00","stale":true,"operator":"Toei"}},{"type":"Feature","geometry":{"type":"Point","coordinates":[139.708356,35.658474]},"properties":{"busId":"Toei.T01.8505.1.K219","busNumber":"K219","routeLabel":"T01 Shibuya Sta. → AKASAKA-ARK-HILLS","routeLabelJa":"都０１（Ｔ０１） 渋谷駅前→赤坂アークヒルズ 渋谷駅前","routeId":"Toei.T01","patternId":"Toei.T01.8505.1","fromStop":"Shibuya Sta.","fromStopJa":"渋谷駅前","toStop":"Aoyamagakuin-Chūtōbu","nextStopName":"Aoyamagakuin-Chūtōbu","nextStopNameJa":"青山学院中等部前","positionSource":"interpolated","positionMethod":"derived: elapsed since odpt:fromBusstopPoleTime / (road distance to the next stop at a calibrated 12.3 km/h), walked along the ODPT road polyline. NOT GPS — odpt:Bus carries no coordinates.","positionNote":null,"legFraction":0.612,"legGeometry":"road","bearing":88.4,"departedAt":"2026-09-12T19:28:11+09:00","updatedAt":"2026-09-12T19:32:01+09:00","validUntil":"2026-09-12T19:32:31+09:00","stale":true,"operator":"Toei"}},{"type":"Feature","geometry":{"type":"Point","coordinates":[139.735961,35.664891]},"properties":{"busId":"Toei.T01.8505.2.K217","busNumber":"K217","routeLabel":"T01 AKASAKA-ARK-HILLS → Shibuya Sta.","routeLabelJa":"都０１（Ｔ０１） 赤坂アークヒルズ→渋谷駅前 六本木一丁目駅前","routeId":"Toei.T01","patternId":"Toei.T01.8505.2","fromStop":"Roppongi-Itchōme Sta. (Roppongi 1 Sta.)","fromStopJa":"六本木一丁目駅前","toStop":"Roppongi-Yonchōme (Roppongi 4)","nextStopName":"Roppongi-Yonchōme (Roppongi 4)","nextStopNameJa":"六本木四丁目","positionSource":"at-stop","positionMethod":"derived: elapsed since odpt:fromBusstopPoleTime / (road distance to the next stop at a calibrated 12.3 km/h), walked along the ODPT road polyline. NOT GPS — odpt:Bus carries no coordinates.","positionNote":"overdue for the next stop — snapped to it","legFraction":1.0,"legGeometry":"road","bearing":238.2,"departedAt":"2026-09-12T19:31:05+09:00","updatedAt":"2026-09-12T19:32:01+09:00","validUntil":"2026-09-12T19:32:31+09:00","stale":true,"operator":"Toei"}},{"type":"Feature","geometry":{"type":"Point","coordinates":[139.719305,35.659292]},"properties":{"busId":"Toei.T01.8505.2.G820","busNumber":"G820","routeLabel":"T01 AKASAKA-ARK-HILLS → Shibuya Sta.","routeLabelJa":"都０１（Ｔ０１） 赤坂アークヒルズ→渋谷駅前 西麻布","routeId":"Toei.T01","patternId":"Toei.T01.8505.2","fromStop":"Nishi-Azabu","fromStopJa":"西麻布","toStop":"Minami-Aoyama-Nanachōme (Minami-Aoyama 7)","nextStopName":"Minami-Aoyama-Nanachōme (Minami-Aoyama 7)","nextStopNameJa":"南青山七丁目","positionSource":"interpolated","positionMethod":"derived: elapsed since odpt:fromBusstopPoleTime / (road distance to the next stop at a calibrated 12.3 km/h), walked along the ODPT road polyline. NOT GPS — odpt:Bus carries no coordinates.","positionNote":null,"legFraction":0.738,"legGeometry":"road","bearing":263.9,"departedAt":"2026-09-12T19:29:45+09:00","updatedAt":"2026-09-12T19:32:01+09:00","validUntil":"2026-09-12T19:32:31+09:00","stale":true,"operator":"Toei"}},{"type":"Feature","geometry":{"type":"Point","coordinates":[139.801949,35.646132]},"properties":{"busId":"Toei.KM01.72801.1.E135","busNumber":"E135","routeLabel":"KM01 Monzen-Nakachō → Tokyo Teleport Sta.","routeLabelJa":"海０１（ＫＭ０１） 門前仲町→東京テレポート駅前 東雲一丁目","routeId":"Toei.KM01","patternId":"Toei.KM01.72801.1","fromStop":"Shinonome-Itchōme (Shinonome 1)","fromStopJa":"東雲一丁目","toStop":"Fukagawa-Shako-Iriguchi","nextStopName":"Fukagawa-Shako-Iriguchi","nextStopNameJa":"深川車庫入口","positionSource":"interpolated","positionMethod":"derived: elapsed since odpt:fromBusstopPoleTime / (road distance to the next stop at a calibrated 12.3 km/h), walked along the ODPT road polyline. NOT GPS — odpt:Bus carries no coordinates.","positionNote":null,"legFraction":0.51,"legGeometry":"road","bearing":173.3,"departedAt":"2026-09-12T19:31:21+09:00","updatedAt":"2026-09-12T19:32:01+09:00","validUntil":"2026-09-12T19:32:31+09:00","stale":true,"operator":"Toei"}},{"type":"Feature","geometry":{"type":"Point","coordinates":[139.781121,35.631575]},"properties":{"busId":"Toei.KM01.72801.1.G788","busNumber":"G788","routeLabel":"KM01 Monzen-Nakachō → Tokyo Teleport Sta.","routeLabelJa":"海０１（ＫＭ０１） 門前仲町→東京テレポート駅前 有明一丁目","routeId":"Toei.KM01","patternId":"Toei.KM01.72801.1","fromStop":"Ariake-Itchōme (Ariake 1)","fromStopJa":"有明一丁目","toStop":"Odaiba-Kaihin-Kōen Sta. (Odaiba Marine Park Sta.)","nextStopName":"Odaiba-Kaihin-Kōen Sta. (Odaiba Marine Park Sta.)","nextStopNameJa":"お台場海浜公園駅前","positionSource":"interpolated","positionMethod":"derived: elapsed since odpt:fromBusstopPoleTime / (road distance to the next stop at a calibrated 12.3 km/h), walked along the ODPT road polyline. NOT GPS — odpt:Bus carries no coordinates.","positionNote":null,"legFraction":0.626,"legGeometry":"road","bearing":214.1,"departedAt":"2026-09-12T19:29:18+09:00","updatedAt":"2026-09-12T19:32:01+09:00","validUntil":"2026-09-12T19:32:31+09:00","stale":true,"operator":"Toei"}},{"type":"Feature","geometry":{"type":"Point","coordinates":[139.77868,35.622864]},"properties":{"busId":"Toei.KM01.72801.2.M190","busNumber":"M190","routeLabel":"KM01 Tokyo Teleport Sta. → Monzen-Nakachō","routeLabelJa":"海０１（ＫＭ０１） 東京テレポート駅前→門前仲町 東京テレポート駅前","routeId":"Toei.KM01","patternId":"Toei.KM01.72801.2","fromStop":"Tokyo Teleport Sta.","fromStopJa":"東京テレポート駅前","toStop":"Telecom Center Sta.","nextStopName":"Telecom Center Sta.","nextStopNameJa":"テレコムセンター駅前","positionSource":"interpolated","positionMethod":"derived: elapsed since odpt:fromBusstopPoleTime / (road distance to the next stop at a calibrated 12.3 km/h), walked along the ODPT road polyline. NOT GPS — odpt:Bus carries no coordinates.","positionNote":null,"legFraction":0.447,"legGeometry":"road","bearing":159.5,"departedAt":"2026-09-12T19:29:10+09:00","updatedAt":"2026-09-12T19:32:01+09:00","validUntil":"2026-09-12T19:32:31+09:00","stale":true,"operator":"Toei"}},{"type":"Feature","geometry":{"type":"Point","coordinates":[139.798782,35.652176]},"properties":{"busId":"Toei.KM01.72801.2.L186","busNumber":"L186","routeLabel":"KM01 Tokyo Teleport Sta. → Monzen-Nakachō","routeLabelJa":"海０１（ＫＭ０１） 東京テレポート駅前→門前仲町 東雲橋交差点","routeId":"Toei.KM01","patternId":"Toei.KM01.72801.2","fromStop":"Shinonomebashi-Kōsaten","fromStopJa":"東雲橋交差点","toStop":"Fukagawa-Gochū","nextStopName":"Fukagawa-Gochū","nextStopNameJa":"深川五中前","positionSource":"interpolated","positionMethod":"derived: elapsed since odpt:fromBusstopPoleTime / (road distance to the next stop at a calibrated 12.3 km/h), walked along the ODPT road polyline. NOT GPS — odpt:Bus carries no coordinates.","positionNote":null,"legFraction":0.942,"legGeometry":"road","bearing":321.8,"departedAt":"2026-09-12T19:29:58+09:00","updatedAt":"2026-09-12T19:32:01+09:00","validUntil":"2026-09-12T19:32:31+09:00","stale":true,"operator":"Toei"}},{"type":"Feature","geometry":{"type":"Point","coordinates":[139.796371,35.66485]},"properties":{"busId":"Toei.KM01.72812.1.W413","busNumber":"W413","routeLabel":"KM01 Monzen-Nakachō → Tokyo Teleport Sta.","routeLabelJa":"海０１（ＫＭ０１） 門前仲町→東京テレポート駅前 都立三商前","routeId":"Toei.KM01","patternId":"Toei.KM01.72812.1","fromStop":"Toritsu-Sanshō","fromStopJa":"都立三商前","toStop":"Hamazonobashi","nextStopName":"Hamazonobashi","nextStopNameJa":"浜園橋","positionSource":"interpolated","positionMethod":"derived: elapsed since odpt:fromBusstopPoleTime / (road distance to the next stop at a calibrated 12.3 km/h), walked along the ODPT road polyline. NOT GPS — odpt:Bus carries no coordinates.","positionNote":null,"legFraction":0.037,"legGeometry":"road","bearing":138.8,"departedAt":"2026-09-12T19:31:56+09:00","updatedAt":"2026-09-12T19:32:01+09:00","validUntil":"2026-09-12T19:32:31+09:00","stale":true,"operator":"Toei"}},{"type":"Feature","geometry":{"type":"Point","coordinates":[139.787228,35.636379]},"properties":{"busId":"Toei.KM01.72812.2.L368","busNumber":"L368","routeLabel":"KM01 Tokyo Teleport Sta. → Monzen-Nakachō","routeLabelJa":"海０１（ＫＭ０１） 東京テレポート駅前→門前仲町 有明テニスの森","routeId":"Toei.KM01","patternId":"Toei.KM01.72812.2","fromStop":"Ariake Tennis No-Mori","fromStopJa":"有明テニスの森","toStop":"Ariake Colosseum","nextStopName":"Ariake Colosseum","nextStopNameJa":"有明コロシアム前","positionSource":"interpolated","positionMethod":"derived: elapsed since odpt:fromBusstopPoleTime / (road distance to the next stop at a calibrated 12.3 km/h), walked along the ODPT road polyline. NOT GPS — odpt:Bus carries no coordinates.","positionNote":null,"legFraction":0.271,"legGeometry":"road","bearing":56.0,"departedAt":"2026-09-12T19:31:42+09:00","updatedAt":"2026-09-12T19:32:01+09:00","validUntil":"2026-09-12T19:32:31+09:00","stale":true,"operator":"Toei"}},{"type":"Feature","geometry":{"type":"Point","coordinates":[139.710664,35.71132]},"properties":{"busId":"Toei.Gaku02.16201.1.G813","busNumber":"G813","routeLabel":"Gaku02 Takadanobaba Sta. → Sōdai-Seimon (Waseda Univ.)","routeLabelJa":"学０２ 高田馬場駅前→早大正門 高田馬場二丁目","routeId":"Toei.Gaku02","patternId":"Toei.Gaku02.16201.1","fromStop":"Takadanobaba-Nichōme (Takadanobaba 2)","fromStopJa":"高田馬場二丁目","toStop":"Nishi-Waseda","nextStopName":"Nishi-Waseda","nextStopNameJa":"西早稲田","positionSource":"interpolated","positionMethod":"derived: elapsed since odpt:fromBusstopPoleTime / (road distance to the next stop at a calibrated 12.3 km/h), walked along the ODPT road polyline. NOT GPS — odpt:Bus carries no coordinates.","positionNote":null,"legFraction":0.055,"legGeometry":"road","bearing":109.0,"departedAt":"2026-09-12T19:31:51+09:00","updatedAt":"2026-09-12T19:32:02+09:00","validUntil":"2026-09-12T19:32:32+09:00","stale":true,"operator":"Toei"}},{"type":"Feature","geometry":{"type":"Point","coordinates":[139.718389,35.706934]},"properties":{"busId":"Toei.Gaku02.16201.2.G782","busNumber":"G782","routeLabel":"Gaku02 Sōdai-Seimon (Waseda Univ.) → Takadanobaba Sta.","routeLabelJa":"学０２ 早大正門→高田馬場駅前 早大正門","routeId":"Toei.Gaku02","patternId":"Toei.Gaku02.16201.2","fromStop":"Sōdai-Seimon (Waseda Univ.)","fromStopJa":"早大正門","toStop":"Babashitachō","nextStopName":"Babashitachō","nextStopNameJa":"馬場下町","positionSource":"at-stop","positionMethod":"derived: elapsed since odpt:fromBusstopPoleTime / (road distance to the next stop at a calibrated 12.3 km/h), walked along the ODPT road polyline. NOT GPS — odpt:Bus carries no coordinates.","positionNote":"overdue for the next stop — snapped to it","legFraction":1.0,"legGeometry":"road","bearing":318.2,"departedAt":"2026-09-12T19:29:07+09:00","updatedAt":"2026-09-12T19:32:02+09:00","validUntil":"2026-09-12T19:32:32+09:00","stale":true,"operator":"Toei"}},{"type":"Feature","geometry":{"type":"Point","coordinates":[139.741341,35.713832]},"properties":{"busId":"Toei.T02.32301.1.B739","busNumber":"B739","routeLabel":"T02 Ōtsuka Sta. → Kinshichō Sta.","routeLabelJa":"都０２ 大塚駅前→錦糸町駅前 小石川四丁目","routeId":"Toei.T02","patternId":"Toei.T02.32301.1","fromStop":"Koishikawa-Yonchōme (Koishikawa 4)","fromStopJa":"小石川四丁目","toStop":"Kasuga-Nichōme (Kasuga 2)","nextStopName":"Kasuga-Nichōme (Kasuga 2)","nextStopNameJa":"春日二丁目","positionSource":"interpolated","positionMethod":"derived: elapsed since odpt:fromBusstopPoleTime / (road distance to the next stop at a calibrated 12.3 km/h), walked along the ODPT road polyline. NOT GPS — odpt:Bus carries no coordinates.","positionNote":null,"legFraction":0.192,"legGeometry":"road","bearing":129.3,"departedAt":"2026-09-12T19:31:42+09:00","updatedAt":"2026-09-12T19:32:02+09:00","validUntil":"2026-09-12T19:32:32+09:00","stale":true,"operator":"Toei"}},{"type":"Feature","geometry":{"type":"Point","coordinates":[139.760848,35.707532]},"properties":{"busId":"Toei.T02.32301.1.F623","busNumber":"F623","routeLabel":"T02 Ōtsuka Sta. → Kinshichō Sta.","routeLabelJa":"都０２ 大塚駅前→錦糸町駅前 本郷三丁目駅前","routeId":"Toei.T02","patternId":"Toei.T02.32301.1","fromStop":"Hongō-Sanchōme Sta. (Hongō 3 Sta.)","fromStopJa":"本郷三丁目駅前","toStop":"Yushima-Yonchōme (Yushima 4)","nextStopName":"Yushima-Yonchōme (Yushima 4)","nextStopNameJa":"湯島四丁目","positionSource":"interpolated","positionMethod":"derived: elapsed since odpt:fromBusstopPoleTime / (road distance to the next stop at a calibrated 12.3 km/h), walked along the ODPT road polyline. NOT GPS — odpt:Bus carries no coordinates.","positionNote":null,"legFraction":0.29,"legGeometry":"road","bearing":89.6,"departedAt":"2026-09-12T19:31:18+09:00","updatedAt":"2026-09-12T19:32:02+09:00","validUntil":"2026-09-12T19:32:32+09:00","stale":true,"operator":"Toei"}},{"type":"Feature","geometry":{"type":"Point","coordinates":[139.782287,35.707004]},"properties":{"busId":"Toei.T02.32301.1.G806","busNumber":"G806","routeLabel":"T02 Ōtsuka Sta. → Kinshichō Sta.","routeLabelJa":"都０２ 大塚駅前→錦糸町駅前 新御徒町駅前","routeId":"Toei.T02","patternId":"Toei.T02.32301.1","fromStop":"Shin-Okachimachi Sta.","fromStopJa":"新御徒町駅前","toStop":"Moto-Asakusa-Sanchōme (Moto-Asakusa 3)","nextStopName":"Moto-Asakusa-Sanchōme (Moto-Asakusa 3)","nextStopNameJa":"元浅草三丁目","positionSource":"interpolated","positionMethod":"derived: elapsed since odpt:fromBusstopPoleTime / (road distance to the next stop at a calibrated 12.3 km/h), walked along the ODPT road polyline. NOT GPS — odpt:Bus carries no coordinates.","positionNote":null,"legFraction":0.445,"legGeometry":"road","bearing":97.3,"departedAt":"2026-09-12T19:31:04+09:00","updatedAt":"2026-09-12T19:32:02+09:00","validUntil":"2026-09-12T19:32:32+09:00","stale":true,"operator":"Toei"}},{"type":"Feature","geometry":{"type":"Point","coordinates":[139.80446,35.700656]},"properties":{"busId":"Toei.T02.32301.1.B736","busNumber":"B736","routeLabel":"T02 Ōtsuka Sta. → Kinshichō Sta.","routeLabelJa":"都０２ 大塚駅前→錦糸町駅前 石原三丁目","routeId":"Toei.T02","patternId":"Toei.T02.32301.1","fromStop":"Ishiwara-Sanchōme (Ishiwara 3)","fromStopJa":"石原三丁目","toStop":"Ishiwara-Yonchōme (Ishiwara 4)","nextStopName":"Ishiwara-Yonchōme (Ishiwara 4)","nextStopNameJa":"石原四丁目","positionSource":"interpolated","positionMethod":"derived: elapsed since odpt:fromBusstopPoleTime / (road distance to the next stop at a calibrated 12.3 km/h), walked along the ODPT road polyline. NOT GPS — odpt:Bus carries no coordinates.","positionNote":null,"legFraction":0.16,"legGeometry":"road","bearing":86.1,"departedAt":"2026-09-12T19:31:50+09:00","updatedAt":"2026-09-12T19:32:02+09:00","validUntil":"2026-09-12T19:32:32+09:00","stale":true,"operator":"Toei"}},{"type":"Feature","geometry":{"type":"Point","coordinates":[139.813873,35.697618]},"properties":{"busId":"Toei.T02.32301.1.K239","busNumber":"K239","routeLabel":"T02 Ōtsuka Sta. → Kinshichō Sta.","routeLabelJa":"都０２ 大塚駅前→錦糸町駅前 錦糸公園前","routeId":"Toei.T02","patternId":"Toei.T02.32301.1","fromStop":"Kinshi-Kōen (Kinshi Park)","fromStopJa":"錦糸公園前","toStop":"Kinshichō Sta.","nextStopName":"Kinshichō Sta.","nextStopNameJa":"錦糸町駅前","positionSource":"interpolated","positionMethod":"derived: elapsed since odpt:fromBusstopPoleTime / (road distance to the next stop at a calibrated 12.3 km/h), walked along the ODPT road polyline. NOT GPS — odpt:Bus carries no coordinates.","positionNote":null,"legFraction":0.96,"legGeometry":"road","bearing":167.7,"departedAt":"2026-09-12T19:30:41+09:00","updatedAt":"2026-09-12T19:32:02+09:00","validUntil":"2026-09-12T19:32:32+09:00","stale":true,"operator":"Toei"}},{"type":"Feature","geometry":{"type":"Point","coordinates":[139.813615,35.697339]},"properties":{"busId":"Toei.T02.32301.2.D903","busNumber":"D903","routeLabel":"T02 Kinshichō Sta. → Ōtsuka Sta.","routeLabelJa":"都０２ 錦糸町駅前→大塚駅前 錦糸町駅前","routeId":"Toei.T02","patternId":"Toei.T02.32301.2","fromStop":"Kinshichō Sta.","fromStopJa":"錦糸町駅前","toStop":"Kinshi-Kōen (Kinshi Park)","nextStopName":"Kinshi-Kōen (Kinshi Park)","nextStopNameJa":"錦糸公園前","positionSource":"interpolated","positionMethod":"derived: elapsed since odpt:fromBusstopPoleTime / (road distance to the next stop at a calibrated 12.3 km/h), walked along the ODPT road polyline. NOT GPS — odpt:Bus carries no coordinates.","positionNote":null,"legFraction":0.02,"legGeometry":"road","bearing":279.1,"departedAt":"2026-09-12T19:32:00+09:00","updatedAt":"2026-09-12T19:32:02+09:00","validUntil":"2026-09-12T19:32:32+09:00","stale":true,"operator":"Toei"}},{"type":"Feature","geometry":{"type":"Point","coordinates":[139.799041,35.7003]},"properties":{"busId":"Toei.T02.32301.2.G800","busNumber":"G800","routeLabel":"T02 Kinshichō Sta. → Ōtsuka Sta.","routeLabelJa":"都０２ 錦糸町駅前→大塚駅前 石原二丁目","routeId":"Toei.T02","patternId":"Toei.T02.32301.2","fromStop":"Ishiwara-Nichōme (Ishiwara 2)","fromStopJa":"石原二丁目","toStop":"Ishiwara-Itchōme (Ishiwara 1)","nextStopName":"Ishiwara-Itchōme (Ishiwara 1)","nextStopNameJa":"石原一丁目","positionSource":"interpolated","positionMethod":"derived: elapsed since odpt:fromBusstopPoleTime / (road distance to the next stop at a calibrated 12.3 km/h), walked along the ODPT road polyline. NOT GPS — odpt:Bus carries no coordinates.","positionNote":null,"legFraction":0.665,"legGeometry":"road","bearing":266.3,"departedAt":"2026-09-12T19:31:16+09:00","updatedAt":"2026-09-12T19:32:02+09:00","validUntil":"2026-09-12T19:32:32+09:00","stale":true,"operator":"Toei"}},{"type":"Feature","geometry":{"type":"Point","coordinates":[139.781667,35.707069]},"properties":{"busId":"Toei.T02.32301.2.F633","busNumber":"F633","routeLabel":"T02 Kinshichō Sta. → Ōtsuka Sta.","routeLabelJa":"都０２ 錦糸町駅前→大塚駅前 新御徒町駅前","routeId":"Toei.T02","patternId":"Toei.T02.32301.2","fromStop":"Shin-Okachimachi Sta.","fromStopJa":"新御徒町駅前","toStop":"Higashi-Ueno-Itchōme (Higashi-Ueno 1)","nextStopName":"Higashi-Ueno-Itchōme (Higashi-Ueno 1)","nextStopNameJa":"東上野一丁目","positionSource":"interpolated","positionMethod":"derived: elapsed since odpt:fromBusstopPoleTime / (road distance to the next stop at a calibrated 12.3 km/h), walked along the ODPT road polyline. NOT GPS — odpt:Bus carries no coordinates.","positionNote":null,"legFraction":0.289,"legGeometry":"road","bearing":277.3,"departedAt":"2026-09-12T19:31:39+09:00","updatedAt":"2026-09-12T19:32:02+09:00","validUntil":"2026-09-12T19:32:32+09:00","stale":true,"operator":"Toei"}},{"type":"Feature","geometry":{"type":"Point","coordinates":[139.764214,35.707479]},"properties":{"busId":"Toei.T02.32301.2.Z512","busNumber":"Z512","routeLabel":"T02 Kinshichō Sta. → Ōtsuka Sta.","routeLabelJa":"都０２ 錦糸町駅前→大塚駅前 湯島四丁目","routeId":"Toei.T02","patternId":"Toei.T02.32301.2","fromStop":"Yushima-Yonchōme (Yushima 4)","fromStopJa":"湯島四丁目","toStop":"Hongō-Sanchōme Sta. (Hongō 3 Sta.)","nextStopName":"Hongō-Sanchōme Sta. (Hongō 3 Sta.)","nextStopNameJa":"本郷三丁目駅前","positionSource":"interpolated","positionMethod":"derived: elapsed since odpt:fromBusstopPoleTime / (road distance to the next stop at a calibrated 12.3 km/h), walked along the ODPT road polyline. NOT GPS — odpt:Bus carries no coordinates.","positionNote":null,"legFraction":0.067,"legGeometry":"road","bearing":276.0,"departedAt":"2026-09-12T19:31:56+09:00","updatedAt":"2026-09-12T19:32:02+09:00","validUntil":"2026-09-12T19:32:32+09:00","stale":true,"operator":"Toei"}},{"type":"Feature","geometry":{"type":"Point","coordinates":[139.74902,35.708949]},"properties":{"busId":"Toei.T02.32301.2.B738","busNumber":"B738","routeLabel":"T02 Kinshichō Sta. → Ōtsuka Sta.","routeLabelJa":"都０２ 錦糸町駅前→大塚駅前 春日駅前","routeId":"Toei.T02","patternId":"Toei.T02.32301.2","fromStop":"Kasuga Sta.","fromStopJa":"春日駅前","toStop":"Tomisaka-Ue","nextStopName":"Tomisaka-Ue","nextStopNameJa":"富坂上","positionSource":"interpolated","positionMethod":"derived: elapsed since odpt:fromBusstopPoleTime / (road distance to the next stop at a calibrated 12.3 km/h), walked along the ODPT road polyline. NOT GPS — odpt:Bus carries no coordinates.","positionNote":null,"legFraction":0.823,"legGeometry":"road","bearing":312.1,"departedAt":"2026-09-12T19:30:25+09:00","updatedAt":"2026-09-12T19:32:02+09:00","validUntil":"2026-09-12T19:32:32+09:00","stale":true,"operator":"Toei"}},{"type":"Feature","geometry":{"type":"Point","coordinates":[139.732412,35.720808]},"properties":{"busId":"Toei.T02.32301.2.M390","busNumber":"M390","routeLabel":"T02 Kinshichō Sta. → Ōtsuka Sta.","routeLabelJa":"都０２ 錦糸町駅前→大塚駅前 大塚三丁目","routeId":"Toei.T02","patternId":"Toei.T02.32301.2","fromStop":"Ōtsuka-Sanchōme (Ōtsuka 3)","fromStopJa":"大塚三丁目","toStop":"Ōtsuka-Yonchōme (Ōtsuka 4)","nextStopName":"Ōtsuka-Yonchōme (Ōtsuka 4)","nextStopNameJa":"大塚四丁目","positionSource":"interpolated","positionMethod":"derived: elapsed since odpt:fromBusstopPoleTime / (road distance to the next stop at a calibrated 12.3 km/h), walked along the ODPT road polyline. NOT GPS — odpt:Bus carries no coordinates.","positionNote":null,"legFraction":0.194,"legGeometry":"road","bearing":319.5,"departedAt":"2026-09-12T19:31:38+09:00","updatedAt":"2026-09-12T19:32:02+09:00","validUntil":"2026-09-12T19:32:32+09:00","stale":true,"operator":"Toei"}},{"type":"Feature","geometry":{"type":"Point","coordinates":[139.775449,35.661587]},"properties":{"busId":"Toei.T03.73507.1.A579","busNumber":"A579","routeLabel":"T03 Harumi-Gochōme-Terminal(Harumi 5 Terminal) → Yotsuya Sta.","routeLabelJa":"都０３ 晴海五丁目ターミナル→四谷駅 勝どき橋南詰","routeId":"Toei.T03","patternId":"Toei.T03.73507.1","fromStop":"Kachidokibashi-Minamizume","fromStopJa":"勝どき橋南詰","toStop":"Tsukiji-Rokuchōme (Tsukiji 6)","nextStopName":"Tsukiji-Rokuchōme (Tsukiji 6)","nextStopNameJa":"築地六丁目","positionSource":"interpolated","positionMethod":"derived: elapsed since odpt:fromBusstopPoleTime / (road distance to the next stop at a calibrated 12.3 km/h), walked along the ODPT road polyline. NOT GPS — odpt:Bus carries no coordinates.","positionNote":null,"legFraction":0.258,"legGeometry":"road","bearing":323.3,"departedAt":"2026-09-12T19:31:19+09:00","updatedAt":"2026-09-12T19:32:02+09:00","validUntil":"2026-09-12T19:32:32+09:00","stale":true,"operator":"Toei"}},{"type":"Feature","geometry":{"type":"Point","coordinates":[139.825629,35.644493]},"properties":{"busId":"Toei.Kyuukou05.61003.1.C260","busNumber":"C260","routeLabel":"Kyuukou05 Kinshichō Sta. → Nippon-Kagaku-Miraikan (NATIONAL MUSEUM OF EMERGING SCIENCE AND INNOVATION)","routeLabelJa":"急行０５ 錦糸町駅前→日本科学未来館 新木場駅前（構内）","routeId":"Toei.Kyuukou05","patternId":"Toei.Kyuukou05.61003.1","fromStop":"Shin-Kiba Sta.","fromStopJa":"新木場駅前（構内）","toStop":"Tokyo Big Sight Higashitō","nextStopName":"Tokyo Big Sight Higashitō","nextStopNameJa":"東京ビッグサイト東棟前","positionSource":"interpolated","positionMethod":"derived: elapsed since odpt:fromBusstopPoleTime / (road distance to the next stop at a calibrated 12.3 km/h), walked along the ODPT road polyline. NOT GPS — odpt:Bus carries no coordinates.","positionNote":null,"legFraction":0.076,"legGeometry":"road","bearing":263.1,"departedAt":"2026-09-12T19:30:40+09:00","updatedAt":"2026-09-12T19:32:02+09:00","validUntil":"2026-09-12T19:32:32+09:00","stale":true,"operator":"Toei"}},{"type":"Feature","geometry":{"type":"Point","coordinates":[139.777907,35.616807]},"properties":{"busId":"Toei.Kyuukou05.61003.2.Z522","busNumber":"Z522","routeLabel":"Kyuukou05 Nippon-Kagaku-Miraikan (NATIONAL MUSEUM OF EMERGING SCIENCE AND INNOVATION) → Kinshichō Sta.","routeLabelJa":"急行０５ 日本科学未来館→錦糸町駅前 テレコムセンター駅前","routeId":"Toei.Kyuukou05","patternId":"Toei.Kyuukou05.61003.2","fromStop":"Telecom Center Sta.","fromStopJa":"テレコムセンター駅前","toStop":"Aomi Sta.","nextStopName":"Aomi Sta.","nextStopNameJa":"青海駅前","positionSource":"interpolated","positionMethod":"derived: elapsed since odpt:fromBusstopPoleTime / (road distance to the next stop at a calibrated 12.3 km/h), walked along the ODPT road polyline. NOT GPS — odpt:Bus carries no coordinates.","positionNote":null,"legFraction":0.004,"legGeometry":"road","bearing":56.1,"departedAt":"2026-09-12T19:32:01+09:00","updatedAt":"2026-09-12T19:32:02+09:00","validUntil":"2026-09-12T19:32:32+09:00","stale":true,"operator":"Toei"}},{"type":"Feature","geometry":{"type":"Point","coordinates":[139.825623,35.667471]},"properties":{"busId":"Toei.Kyuukou05.61003.2.B754","busNumber":"B754","routeLabel":"Kyuukou05 Nippon-Kagaku-Miraikan (NATIONAL MUSEUM OF EMERGING SCIENCE AND INNOVATION) → Kinshichō Sta.","routeLabelJa":"急行０５ 日本科学未来館→錦糸町駅前 新砂二丁目","routeId":"Toei.Kyuukou05","patternId":"Toei.Kyuukou05.61003.2","fromStop":"Shinsuna-Nichōme (Shinsuna 2)","fromStopJa":"新砂二丁目","toStop":"Nissōbashi","nextStopName":"Nissōbashi","nextStopNameJa":"日曹橋","positionSource":"interpolated","positionMethod":"derived: elapsed since odpt:fromBusstopPoleTime / (road distance to the next stop at a calibrated 12.3 km/h), walked along the ODPT road polyline. NOT GPS — odpt:Bus carries no coordinates.","positionNote":null,"legFraction":0.384,"legGeometry":"road","bearing":1.4,"departedAt":"2026-09-12T19:30:53+09:00","updatedAt":"2026-09-12T19:32:02+09:00","validUntil":"2026-09-12T19:32:32+09:00","stale":true,"operator":"Toei"}},{"type":"Feature","geometry":{"type":"Point","coordinates":[139.715815,35.655051]},"properties":{"busId":"Toei.Gaku03.8004.1.G827","busNumber":"G827","routeLabel":"Gaku03 Shibuya Sta. → Nisseki-Iryō Center (Japanese Red Cross Medical Center)","routeLabelJa":"学０３ 渋谷駅前→日赤医療センター前 東四丁目","routeId":"Toei.Gaku03","patternId":"Toei.Gaku03.8004.1","fromStop":"Higashi-Yonchōme (Higashi 4)","fromStopJa":"東四丁目","toStop":"Tokyo Jogakkan","nextStopName":"Tokyo Jogakkan","nextStopNameJa":"東京女学館前","positionSource":"interpolated","positionMethod":"derived: elapsed since odpt:fromBusstopPoleTime / (road distance to the next stop at a calibrated 12.3 km/h), walked along the ODPT road polyline. NOT GPS — odpt:Bus carries no coordinates.","positionNote":null,"legFraction":0.451,"legGeometry":"road","bearing":94.8,"departedAt":"2026-09-12T19:31:06+09:00","updatedAt":"2026-09-12T19:32:02+09:00","validUntil":"2026-09-12T19:32:32+09:00","stale":true,"operator":"Toei"}},{"type":"Feature","geometry":{"type":"Point","coordinates":[139.707523,35.658075]},"properties":{"busId":"Toei.Gaku03.8004.2.W453","busNumber":"W453","routeLabel":"Gaku03 Nisseki-Iryō Center (Japanese Red Cross Medical Center) → Shibuya Sta.","routeLabelJa":"学０３ 日赤医療センター前→渋谷駅前 青山学院初等部前","routeId":"Toei.Gaku03","patternId":"Toei.Gaku03.8004.2","fromStop":"Aoyamagakuin-Shotōbu","fromStopJa":"青山学院初等部前","toStop":"Shibuya-Sanchōme (Shibuya 3)","nextStopName":"Shibuya-Sanchōme (Shibuya 3)","nextStopNameJa":"渋谷三丁目","positionSource":"at-stop","positionMethod":"derived: elapsed since odpt:fromBusstopPoleTime / (road distance to the next stop at a calibrated 12.3 km/h), walked along the ODPT road polyline. NOT GPS — odpt:Bus carries no coordinates.","positionNote":"overdue for the next stop — snapped to it","legFraction":1.0,"legGeometry":"road","bearing":264.7,"departedAt":"2026-09-12T19:30:02+09:00","updatedAt":"2026-09-12T19:32:02+09:00","validUntil":"2026-09-12T19:32:32+09:00","stale":true,"operator":"Toei"}},{"type":"Feature","geometry":{"type":"Point","coordinates":[139.76569,35.670568]},"properties":{"busId":"Toei.T04.72301.1.K281","busNumber":"K281","routeLabel":"T04 Toyomi-Suisan-Futō → Tokyo Sta. Marunouchi-Minamiguchi (Marunouchi South Exit)","routeLabelJa":"都０４ 豊海水産埠頭→東京駅丸の内南口 築地","routeId":"Toei.T04","patternId":"Toei.T04.72301.1","fromStop":"Tsukiji","fromStopJa":"築地","toStop":"Ginza-Yonchōme (Ginza 4)","nextStopName":"Ginza-Yonchōme (Ginza 4)","nextStopNameJa":"銀座四丁目","positionSource":"at-stop","positionMethod":"derived: elapsed since odpt:fromBusstopPoleTime / (road distance to the next stop at a calibrated 12.3 km/h), walked along the ODPT road polyline. NOT GPS — odpt:Bus carries no coordinates.","positionNote":"overdue for the next stop — snapped to it","legFraction":1.0,"legGeometry":"road","bearing":316.8,"departedAt":"2026-09-12T19:30:06+09:00","updatedAt":"2026-09-12T19:32:02+09:00","validUntil":"2026-09-12T19:32:32+09:00","stale":true,"operator":"Toei"}},{"type":"Feature","geometry":{"type":"Point","coordinates":[139.763346,35.677469]},"properties":{"busId":"Toei.T04.72301.2.D321","busNumber":"D321","routeLabel":"T04 Tokyo Sta. Marunouchi-Minamiguchi (Marunouchi South Exit) → Toyomi-Suisan-Futō","routeLabelJa":"都０４ 東京駅丸の内南口→豊海水産埠頭 東京駅丸の内南口","routeId":"Toei.T04","patternId":"Toei.T04.72301.2","fromStop":"Tokyo Sta. Marunouchi-Minamiguchi (Marunouchi South Exit)","fromStopJa":"東京駅丸の内南口","toStop":"Tokyo Kokusai Forum (Tokyo International Forum)","nextStopName":"Tokyo Kokusai Forum (Tokyo International Forum)","nextStopNameJa":"東京国際フォーラム前","positionSource":"at-stop","positionMethod":"derived: elapsed since odpt:fromBusstopPoleTime / (road distance to the next stop at a calibrated 12.3 km/h), walked along the ODPT road polyline. NOT GPS — odpt:Bus carries no coordinates.","positionNote":"overdue for the next stop — snapped to it","legFraction":1.0,"legGeometry":"road","bearing":285.7,"departedAt":"2026-09-12T19:28:03+09:00","updatedAt":"2026-09-12T19:32:02+09:00","validUntil":"2026-09-12T19:32:32+09:00","stale":true,"operator":"Toei"}},{"type":"Feature","geometry":{"type":"Point","coordinates":[139.773148,35.664239]},"properties":{"busId":"Toei.T04.72301.2.B716","busNumber":"B716","routeLabel":"T04 Tokyo Sta. Marunouchi-Minamiguchi (Marunouchi South Exit) → Toyomi-Suisan-Futō","routeLabelJa":"都０４ 東京駅丸の内南口→豊海水産埠頭 築地三丁目","routeId":"Toei.T04","patternId":"Toei.T04.72301.2","fromStop":"Tsukiji-Sanchōme (Tsukiji 3)","fromStopJa":"築地三丁目","toStop":"Tsukiji-Rokuchōme (Tsukiji 6)","nextStopName":"Tsukiji-Rokuchōme (Tsukiji 6)","nextStopNameJa":"築地六丁目","positionSource":"at-stop","positionMethod":"derived: elapsed since odpt:fromBusstopPoleTime / (road distance to the next stop at a calibrated 12.3 km/h), walked along the ODPT road polyline. NOT GPS — odpt:Bus carries no coordinates.","positionNote":"overdue for the next stop — snapped to it","legFraction":1.0,"legGeometry":"road","bearing":140.5,"departedAt":"2026-09-12T19:30:08+09:00","updatedAt":"2026-09-12T19:32:02+09:00","validUntil":"2026-09-12T19:32:32+09:00","stale":true,"operator":"Toei"}},{"type":"Feature","geometry":{"type":"Point","coordinates":[139.752459,35.708433]},"properties":{"busId":"Toei.To02Otsu.32202.2.K236","busNumber":"K236","routeLabel":"To02Otsu Tokyo Dome City → Ikebukuro Sta. Higashiguchi (East Exit)","routeLabelJa":"都０２乙 東京ドームシティ→池袋駅東口 春日駅前","routeId":"Toei.To02Otsu","patternId":"Toei.To02Otsu.32202.2","fromStop":"Kasuga Sta.","fromStopJa":"春日駅前","toStop":"Tomisaka-Ue","nextStopName":"Tomisaka-Ue","nextStopNameJa":"富坂上","positionSource":"interpolated","positionMethod":"derived: elapsed since odpt:fromBusstopPoleTime / (road distance to the next stop at a calibrated 12.3 km/h), walked along the ODPT road polyline. NOT GPS — odpt:Bus carries no coordinates.","positionNote":null,"legFraction":0.019,"legGeometry":"road","bearing":271.5,"departedAt":"2026-09-12T19:32:00+09:00","updatedAt":"2026-09-12T19:32:02+09:00","validUntil":"2026-09-12T19:32:32+09:00","stale":true,"operator":"Toei"}},{"type":"Feature","geometry":{"type":"Point","coordinates":[139.713691,35.654558]},"properties":{"busId":"Toei.Gaku06.8102.1.M396","busNumber":"M396","routeLabel":"Gaku06 Ebisu Sta. → Nisseki-Iryō Center (Japanese Red Cross Medical Center)","routeLabelJa":"学０６ 恵比寿駅前→日赤医療センター前 東四丁目","routeId":"Toei.Gaku06","patternId":"Toei.Gaku06.8102.1","fromStop":"Higashi-Yonchōme (Higashi 4)","fromStopJa":"東四丁目","toStop":"Tokyo Jogakkan","nextStopName":"Tokyo Jogakkan","nextStopNameJa":"東京女学館前","positionSource":"interpolated","positionMethod":"derived: elapsed since odpt:fromBusstopPoleTime / (road distance to the next stop at a calibrated 12.3 km/h), walked along the ODPT road polyline. NOT GPS — odpt:Bus carries no coordinates.","positionNote":null,"legFraction":0.041,"legGeometry":"road","bearing":356.9,"departedAt":"2026-09-12T19:31:56+09:00","updatedAt":"2026-09-12T19:32:02+09:00","validUntil":"2026-09-12T19:32:32+09:00","stale":true,"operator":"Toei"}},{"type":"Feature","geometry":{"type":"Point","coordinates":[139.703278,35.657979]},"properties":{"busId":"Toei.T06.8601.1.G823","busNumber":"G823","routeLabel":"T06 Shibuya Sta. → Shimbashi Sta.","routeLabelJa":"都０６ 渋谷駅前→新橋駅前 渋谷駅前","routeId":"Toei.T06","patternId":"Toei.T06.8601.1","fromStop":"Shibuya Sta.","fromStopJa":"渋谷駅前","toStop":"Namikibashi","nextStopName":"Namikibashi","nextStopNameJa":"並木橋","positionSource":"interpolated","positionMethod":"derived: elapsed since odpt:fromBusstopPoleTime / (road distance to the next stop at a calibrated 12.3 km/h), walked along the ODPT road polyline. NOT GPS — odpt:Bus carries no coordinates.","positionNote":null,"legFraction":0.34,"legGeometry":"road","bearing":156.1,"departedAt":"2026-09-12T19:31:06+09:00","updatedAt":"2026-09-12T19:32:02+09:00","validUntil":"2026-09-12T19:32:32+09:00","stale":true,"operator":"Toei"}},{"type":"Feature","geometry":{"type":"Point","coordinates":[139.719713,35.6486]},"properties":{"busId":"Toei.T06.8601.1.F554","busNumber":"F554","routeLabel":"T06 Shibuya Sta. → Shimbashi Sta.","routeLabelJa":"都０６ 渋谷駅前→新橋駅前 広尾一丁目","routeId":"Toei.T06","patternId":"Toei.T06.8601.1","fromStop":"Hiroo-Itchōme (Hiroo 1)","fromStopJa":"広尾一丁目","toStop":"Hiroo-Gochōme (Hiroo 5)","nextStopName":"Hiroo-Gochōme (Hiroo 5)","nextStopNameJa":"広尾五丁目","positionSource":"interpolated","positionMethod":"derived: elapsed since odpt:fromBusstopPoleTime / (road distance to the next stop at a calibrated 12.3 km/h), walked along the ODPT road polyline. NOT GPS — odpt:Bus carries no coordinates.","positionNote":null,"legFraction":0.706,"legGeometry":"road","bearing":122.4,"departedAt":"2026-09-12T19:30:58+09:00","updatedAt":"2026-09-12T19:32:02+09:00","validUntil":"2026-09-12T19:32:32+09:00","stale":true,"operator":"Toei"}},{"type":"Feature","geometry":{"type":"Point","coordinates":[139.743781,35.654228]},"properties":{"busId":"Toei.T06.8601.2.B789","busNumber":"B789","routeLabel":"T06 Shimbashi Sta. → Shibuya Sta.","routeLabelJa":"都０６ 新橋駅前→渋谷駅前 芝園橋","routeId":"Toei.T06","patternId":"Toei.T06.8601.2","fromStop":"Shibazonobashi","fromStopJa":"芝園橋","toStop":"Akabanebashi Sta.","nextStopName":"Akabanebashi Sta.","nextStopNameJa":"赤羽橋駅前","positionSource":"at-stop","positionMethod":"derived: elapsed since odpt:fromBusstopPoleTime / (road distance to the next stop at a calibrated 12.3 km/h), walked along the ODPT road polyline. NOT GPS — odpt:Bus carries no coordinates.","positionNote":"overdue for the next stop — snapped to it","legFraction":1.0,"legGeometry":"road","bearing":275.9,"departedAt":"2026-09-12T19:29:55+09:00","updatedAt":"2026-09-12T19:32:02+09:00","validUntil":"2026-09-12T19:32:32+09:00","stale":true,"operator":"Toei"}},{"type":"Feature","geometry":{"type":"Point","coordinates":[139.71982,35.648362]},"properties":{"busId":"Toei.T06.8601.2.K221","busNumber":"K221","routeLabel":"T06 Shimbashi Sta. → Shibuya Sta.","routeLabelJa":"都０６ 新橋駅前→渋谷駅前 広尾病院前","routeId":"Toei.T06","patternId":"Toei.T06.8601.2","fromStop":"Hiroo-Byōin (Hiroo Hp.)","fromStopJa":"広尾病院前","toStop":"Hiroo-Gochōme (Hiroo 5)","nextStopName":"Hiroo-Gochōme (Hiroo 5)","nextStopNameJa":"広尾五丁目","positionSource":"at-stop","positionMethod":"derived: elapsed since odpt:fromBusstopPoleTime / (road distance to the next stop at a calibrated 12.3 km/h), walked along the ODPT road polyline. NOT GPS — odpt:Bus carries no coordinates.","positionNote":"overdue for the next stop — snapped to it","legFraction":1.0,"legGeometry":"road","bearing":288.9,"departedAt":"2026-09-12T19:31:29+09:00","updatedAt":"2026-09-12T19:32:02+09:00","validUntil":"2026-09-12T19:32:32+09:00","stale":true,"operator":"Toei"}},{"type":"Feature","geometry":{"type":"Point","coordinates":[139.718223,35.64888]},"properties":{"busId":"Toei.T06.8602.1.E387","busNumber":"E387","routeLabel":"T06 Shibuya Sta. → Akabanebashi Sta.","routeLabelJa":"都０６ 渋谷駅前→赤羽橋駅前 広尾一丁目","routeId":"Toei.T06","patternId":"Toei.T06.8602.1","fromStop":"Hiroo-Itchōme (Hiroo 1)","fromStopJa":"広尾一丁目","toStop":"Hiroo-Gochōme (Hiroo 5)","nextStopName":"Hiroo-Gochōme (Hiroo 5)","nextStopNameJa":"広尾五丁目","positionSource":"interpolated","positionMethod":"derived: elapsed since odpt:fromBusstopPoleTime / (road distance to the next stop at a calibrated 12.3 km/h), walked along the ODPT road polyline. NOT GPS — odpt:Bus carries no coordinates.","positionNote":null,"legFraction":0.243,"legGeometry":"road","bearing":79.3,"departedAt":"2026-09-12T19:31:40+09:00","updatedAt":"2026-09-12T19:32:02+09:00","validUntil":"2026-09-12T19:32:32+09:00","stale":true,"operator":"Toei"}},{"type":"Feature","geometry":{"type":"Point","coordinates":[139.736182,35.646832]},"properties":{"busId":"Toei.T06.8602.2.C209","busNumber":"C209","routeLabel":"T06 Akabanebashi Sta. → Shibuya Sta.","routeLabelJa":"都０６ 赤羽橋駅前→渋谷駅前 三ノ橋","routeId":"Toei.T06","patternId":"Toei.T06.8602.2","fromStop":"Sannohashi","fromStopJa":"三ノ橋","toStop":"Furukawabashi","nextStopName":"Furukawabashi","nextStopNameJa":"古川橋","positionSource":"interpolated","positionMethod":"derived: elapsed since odpt:fromBusstopPoleTime / (road distance to the next stop at a calibrated 12.3 km/h), walked along the ODPT road polyline. NOT GPS — odpt:Bus carries no coordinates.","positionNote":null,"legFraction":0.551,"legGeometry":"road","bearing":197.5,"departedAt":"2026-09-12T19:30:57+09:00","updatedAt":"2026-09-12T19:32:02+09:00","validUntil":"2026-09-12T19:32:32+09:00","stale":true,"operator":"Toei"}},{"type":"Feature","geometry":{"type":"Point","coordinates":[139.702601,35.658527]},"properties":{"busId":"Toei.T06.8602.2.G822","busNumber":"G822","routeLabel":"T06 Akabanebashi Sta. → Shibuya Sta.","routeLabelJa":"都０６ 赤羽橋駅前→渋谷駅前 並木橋","routeId":"Toei.T06","patternId":"Toei.T06.8602.2","fromStop":"Namikibashi","fromStopJa":"並木橋","toStop":"Shibuya Sta.","nextStopName":"Shibuya Sta.","nextStopNameJa":"渋谷駅前","positionSource":"at-stop","positionMethod":"derived: elapsed since odpt:fromBusstopPoleTime / (road distance to the next stop at a calibrated 12.3 km/h), walked along the ODPT road polyline. NOT GPS — odpt:Bus carries no coordinates.","positionNote":"overdue for the next stop — snapped to it","legFraction":1.0,"legGeometry":"road","bearing":330.3,"departedAt":"2026-09-12T19:29:53+09:00","updatedAt":"2026-09-12T19:32:02+09:00","validUntil":"2026-09-12T19:32:32+09:00","stale":true,"operator":"Toei"}},{"type":"Feature","geometry":{"type":"Point","coordinates":[139.792756,35.717386]},"properties":{"busId":"Toei.T08.52401.1.C281","busNumber":"C281","routeLabel":"T08 Nippori Sta. → Kinshichō Sta.","routeLabelJa":"都０８（Ｔ０８） 日暮里駅前→錦糸町駅前 千束","routeId":"Toei.T08","patternId":"Toei.T08.52401.1","fromStop":"Senzoku","fromStopJa":"千束","toStop":"Nishi-Asakusa-Sanchōme (Nishi-Asakusa 3)","nextStopName":"Nishi-Asakusa-Sanchōme (Nishi-Asakusa 3)","nextStopNameJa":"西浅草三丁目","positionSource":"interpolated","positionMethod":"derived: elapsed since odpt:fromBusstopPoleTime / (road distance to the next stop at a calibrated 12.3 km/h), walked along the ODPT road polyline. NOT GPS — odpt:Bus carries no coordinates.","positionNote":null,"legFraction":0.97,"legGeometry":"road","bearing":180.4,"departedAt":"2026-09-12T19:30:11+09:00","updatedAt":"2026-09-12T19:32:02+09:00","validUntil":"2026-09-12T19:32:32+09:00","stale":true,"operator":"Toei"}},{"type":"Feature","geometry":{"type":"Point","coordinates":[139.80804,35.708835]},"properties":{"busId":"Toei.T08.52401.1.E538","busNumber":"E538","routeLabel":"T08 Nippori Sta. → Kinshichō Sta.","routeLabelJa":"都０８（Ｔ０８） 日暮里駅前→錦糸町駅前 本所吾妻橋","routeId":"Toei.T08","patternId":"Toei.T08.52401.1","fromStop":"Honjo-Azumabashi","fromStopJa":"本所吾妻橋","toStop":"TOKYO SKYTREE Sta. Iriguchi","nextStopName":"TOKYO SKYTREE Sta. Iriguchi","nextStopNameJa":"とうきょうスカイツリー駅入口","positionSource":"interpolated","positionMethod":"derived: elapsed since odpt:fromBusstopPoleTime / (road distance to the next stop at a calibrated 12.3 km/h), walked along the ODPT road polyline. NOT GPS — odpt:Bus carries no coordinates.","positionNote":null,"legFraction":0.714,"legGeometry":"road","bearing":86.3,"departedAt":"2026-09-12T19:30:45+09:00","updatedAt":"2026-09-12T19:32:02+09:00","validUntil":"2026-09-12T19:32:32+09:00","stale":true,"operator":"Toei"}},{"type":"Feature","geometry":{"type":"Point","coordinates":[139.812208,35.70894]},"properties":{"busId":"Toei.T08.52401.2.L336","busNumber":"L336","routeLabel":"T08 Kinshichō Sta. → Nippori Sta.","routeLabelJa":"都０８（Ｔ０８） 錦糸町駅前→日暮里駅前 押上","routeId":"Toei.T08","patternId":"Toei.T08.52401.2","fromStop":"Oshiage","fromStopJa":"押上","toStop":"TOKYO SKYTREE Sta. Iriguchi","nextStopName":"TOKYO SKYTREE Sta. Iriguchi","nextStopNameJa":"とうきょうスカイツリー駅入口","positionSource":"interpolated","positionMethod":"derived: elapsed since odpt:fromBusstopPoleTime / (road distance to the next stop at a calibrated 12.3 km/h), walked along the ODPT road polyline. NOT GPS — odpt:Bus carries no coordinates.","positionNote":null,"legFraction":0.425,"legGeometry":"road","bearing":265.8,"departedAt":"2026-09-12T19:30:59+09:00","updatedAt":"2026-09-12T19:32:02+09:00","validUntil":"2026-09-12T19:32:32+09:00","stale":true,"operator":"Toei"}},{"type":"Feature","geometry":{"type":"Point","coordinates":[139.797362,35.716107]},"properties":{"busId":"Toei.T08.52401.2.M435","busNumber":"M435","routeLabel":"T08 Kinshichō Sta. → Nippori Sta.","routeLabelJa":"都０８（Ｔ０８） 錦糸町駅前→日暮里駅前 浅草二丁目","routeId":"Toei.T08","patternId":"Toei.T08.52401.2","fromStop":"Asakusa-Nichōme (Asakusa 2)","fromStopJa":"浅草二丁目","toStop":"Oku-Asakusa","nextStopName":"Oku-Asakusa","nextStopNameJa":"奥浅草","positionSource":"interpolated","positionMethod":"derived: elapsed since odpt:fromBusstopPoleTime / (road distance to the next stop at a calibrated 12.3 km/h), walked along the ODPT road polyline. NOT GPS — odpt:Bus carries no coordinates.","positionNote":null,"legFraction":0.026,"legGeometry":"road","bearing":287.3,"departedAt":"2026-09-12T19:32:00+09:00","updatedAt":"2026-09-12T19:32:02+09:00","validUntil":"2026-09-12T19:32:32+09:00","stale":true,"operator":"Toei"}},{"type":"Feature","geometry":{"type":"Point","coordinates":[139.779389,35.728592]},"properties":{"busId":"Toei.T08.52401.2.G736","busNumber":"G736","routeLabel":"T08 Kinshichō Sta. → Nippori Sta.","routeLabelJa":"都０８（Ｔ０８） 錦糸町駅前→日暮里駅前 東日暮里三丁目","routeId":"Toei.T08","patternId":"Toei.T08.52401.2","fromStop":"Higashi-Nippori-Sanchōme (Higashi-Nippori 3)","fromStopJa":"東日暮里三丁目","toStop":"Higashi-Nippori-Gochōme (Higashi-Nippori 5)","nextStopName":"Higashi-Nippori-Gochōme (Higashi-Nippori 5)","nextStopNameJa":"東日暮里五丁目","positionSource":"interpolated","positionMethod":"derived: elapsed since odpt:fromBusstopPoleTime / (road distance to the next stop at a calibrated 12.3 km/h), walked along the ODPT road polyline. NOT GPS — odpt:Bus carries no coordinates.","positionNote":null,"legFraction":0.038,"legGeometry":"road","bearing":268.5,"departedAt":"2026-09-12T19:31:58+09:00","updatedAt":"2026-09-12T19:32:02+09:00","validUntil":"2026-09-12T19:32:32+09:00","stale":true,"operator":"Toei"}},{"type":"Feature","geometry":{"type":"Point","coordinates":[139.769295,35.667865]},"properties":{"busId":"Toei.Nari10Shutsunyuu.72509.2.C287","busNumber":"C287","routeLabel":"Nari10Shutsunyuu Shimbashi → Fukagawa-Shako","routeLabelJa":"業１０出入 新橋→深川車庫前 銀座四丁目","routeId":"Toei.Nari10Shutsunyuu","patternId":"Toei.Nari10Shutsunyuu.72509.2","fromStop":"Ginza-Yonchōme (Ginza 4)","fromStopJa":"銀座四丁目","toStop":"Tsukiji","nextStopName":"Tsukiji","nextStopNameJa":"築地","positionSource":"at-stop","positionMethod":"derived: elapsed since odpt:fromBusstopPoleTime / (road distance to the next stop at a calibrated 12.3 km/h), walked along the ODPT road polyline. NOT GPS — odpt:Bus carries no coordinates.","positionNote":"overdue for the next stop — snapped to it","legFraction":1.0,"legGeometry":"road","bearing":136.5,"departedAt":"2026-09-12T19:29:47+09:00","updatedAt":"2026-09-12T19:32:02+09:00","validUntil":"2026-09-12T19:32:32+09:00","stale":true,"operator":"Toei"}},{"type":"Feature","geometry":{"type":"Point","coordinates":[139.79717,35.654233]},"properties":{"busId":"Toei.Nari10Shutsunyuu.72509.2.C268","busNumber":"C268","routeLabel":"Nari10Shutsunyuu Shimbashi → Fukagawa-Shako","routeLabelJa":"業１０出入 新橋→深川車庫前 豊洲二丁目","routeId":"Toei.Nari10Shutsunyuu","patternId":"Toei.Nari10Shutsunyuu.72509.2","fromStop":"Toyosu-Nichōme (Toyosu 2)","fromStopJa":"豊洲二丁目","toStop":"Toyosu Sta.","nextStopName":"Toyosu Sta.","nextStopNameJa":"豊洲駅前","positionSource":"interpolated","positionMethod":"derived: elapsed since odpt:fromBusstopPoleTime / (road distance to the next stop at a calibrated 12.3 km/h), walked along the ODPT road polyline. NOT GPS — odpt:Bus carries no coordinates.","positionNote":null,"legFraction":0.971,"legGeometry":"straight","bearing":140.9,"departedAt":"2026-09-12T19:30:11+09:00","updatedAt":"2026-09-12T19:32:02+09:00","validUntil":"2026-09-12T19:32:32+09:00","stale":true,"operator":"Toei"}},{"type":"Feature","geometry":{"type":"Point","coordinates":[139.804982,35.700492]},"properties":{"busId":"Toei.Nari10Shutsunyuu.72517.2.G707","busNumber":"G707","routeLabel":"Nari10Shutsunyuu TOKYO SKYTREE Sta. → Fukagawa-Shako","routeLabelJa":"業１０出入 とうきょうスカイツリー駅前→深川車庫前 石原三丁目","routeId":"Toei.Nari10Shutsunyuu","patternId":"Toei.Nari10Shutsunyuu.72517.2","fromStop":"Ishiwara-Sanchōme (Ishiwara 3)","fromStopJa":"石原三丁目","toStop":"Kamezawa-Yonchōme (Kamezawa 4)","nextStopName":"Kamezawa-Yonchōme (Kamezawa 4)","nextStopNameJa":"亀沢四丁目","positionSource":"interpolated","positionMethod":"derived: elapsed since odpt:fromBusstopPoleTime / (road distance to the next stop at a calibrated 12.3 km/h), walked along the ODPT road polyline. NOT GPS — odpt:Bus carries no coordinates.","positionNote":null,"legFraction":0.046,"legGeometry":"road","bearing":175.4,"departedAt":"2026-09-12T19:31:57+09:00","updatedAt":"2026-09-12T19:32:02+09:00","validUntil":"2026-09-12T19:32:32+09:00","stale":true,"operator":"Toei"}},{"type":"Feature","geometry":{"type":"Point","coordinates":[139.805417,35.6678]},"properties":{"busId":"Toei.Nari10Shutsunyuu.72517.2.E504","busNumber":"E504","routeLabel":"Nari10Shutsunyuu TOKYO SKYTREE Sta. → Fukagawa-Shako","routeLabelJa":"業１０出入 とうきょうスカイツリー駅前→深川車庫前 木場六丁目ギャザリア前","routeId":"Toei.Nari10Shutsunyuu","patternId":"Toei.Nari10Shutsunyuu.72517.2","fromStop":"Kiba-Rokuchōme-Gyazaria (Kiba 6 Gyazaria)","fromStopJa":"木場六丁目ギャザリア前","toStop":"Shiohamabashi","nextStopName":"Shiohamabashi","nextStopNameJa":"塩浜橋","positionSource":"interpolated","positionMethod":"derived: elapsed since odpt:fromBusstopPoleTime / (road distance to the next stop at a calibrated 12.3 km/h), walked along the ODPT road polyline. NOT GPS — odpt:Bus carries no coordinates.","positionNote":null,"legFraction":0.04,"legGeometry":"road","bearing":181.0,"departedAt":"2026-09-12T19:31:56+09:00","updatedAt":"2026-09-12T19:32:02+09:00","validUntil":"2026-09-12T19:32:32+09:00","stale":true,"operator":"Toei"}},{"type":"Feature","geometry":{"type":"Point","coordinates":[139.808558,35.688586]},"properties":{"busId":"Toei.Nishiki11.65201.2.A655","busNumber":"A655","routeLabel":"Nishiki11 Tsukiji Sta. → Kinshichō Sta.","routeLabelJa":"錦１１ 築地駅前→錦糸町駅前 菊川駅前","routeId":"Toei.Nishiki11","patternId":"Toei.Nishiki11.65201.2","fromStop":"Kikukawa Sta.","fromStopJa":"菊川駅前","toStop":"Kikukawa-Sanchōme (Kikukawa 3)","nextStopName":"Kikukawa-Sanchōme (Kikukawa 3)","nextStopNameJa":"菊川三丁目","positionSource":"interpolated","positionMethod":"derived: elapsed since odpt:fromBusstopPoleTime / (road distance to the next stop at a calibrated 12.3 km/h), walked along the ODPT road polyline. NOT GPS — odpt:Bus carries no coordinates.","positionNote":null,"legFraction":0.965,"legGeometry":"road","bearing":86.3,"departedAt":"2026-09-12T19:30:36+09:00","updatedAt":"2026-09-12T19:32:02+09:00","validUntil":"2026-09-12T19:32:32+09:00","stale":true,"operator":"Toei"}},{"type":"Feature","geometry":{"type":"Point","coordinates":[139.779861,35.682222]},"properties":{"busId":"Toei.Nishiki11.65202.1.L351","busNumber":"L351","routeLabel":"Nishiki11 Kameido Sta. → Tsukiji Sta.","routeLabelJa":"錦１１ 亀戸駅前→築地駅前 蛎殻町","routeId":"Toei.Nishiki11","patternId":"Toei.Nishiki11.65202.1","fromStop":"Kakigarachō","fromStopJa":"蛎殻町","toStop":"Kayabachō","nextStopName":"Kayabachō","nextStopNameJa":"茅場町","positionSource":"interpolated","positionMethod":"derived: elapsed since odpt:fromBusstopPoleTime / (road distance to the next stop at a calibrated 12.3 km/h), walked along the ODPT road polyline. NOT GPS — odpt:Bus carries no coordinates.","positionNote":null,"legFraction":0.284,"legGeometry":"road","bearing":255.8,"departedAt":"2026-09-12T19:31:41+09:00","updatedAt":"2026-09-12T19:32:02+09:00","validUntil":"2026-09-12T19:32:32+09:00","stale":true,"operator":"Toei"}},{"type":"Feature","geometry":{"type":"Point","coordinates":[139.795277,35.655991]},"properties":{"busId":"Toei.Nari10.72512.1.F594","busNumber":"F594","routeLabel":"Nari10 Shimbashi → TOKYO SKYTREE Sta.","routeLabelJa":"業１０ 新橋→とうきょうスカイツリー駅前 豊洲二丁目","routeId":"Toei.Nari10","patternId":"Toei.Nari10.72512.1","fromStop":"Toyosu-Nichōme (Toyosu 2)","fromStopJa":"豊洲二丁目","toStop":"Toyosu Sta.","nextStopName":"Toyosu Sta.","nextStopNameJa":"豊洲駅前","positionSource":"interpolated","positionMethod":"derived: elapsed since odpt:fromBusstopPoleTime / (road distance to the next stop at a calibrated 12.3 km/h), walked along the ODPT road polyline. NOT GPS — odpt:Bus carries no coordinates.","positionNote":null,"legFraction":0.038,"legGeometry":"road","bearing":141.0,"departedAt":"2026-09-12T19:31:59+09:00","updatedAt":"2026-09-12T19:32:02+09:00","validUntil":"2026-09-12T19:32:32+09:00","stale":true,"operator":"Toei"}},{"type":"Feature","geometry":{"type":"Point","coordinates":[139.805144,35.666235]},"properties":{"busId":"Toei.Nari10.72512.1.F653","busNumber":"F653","routeLabel":"Nari10 Shimbashi → TOKYO SKYTREE Sta.","routeLabelJa":"業１０ 新橋→とうきょうスカイツリー駅前 塩浜橋","routeId":"Toei.Nari10","patternId":"Toei.Nari10.72512.1","fromStop":"Shiohamabashi","fromStopJa":"塩浜橋","toStop":"Kiba-Rokuchōme-Gyazaria (Kiba 6 Gyazaria)","nextStopName":"Kiba-Rokuchōme-Gyazaria (Kiba 6 Gyazaria)","nextStopNameJa":"木場六丁目ギャザリア前","positionSource":"interpolated","positionMethod":"derived: elapsed since odpt:fromBusstopPoleTime / (road distance to the next stop at a calibrated 12.3 km/h), walked along the ODPT road polyline. NOT GPS — odpt:Bus carries no coordinates.","positionNote":null,"legFraction":0.643,"legGeometry":"road","bearing":1.9,"departedAt":"2026-09-12T19:30:34+09:00","updatedAt":"2026-09-12T19:32:02+09:00","validUntil":"2026-09-12T19:32:32+09:00","stale":true,"operator":"Toei"}},{"type":"Feature","geometry":{"type":"Point","coordinates":[139.804741,35.703898]},"properties":{"busId":"Toei.Nari10.72512.1.F655","busNumber":"F655","routeLabel":"Nari10 Shimbashi → TOKYO SKYTREE Sta.","routeLabelJa":"業１０ 新橋→とうきょうスカイツリー駅前 石原三丁目","routeId":"Toei.Nari10","patternId":"Toei.Nari10.72512.1","fromStop":"Ishiwara-Sanchōme (Ishiwara 3)","fromStopJa":"石原三丁目","toStop":"Honjo-Yonchōme (Honjo 4)","nextStopName":"Honjo-Yonchōme (Honjo 4)","nextStopNameJa":"本所四丁目","positionSource":"interpolated","positionMethod":"derived: elapsed since odpt:fromBusstopPoleTime / (road distance to the next stop at a calibrated 12.3 km/h), walked along the ODPT road polyline. NOT GPS — odpt:Bus carries no coordinates.","positionNote":null,"legFraction":0.955,"legGeometry":"road","bearing":356.8,"departedAt":"2026-09-12T19:30:16+09:00","updatedAt":"2026-09-12T19:32:02+09:00","validUntil":"2026-09-12T19:32:32+09:00","stale":true,"operator":"Toei"}},{"type":"Feature","geometry":{"type":"Point","coordinates":[139.79592,35.655034]},"properties":{"busId":"Toei.Nari10.72512.2.F585","busNumber":"F585","routeLabel":"Nari10 TOKYO SKYTREE Sta. → Shimbashi","routeLabelJa":"業１０ とうきょうスカイツリー駅前→新橋 豊洲二丁目","routeId":"Toei.Nari10","patternId":"Toei.Nari10.72512.2","fromStop":"Toyosu-Nichōme (Toyosu 2)","fromStopJa":"豊洲二丁目","toStop":"IHI","nextStopName":"IHI","nextStopNameJa":"ＩＨＩ前","positionSource":"interpolated","positionMethod":"derived: elapsed since odpt:fromBusstopPoleTime / (road distance to the next stop at a calibrated 12.3 km/h), walked along the ODPT road polyline. NOT GPS — odpt:Bus carries no coordinates.","positionNote":null,"legFraction":0.132,"legGeometry":"road","bearing":321.0,"departedAt":"2026-09-12T19:31:38+09:00","updatedAt":"2026-09-12T19:32:02+09:00","validUntil":"2026-09-12T19:32:32+09:00","stale":true,"operator":"Toei"}},{"type":"Feature","geometry":{"type":"Point","coordinates":[139.779893,35.660804]},"properties":{"busId":"Toei.Nari10.72512.2.E466","busNumber":"E466","routeLabel":"Nari10 TOKYO SKYTREE Sta. → Shimbashi","routeLabelJa":"業１０ とうきょうスカイツリー駅前→新橋 月島第一小学校前","routeId":"Toei.Nari10","patternId":"Toei.Nari10.72512.2","fromStop":"Tsukishima-Daiichi-Shōgakkō","fromStopJa":"月島第一小学校前","toStop":"Kachidokibashi-Minamizume","nextStopName":"Kachidokibashi-Minamizume","nextStopNameJa":"勝どき橋南詰","positionSource":"interpolated","positionMethod":"derived: elapsed since odpt:fromBusstopPoleTime / (road distance to the next stop at a calibrated 12.3 km/h), walked along the ODPT road polyline. NOT GPS — odpt:Bus carries no coordinates.","positionNote":null,"legFraction":0.144,"legGeometry":"road","bearing":229.1,"departedAt":"2026-09-12T19:31:42+09:00","updatedAt":"2026-09-12T19:32:02+09:00","validUntil":"2026-09-12T19:32:32+09:00","stale":true,"operator":"Toei"}},{"type":"Feature","geometry":{"type":"Point","coordinates":[139.8046,35.711026]},"properties":{"busId":"Toei.Nari10.72513.2.F652","busNumber":"F652","routeLabel":"Nari10 TOKYO SKYTREE Sta. → Shimbashi","routeLabelJa":"業１０ とうきょうスカイツリー駅前→新橋 言問橋","routeId":"Toei.Nari10","patternId":"Toei.Nari10.72513.2","fromStop":"Kototoibashi","fromStopJa":"言問橋","toStop":"Honjo-Azumabashi","nextStopName":"Honjo-Azumabashi","nextStopNameJa":"本所吾妻橋","positionSource":"interpolated","positionMethod":"derived: elapsed since odpt:fromBusstopPoleTime / (road distance to the next stop at a calibrated 12.3 km/h), walked along the ODPT road polyline. NOT GPS — odpt:Bus carries no coordinates.","positionNote":null,"legFraction":0.366,"legGeometry":"road","bearing":200.6,"departedAt":"2026-09-12T19:31:16+09:00","updatedAt":"2026-09-12T19:32:02+09:00","validUntil":"2026-09-12T19:32:32+09:00","stale":true,"operator":"Toei"}},{"type":"Feature","geometry":{"type":"Point","coordinates":[139.806795,35.674209]},"properties":{"busId":"Toei.Nari10.72513.2.F586","busNumber":"F586","routeLabel":"Nari10 TOKYO SKYTREE Sta. → Shimbashi","routeLabelJa":"業１０ とうきょうスカイツリー駅前→新橋 木場三丁目","routeId":"Toei.Nari10","patternId":"Toei.Nari10.72513.2","fromStop":"Kiba-Sanchōme (Kiba 3)","fromStopJa":"木場三丁目","toStop":"Kiba Sta.","nextStopName":"Kiba Sta.","nextStopNameJa":"木場駅前","positionSource":"interpolated","positionMethod":"derived: elapsed since odpt:fromBusstopPoleTime / (road distance to the next stop at a calibrated 12.3 km/h), walked along the ODPT road polyline. NOT GPS — odpt:Bus carries no coordinates.","positionNote":null,"legFraction":0.17,"legGeometry":"road","bearing":188.6,"departedAt":"2026-09-12T19:31:29+09:00","updatedAt":"2026-09-12T19:32:02+09:00","validUntil":"2026-09-12T19:32:32+09:00","stale":true,"operator":"Toei"}},{"type":"Feature","geometry":{"type":"Point","coordinates":[139.823823,35.696586]},"properties":{"busId":"Toei.To07.60101.1.K274","busNumber":"K274","routeLabel":"To07 Kinshichō Sta. → Monzen-Nakachō","routeLabelJa":"都０７ 錦糸町駅前→門前仲町 亀戸一丁目","routeId":"Toei.To07","patternId":"Toei.To07.60101.1","fromStop":"Kameido-Itchōme (Kameido 1)","fromStopJa":"亀戸一丁目","toStop":"Kameido Sta. Dōri","nextStopName":"Kameido Sta. Dōri","nextStopNameJa":"亀戸駅通り","positionSource":"interpolated","positionMethod":"derived: elapsed since odpt:fromBusstopPoleTime / (road distance to the next stop at a calibrated 12.3 km/h), walked along the ODPT road polyline. NOT GPS — odpt:Bus carries no coordinates.","positionNote":null,"legFraction":0.464,"legGeometry":"road","bearing":88.3,"departedAt":"2026-09-12T19:30:43+09:00","updatedAt":"2026-09-12T19:32:02+09:00","validUntil":"2026-09-12T19:32:32+09:00","stale":true,"operator":"Toei"}},{"type":"Feature","geometry":{"type":"Point","coordinates":[139.826848,35.683777]},"properties":{"busId":"Toei.To07.60101.1.W437","busNumber":"W437","routeLabel":"To07 Kinshichō Sta. → Monzen-Nakachō","routeLabelJa":"都０７ 錦糸町駅前→門前仲町 大島一丁目","routeId":"Toei.To07","patternId":"Toei.To07.60101.1","fromStop":"Ōjima-Itchōme (Ōjima 1)","fromStopJa":"大島一丁目","toStop":"Kitasuna-Sanchōme (Kitasuna 3)","nextStopName":"Kitasuna-Sanchōme (Kitasuna 3)","nextStopNameJa":"北砂三丁目","positionSource":"interpolated","positionMethod":"derived: elapsed since odpt:fromBusstopPoleTime / (road distance to the next stop at a calibrated 12.3 km/h), walked along the ODPT road polyline. NOT GPS — odpt:Bus carries no coordinates.","positionNote":null,"legFraction":0.59,"legGeometry":"road","bearing":165.5,"departedAt":"2026-09-12T19:30:29+09:00","updatedAt":"2026-09-12T19:32:02+09:00","validUntil":"2026-09-12T19:32:32+09:00","stale":true,"operator":"Toei"}},{"type":"Feature","geometry":{"type":"Point","coordinates":[139.825927,35.670636]},"properties":{"busId":"Toei.To07.60101.1.D306","busNumber":"D306","routeLabel":"To07 Kinshichō Sta. → Monzen-Nakachō","routeLabelJa":"都０７ 錦糸町駅前→門前仲町 日曹橋","routeId":"Toei.To07","patternId":"Toei.To07.60101.1","fromStop":"Nissōbashi","fromStopJa":"日曹橋","toStop":"Kōtō-Unten-Menkyo-Shikenjō (Kōtō Driver's License Center)","nextStopName":"Kōtō-Unten-Menkyo-Shikenjō (Kōtō Driver's License Center)","nextStopNameJa":"江東運転免許試験場前","positionSource":"interpolated","positionMethod":"derived: elapsed since odpt:fromBusstopPoleTime / (road distance to the next stop at a calibrated 12.3 km/h), walked along the ODPT road polyline. NOT GPS — odpt:Bus carries no coordinates.","positionNote":null,"legFraction":0.104,"legGeometry":"road","bearing":189.8,"departedAt":"2026-09-12T19:31:46+09:00","updatedAt":"2026-09-12T19:32:02+09:00","validUntil":"2026-09-12T19:32:32+09:00","stale":true,"operator":"Toei"}},{"type":"Feature","geometry":{"type":"Point","coordinates":[139.811268,35.669318]},"properties":{"busId":"Toei.To07.60101.1.W436","busNumber":"W436","routeLabel":"To07 Kinshichō Sta. → Monzen-Nakachō","routeLabelJa":"都０７ 錦糸町駅前→門前仲町 東陽三丁目","routeId":"Toei.To07","patternId":"Toei.To07.60101.1","fromStop":"Tōyō-Sanchōme (Tōyō 3)","fromStopJa":"東陽三丁目","toStop":"Kiba Sta.","nextStopName":"Kiba Sta.","nextStopNameJa":"木場駅前","positionSource":"interpolated","positionMethod":"derived: elapsed since odpt:fromBusstopPoleTime / (road distance to the next stop at a calibrated 12.3 km/h), walked along the ODPT road polyline. NOT GPS — odpt:Bus carries no coordinates.","positionNote":null,"legFraction":0.067,"legGeometry":"road","bearing":267.9,"departedAt":"2026-09-12T19:31:53+09:00","updatedAt":"2026-09-12T19:32:02+09:00","validUntil":"2026-09-12T19:32:32+09:00","stale":true,"operator":"Toei"}},{"type":"Feature","geometry":{"type":"Point","coordinates":[139.795071,35.672969]},"properties":{"busId":"Toei.To07.60101.1.Z523","busNumber":"Z523","routeLabel":"To07 Kinshichō Sta. → Monzen-Nakachō","routeLabelJa":"都０７ 錦糸町駅前→門前仲町 不動尊前","routeId":"Toei.To07","patternId":"Toei.To07.60101.1","fromStop":"Fudōson(Fukagawafudō Temple)","fromStopJa":"不動尊前","toStop":"Monzen-Nakachō","nextStopName":"Monzen-Nakachō","nextStopNameJa":"門前仲町","positionSource":"at-stop","positionMethod":"derived: elapsed since odpt:fromBusstopPoleTime / (road distance to the next stop at a calibrated 12.3 km/h), walked along the ODPT road polyline. NOT GPS — odpt:Bus carries no coordinates.","positionNote":"overdue for the next stop — snapped to it","legFraction":1.0,"legGeometry":"road","bearing":13.8,"departedAt":"2026-09-12T19:30:36+09:00","updatedAt":"2026-09-12T19:32:02+09:00","validUntil":"2026-09-12T19:32:32+09:00","stale":true,"operator":"Toei"}},{"type":"Feature","geometry":{"type":"Point","coordinates":[139.808439,35.669381]},"properties":{"busId":"Toei.To07.60101.2.F618","busNumber":"F618","routeLabel":"To07 Monzen-Nakachō → Kinshichō Sta.","routeLabelJa":"都０７ 門前仲町→錦糸町駅前 木場駅前","routeId":"Toei.To07","patternId":"Toei.To07.60101.2","fromStop":"Kiba Sta.","fromStopJa":"木場駅前","toStop":"Tōyō-Sanchōme (Tōyō 3)","nextStopName":"Tōyō-Sanchōme (Tōyō 3)","nextStopNameJa":"東陽三丁目","positionSource":"interpolated","positionMethod":"derived: elapsed since odpt:fromBusstopPoleTime / (road distance to the next stop at a calibrated 12.3 km/h), walked along the ODPT road polyline. NOT GPS — odpt:Bus carries no coordinates.","positionNote":null,"legFraction":0.645,"legGeometry":"road","bearing":92.7,"departedAt":"2026-09-12T19:30:33+09:00","updatedAt":"2026-09-12T19:32:02+09:00","validUntil":"2026-09-12T19:32:32+09:00","stale":true,"operator":"Toei"}},{"type":"Feature","geometry":{"type":"Point","coordinates":[139.822645,35.669827]},"properties":{"busId":"Toei.To07.60101.2.E490","busNumber":"E490","routeLabel":"To07 Monzen-Nakachō → Kinshichō Sta.","routeLabelJa":"都０７ 門前仲町→錦糸町駅前 江東運転免許試験場前","routeId":"Toei.To07","patternId":"Toei.To07.60101.2","fromStop":"Kōtō-Unten-Menkyo-Shikenjō (Kōtō Driver's License Center)","fromStopJa":"江東運転免許試験場前","toStop":"Nissōbashi","nextStopName":"Nissōbashi","nextStopNameJa":"日曹橋","positionSource":"interpolated","positionMethod":"derived: elapsed since odpt:fromBusstopPoleTime / (road distance to the next stop at a calibrated 12.3 km/h), walked along the ODPT road polyline. NOT GPS — odpt:Bus carries no coordinates.","positionNote":null,"legFraction":0.354,"legGeometry":"road","bearing":86.8,"departedAt":"2026-09-12T19:31:01+09:00","updatedAt":"2026-09-12T19:32:02+09:00","validUntil":"2026-09-12T19:32:32+09:00","stale":true,"operator":"Toei"}},{"type":"Feature","geometry":{"type":"Point","coordinates":[139.827257,35.678024]},"properties":{"busId":"Toei.To07.60101.2.E510","busNumber":"E510","routeLabel":"To07 Monzen-Nakachō → Kinshichō Sta.","routeLabelJa":"都０７ 門前仲町→錦糸町駅前 境川","routeId":"Toei.To07","patternId":"Toei.To07.60101.2","fromStop":"Sakaigawa","fromStopJa":"境川","toStop":"Kitasuna-Nichōme (Kitasuna 2)","nextStopName":"Kitasuna-Nichōme (Kitasuna 2)","nextStopNameJa":"北砂二丁目","positionSource":"interpolated","positionMethod":"derived: elapsed since odpt:fromBusstopPoleTime / (road distance to the next stop at a calibrated 12.3 km/h), walked along the ODPT road polyline. NOT GPS — odpt:Bus carries no coordinates.","positionNote":null,"legFraction":0.662,"legGeometry":"road","bearing":7.0,"departedAt":"2026-09-12T19:31:02+09:00","updatedAt":"2026-09-12T19:32:02+09:00","validUntil":"2026-09-12T19:32:32+09:00","stale":true,"operator":"Toei"}},{"type":"Feature","geometry":{"type":"Point","coordinates":[139.826343,35.689293]},"properties":{"busId":"Toei.To07.60101.2.C259","busNumber":"C259","routeLabel":"To07 Monzen-Nakachō → Kinshichō Sta.","routeLabelJa":"都０７ 門前仲町→錦糸町駅前 大島一丁目","routeId":"Toei.To07","patternId":"Toei.To07.60101.2","fromStop":"Ōjima-Itchōme (Ōjima 1)","fromStopJa":"大島一丁目","toStop":"Nishi-Ōjima Sta.","nextStopName":"Nishi-Ōjima Sta.","nextStopNameJa":"西大島駅前","positionSource":"interpolated","positionMethod":"derived: elapsed since odpt:fromBusstopPoleTime / (road distance to the next stop at a calibrated 12.3 km/h), walked along the ODPT road polyline. NOT GPS — odpt:Bus carries no coordinates.","positionNote":null,"legFraction":0.824,"legGeometry":"road","bearing":356.4,"departedAt":"2026-09-12T19:30:57+09:00","updatedAt":"2026-09-12T19:32:02+09:00","validUntil":"2026-09-12T19:32:32+09:00","stale":true,"operator":"Toei"}},{"type":"Feature","geometry":{"type":"Point","coordinates":[139.821023,35.696184]},"properties":{"busId":"Toei.To07.60101.2.E501","busNumber":"E501","routeLabel":"To07 Monzen-Nakachō → Kinshichō Sta.","routeLabelJa":"都０７ 門前仲町→錦糸町駅前 亀戸駅通り","routeId":"Toei.To07","patternId":"Toei.To07.60101.2","fromStop":"Kameido Sta. Dōri","fromStopJa":"亀戸駅通り","toStop":"Kameido-Itchōme (Kameido 1)","nextStopName":"Kameido-Itchōme (Kameido 1)","nextStopNameJa":"亀戸一丁目","positionSource":"at-stop","positionMethod":"derived: elapsed since odpt:fromBusstopPoleTime / (road distance to the next stop at a calibrated 12.3 km/h), walked along the ODPT road polyline. NOT GPS — odpt:Bus carries no coordinates.","positionNote":"overdue for the next stop — snapped to it","legFraction":1.0,"legGeometry":"road","bearing":264.6,"departedAt":"2026-09-12T19:29:39+09:00","updatedAt":"2026-09-12T19:32:02+09:00","validUntil":"2026-09-12T19:32:32+09:00","stale":true,"operator":"Toei"}},{"type":"Feature","geometry":{"type":"Point","coordinates":[139.796395,35.664828]},"properties":{"busId":"Toei.Kyuukou06.61202.1.E523","busNumber":"E523","routeLabel":"Kyuukou06 Morishita Sta. → Nippon-Kagaku-Miraikan (NATIONAL MUSEUM OF EMERGING SCIENCE AND INNOVATION)","routeLabelJa":"急行０６ 森下駅前→日本科学未来館 門前仲町","routeId":"Toei.Kyuukou06","patternId":"Toei.Kyuukou06.61202.1","fromStop":"Monzen-Nakachō","fromStopJa":"門前仲町","toStop":"Toyosu Sta.","nextStopName":"Toyosu Sta.","nextStopNameJa":"豊洲駅前","positionSource":"interpolated","positionMethod":"derived: elapsed since odpt:fromBusstopPoleTime / (road distance to the next stop at a calibrated 12.3 km/h), walked along the ODPT road polyline. NOT GPS — odpt:Bus carries no coordinates.","positionNote":null,"legFraction":0.41,"legGeometry":"road","bearing":138.7,"departedAt":"2026-09-12T19:26:32+09:00","updatedAt":"2026-09-12T19:32:02+09:00","validUntil":"2026-09-12T19:32:32+09:00","stale":true,"operator":"Toei"}},{"type":"Feature","geometry":{"type":"Point","coordinates":[139.792685,35.65828]},"properties":{"busId":"Toei.Kyuukou06.61202.2.K263","busNumber":"K263","routeLabel":"Kyuukou06 Nippon-Kagaku-Miraikan (NATIONAL MUSEUM OF EMERGING SCIENCE AND INNOVATION) → Morishita Sta.","routeLabelJa":"急行０６ 日本科学未来館→森下駅前 豊洲駅前","routeId":"Toei.Kyuukou06","patternId":"Toei.Kyuukou06.61202.2","fromStop":"Toyosu Sta.","fromStopJa":"豊洲駅前","toStop":"Monzen-Nakachō","nextStopName":"Monzen-Nakachō","nextStopNameJa":"門前仲町","positionSource":"interpolated","positionMethod":"derived: elapsed since odpt:fromBusstopPoleTime / (road distance to the next stop at a calibrated 12.3 km/h), walked along the ODPT road polyline. NOT GPS — odpt:Bus carries no coordinates.","positionNote":null,"legFraction":0.179,"legGeometry":"road","bearing":322.3,"departedAt":"2026-09-12T19:29:29+09:00","updatedAt":"2026-09-12T19:32:02+09:00","validUntil":"2026-09-12T19:32:32+09:00","stale":true,"operator":"Toei"}},{"type":"Feature","geometry":{"type":"Point","coordinates":[139.823657,35.662349]},"properties":{"busId":"Toei.Ki11Kou.72005.3.Z507","busNumber":"Z507","routeLabel":"Ki11Kou Tōyōchō Sta. → Kiba Sta.","routeLabelJa":"木１１甲 東陽町駅前→木場駅前 新東京郵便局前","routeId":"Toei.Ki11Kou","patternId":"Toei.Ki11Kou.72005.3","fromStop":"Shin Tokyo Yūbinkyoku (Shin Tokyo Post Office)","fromStopJa":"新東京郵便局前","toStop":"Shinsuna-Nichōme (Shinsuna 2)","nextStopName":"Shinsuna-Nichōme (Shinsuna 2)","nextStopNameJa":"新砂二丁目","positionSource":"interpolated","positionMethod":"derived: elapsed since odpt:fromBusstopPoleTime / (road distance to the next stop at a calibrated 12.3 km/h), walked along the ODPT road polyline. NOT GPS — odpt:Bus carries no coordinates.","positionNote":null,"legFraction":0.363,"legGeometry":"road","bearing":1.2,"departedAt":"2026-09-12T19:30:50+09:00","updatedAt":"2026-09-12T19:32:02+09:00","validUntil":"2026-09-12T19:32:32+09:00","stale":true,"operator":"Toei"}},{"type":"Feature","geometry":{"type":"Point","coordinates":[139.824092,35.65815]},"properties":{"busId":"Toei.Ki11Kou.72006.3.F141","busNumber":"F141","routeLabel":"Ki11Kou Tōyōchō Sta. → Tōyōchō Sta.","routeLabelJa":"木１１甲 東陽町駅前→東陽町駅前 新砂一丁目","routeId":"Toei.Ki11Kou","patternId":"Toei.Ki11Kou.72006.3","fromStop":"Shinsuna-Itchōme (Shinsuna 1)","fromStopJa":"新砂一丁目","toStop":"Yumenoshima","nextStopName":"Yumenoshima","nextStopNameJa":"夢の島","positionSource":"interpolated","positionMethod":"derived: elapsed since odpt:fromBusstopPoleTime / (road distance to the next stop at a calibrated 12.3 km/h), walked along the ODPT road polyline. NOT GPS — odpt:Bus carries no coordinates.","positionNote":null,"legFraction":0.032,"legGeometry":"road","bearing":176.3,"departedAt":"2026-09-12T19:31:53+09:00","updatedAt":"2026-09-12T19:32:02+09:00","validUntil":"2026-09-12T19:32:32+09:00","stale":true,"operator":"Toei"}},{"type":"Feature","geometry":{"type":"Point","coordinates":[139.836709,35.636542]},"properties":{"busId":"Toei.Ki11Kou.72006.3.Z506","busNumber":"Z506","routeLabel":"Ki11Kou Tōyōchō Sta. → Tōyōchō Sta.","routeLabelJa":"木１１甲 東陽町駅前→東陽町駅前 東京ヘリポート前","routeId":"Toei.Ki11Kou","patternId":"Toei.Ki11Kou.72006.3","fromStop":"Tokyo Heliport","fromStopJa":"東京ヘリポート前","toStop":"Shinkiba-Sanchōme (Shinkiba 3)","nextStopName":"Shinkiba-Sanchōme (Shinkiba 3)","nextStopNameJa":"新木場三丁目","positionSource":"interpolated","positionMethod":"derived: elapsed since odpt:fromBusstopPoleTime / (road distance to the next stop at a calibrated 12.3 km/h), walked along the ODPT road polyline. NOT GPS — odpt:Bus carries no coordinates.","positionNote":null,"legFraction":0.009,"legGeometry":"road","bearing":183.3,"departedAt":"2026-09-12T19:32:01+09:00","updatedAt":"2026-09-12T19:32:02+09:00","validUntil":"2026-09-12T19:32:32+09:00","stale":true,"operator":"Toei"}},{"type":"Feature","geometry":{"type":"Point","coordinates":[139.815312,35.694386]},"properties":{"busId":"Toei.Nishiki13.72106.1.W462","busNumber":"W462","routeLabel":"Nishiki13 Kinshichō Sta. → Fukagawa-Shako","routeLabelJa":"錦１３ 錦糸町駅前→深川車庫前 錦糸町駅前","routeId":"Toei.Nishiki13","patternId":"Toei.Nishiki13.72106.1","fromStop":"Kinshichō Sta.","fromStopJa":"錦糸町駅前","toStop":"Kinshibori","nextStopName":"Kinshibori","nextStopNameJa":"錦糸堀","positionSource":"at-stop","positionMethod":"derived: elapsed since odpt:fromBusstopPoleTime / (road distance to the next stop at a calibrated 12.3 km/h), walked along the ODPT road polyline. NOT GPS — odpt:Bus carries no coordinates.","positionNote":"overdue for the next stop — snapped to it","legFraction":1.0,"legGeometry":"road","bearing":176.2,"departedAt":"2026-09-12T19:30:12+09:00","updatedAt":"2026-09-12T19:32:02+09:00","validUntil":"2026-09-12T19:32:32+09:00","stale":true,"operator":"Toei"}},{"type":"Feature","geometry":{"type":"Point","coordinates":[139.812627,35.646034]},"properties":{"busId":"Toei.Nishiki13.72106.1.Y480","busNumber":"Y480","routeLabel":"Nishiki13 Kinshichō Sta. → Fukagawa-Shako","routeLabelJa":"錦１３ 錦糸町駅前→深川車庫前 辰巳駅前","routeId":"Toei.Nishiki13","patternId":"Toei.Nishiki13.72106.1","fromStop":"Tatsumi Sta.","fromStopJa":"辰巳駅前","toStop":"Tatsumi-Sanchōme (Tatsumi 3)","nextStopName":"Tatsumi-Sanchōme (Tatsumi 3)","nextStopNameJa":"辰巳三丁目","positionSource":"interpolated","positionMethod":"derived: elapsed since odpt:fromBusstopPoleTime / (road distance to the next stop at a calibrated 12.3 km/h), walked along the ODPT road polyline. NOT GPS — odpt:Bus carries no coordinates.","positionNote":null,"legFraction":0.206,"legGeometry":"road","bearing":173.5,"departedAt":"2026-09-12T19:31:29+09:00","updatedAt":"2026-09-12T19:32:02+09:00","validUntil":"2026-09-12T19:32:32+09:00","stale":true,"operator":"Toei"}},{"type":"Feature","geometry":{"type":"Point","coordinates":[139.811855,35.678665]},"properties":{"busId":"Toei.Nishiki13.72106.2.G704","busNumber":"G704","routeLabel":"Nishiki13 Fukagawa-Shako → Kinshichō Sta.","routeLabelJa":"錦１３ 深川車庫前→錦糸町駅前 千石一丁目","routeId":"Toei.Nishiki13","patternId":"Toei.Nishiki13.72106.2","fromStop":"Sengoku-Itchōme (Sengoku 1)","fromStopJa":"千石一丁目(せんごくいっちょうめ（こうとうく）)","toStop":"Ishijima","nextStopName":"Ishijima","nextStopNameJa":"石島","positionSource":"interpolated","positionMethod":"derived: elapsed since odpt:fromBusstopPoleTime / (road distance to the next stop at a calibrated 12.3 km/h), walked along the ODPT road polyline. NOT GPS — odpt:Bus carries no coordinates.","positionNote":null,"legFraction":0.284,"legGeometry":"road","bearing":353.7,"departedAt":"2026-09-12T19:31:38+09:00","updatedAt":"2026-09-12T19:32:02+09:00","validUntil":"2026-09-12T19:32:32+09:00","stale":true,"operator":"Toei"}},{"type":"Feature","geometry":{"type":"Point","coordinates":[139.811443,35.681917]},"properties":{"busId":"Toei.Nishiki13.72116.1.Y477","busNumber":"Y477","routeLabel":"Nishiki13 Kinshichō Sta. → Harumi-Futō","routeLabelJa":"錦１３ 錦糸町駅前→晴海埠頭 扇橋一丁目","routeId":"Toei.Nishiki13","patternId":"Toei.Nishiki13.72116.1","fromStop":"Ōgibashi-Itchōme (Ōgibashi 1)","fromStopJa":"扇橋一丁目","toStop":"Ishijima","nextStopName":"Ishijima","nextStopNameJa":"石島","positionSource":"interpolated","positionMethod":"derived: elapsed since odpt:fromBusstopPoleTime / (road distance to the next stop at a calibrated 12.3 km/h), walked along the ODPT road polyline. NOT GPS — odpt:Bus carries no coordinates.","positionNote":null,"legFraction":0.38,"legGeometry":"road","bearing":174.8,"departedAt":"2026-09-12T19:31:34+09:00","updatedAt":"2026-09-12T19:32:02+09:00","validUntil":"2026-09-12T19:32:32+09:00","stale":true,"operator":"Toei"}},{"type":"Feature","geometry":{"type":"Point","coordinates":[139.789783,35.658796]},"properties":{"busId":"Toei.Nishiki13.72116.1.W406","busNumber":"W406","routeLabel":"Nishiki13 Kinshichō Sta. → Harumi-Futō","routeLabelJa":"錦１３ 錦糸町駅前→晴海埠頭 春海橋","routeId":"Toei.Nishiki13","patternId":"Toei.Nishiki13.72116.1","fromStop":"Harumibashi","fromStopJa":"春海橋","toStop":"Harumi-Itchōme (Harumi 1)","nextStopName":"Harumi-Itchōme (Harumi 1)","nextStopNameJa":"晴海一丁目","positionSource":"interpolated","positionMethod":"derived: elapsed since odpt:fromBusstopPoleTime / (road distance to the next stop at a calibrated 12.3 km/h), walked along the ODPT road polyline. NOT GPS — odpt:Bus carries no coordinates.","positionNote":null,"legFraction":0.378,"legGeometry":"road","bearing":264.0,"departedAt":"2026-09-12T19:31:11+09:00","updatedAt":"2026-09-12T19:32:02+09:00","validUntil":"2026-09-12T19:32:32+09:00","stale":true,"operator":"Toei"}},{"type":"Feature","geometry":{"type":"Point","coordinates":[139.802894,35.658917]},"properties":{"busId":"Toei.Nishiki13.72116.2.L360","busNumber":"L360","routeLabel":"Nishiki13 Harumi-Futō → Kinshichō Sta.","routeLabelJa":"錦１３ 晴海埠頭→錦糸町駅前 枝川","routeId":"Toei.Nishiki13","patternId":"Toei.Nishiki13.72116.2","fromStop":"Edagawa","fromStopJa":"枝川","toStop":"Edagawa-Nichōme (Edagawa 2)","nextStopName":"Edagawa-Nichōme (Edagawa 2)","nextStopNameJa":"枝川二丁目","positionSource":"interpolated","positionMethod":"derived: elapsed since odpt:fromBusstopPoleTime / (road distance to the next stop at a calibrated 12.3 km/h), walked along the ODPT road polyline. NOT GPS — odpt:Bus carries no coordinates.","positionNote":null,"legFraction":0.168,"legGeometry":"road","bearing":48.8,"departedAt":"2026-09-12T19:31:37+09:00","updatedAt":"2026-09-12T19:32:02+09:00","validUntil":"2026-09-12T19:32:32+09:00","stale":true,"operator":"Toei"}},{"type":"Feature","geometry":{"type":"Point","coordinates":[139.780963,35.655935]},"properties":{"busId":"Toei.Higashi15.72201.1.C271","busNumber":"C271","routeLabel":"Higashi15 Fukagawa-Shako → Tokyo Sta. Yaesuguchi(Yaesu Exit)","routeLabelJa":"東１５ 深川車庫前→東京駅八重洲口 晴海三丁目","routeId":"Toei.Higashi15","patternId":"Toei.Higashi15.72201.1","fromStop":"Harumi-Sanchōme (Harumi 3)","fromStopJa":"晴海三丁目","toStop":"Kachidoki Sta.","nextStopName":"Kachidoki Sta.","nextStopNameJa":"勝どき駅前","positionSource":"interpolated","positionMethod":"derived: elapsed since odpt:fromBusstopPoleTime / (road distance to the next stop at a calibrated 12.3 km/h), walked along the ODPT road polyline. NOT GPS — odpt:Bus carries no coordinates.","positionNote":null,"legFraction":0.144,"legGeometry":"road","bearing":321.7,"departedAt":"2026-09-12T19:31:29+09:00","updatedAt":"2026-09-12T19:32:02+09:00","validUntil":"2026-09-12T19:32:32+09:00","stale":true,"operator":"Toei"}},{"type":"Feature","geometry":{"type":"Point","coordinates":[139.778975,35.669937]},"properties":{"busId":"Toei.Higashi15.72201.2.E539","busNumber":"E539","routeLabel":"Higashi15 Tokyo Sta. Yaesuguchi(Yaesu Exit) → Fukagawa-Shako","routeLabelJa":"東１５ 東京駅八重洲口→深川車庫前 湊三丁目","routeId":"Toei.Higashi15","patternId":"Toei.Higashi15.72201.2","fromStop":"Minato-Sanchōme (Minato 3)","fromStopJa":"湊三丁目","toStop":"Akashichō","nextStopName":"Akashichō","nextStopNameJa":"明石町","positionSource":"interpolated","positionMethod":"derived: elapsed since odpt:fromBusstopPoleTime / (road distance to the next stop at a calibrated 12.3 km/h), walked along the ODPT road polyline. NOT GPS — odpt:Bus carries no coordinates.","positionNote":null,"legFraction":0.483,"legGeometry":"road","bearing":197.3,"departedAt":"2026-09-12T19:31:35+09:00","updatedAt":"2026-09-12T19:32:02+09:00","validUntil":"2026-09-12T19:32:32+09:00","stale":true,"operator":"Toei"}},{"type":"Feature","geometry":{"type":"Point","coordinates":[139.799855,35.642492]},"properties":{"busId":"Toei.Higashi15.72201.2.D108","busNumber":"D108","routeLabel":"Higashi15 Tokyo Sta. Yaesuguchi(Yaesu Exit) → Fukagawa-Shako","routeLabelJa":"東１５ 東京駅八重洲口→深川車庫前 東雲都橋","routeId":"Toei.Higashi15","patternId":"Toei.Higashi15.72201.2","fromStop":"Shinonome-Miyakobashi","fromStopJa":"東雲都橋","toStop":"Shinonome-Shōgakkō","nextStopName":"Shinonome-Shōgakkō","nextStopNameJa":"東雲小学校前","positionSource":"interpolated","positionMethod":"derived: elapsed since odpt:fromBusstopPoleTime / (road distance to the next stop at a calibrated 12.3 km/h), walked along the ODPT road polyline. NOT GPS — odpt:Bus carries no coordinates.","positionNote":null,"legFraction":0.824,"legGeometry":"road","bearing":173.5,"departedAt":"2026-09-12T19:30:29+09:00","updatedAt":"2026-09-12T19:32:02+09:00","validUntil":"2026-09-12T19:32:32+09:00","stale":true,"operator":"Toei"}},{"type":"Feature","geometry":{"type":"Point","coordinates":[139.81239,35.645458]},"properties":{"busId":"Toei.Mon19.72701.1.M452","busNumber":"M452","routeLabel":"Mon19 Fukagawa-Shako → Monzen-Nakachō","routeLabelJa":"門１９ 深川車庫前→門前仲町 辰巳三丁目","routeId":"Toei.Mon19","patternId":"Toei.Mon19.72701.1","fromStop":"Tatsumi-Sanchōme (Tatsumi 3)","fromStopJa":"辰巳三丁目","toStop":"Tatsumi Sta.","nextStopName":"Tatsumi Sta.","nextStopNameJa":"辰巳駅前","positionSource":"interpolated","positionMethod":"derived: elapsed since odpt:fromBusstopPoleTime / (road distance to the next stop at a calibrated 12.3 km/h), walked along the ODPT road polyline. NOT GPS — odpt:Bus carries no coordinates.","positionNote":null,"legFraction":0.763,"legGeometry":"road","bearing":352.9,"departedAt":"2026-09-12T19:30:15+09:00","updatedAt":"2026-09-12T19:32:02+09:00","validUntil":"2026-09-12T19:32:32+09:00","stale":true,"operator":"Toei"}},{"type":"Feature","geometry":{"type":"Point","coordinates":[139.812457,35.642047]},"properties":{"busId":"Toei.Mon19.72701.2.K178","busNumber":"K178","routeLabel":"Mon19 Monzen-Nakachō → Fukagawa-Shako","routeLabelJa":"門１９ 門前仲町→深川車庫前 辰巳駅前","routeId":"Toei.Mon19","patternId":"Toei.Mon19.72701.2","fromStop":"Tatsumi Sta.","fromStopJa":"辰巳駅前","toStop":"Tatsumi-Sanchōme (Tatsumi 3)","nextStopName":"Tatsumi-Sanchōme (Tatsumi 3)","nextStopNameJa":"辰巳三丁目","positionSource":"at-stop","positionMethod":"derived: elapsed since odpt:fromBusstopPoleTime / (road distance to the next stop at a calibrated 12.3 km/h), walked along the ODPT road polyline. NOT GPS — odpt:Bus carries no coordinates.","positionNote":"overdue for the next stop — snapped to it","legFraction":1.0,"legGeometry":"road","bearing":173.5,"departedAt":"2026-09-12T19:29:52+09:00","updatedAt":"2026-09-12T19:32:02+09:00","validUntil":"2026-09-12T19:32:32+09:00","stale":true,"operator":"Toei"}},{"type":"Feature","geometry":{"type":"Point","coordinates":[139.789339,35.658956]},"properties":{"busId":"Toei.Higashi16.73002.1.G711","busNumber":"G711","routeLabel":"Higashi16 Tokyo Sta. Yaesuguchi(Yaesu Exit) → Tokyo Big Sight","routeLabelJa":"東１６ 東京駅八重洲口→東京ビッグサイト 新月島公園前","routeId":"Toei.Higashi16","patternId":"Toei.Higashi16.73002.1","fromStop":"Shin-Tsukishima-Kōen (Shin-Tsukishima Park)","fromStopJa":"新月島公園前","toStop":"Harumibashi","nextStopName":"Harumibashi","nextStopNameJa":"春海橋","positionSource":"interpolated","positionMethod":"derived: elapsed since odpt:fromBusstopPoleTime / (road distance to the next stop at a calibrated 12.3 km/h), walked along the ODPT road polyline. NOT GPS — odpt:Bus carries no coordinates.","positionNote":null,"legFraction":0.291,"legGeometry":"road","bearing":84.2,"departedAt":"2026-09-12T19:31:33+09:00","updatedAt":"2026-09-12T19:32:02+09:00","validUntil":"2026-09-12T19:32:32+09:00","stale":true,"operator":"Toei"}},{"type":"Feature","geometry":{"type":"Point","coordinates":[139.788025,35.636646]},"properties":{"busId":"Toei.Higashi16.73002.1.G708","busNumber":"G708","routeLabel":"Higashi16 Tokyo Sta. Yaesuguchi(Yaesu Exit) → Tokyo Big Sight","routeLabelJa":"東１６ 東京駅八重洲口→東京ビッグサイト 有明二丁目","routeId":"Toei.Higashi16","patternId":"Toei.Higashi16.73002.1","fromStop":"Ariake-Nichōme (Ariake 2)","fromStopJa":"有明二丁目","toStop":"Ariake Tennis No-Mori","nextStopName":"Ariake Tennis No-Mori","nextStopNameJa":"有明テニスの森","positionSource":"at-stop","positionMethod":"derived: elapsed since odpt:fromBusstopPoleTime / (road distance to the next stop at a calibrated 12.3 km/h), walked along the ODPT road polyline. NOT GPS — odpt:Bus carries no coordinates.","positionNote":"overdue for the next stop — snapped to it","legFraction":1.0,"legGeometry":"road","bearing":232.5,"departedAt":"2026-09-12T19:30:34+09:00","updatedAt":"2026-09-12T19:32:02+09:00","validUntil":"2026-09-12T19:32:32+09:00","stale":true,"operator":"Toei"}},{"type":"Feature","geometry":{"type":"Point","coordinates":[139.800576,35.650421]},"properties":{"busId":"Toei.Higashi16.73002.2.E505","busNumber":"E505","routeLabel":"Higashi16 Tokyo Big Sight → Tokyo Sta. Yaesuguchi(Yaesu Exit)","routeLabelJa":"東１６ 東京ビッグサイト→東京駅八重洲口 東雲橋交差点","routeId":"Toei.Higashi16","patternId":"Toei.Higashi16.73002.2","fromStop":"Shinonomebashi-Kōsaten","fromStopJa":"東雲橋交差点","toStop":"Fukagawa-Gochū","nextStopName":"Fukagawa-Gochū","nextStopNameJa":"深川五中前","positionSource":"interpolated","positionMethod":"derived: elapsed since odpt:fromBusstopPoleTime / (road distance to the next stop at a calibrated 12.3 km/h), walked along the ODPT road polyline. NOT GPS — odpt:Bus carries no coordinates.","positionNote":null,"legFraction":0.144,"legGeometry":"road","bearing":320.6,"departedAt":"2026-09-12T19:31:30+09:00","updatedAt":"2026-09-12T19:32:02+09:00","validUntil":"2026-09-12T19:32:32+09:00","stale":true,"operator":"Toei"}},{"type":"Feature","geometry":{"type":"Point","coordinates":[139.785448,35.66791]},"properties":{"busId":"Toei.Higashi16.73002.2.G712","busNumber":"G712","routeLabel":"Higashi16 Tokyo Big Sight → Tokyo Sta. Yaesuguchi(Yaesu Exit)","routeLabelJa":"東１６ 東京ビッグサイト→東京駅八重洲口 佃二丁目","routeId":"Toei.Higashi16","patternId":"Toei.Higashi16.73002.2","fromStop":"Tsukuda-Nichōme (Tsukuda 2)","fromStopJa":"佃二丁目","toStop":"River City Nijūichi","nextStopName":"River City Nijūichi","nextStopNameJa":"リバーシティ２１","positionSource":"interpolated","positionMethod":"derived: elapsed since odpt:fromBusstopPoleTime / (road distance to the next stop at a calibrated 12.3 km/h), walked along the ODPT road polyline. NOT GPS — odpt:Bus carries no coordinates.","positionNote":null,"legFraction":0.519,"legGeometry":"road","bearing":330.6,"departedAt":"2026-09-12T19:31:47+09:00","updatedAt":"2026-09-12T19:32:02+09:00","validUntil":"2026-09-12T19:32:32+09:00","stale":true,"operator":"Toei"}},{"type":"Feature","geometry":{"type":"Point","coordinates":[139.782728,35.673805]},"properties":{"busId":"Toei.Higashi16.73005.1.L357","busNumber":"L357","routeLabel":"Higashi16 Tokyo Sta. Yaesuguchi(Yaesu Exit) → Fukagawa-Shako","routeLabelJa":"東１６ 東京駅八重洲口→深川車庫前 新川","routeId":"Toei.Higashi16","patternId":"Toei.Higashi16.73005.1","fromStop":"Shinkawa","fromStopJa":"新川","toStop":"Sumitomo Twin Biru","nextStopName":"Sumitomo Twin Biru","nextStopNameJa":"住友ツインビル前","positionSource":"interpolated","positionMethod":"derived: elapsed since odpt:fromBusstopPoleTime / (road distance to the next stop at a calibrated 12.3 km/h), walked along the ODPT road polyline. NOT GPS — odpt:Bus carries no coordinates.","positionNote":null,"legFraction":0.764,"legGeometry":"road","bearing":142.5,"departedAt":"2026-09-12T19:30:03+09:00","updatedAt":"2026-09-12T19:32:02+09:00","validUntil":"2026-09-12T19:32:32+09:00","stale":true,"operator":"Toei"}},{"type":"Feature","geometry":{"type":"Point","coordinates":[139.858652,35.662674]},"properties":{"busId":"Toei.Nishikatsu20Kou.69201.1.D314","busNumber":"D314","routeLabel":"Nishikatsu20Kou Nishi-Kasai Sta. → Nagisa New Town","routeLabelJa":"西葛２０甲 西葛西駅前→なぎさニュータウン 西葛西駅前","routeId":"Toei.Nishikatsu20Kou","patternId":"Toei.Nishikatsu20Kou.69201.1","fromStop":"Nishi-Kasai Sta.","fromStopJa":"西葛西駅前","toStop":"Dainana-Kasai-Shōgakkō","nextStopName":"Dainana-Kasai-Shōgakkō","nextStopNameJa":"第七葛西小学校前","positionSource":"interpolated","positionMethod":"derived: elapsed since odpt:fromBusstopPoleTime / (road distance to the next stop at a calibrated 12.3 km/h), walked along the ODPT road polyline. NOT GPS — odpt:Bus carries no coordinates.","positionNote":null,"legFraction":0.301,"legGeometry":"road","bearing":185.8,"departedAt":"2026-09-12T19:31:06+09:00","updatedAt":"2026-09-12T19:32:02+09:00","validUntil":"2026-09-12T19:32:32+09:00","stale":true,"operator":"Toei"}},{"type":"Feature","geometry":{"type":"Point","coordinates":[139.8702,35.647915]},"properties":{"busId":"Toei.Nishikatsu20Kou.69201.2.B772","busNumber":"B772","routeLabel":"Nishikatsu20Kou Nagisa New Town → Nishi-Kasai Sta.","routeLabelJa":"西葛２０甲 なぎさニュータウン→西葛西駅前 堀江団地","routeId":"Toei.Nishikatsu20Kou","patternId":"Toei.Nishikatsu20Kou.69201.2","fromStop":"Horie-Danchi","fromStopJa":"堀江団地","toStop":"Horie-Danchi-Iriguchi","nextStopName":"Horie-Danchi-Iriguchi","nextStopNameJa":"堀江団地入口","positionSource":"interpolated","positionMethod":"derived: elapsed since odpt:fromBusstopPoleTime / (road distance to the next stop at a calibrated 12.3 km/h), walked along the ODPT road polyline. NOT GPS — odpt:Bus carries no coordinates.","positionNote":null,"legFraction":0.52,"legGeometry":"road","bearing":297.4,"departedAt":"2026-09-12T19:31:29+09:00","updatedAt":"2026-09-12T19:32:02+09:00","validUntil":"2026-09-12T19:32:32+09:00","stale":true,"operator":"Toei"}},{"type":"Feature","geometry":{"type":"Point","coordinates":[139.863772,35.656066]},"properties":{"busId":"Toei.Nishikatsu20Otsu.69202.1.A640","busNumber":"A640","routeLabel":"Nishikatsu20Otsu Nishi-Kasai Sta. → Kasai-Rinkai-Kōen Sta. (Kasai Rinkai Park Sta.)","routeLabelJa":"西葛２０乙 西葛西駅前→葛西臨海公園駅前 中葛西七丁目","routeId":"Toei.Nishikatsu20Otsu","patternId":"Toei.Nishikatsu20Otsu.69202.1","fromStop":"Naka-Kasai-Nanachōme (Naka-Kasai 7)","fromStopJa":"中葛西七丁目","toStop":"Nakasakombashi","nextStopName":"Nakasakombashi","nextStopNameJa":"中左近橋","positionSource":"interpolated","positionMethod":"derived: elapsed since odpt:fromBusstopPoleTime / (road distance to the next stop at a calibrated 12.3 km/h), walked along the ODPT road polyline. NOT GPS — odpt:Bus carries no coordinates.","positionNote":null,"legFraction":0.094,"legGeometry":"road","bearing":183.9,"departedAt":"2026-09-12T19:31:45+09:00","updatedAt":"2026-09-12T19:32:02+09:00","validUntil":"2026-09-12T19:32:32+09:00","stale":true,"operator":"Toei"}},{"type":"Feature","geometry":{"type":"Point","coordinates":[139.867668,35.643794]},"properties":{"busId":"Toei.Nishikatsu20Otsu.69202.2.Z552","busNumber":"Z552","routeLabel":"Nishikatsu20Otsu Kasai-Rinkai-Kōen Sta. (Kasai Rinkai Park Sta.) → Nishi-Kasai Sta.","routeLabelJa":"西葛２０乙 葛西臨海公園駅前→西葛西駅前 臨海町五丁目","routeId":"Toei.Nishikatsu20Otsu","patternId":"Toei.Nishikatsu20Otsu.69202.2","fromStop":"Rinkaichō-Gochōme (Rinkaichō 5)","fromStopJa":"臨海町五丁目","toStop":"Edogawa Rinkai Yūbinkyoku (Edogawa Rinkai Post Office)","nextStopName":"Edogawa Rinkai Yūbinkyoku (Edogawa Rinkai Post Office)","nextStopNameJa":"江戸川臨海郵便局前","positionSource":"interpolated","positionMethod":"derived: elapsed since odpt:fromBusstopPoleTime / (road distance to the next stop at a calibrated 12.3 km/h), walked along the ODPT road polyline. NOT GPS — odpt:Bus carries no coordinates.","positionNote":null,"legFraction":0.06,"legGeometry":"road","bearing":41.2,"departedAt":"2026-09-12T19:31:57+09:00","updatedAt":"2026-09-12T19:32:02+09:00","validUntil":"2026-09-12T19:32:32+09:00","stale":true,"operator":"Toei"}},{"type":"Feature","geometry":{"type":"Point","coordinates":[139.83543,35.681924]},"properties":{"busId":"Toei.Kame21.60001.1.L185","busNumber":"L185","routeLabel":"Kame21 Tōyōchō Sta. → Kameido Sta.","routeLabelJa":"亀２１ 東陽町駅前→亀戸駅前 北砂五丁目","routeId":"Toei.Kame21","patternId":"Toei.Kame21.60001.1","fromStop":"Kitasuna-Gochōme (Kitasuna 5)","fromStopJa":"北砂五丁目","toStop":"Kitasuna-Rokuchōme (Kitasuna 6)","nextStopName":"Kitasuna-Rokuchōme (Kitasuna 6)","nextStopNameJa":"北砂六丁目","positionSource":"interpolated","positionMethod":"derived: elapsed since odpt:fromBusstopPoleTime / (road distance to the next stop at a calibrated 12.3 km/h), walked along the ODPT road polyline. NOT GPS — odpt:Bus carries no coordinates.","positionNote":null,"legFraction":0.42,"legGeometry":"road","bearing":13.4,"departedAt":"2026-09-12T19:31:03+09:00","updatedAt":"2026-09-12T19:32:02+09:00","validUntil":"2026-09-12T19:32:32+09:00","stale":true,"operator":"Toei"}},{"type":"Feature","geometry":{"type":"Point","coordinates":[139.831308,35.696996]},"properties":{"busId":"Toei.Kame21.60001.2.F639","busNumber":"F639","routeLabel":"Kame21 Kameido Sta. → Tōyōchō Sta.","routeLabelJa":"亀２１ 亀戸駅前→東陽町駅前 亀戸六丁目","routeId":"Toei.Kame21","patternId":"Toei.Kame21.60001.2","fromStop":"Kameido-Rokuchōme (Kameido 6)","fromStopJa":"亀戸六丁目","toStop":"Tatekawa-Ōhashi-Kitazume","nextStopName":"Tatekawa-Ōhashi-Kitazume","nextStopNameJa":"竪川大橋北詰","positionSource":"interpolated","positionMethod":"derived: elapsed since odpt:fromBusstopPoleTime / (road distance to the next stop at a calibrated 12.3 km/h), walked along the ODPT road polyline. NOT GPS — odpt:Bus carries no coordinates.","positionNote":null,"legFraction":0.187,"legGeometry":"road","bearing":86.7,"departedAt":"2026-09-12T19:31:29+09:00","updatedAt":"2026-09-12T19:32:02+09:00","validUntil":"2026-09-12T19:32:32+09:00","stale":true,"operator":"Toei"}},{"type":"Feature","geometry":{"type":"Point","coordinates":[139.826236,35.672012]},"properties":{"busId":"Toei.Kame21.60001.2.M189","busNumber":"M189","routeLabel":"Kame21 Kameido Sta. → Tōyōchō Sta.","routeLabelJa":"亀２１ 亀戸駅前→東陽町駅前 南砂三丁目","routeId":"Toei.Kame21","patternId":"Toei.Kame21.60001.2","fromStop":"Minamisuna-Sanchōme (Minamisuna 3)","fromStopJa":"南砂三丁目","toStop":"Nissōbashi","nextStopName":"Nissōbashi","nextStopNameJa":"日曹橋","positionSource":"interpolated","positionMethod":"derived: elapsed since odpt:fromBusstopPoleTime / (road distance to the next stop at a calibrated 12.3 km/h), walked along the ODPT road polyline. NOT GPS — odpt:Bus carries no coordinates.","positionNote":null,"legFraction":0.445,"legGeometry":"road","bearing":190.2,"departedAt":"2026-09-12T19:31:09+09:00","updatedAt":"2026-09-12T19:32:02+09:00","validUntil":"2026-09-12T19:32:32+09:00","stale":true,"operator":"Toei"}},{"type":"Feature","geometry":{"type":"Point","coordinates":[139.855892,35.668701]},"properties":{"busId":"Toei.Shinko21.68501.1.H978","busNumber":"H978","routeLabel":"Shinko21 Nishi-Kasai Sta. → Shin-Koiwa Sta.","routeLabelJa":"新小２１ 西葛西駅前→新小岩駅前 西葛西三丁目","routeId":"Toei.Shinko21","patternId":"Toei.Shinko21.68501.1","fromStop":"Nishi-Kasai-Sanchōme (Nishi-Kasai 3)","fromStopJa":"西葛西三丁目","toStop":"Ukita","nextStopName":"Ukita","nextStopNameJa":"宇喜田","positionSource":"interpolated","positionMethod":"derived: elapsed since odpt:fromBusstopPoleTime / (road distance to the next stop at a calibrated 12.3 km/h), walked along the ODPT road polyline. NOT GPS — odpt:Bus carries no coordinates.","positionNote":null,"legFraction":0.688,"legGeometry":"road","bearing":22.9,"departedAt":"2026-09-12T19:29:57+09:00","updatedAt":"2026-09-12T19:32:02+09:00","validUntil":"2026-09-12T19:32:32+09:00","stale":true,"operator":"Toei"}},{"type":"Feature","geometry":{"type":"Point","coordinates":[139.864386,35.68529]},"properties":{"busId":"Toei.Shinko21.68501.1.F160","busNumber":"F160","routeLabel":"Shinko21 Nishi-Kasai Sta. → Shin-Koiwa Sta.","routeLabelJa":"新小２１ 西葛西駅前→新小岩駅前 船堀駅前","routeId":"Toei.Shinko21","patternId":"Toei.Shinko21.68501.1","fromStop":"Funabori Sta.","fromStopJa":"船堀駅前","toStop":"Funabori-Itchōme (Funabori 1)","nextStopName":"Funabori-Itchōme (Funabori 1)","nextStopNameJa":"船堀一丁目","positionSource":"at-stop","positionMethod":"derived: elapsed since odpt:fromBusstopPoleTime / (road distance to the next stop at a calibrated 12.3 km/h), walked along the ODPT road polyline. NOT GPS — odpt:Bus carries no coordinates.","positionNote":"overdue for the next stop — snapped to it","legFraction":1.0,"legGeometry":"road","bearing":314.6,"departedAt":"2026-09-12T19:31:02+09:00","updatedAt":"2026-09-12T19:32:02+09:00","validUntil":"2026-09-12T19:32:32+09:00","stale":true,"operator":"Toei"}},{"type":"Feature","geometry":{"type":"Point","coordinates":[139.867901,35.700779]},"properties":{"busId":"Toei.Shinko21.68501.1.G725","busNumber":"G725","routeLabel":"Shinko21 Nishi-Kasai Sta. → Shin-Koiwa Sta.","routeLabelJa":"新小２１ 西葛西駅前→新小岩駅前 東小松川一丁目","routeId":"Toei.Shinko21","patternId":"Toei.Shinko21.68501.1","fromStop":"Higashi-Komatsugawa-Itchōme (Higashi-Komatsugawa 1)","fromStopJa":"東小松川一丁目","toStop":"Keiyō-Kōsaten","nextStopName":"Keiyō-Kōsaten","nextStopNameJa":"京葉交差点","positionSource":"interpolated","positionMethod":"derived: elapsed since odpt:fromBusstopPoleTime / (road distance to the next stop at a calibrated 12.3 km/h), walked along the ODPT road polyline. NOT GPS — odpt:Bus carries no coordinates.","positionNote":null,"legFraction":0.409,"legGeometry":"road","bearing":1.8,"departedAt":"2026-09-12T19:31:06+09:00","updatedAt":"2026-09-12T19:32:02+09:00","validUntil":"2026-09-12T19:32:32+09:00","stale":true,"operator":"Toei"}},{"type":"Feature","geometry":{"type":"Point","coordinates":[139.859054,35.716455]},"properties":{"busId":"Toei.Shinko21.68501.1.G728","busNumber":"G728","routeLabel":"Shinko21 Nishi-Kasai Sta. → Shin-Koiwa Sta.","routeLabelJa":"新小２１ 西葛西駅前→新小岩駅前 新小岩一丁目","routeId":"Toei.Shinko21","patternId":"Toei.Shinko21.68501.1","fromStop":"Shinkoiwa-Itchōme (Shinkoiwa 1)","fromStopJa":"新小岩一丁目","toStop":"Shin-Koiwa Sta.","nextStopName":"Shin-Koiwa Sta.","nextStopNameJa":"新小岩駅前","positionSource":"at-stop","positionMethod":"derived: elapsed since odpt:fromBusstopPoleTime / (road distance to the next stop at a calibrated 12.3 km/h), walked along the ODPT road polyline. NOT GPS — odpt:Bus carries no coordinates.","positionNote":"overdue for the next stop — snapped to it","legFraction":1.0,"legGeometry":"road","bearing":208.2,"departedAt":"2026-09-12T19:31:45+09:00","updatedAt":"2026-09-12T19:32:02+09:00","validUntil":"2026-09-12T19:32:32+09:00","stale":true,"operator":"Toei"}},{"type":"Feature","geometry":{"type":"Point","coordinates":[139.867887,35.705281]},"properties":{"busId":"Toei.Shinko21.68501.2.F159","busNumber":"F159","routeLabel":"Shinko21 Shin-Koiwa Sta. → Nishi-Kasai Sta.","routeLabelJa":"新小２１ 新小岩駅前→西葛西駅前 江戸川区役所前","routeId":"Toei.Shinko21","patternId":"Toei.Shinko21.68501.2","fromStop":"Edogawa-Kuyakusho (Edogawa City Office)","fromStopJa":"江戸川区役所前","toStop":"Keiyō-Kōsaten","nextStopName":"Keiyō-Kōsaten","nextStopNameJa":"京葉交差点","positionSource":"interpolated","positionMethod":"derived: elapsed since odpt:fromBusstopPoleTime / (road distance to the next stop at a calibrated 12.3 km/h), walked along the ODPT road polyline. NOT GPS — odpt:Bus carries no coordinates.","positionNote":null,"legFraction":0.527,"legGeometry":"road","bearing":177.5,"departedAt":"2026-09-12T19:30:49+09:00","updatedAt":"2026-09-12T19:32:02+09:00","validUntil":"2026-09-12T19:32:32+09:00","stale":true,"operator":"Toei"}},{"type":"Feature","geometry":{"type":"Point","coordinates":[139.865559,35.68733]},"properties":{"busId":"Toei.Shinko21.68501.2.W400","busNumber":"W400","routeLabel":"Shinko21 Shin-Koiwa Sta. → Nishi-Kasai Sta.","routeLabelJa":"新小２１ 新小岩駅前→西葛西駅前 松江第一中学校前","routeId":"Toei.Shinko21","patternId":"Toei.Shinko21.68501.2","fromStop":"Matsue-Daiichi-Chūgakkō","fromStopJa":"松江第一中学校前","toStop":"Funabori Sta.","nextStopName":"Funabori Sta.","nextStopNameJa":"船堀駅前","positionSource":"interpolated","positionMethod":"derived: elapsed since odpt:fromBusstopPoleTime / (road distance to the next stop at a calibrated 12.3 km/h), walked along the ODPT road polyline. NOT GPS — odpt:Bus carries no coordinates.","positionNote":null,"legFraction":0.348,"legGeometry":"road","bearing":203.4,"departedAt":"2026-09-12T19:30:58+09:00","updatedAt":"2026-09-12T19:32:02+09:00","validUntil":"2026-09-12T19:32:32+09:00","stale":true,"operator":"Toei"}},{"type":"Feature","geometry":{"type":"Point","coordinates":[139.857029,35.671017]},"properties":{"busId":"Toei.Shinko21.68501.2.C265","busNumber":"C265","routeLabel":"Shinko21 Shin-Koiwa Sta. → Nishi-Kasai Sta.","routeLabelJa":"新小２１ 新小岩駅前→西葛西駅前 北葛西二丁目","routeId":"Toei.Shinko21","patternId":"Toei.Shinko21.68501.2","fromStop":"Kita-Kasai-Nichōme (Kita-Kasai 2)","fromStopJa":"北葛西二丁目","toStop":"Ukita","nextStopName":"Ukita","nextStopNameJa":"宇喜田","positionSource":"interpolated","positionMethod":"derived: elapsed since odpt:fromBusstopPoleTime / (road distance to the next stop at a calibrated 12.3 km/h), walked along the ODPT road polyline. NOT GPS — odpt:Bus carries no coordinates.","positionNote":null,"legFraction":0.112,"legGeometry":"road","bearing":201.9,"departedAt":"2026-09-12T19:31:56+09:00","updatedAt":"2026-09-12T19:32:02+09:00","validUntil":"2026-09-12T19:32:32+09:00","stale":true,"operator":"Toei"}},{"type":"Feature","geometry":{"type":"Point","coordinates":[139.880179,35.651558]},"properties":{"busId":"Toei.Kasai21.69301.1.A646","busNumber":"A646","routeLabel":"Kasai21 Kasai Sta. → Kasai-Rinkai-Kōen Sta. (Kasai Rinkai Park Sta.)","routeLabelJa":"葛西２１ 葛西駅前→葛西臨海公園駅前 東葛西九丁目","routeId":"Toei.Kasai21","patternId":"Toei.Kasai21.69301.1","fromStop":"Higashi-Kasai-Kyūchōme (Higashi-Kasai 9)","fromStopJa":"東葛西九丁目","toStop":"Mahō-No-Bungakukan-Iriguchi","nextStopName":"Mahō-No-Bungakukan-Iriguchi","nextStopNameJa":"魔法の文学館入口","positionSource":"interpolated","positionMethod":"derived: elapsed since odpt:fromBusstopPoleTime / (road distance to the next stop at a calibrated 12.3 km/h), walked along the ODPT road polyline. NOT GPS — odpt:Bus carries no coordinates.","positionNote":null,"legFraction":0.481,"legGeometry":"road","bearing":188.1,"departedAt":"2026-09-12T19:31:11+09:00","updatedAt":"2026-09-12T19:32:02+09:00","validUntil":"2026-09-12T19:32:32+09:00","stale":true,"operator":"Toei"}},{"type":"Feature","geometry":{"type":"Point","coordinates":[139.879491,35.647014]},"properties":{"busId":"Toei.Kasai21.69308.2.F152","busNumber":"F152","routeLabel":"Kasai21 Kasai-Rinkai-Kōen Sta. (Kasai Rinkai Park Sta.) → Kasai Sta.","routeLabelJa":"葛西２１ 葛西臨海公園駅前→葛西駅前 なぎさニュータウン","routeId":"Toei.Kasai21","patternId":"Toei.Kasai21.69308.2","fromStop":"Nagisa New Town","fromStopJa":"なぎさニュータウン","toStop":"Mahō-No-Bungakukan-Iriguchi","nextStopName":"Mahō-No-Bungakukan-Iriguchi","nextStopNameJa":"魔法の文学館入口","positionSource":"interpolated","positionMethod":"derived: elapsed since odpt:fromBusstopPoleTime / (road distance to the next stop at a calibrated 12.3 km/h), walked along the ODPT road polyline. NOT GPS — odpt:Bus carries no coordinates.","positionNote":null,"legFraction":0.0,"legGeometry":"road","bearing":5.3,"departedAt":"2026-09-12T19:32:02+09:00","updatedAt":"2026-09-12T19:32:02+09:00","validUntil":"2026-09-12T19:32:32+09:00","stale":true,"operator":"Toei"}},{"type":"Feature","geometry":{"type":"Point","coordinates":[139.816261,35.672484]},"properties":{"busId":"Toei.Mon21.64602.1.A635","busNumber":"A635","routeLabel":"Mon21 Higashi-Ōjima Sta. → Tōyōchō Sta.","routeLabelJa":"門２１ 東大島駅前→東陽町駅前 江東区役所前","routeId":"Toei.Mon21","patternId":"Toei.Mon21.64602.1","fromStop":"Kōtō-Kuyakusho (Kōtō City Office)","fromStopJa":"江東区役所前","toStop":"Tōyōchō Sta.","nextStopName":"Tōyōchō Sta.","nextStopNameJa":"東陽町駅前","positionSource":"interpolated","positionMethod":"derived: elapsed since odpt:fromBusstopPoleTime / (road distance to the next stop at a calibrated 12.3 km/h), walked along the ODPT road polyline. NOT GPS — odpt:Bus carries no coordinates.","positionNote":null,"legFraction":0.436,"legGeometry":"road","bearing":177.1,"departedAt":"2026-09-12T19:31:15+09:00","updatedAt":"2026-09-12T19:32:02+09:00","validUntil":"2026-09-12T19:32:32+09:00","stale":true,"operator":"Toei"}},{"type":"Feature","geometry":{"type":"Point","coordinates":[139.777712,35.736957]},"properties":{"busId":"Toei.Sato22.52101.1.G775","busNumber":"G775","routeLabel":"Sato22 Nippori Sta. → Kameido Sta.","routeLabelJa":"里２２ 日暮里駅前→亀戸駅前 三河島駅前","routeId":"Toei.Sato22","patternId":"Toei.Sato22.52101.1","fromStop":"Mikawashima Sta.","fromStopJa":"三河島駅前","toStop":"Arakawa-Yonchōme (Arakawa 4)","nextStopName":"Arakawa-Yonchōme (Arakawa 4)","nextStopNameJa":"荒川四丁目","positionSource":"at-stop","positionMethod":"derived: elapsed since odpt:fromBusstopPoleTime / (road distance to the next stop at a calibrated 12.3 km/h), walked along the ODPT road polyline. NOT GPS — odpt:Bus carries no coordinates.","positionNote":"overdue for the next stop — snapped to it","legFraction":1.0,"legGeometry":"road","bearing":102.2,"departedAt":"2026-09-12T19:29:20+09:00","updatedAt":"2026-09-12T19:32:02+09:00","validUntil":"2026-09-12T19:32:32+09:00","stale":true,"operator":"Toei"}},{"type":"Feature","geometry":{"type":"Point","coordinates":[139.823572,35.717087]},"properties":{"busId":"Toei.Sato22.52101.1.D301","busNumber":"D301","routeLabel":"Sato22 Nippori Sta. → Kameido Sta.","routeLabelJa":"里２２ 日暮里駅前→亀戸駅前 明治通り","routeId":"Toei.Sato22","patternId":"Toei.Sato22.52101.1","fromStop":"Meiji-Dōri","fromStopJa":"明治通り","toStop":"Tachibana-Dōri","nextStopName":"Tachibana-Dōri","nextStopNameJa":"橘通り","positionSource":"interpolated","positionMethod":"derived: elapsed since odpt:fromBusstopPoleTime / (road distance to the next stop at a calibrated 12.3 km/h), walked along the ODPT road polyline. NOT GPS — odpt:Bus carries no coordinates.","positionNote":null,"legFraction":0.495,"legGeometry":"straight","bearing":142.0,"departedAt":"2026-09-12T19:31:09+09:00","updatedAt":"2026-09-12T19:32:02+09:00","validUntil":"2026-09-12T19:32:32+09:00","stale":true,"operator":"Toei"}},{"type":"Feature","geometry":{"type":"Point","coordinates":[139.808725,35.728137]},"properties":{"busId":"Toei.Sato22.52101.2.W465","busNumber":"W465","routeLabel":"Sato22 Kameido Sta. → Nippori Sta.","routeLabelJa":"里２２ 亀戸駅前→日暮里駅前 白鬚橋東","routeId":"Toei.Sato22","patternId":"Toei.Sato22.52101.2","fromStop":"Shirahigebashi-Higashi","fromStopJa":"白鬚橋東","toStop":"Hashiba-Nichōme (Hashiba 2)","nextStopName":"Hashiba-Nichōme (Hashiba 2)","nextStopNameJa":"橋場二丁目","positionSource":"interpolated","positionMethod":"derived: elapsed since odpt:fromBusstopPoleTime / (road distance to the next stop at a calibrated 12.3 km/h), walked along the ODPT road polyline. NOT GPS — odpt:Bus carries no coordinates.","positionNote":null,"legFraction":0.45,"legGeometry":"road","bearing":279.3,"departedAt":"2026-09-12T19:29:41+09:00","updatedAt":"2026-09-12T19:32:02+09:00","validUntil":"2026-09-12T19:32:32+09:00","stale":true,"operator":"Toei"}},{"type":"Feature","geometry":{"type":"Point","coordinates":[139.789307,35.731548]},"properties":{"busId":"Toei.Sato22.52104.2.E444","busNumber":"E444","routeLabel":"Sato22 Nippori Sta. → Minami-Senju-Shako","routeLabelJa":"里２２ 日暮里駅前→南千住車庫前 荒川一丁目","routeId":"Toei.Sato22","patternId":"Toei.Sato22.52104.2","fromStop":"Arakawa-Itchōme (Arakawa 1)","fromStopJa":"荒川一丁目","toStop":"Ōzeki-Yokochō","nextStopName":"Ōzeki-Yokochō","nextStopNameJa":"大関横丁","positionSource":"interpolated","positionMethod":"derived: elapsed since odpt:fromBusstopPoleTime / (road distance to the next stop at a calibrated 12.3 km/h), walked along the ODPT road polyline. NOT GPS — odpt:Bus carries no coordinates.","positionNote":null,"legFraction":0.794,"legGeometry":"road","bearing":126.3,"departedAt":"2026-09-12T19:31:09+09:00","updatedAt":"2026-09-12T19:32:02+09:00","validUntil":"2026-09-12T19:32:32+09:00","stale":true,"operator":"Toei"}},{"type":"Feature","geometry":{"type":"Point","coordinates":[139.815557,35.691907]},"properties":{"busId":"Toei.Higashi22.60202.1.F620","busNumber":"F620","routeLabel":"Higashi22 Kinshichō Sta. → Tōyōchō Sta.","routeLabelJa":"東２２ 錦糸町駅前→東陽町駅前 錦糸堀","routeId":"Toei.Higashi22","patternId":"Toei.Higashi22.60202.1","fromStop":"Kinshibori","fromStopJa":"錦糸堀","toStop":"Mōri-Nichōme (Mōri 2)","nextStopName":"Mōri-Nichōme (Mōri 2)","nextStopNameJa":"毛利二丁目","positionSource":"at-stop","positionMethod":"derived: elapsed since odpt:fromBusstopPoleTime / (road distance to the next stop at a calibrated 12.3 km/h), walked along the ODPT road polyline. NOT GPS — odpt:Bus carries no coordinates.","positionNote":"overdue for the next stop — snapped to it","legFraction":1.0,"legGeometry":"road","bearing":173.6,"departedAt":"2026-09-12T19:30:22+09:00","updatedAt":"2026-09-12T19:32:03+09:00","validUntil":"2026-09-12T19:32:33+09:00","stale":true,"operator":"Toei"}},{"type":"Feature","geometry":{"type":"Point","coordinates":[139.816072,35.681933]},"properties":{"busId":"Toei.Higashi22.60202.1.M461","busNumber":"M461","routeLabel":"Higashi22 Kinshichō Sta. → Tōyōchō Sta.","routeLabelJa":"東２２ 錦糸町駅前→東陽町駅前 扇橋二丁目","routeId":"Toei.Higashi22","patternId":"Toei.Higashi22.60202.1","fromStop":"Ōgibashi-Nichōme (Ōgibashi 2)","fromStopJa":"扇橋二丁目","toStop":"Senda","nextStopName":"Senda","nextStopNameJa":"千田","positionSource":"interpolated","positionMethod":"derived: elapsed since odpt:fromBusstopPoleTime / (road distance to the next stop at a calibrated 12.3 km/h), walked along the ODPT road polyline. NOT GPS — odpt:Bus carries no coordinates.","positionNote":null,"legFraction":0.48,"legGeometry":"road","bearing":181.4,"departedAt":"2026-09-12T19:31:27+09:00","updatedAt":"2026-09-12T19:32:03+09:00","validUntil":"2026-09-12T19:32:33+09:00","stale":true,"operator":"Toei"}},{"type":"Feature","geometry":{"type":"Point","coordinates":[139.81633,35.671555]},"properties":{"busId":"Toei.Higashi22.60202.2.G790","busNumber":"G790","routeLabel":"Higashi22 Tōyōchō Sta. → Kinshichō Sta.","routeLabelJa":"東２２ 東陽町駅前→錦糸町駅前 江東区役所前","routeId":"Toei.Higashi22","patternId":"Toei.Higashi22.60202.2","fromStop":"Kōtō-Kuyakusho (Kōtō City Office)","fromStopJa":"江東区役所前","toStop":"Toyozumibashi","nextStopName":"Toyozumibashi","nextStopNameJa":"豊住橋","positionSource":"interpolated","positionMethod":"derived: elapsed since odpt:fromBusstopPoleTime / (road distance to the next stop at a calibrated 12.3 km/h), walked along the ODPT road polyline. NOT GPS — odpt:Bus carries no coordinates.","positionNote":null,"legFraction":0.229,"legGeometry":"road","bearing":356.9,"departedAt":"2026-09-12T19:31:40+09:00","updatedAt":"2026-09-12T19:32:03+09:00","validUntil":"2026-09-12T19:32:33+09:00","stale":true,"operator":"Toei"}},{"type":"Feature","geometry":{"type":"Point","coordinates":[139.815981,35.685967]},"properties":{"busId":"Toei.Higashi22.60202.2.B763","busNumber":"B763","routeLabel":"Higashi22 Tōyōchō Sta. → Kinshichō Sta.","routeLabelJa":"東２２ 東陽町駅前→錦糸町駅前 猿江二丁目","routeId":"Toei.Higashi22","patternId":"Toei.Higashi22.60202.2","fromStop":"Sarue-Nichōme (Sarue 2)","fromStopJa":"猿江二丁目","toStop":"Sumiyoshi Sta.","nextStopName":"Sumiyoshi Sta.","nextStopNameJa":"住吉駅前","positionSource":"interpolated","positionMethod":"derived: elapsed since odpt:fromBusstopPoleTime / (road distance to the next stop at a calibrated 12.3 km/h), walked along the ODPT road polyline. NOT GPS — odpt:Bus carries no coordinates.","positionNote":null,"legFraction":0.354,"legGeometry":"road","bearing":356.0,"departedAt":"2026-09-12T19:31:06+09:00","updatedAt":"2026-09-12T19:32:03+09:00","validUntil":"2026-09-12T19:32:33+09:00","stale":true,"operator":"Toei"}},{"type":"Feature","geometry":{"type":"Point","coordinates":[139.808813,35.669272]},"properties":{"busId":"Toei.Higashi22.60204.1.A654","busNumber":"A654","routeLabel":"Higashi22 Kinshichō Sta. → Tokyo Sta. Marunouchi-Kitaguchi (Marunouchi North Exit)","routeLabelJa":"東２２ 錦糸町駅前→東京駅丸の内北口 木場駅前","routeId":"Toei.Higashi22","patternId":"Toei.Higashi22.60204.1","fromStop":"Kiba Sta.","fromStopJa":"木場駅前","toStop":"Kiba-Nichōme (Kiba 2)","nextStopName":"Kiba-Nichōme (Kiba 2)","nextStopNameJa":"木場二丁目","positionSource":"interpolated","positionMethod":"derived: elapsed since odpt:fromBusstopPoleTime / (road distance to the next stop at a calibrated 12.3 km/h), walked along the ODPT road polyline. NOT GPS — odpt:Bus carries no coordinates.","positionNote":null,"legFraction":0.006,"legGeometry":"road","bearing":272.7,"departedAt":"2026-09-12T19:32:02+09:00","updatedAt":"2026-09-12T19:32:03+09:00","validUntil":"2026-09-12T19:32:33+09:00","stale":true,"operator":"Toei"}},{"type":"Feature","geometry":{"type":"Point","coordinates":[139.769273,35.684126]},"properties":{"busId":"Toei.Higashi22.60204.2.G793","busNumber":"G793","routeLabel":"Higashi22 Tokyo Sta. Marunouchi-Kitaguchi (Marunouchi North Exit) → Kinshichō Sta.","routeLabelJa":"東２２ 東京駅丸の内北口→錦糸町駅前 東京駅丸の内北口","routeId":"Toei.Higashi22","patternId":"Toei.Higashi22.60204.2","fromStop":"Tokyo Sta. Marunouchi-Kitaguchi (Marunouchi North Exit)","fromStopJa":"東京駅丸の内北口","toStop":"Gofukubashi","nextStopName":"Gofukubashi","nextStopNameJa":"呉服橋","positionSource":"at-stop","positionMethod":"derived: elapsed since odpt:fromBusstopPoleTime / (road distance to the next stop at a calibrated 12.3 km/h), walked along the ODPT road polyline. NOT GPS — odpt:Bus carries no coordinates.","positionNote":"overdue for the next stop — snapped to it","legFraction":1.0,"legGeometry":"road","bearing":23.5,"departedAt":"2026-09-12T19:28:04+09:00","updatedAt":"2026-09-12T19:32:03+09:00","validUntil":"2026-09-12T19:32:33+09:00","stale":true,"operator":"Toei"}},{"type":"Feature","geometry":{"type":"Point","coordinates":[139.803514,35.669632]},"properties":{"busId":"Toei.Higashi22.60204.2.M463","busNumber":"M463","routeLabel":"Higashi22 Tokyo Sta. Marunouchi-Kitaguchi (Marunouchi North Exit) → Kinshichō Sta.","routeLabelJa":"東２２ 東京駅丸の内北口→錦糸町駅前 富岡一丁目","routeId":"Toei.Higashi22","patternId":"Toei.Higashi22.60204.2","fromStop":"Tomioka-Itchōme (Tomioka 1)","fromStopJa":"富岡一丁目(とみおかいっちょうめ)","toStop":"Kiba-Nichōme (Kiba 2)","nextStopName":"Kiba-Nichōme (Kiba 2)","nextStopNameJa":"木場二丁目","positionSource":"at-stop","positionMethod":"derived: elapsed since odpt:fromBusstopPoleTime / (road distance to the next stop at a calibrated 12.3 km/h), walked along the ODPT road polyline. NOT GPS — odpt:Bus carries no coordinates.","positionNote":"overdue for the next stop — snapped to it","legFraction":1.0,"legGeometry":"road","bearing":105.1,"departedAt":"2026-09-12T19:30:32+09:00","updatedAt":"2026-09-12T19:32:03+09:00","validUntil":"2026-09-12T19:32:33+09:00","stale":true,"operator":"Toei"}},{"type":"Feature","geometry":{"type":"Point","coordinates":[139.815582,35.689977]},"properties":{"busId":"Toei.Higashi22.60204.2.H965","busNumber":"H965","routeLabel":"Higashi22 Tokyo Sta. Marunouchi-Kitaguchi (Marunouchi North Exit) → Kinshichō Sta.","routeLabelJa":"東２２ 東京駅丸の内北口→錦糸町駅前 住吉駅前","routeId":"Toei.Higashi22","patternId":"Toei.Higashi22.60204.2","fromStop":"Sumiyoshi Sta.","fromStopJa":"住吉駅前","toStop":"Mōri-Nichōme (Mōri 2)","nextStopName":"Mōri-Nichōme (Mōri 2)","nextStopNameJa":"毛利二丁目","positionSource":"interpolated","positionMethod":"derived: elapsed since odpt:fromBusstopPoleTime / (road distance to the next stop at a calibrated 12.3 km/h), walked along the ODPT road polyline. NOT GPS — odpt:Bus carries no coordinates.","positionNote":null,"legFraction":0.264,"legGeometry":"road","bearing":356.0,"departedAt":"2026-09-12T19:31:36+09:00","updatedAt":"2026-09-12T19:32:03+09:00","validUntil":"2026-09-12T19:32:33+09:00","stale":true,"operator":"Toei"}},{"type":"Feature","geometry":{"type":"Point","coordinates":[139.884808,35.663188]},"properties":{"busId":"Toei.Kasai22.65001.2.A661","busNumber":"A661","routeLabel":"Kasai22 Ichinoe Sta. → Kasai Sta.","routeLabelJa":"葛西２２ 一之江駅前→葛西駅前 浦安橋","routeId":"Toei.Kasai22","patternId":"Toei.Kasai22.65001.2","fromStop":"Urayasubashi","fromStopJa":"浦安橋","toStop":"Ikazuchi Fudō","nextStopName":"Ikazuchi Fudō","nextStopNameJa":"雷不動前","positionSource":"interpolated","positionMethod":"derived: elapsed since odpt:fromBusstopPoleTime / (road distance to the next stop at a calibrated 12.3 km/h), walked along the ODPT road polyline. NOT GPS — odpt:Bus carries no coordinates.","positionNote":null,"legFraction":0.443,"legGeometry":"road","bearing":183.2,"departedAt":"2026-09-12T19:30:43+09:00","updatedAt":"2026-09-12T19:32:03+09:00","validUntil":"2026-09-12T19:32:33+09:00","stale":true,"operator":"Toei"}},{"type":"Feature","geometry":{"type":"Point","coordinates":[139.876228,35.672606]},"properties":{"busId":"Toei.Shinko22.68801.1.G733","busNumber":"G733","routeLabel":"Shinko22 Kasai Sta. → Shin-Koiwa Sta.","routeLabelJa":"新小２２ 葛西駅前→新小岩駅前 桑川町","routeId":"Toei.Shinko22","patternId":"Toei.Shinko22.68801.1","fromStop":"Kuwagawachō","fromStopJa":"桑川町","toStop":"Furukawa-Shinsui-Kōen (Furukawa-Shinsui Park)","nextStopName":"Furukawa-Shinsui-Kōen (Furukawa-Shinsui Park)","nextStopNameJa":"古川親水公園","positionSource":"interpolated","positionMethod":"derived: elapsed since odpt:fromBusstopPoleTime / (road distance to the next stop at a calibrated 12.3 km/h), walked along the ODPT road polyline. NOT GPS — odpt:Bus carries no coordinates.","positionNote":null,"legFraction":0.155,"legGeometry":"road","bearing":25.1,"departedAt":"2026-09-12T19:31:45+09:00","updatedAt":"2026-09-12T19:32:03+09:00","validUntil":"2026-09-12T19:32:33+09:00","stale":true,"operator":"Toei"}},{"type":"Feature","geometry":{"type":"Point","coordinates":[139.870952,35.696156]},"properties":{"busId":"Toei.Shinko22.68801.1.A641","busNumber":"A641","routeLabel":"Shinko22 Kasai Sta. → Shin-Koiwa Sta.","routeLabelJa":"新小２２ 葛西駅前→新小岩駅前 松江","routeId":"Toei.Shinko22","patternId":"Toei.Shinko22.68801.1","fromStop":"Matsue","fromStopJa":"松江","toStop":"Higashi-Komatsugawa-Itchōme (Higashi-Komatsugawa 1)","nextStopName":"Higashi-Komatsugawa-Itchōme (Higashi-Komatsugawa 1)","nextStopNameJa":"東小松川一丁目","positionSource":"interpolated","positionMethod":"derived: elapsed since odpt:fromBusstopPoleTime / (road distance to the next stop at a calibrated 12.3 km/h), walked along the ODPT road polyline. NOT GPS — odpt:Bus carries no coordinates.","positionNote":null,"legFraction":0.25,"legGeometry":"road","bearing":312.6,"departedAt":"2026-09-12T19:31:19+09:00","updatedAt":"2026-09-12T19:32:03+09:00","validUntil":"2026-09-12T19:32:33+09:00","stale":true,"operator":"Toei"}},{"type":"Feature","geometry":{"type":"Point","coordinates":[139.867826,35.706333]},"properties":{"busId":"Toei.Shinko22.68801.2.G720","busNumber":"G720","routeLabel":"Shinko22 Shin-Koiwa Sta. → Kasai Sta.","routeLabelJa":"新小２２ 新小岩駅前→葛西駅前 江戸川区役所前","routeId":"Toei.Shinko22","patternId":"Toei.Shinko22.68801.2","fromStop":"Edogawa-Kuyakusho (Edogawa City Office)","fromStopJa":"江戸川区役所前","toStop":"Keiyō-Kōsaten","nextStopName":"Keiyō-Kōsaten","nextStopNameJa":"京葉交差点","positionSource":"interpolated","positionMethod":"derived: elapsed since odpt:fromBusstopPoleTime / (road distance to the next stop at a calibrated 12.3 km/h), walked along the ODPT road polyline. NOT GPS — odpt:Bus carries no coordinates.","positionNote":null,"legFraction":0.228,"legGeometry":"road","bearing":177.5,"departedAt":"2026-09-12T19:31:23+09:00","updatedAt":"2026-09-12T19:32:03+09:00","validUntil":"2026-09-12T19:32:33+09:00","stale":true,"operator":"Toei"}},{"type":"Feature","geometry":{"type":"Point","coordinates":[139.878412,35.690603]},"properties":{"busId":"Toei.Shinko22.68801.2.Z551","busNumber":"Z551","routeLabel":"Shinko22 Shin-Koiwa Sta. → Kasai Sta.","routeLabelJa":"新小２２ 新小岩駅前→葛西駅前 西一之江三丁目","routeId":"Toei.Shinko22","patternId":"Toei.Shinko22.68801.2","fromStop":"Nishi-Ichinoe-Sanchōme (Nishi-Ichinoe 3)","fromStopJa":"西一之江三丁目","toStop":"Ichinoe-Gochōme(Ichinoe 5)","nextStopName":"Ichinoe-Gochōme(Ichinoe 5)","nextStopNameJa":"一之江五丁目","positionSource":"at-stop","positionMethod":"derived: elapsed since odpt:fromBusstopPoleTime / (road distance to the next stop at a calibrated 12.3 km/h), walked along the ODPT road polyline. NOT GPS — odpt:Bus carries no coordinates.","positionNote":"overdue for the next stop — snapped to it","legFraction":1.0,"legGeometry":"road","bearing":132.6,"departedAt":"2026-09-12T19:30:46+09:00","updatedAt":"2026-09-12T19:32:03+09:00","validUntil":"2026-09-12T19:32:33+09:00","stale":true,"operator":"Toei"}},{"type":"Feature","geometry":{"type":"Point","coordinates":[139.873501,35.667422]},"properties":{"busId":"Toei.Shinko22.68801.2.Z558","busNumber":"Z558","routeLabel":"Shinko22 Shin-Koiwa Sta. → Kasai Sta.","routeLabelJa":"新小２２ 新小岩駅前→葛西駅前 桑川町","routeId":"Toei.Shinko22","patternId":"Toei.Shinko22.68801.2","fromStop":"Kuwagawachō","fromStopJa":"桑川町","toStop":"Nagashimachō-Kōsaten","nextStopName":"Nagashimachō-Kōsaten","nextStopNameJa":"長島町交差点","positionSource":"interpolated","positionMethod":"derived: elapsed since odpt:fromBusstopPoleTime / (road distance to the next stop at a calibrated 12.3 km/h), walked along the ODPT road polyline. NOT GPS — odpt:Bus carries no coordinates.","positionNote":null,"legFraction":0.683,"legGeometry":"road","bearing":183.1,"departedAt":"2026-09-12T19:30:45+09:00","updatedAt":"2026-09-12T19:32:03+09:00","validUntil":"2026-09-12T19:32:33+09:00","stale":true,"operator":"Toei"}},{"type":"Feature","geometry":{"type":"Point","coordinates":[139.873131,35.664957]},"properties":{"busId":"Toei.Hira23.64201.1.M441","busNumber":"M441","routeLabel":"Hira23 Kasai Sta. → Hirai Sta.","routeLabelJa":"平２３ 葛西駅前→平井駅前 葛西駅前","routeId":"Toei.Hira23","patternId":"Toei.Hira23.64201.1","fromStop":"Kasai Sta.","fromStopJa":"葛西駅前","toStop":"Nagashimachō-Kōsaten","nextStopName":"Nagashimachō-Kōsaten","nextStopNameJa":"長島町交差点","positionSource":"interpolated","positionMethod":"derived: elapsed since odpt:fromBusstopPoleTime / (road distance to the next stop at a calibrated 12.3 km/h), walked along the ODPT road polyline. NOT GPS — odpt:Bus carries no coordinates.","positionNote":null,"legFraction":0.502,"legGeometry":"road","bearing":3.6,"departedAt":"2026-09-12T19:31:04+09:00","updatedAt":"2026-09-12T19:32:03+09:00","validUntil":"2026-09-12T19:32:33+09:00","stale":true,"operator":"Toei"}},{"type":"Feature","geometry":{"type":"Point","coordinates":[139.84399,35.70808]},"properties":{"busId":"Toei.Hira23.64201.2.A658","busNumber":"A658","routeLabel":"Hira23 Hirai Sta. → Kasai Sta.","routeLabelJa":"平２３ 平井駅前→葛西駅前 平井駅前","routeId":"Toei.Hira23","patternId":"Toei.Hira23.64201.2","fromStop":"Hirai Sta.","fromStopJa":"平井駅前","toStop":"Hirai-Yonchōme (Hirai 4)","nextStopName":"Hirai-Yonchōme (Hirai 4)","nextStopNameJa":"平井四丁目","positionSource":"interpolated","positionMethod":"derived: elapsed since odpt:fromBusstopPoleTime / (road distance to the next stop at a calibrated 12.3 km/h), walked along the ODPT road polyline. NOT GPS — odpt:Bus carries no coordinates.","positionNote":null,"legFraction":0.672,"legGeometry":"road","bearing":137.6,"departedAt":"2026-09-12T19:30:20+09:00","updatedAt":"2026-09-12T19:32:03+09:00","validUntil":"2026-09-12T19:32:33+09:00","stale":true,"operator":"Toei"}},{"type":"Feature","geometry":{"type":"Point","coordinates":[139.809214,35.708791]},"properties":{"busId":"Toei.Ue23.56208.1.K270","busNumber":"K270","routeLabel":"Ue23 Hirai Sta. → Ueno-Matsuzakaya (Ueno-Matsuzakaya Department Store)","routeLabelJa":"上２３ 平井駅前→上野松坂屋前 押上","routeId":"Toei.Ue23","patternId":"Toei.Ue23.56208.1","fromStop":"Oshiage","fromStopJa":"押上","toStop":"TOKYO SKYTREE Sta. Iriguchi","nextStopName":"TOKYO SKYTREE Sta. Iriguchi","nextStopNameJa":"とうきょうスカイツリー駅入口","positionSource":"interpolated","positionMethod":"derived: elapsed since odpt:fromBusstopPoleTime / (road distance to the next stop at a calibrated 12.3 km/h), walked along the ODPT road polyline. NOT GPS — odpt:Bus carries no coordinates.","positionNote":null,"legFraction":0.809,"legGeometry":"road","bearing":266.7,"departedAt":"2026-09-12T19:30:49+09:00","updatedAt":"2026-09-12T19:32:03+09:00","validUntil":"2026-09-12T19:32:33+09:00","stale":true,"operator":"Toei"}},{"type":"Feature","geometry":{"type":"Point","coordinates":[139.773738,35.71037]},"properties":{"busId":"Toei.Ue23.56208.2.E447","busNumber":"E447","routeLabel":"Ue23 Ueno-Matsuzakaya (Ueno-Matsuzakaya Department Store) → Hirai Sta.","routeLabelJa":"上２３ 上野松坂屋前→平井駅前 上野松坂屋前","routeId":"Toei.Ue23","patternId":"Toei.Ue23.56208.2","fromStop":"Ueno-Matsuzakaya (Ueno-Matsuzakaya Department Store)","fromStopJa":"上野松坂屋前","toStop":"Ueno-Kōen-Yamashita (Ueno Park)","nextStopName":"Ueno-Kōen-Yamashita (Ueno Park)","nextStopNameJa":"上野公園山下","positionSource":"interpolated","positionMethod":"derived: elapsed since odpt:fromBusstopPoleTime / (road distance to the next stop at a calibrated 12.3 km/h), walked along the ODPT road polyline. NOT GPS — odpt:Bus carries no coordinates.","positionNote":null,"legFraction":0.815,"legGeometry":"road","bearing":19.3,"departedAt":"2026-09-12T19:30:07+09:00","updatedAt":"2026-09-12T19:32:03+09:00","validUntil":"2026-09-12T19:32:33+09:00","stale":true,"operator":"Toei"}},{"type":"Feature","geometry":{"type":"Point","coordinates":[139.818729,35.709062]},"properties":{"busId":"Toei.Ue23.56208.2.F677","busNumber":"F677","routeLabel":"Ue23 Ueno-Matsuzakaya (Ueno-Matsuzakaya Department Store) → Hirai Sta.","routeLabelJa":"上２３ 上野松坂屋前→平井駅前 十間橋","routeId":"Toei.Ue23","patternId":"Toei.Ue23.56208.2","fromStop":"Jukkembashi","fromStopJa":"十間橋","toStop":"Jukkembashi-Dōri","nextStopName":"Jukkembashi-Dōri","nextStopNameJa":"十間橋通り","positionSource":"interpolated","positionMethod":"derived: elapsed since odpt:fromBusstopPoleTime / (road distance to the next stop at a calibrated 12.3 km/h), walked along the ODPT road polyline. NOT GPS — odpt:Bus carries no coordinates.","positionNote":null,"legFraction":0.416,"legGeometry":"road","bearing":35.3,"departedAt":"2026-09-12T19:31:04+09:00","updatedAt":"2026-09-12T19:32:03+09:00","validUntil":"2026-09-12T19:32:33+09:00","stale":true,"operator":"Toei"}},{"type":"Feature","geometry":{"type":"Point","coordinates":[139.845238,35.685507]},"properties":{"busId":"Toei.Kame24.68101.1.B774","busNumber":"B774","routeLabel":"Kame24 Kasaibashi → Kameido Sta.","routeLabelJa":"亀２４ 葛西橋→亀戸駅前 東砂二丁目","routeId":"Toei.Kame24","patternId":"Toei.Kame24.68101.1","fromStop":"Higashisuna-Nichōme (Higashisuna 2)","fromStopJa":"東砂二丁目","toStop":"Daigo-Ōjima-Shōgakkō","nextStopName":"Daigo-Ōjima-Shōgakkō","nextStopNameJa":"第五大島小学校前","positionSource":"interpolated","positionMethod":"derived: elapsed since odpt:fromBusstopPoleTime / (road distance to the next stop at a calibrated 12.3 km/h), walked along the ODPT road polyline. NOT GPS — odpt:Bus carries no coordinates.","positionNote":null,"legFraction":0.398,"legGeometry":"road","bearing":359.0,"departedAt":"2026-09-12T19:31:03+09:00","updatedAt":"2026-09-12T19:32:03+09:00","validUntil":"2026-09-12T19:32:33+09:00","stale":true,"operator":"Toei"}},{"type":"Feature","geometry":{"type":"Point","coordinates":[139.843329,35.690557]},"properties":{"busId":"Toei.Kame24.68101.2.D352","busNumber":"D352","routeLabel":"Kame24 Kameido Sta. → Kasaibashi","routeLabelJa":"亀２４ 亀戸駅前→葛西橋 大島七丁目","routeId":"Toei.Kame24","patternId":"Toei.Kame24.68101.2","fromStop":"Ōjima-Nanachōme (Ōjima 7)","fromStopJa":"大島七丁目","toStop":"Higashi-Ōjima Sta. Iriguchi","nextStopName":"Higashi-Ōjima Sta. Iriguchi","nextStopNameJa":"東大島駅入口","positionSource":"interpolated","positionMethod":"derived: elapsed since odpt:fromBusstopPoleTime / (road distance to the next stop at a calibrated 12.3 km/h), walked along the ODPT road polyline. NOT GPS — odpt:Bus carries no coordinates.","positionNote":null,"legFraction":0.25,"legGeometry":"road","bearing":83.7,"departedAt":"2026-09-12T19:31:46+09:00","updatedAt":"2026-09-12T19:32:03+09:00","validUntil":"2026-09-12T19:32:33+09:00","stale":true,"operator":"Toei"}},{"type":"Feature","geometry":{"type":"Point","coordinates":[139.862765,35.681947]},"properties":{"busId":"Toei.Kasai24.69101.1.K291","busNumber":"K291","routeLabel":"Kasai24 Funabori Sta. → Nagisa New Town","routeLabelJa":"葛西２４ 船堀駅前→なぎさニュータウン 船堀駅前","routeId":"Toei.Kasai24","patternId":"Toei.Kasai24.69101.1","fromStop":"Funabori Sta.","fromStopJa":"船堀駅前","toStop":"Funabori-Shōgakkō","nextStopName":"Funabori-Shōgakkō","nextStopNameJa":"船堀小学校前","positionSource":"at-stop","positionMethod":"derived: elapsed since odpt:fromBusstopPoleTime / (road distance to the next stop at a calibrated 12.3 km/h), walked along the ODPT road polyline. NOT GPS — odpt:Bus carries no coordinates.","positionNote":"overdue for the next stop — snapped to it","legFraction":1.0,"legGeometry":"road","bearing":203.6,"departedAt":"2026-09-12T19:30:07+09:00","updatedAt":"2026-09-12T19:32:03+09:00","validUntil":"2026-09-12T19:32:33+09:00","stale":true,"operator":"Toei"}},{"type":"Feature","geometry":{"type":"Point","coordinates":[139.873,35.660525]},"properties":{"busId":"Toei.Kasai24.69101.1.K289","busNumber":"K289","routeLabel":"Kasai24 Funabori Sta. → Nagisa New Town","routeLabelJa":"葛西２４ 船堀駅前→なぎさニュータウン 葛西駅前","routeId":"Toei.Kasai24","patternId":"Toei.Kasai24.69101.1","fromStop":"Kasai Sta.","fromStopJa":"葛西駅前","toStop":"Nakachō-Nishigumi","nextStopName":"Nakachō-Nishigumi","nextStopNameJa":"仲町西組","positionSource":"interpolated","positionMethod":"derived: elapsed since odpt:fromBusstopPoleTime / (road distance to the next stop at a calibrated 12.3 km/h), walked along the ODPT road polyline. NOT GPS — odpt:Bus carries no coordinates.","positionNote":null,"legFraction":0.571,"legGeometry":"road","bearing":183.0,"departedAt":"2026-09-12T19:30:43+09:00","updatedAt":"2026-09-12T19:32:03+09:00","validUntil":"2026-09-12T19:32:33+09:00","stale":true,"operator":"Toei"}},{"type":"Feature","geometry":{"type":"Point","coordinates":[139.873275,35.647168]},"properties":{"busId":"Toei.Kasai24.69101.2.A643","busNumber":"A643","routeLabel":"Kasai24 Nagisa New Town → Funabori Sta.","routeLabelJa":"葛西２４ なぎさニュータウン→船堀駅前 南葛西小学校前","routeId":"Toei.Kasai24","patternId":"Toei.Kasai24.69101.2","fromStop":"Minami-Kasai-Shōgakkō","fromStopJa":"南葛西小学校前","toStop":"Horie-Danchi","nextStopName":"Horie-Danchi","nextStopNameJa":"堀江団地","positionSource":"interpolated","positionMethod":"derived: elapsed since odpt:fromBusstopPoleTime / (road distance to the next stop at a calibrated 12.3 km/h), walked along the ODPT road polyline. NOT GPS — odpt:Bus carries no coordinates.","positionNote":null,"legFraction":0.358,"legGeometry":"road","bearing":276.6,"departedAt":"2026-09-12T19:31:24+09:00","updatedAt":"2026-09-12T19:32:03+09:00","validUntil":"2026-09-12T19:32:33+09:00","stale":true,"operator":"Toei"}},{"type":"Feature","geometry":{"type":"Point","coordinates":[139.866739,35.670745]},"properties":{"busId":"Toei.Kasai24.69101.2.X276","busNumber":"X276","routeLabel":"Kasai24 Nagisa New Town → Funabori Sta.","routeLabelJa":"葛西２４ なぎさニュータウン→船堀駅前 葛西郵便局","routeId":"Toei.Kasai24","patternId":"Toei.Kasai24.69101.2","fromStop":"Kasai-Yūbinkyoku (Kasai Post Office)","fromStopJa":"葛西郵便局","toStop":"Ukita-Daiichi-Jūtaku","nextStopName":"Ukita-Daiichi-Jūtaku","nextStopNameJa":"宇喜田第一住宅","positionSource":"interpolated","positionMethod":"derived: elapsed since odpt:fromBusstopPoleTime / (road distance to the next stop at a calibrated 12.3 km/h), walked along the ODPT road polyline. NOT GPS — odpt:Bus carries no coordinates.","positionNote":null,"legFraction":0.42,"legGeometry":"road","bearing":16.2,"departedAt":"2026-09-12T19:31:12+09:00","updatedAt":"2026-09-12T19:32:03+09:00","validUntil":"2026-09-12T19:32:33+09:00","stale":true,"operator":"Toei"}},{"type":"Feature","geometry":{"type":"Point","coordinates":[139.791582,35.682599]},"properties":{"busId":"Toei.Aki26.64101.1.C273","busNumber":"C273","routeLabel":"Aki26 Kasai Sta. → Akihabara Sta.","routeLabelJa":"秋２６ 葛西駅前→秋葉原駅前 清澄一丁目","routeId":"Toei.Aki26","patternId":"Toei.Aki26.64101.1","fromStop":"Kiyosumi-Itchōme (Kiyosumi 1)","fromStopJa":"清澄一丁目","toStop":"Kiyosubashi","nextStopName":"Kiyosubashi","nextStopNameJa":"清洲橋","positionSource":"interpolated","positionMethod":"derived: elapsed since odpt:fromBusstopPoleTime / (road distance to the next stop at a calibrated 12.3 km/h), walked along the ODPT road polyline. NOT GPS — odpt:Bus carries no coordinates.","positionNote":null,"legFraction":0.596,"legGeometry":"road","bearing":302.5,"departedAt":"2026-09-12T19:30:12+09:00","updatedAt":"2026-09-12T19:32:03+09:00","validUntil":"2026-09-12T19:32:33+09:00","stale":true,"operator":"Toei"}},{"type":"Feature","geometry":{"type":"Point","coordinates":[139.771844,35.697566]},"properties":{"busId":"Toei.Aki26.64101.2.M439","busNumber":"M439","routeLabel":"Aki26 Akihabara Sta. → Kasai Sta.","routeLabelJa":"秋２６ 秋葉原駅前→葛西駅前 秋葉原駅前","routeId":"Toei.Aki26","patternId":"Toei.Aki26.64101.2","fromStop":"Akihabara Sta.","fromStopJa":"秋葉原駅前","toStop":"Sudachō(Akihabara Sta.)","nextStopName":"Sudachō(Akihabara Sta.)","nextStopNameJa":"須田町","positionSource":"interpolated","positionMethod":"derived: elapsed since odpt:fromBusstopPoleTime / (road distance to the next stop at a calibrated 12.3 km/h), walked along the ODPT road polyline. NOT GPS — odpt:Bus carries no coordinates.","positionNote":null,"legFraction":0.749,"legGeometry":"road","bearing":274.7,"departedAt":"2026-09-12T19:28:06+09:00","updatedAt":"2026-09-12T19:32:03+09:00","validUntil":"2026-09-12T19:32:33+09:00","stale":true,"operator":"Toei"}},{"type":"Feature","geometry":{"type":"Point","coordinates":[139.802925,35.682284]},"properties":{"busId":"Toei.Aki26.64101.2.E458","busNumber":"E458","routeLabel":"Aki26 Akihabara Sta. → Kasai Sta.","routeLabelJa":"秋２６ 秋葉原駅前→葛西駅前 白河二丁目","routeId":"Toei.Aki26","patternId":"Toei.Aki26.64101.2","fromStop":"Shirakawa-Nichōme (Shirakawa 2)","fromStopJa":"白河二丁目","toStop":"Shirakawa","nextStopName":"Shirakawa","nextStopNameJa":"白河","positionSource":"interpolated","positionMethod":"derived: elapsed since odpt:fromBusstopPoleTime / (road distance to the next stop at a calibrated 12.3 km/h), walked along the ODPT road polyline. NOT GPS — odpt:Bus carries no coordinates.","positionNote":null,"legFraction":0.095,"legGeometry":"road","bearing":86.0,"departedAt":"2026-09-12T19:31:52+09:00","updatedAt":"2026-09-12T19:32:03+09:00","validUntil":"2026-09-12T19:32:33+09:00","stale":true,"operator":"Toei"}},{"type":"Feature","geometry":{"type":"Point","coordinates":[139.858719,35.669927]},"properties":{"busId":"Toei.Aki26.64101.2.D312","busNumber":"D312","routeLabel":"Aki26 Akihabara Sta. → Kasai Sta.","routeLabelJa":"秋２６ 秋葉原駅前→葛西駅前 宇喜田","routeId":"Toei.Aki26","patternId":"Toei.Aki26.64101.2","fromStop":"Ukita","fromStopJa":"宇喜田","toStop":"Inari-Jinja (Inari-Jinja Shrine)","nextStopName":"Inari-Jinja (Inari-Jinja Shrine)","nextStopNameJa":"稲荷神社前(いなりじんじゃまえ（えどがわく）)","positionSource":"interpolated","positionMethod":"derived: elapsed since odpt:fromBusstopPoleTime / (road distance to the next stop at a calibrated 12.3 km/h), walked along the ODPT road polyline. NOT GPS — odpt:Bus carries no coordinates.","positionNote":null,"legFraction":0.261,"legGeometry":"road","bearing":100.7,"departedAt":"2026-09-12T19:31:31+09:00","updatedAt":"2026-09-12T19:32:03+09:00","validUntil":"2026-09-12T19:32:33+09:00","stale":true,"operator":"Toei"}},{"type":"Feature","geometry":{"type":"Point","coordinates":[139.799035,35.715741]},"properties":{"busId":"Toei.Ue26.32501.1.E448","busNumber":"E448","routeLabel":"Ue26 Kameido Sta. → Ueno-Kōen (Ueno Park)","routeLabelJa":"上２６ 亀戸駅前→上野公園 隅田公園","routeId":"Toei.Ue26","patternId":"Toei.Ue26.32501.1","fromStop":"Sumida-Kōen (Sumida Park)","fromStopJa":"隅田公園","toStop":"Asakusa-Nichōme (Asakusa 2)","nextStopName":"Asakusa-Nichōme (Asakusa 2)","nextStopNameJa":"浅草二丁目","positionSource":"interpolated","positionMethod":"derived: elapsed since odpt:fromBusstopPoleTime / (road distance to the next stop at a calibrated 12.3 km/h), walked along the ODPT road polyline. NOT GPS — odpt:Bus carries no coordinates.","positionNote":null,"legFraction":0.435,"legGeometry":"road","bearing":285.9,"departedAt":"2026-09-12T19:31:20+09:00","updatedAt":"2026-09-12T19:32:03+09:00","validUntil":"2026-09-12T19:32:33+09:00","stale":true,"operator":"Toei"}},{"type":"Feature","geometry":{"type":"Point","coordinates":[139.778017,35.723155]},"properties":{"busId":"Toei.Ue26.32501.2.M432","busNumber":"M432","routeLabel":"Ue26 Ueno-Kōen (Ueno Park) → Kameido Sta.","routeLabelJa":"上２６ 上野公園→亀戸駅前 上野桜木","routeId":"Toei.Ue26","patternId":"Toei.Ue26.32501.2","fromStop":"Ueno-Sakuragi","fromStopJa":"上野桜木","toStop":"Shitaya-Nichōme (Shitaya 2)","nextStopName":"Shitaya-Nichōme (Shitaya 2)","nextStopNameJa":"下谷二丁目","positionSource":"interpolated","positionMethod":"derived: elapsed since odpt:fromBusstopPoleTime / (road distance to the next stop at a calibrated 12.3 km/h), walked along the ODPT road polyline. NOT GPS — odpt:Bus carries no coordinates.","positionNote":null,"legFraction":0.541,"legGeometry":"road","bearing":114.8,"departedAt":"2026-09-12T19:30:03+09:00","updatedAt":"2026-09-12T19:32:03+09:00","validUntil":"2026-09-12T19:32:33+09:00","stale":true,"operator":"Toei"}},{"type":"Feature","geometry":{"type":"Point","coordinates":[139.871383,35.674949]},"properties":{"busId":"Toei.Nishiki25.68001.1.W395","busNumber":"W395","routeLabel":"Nishiki25 Kasai Sta. → Kinshichō Sta.","routeLabelJa":"錦２５ 葛西駅前→錦糸町駅前 新川橋","routeId":"Toei.Nishiki25","patternId":"Toei.Nishiki25.68001.1","fromStop":"Shinkawabashi","fromStopJa":"新川橋","toStop":"Sankaku","nextStopName":"Sankaku","nextStopNameJa":"三角","positionSource":"interpolated","positionMethod":"derived: elapsed since odpt:fromBusstopPoleTime / (road distance to the next stop at a calibrated 12.3 km/h), walked along the ODPT road polyline. NOT GPS — odpt:Bus carries no coordinates.","positionNote":null,"legFraction":0.714,"legGeometry":"road","bearing":350.4,"departedAt":"2026-09-12T19:31:10+09:00","updatedAt":"2026-09-12T19:32:03+09:00","validUntil":"2026-09-12T19:32:33+09:00","stale":true,"operator":"Toei"}},{"type":"Feature","geometry":{"type":"Point","coordinates":[139.863783,35.68418]},"properties":{"busId":"Toei.Nishiki25.68001.1.E484","busNumber":"E484","routeLabel":"Nishiki25 Kasai Sta. → Kinshichō Sta.","routeLabelJa":"錦２５ 葛西駅前→錦糸町駅前 船堀小学校前","routeId":"Toei.Nishiki25","patternId":"Toei.Nishiki25.68001.1","fromStop":"Funabori-Shōgakkō","fromStopJa":"船堀小学校前","toStop":"Funabori Sta.","nextStopName":"Funabori Sta.","nextStopNameJa":"船堀駅前","positionSource":"at-stop","positionMethod":"derived: elapsed since odpt:fromBusstopPoleTime / (road distance to the next stop at a calibrated 12.3 km/h), walked along the ODPT road polyline. NOT GPS — odpt:Bus carries no coordinates.","positionNote":"overdue for the next stop — snapped to it","legFraction":1.0,"legGeometry":"road","bearing":23.6,"departedAt":"2026-09-12T19:29:21+09:00","updatedAt":"2026-09-12T19:32:03+09:00","validUntil":"2026-09-12T19:32:33+09:00","stale":true,"operator":"Toei"}},{"type":"Feature","geometry":{"type":"Point","coordinates":[139.867949,35.702313]},"properties":{"busId":"Toei.Nishiki25.68001.1.F667","busNumber":"F667","routeLabel":"Nishiki25 Kasai Sta. → Kinshichō Sta.","routeLabelJa":"錦２５ 葛西駅前→錦糸町駅前 京葉交差点","routeId":"Toei.Nishiki25","patternId":"Toei.Nishiki25.68001.1","fromStop":"Keiyō-Kōsaten","fromStopJa":"京葉交差点","toStop":"Komatsugawa-Keisatsusho (Komatsugawa Police Station)","nextStopName":"Komatsugawa-Keisatsusho (Komatsugawa Police Station)","nextStopNameJa":"小松川警察署前","positionSource":"interpolated","positionMethod":"derived: elapsed since odpt:fromBusstopPoleTime / (road distance to the next stop at a calibrated 12.3 km/h), walked along the ODPT road polyline. NOT GPS — odpt:Bus carries no coordinates.","positionNote":null,"legFraction":0.11,"legGeometry":"road","bearing":1.6,"departedAt":"2026-09-12T19:31:45+09:00","updatedAt":"2026-09-12T19:32:03+09:00","validUntil":"2026-09-12T19:32:33+09:00","stale":true,"operator":"Toei"}},{"type":"Feature","geometry":{"type":"Point","coordinates":[139.839912,35.697316]},"properties":{"busId":"Toei.Nishiki25.68001.1.C262","busNumber":"C262","routeLabel":"Nishiki25 Kasai Sta. → Kinshichō Sta.","routeLabelJa":"錦２５ 葛西駅前→錦糸町駅前 浅間神社","routeId":"Toei.Nishiki25","patternId":"Toei.Nishiki25.68001.1","fromStop":"Sengen-Jinja (Sengen-Jinja Shrine)","fromStopJa":"浅間神社","toStop":"Kameido-Kyūchōme (Kameido 9)","nextStopName":"Kameido-Kyūchōme (Kameido 9)","nextStopNameJa":"亀戸九丁目","positionSource":"interpolated","positionMethod":"derived: elapsed since odpt:fromBusstopPoleTime / (road distance to the next stop at a calibrated 12.3 km/h), walked along the ODPT road polyline. NOT GPS — odpt:Bus carries no coordinates.","positionNote":null,"legFraction":0.852,"legGeometry":"road","bearing":266.6,"departedAt":"2026-09-12T19:30:10+09:00","updatedAt":"2026-09-12T19:32:03+09:00","validUntil":"2026-09-12T19:32:33+09:00","stale":true,"operator":"Toei"}},{"type":"Feature","geometry":{"type":"Point","coordinates":[139.817248,35.695741]},"properties":{"busId":"Toei.Nishiki25.68001.1.F659","busNumber":"F659","routeLabel":"Nishiki25 Kasai Sta. → Kinshichō Sta.","routeLabelJa":"錦２５ 葛西駅前→錦糸町駅前 江東車庫前","routeId":"Toei.Nishiki25","patternId":"Toei.Nishiki25.68001.1","fromStop":"Kōtō-Shako","fromStopJa":"江東車庫前","toStop":"Kinshichō Sta.","nextStopName":"Kinshichō Sta.","nextStopNameJa":"錦糸町駅前","positionSource":"interpolated","positionMethod":"derived: elapsed since odpt:fromBusstopPoleTime / (road distance to the next stop at a calibrated 12.3 km/h), walked along the ODPT road polyline. NOT GPS — odpt:Bus carries no coordinates.","positionNote":null,"legFraction":0.069,"legGeometry":"road","bearing":274.0,"departedAt":"2026-09-12T19:31:56+09:00","updatedAt":"2026-09-12T19:32:03+09:00","validUntil":"2026-09-12T19:32:33+09:00","stale":true,"operator":"Toei"}},{"type":"Feature","geometry":{"type":"Point","coordinates":[139.827077,35.696629]},"properties":{"busId":"Toei.Nishiki25.68001.2.H980","busNumber":"H980","routeLabel":"Nishiki25 Kinshichō Sta. → Kasai Sta.","routeLabelJa":"錦２５ 錦糸町駅前→葛西駅前 亀戸駅通り","routeId":"Toei.Nishiki25","patternId":"Toei.Nishiki25.68001.2","fromStop":"Kameido Sta. Dōri","fromStopJa":"亀戸駅通り","toStop":"Suijimmori","nextStopName":"Suijimmori","nextStopNameJa":"水神森","positionSource":"interpolated","positionMethod":"derived: elapsed since odpt:fromBusstopPoleTime / (road distance to the next stop at a calibrated 12.3 km/h), walked along the ODPT road polyline. NOT GPS — odpt:Bus carries no coordinates.","positionNote":null,"legFraction":0.583,"legGeometry":"road","bearing":87.7,"departedAt":"2026-09-12T19:30:58+09:00","updatedAt":"2026-09-12T19:32:03+09:00","validUntil":"2026-09-12T19:32:33+09:00","stale":true,"operator":"Toei"}},{"type":"Feature","geometry":{"type":"Point","coordinates":[139.835754,35.697246]},"properties":{"busId":"Toei.Nishiki25.68001.2.H974","busNumber":"H974","routeLabel":"Nishiki25 Kinshichō Sta. → Kasai Sta.","routeLabelJa":"錦２５ 錦糸町駅前→葛西駅前 亀戸六丁目","routeId":"Toei.Nishiki25","patternId":"Toei.Nishiki25.68001.2","fromStop":"Kameido-Rokuchōme (Kameido 6)","fromStopJa":"亀戸六丁目","toStop":"Kameido-Nanachōme (Kameido 7)","nextStopName":"Kameido-Nanachōme (Kameido 7)","nextStopNameJa":"亀戸七丁目","positionSource":"at-stop","positionMethod":"derived: elapsed since odpt:fromBusstopPoleTime / (road distance to the next stop at a calibrated 12.3 km/h), walked along the ODPT road polyline. NOT GPS — odpt:Bus carries no coordinates.","positionNote":"overdue for the next stop — snapped to it","legFraction":1.0,"legGeometry":"road","bearing":87.1,"departedAt":"2026-09-12T19:29:53+09:00","updatedAt":"2026-09-12T19:32:03+09:00","validUntil":"2026-09-12T19:32:33+09:00","stale":true,"operator":"Toei"}},{"type":"Feature","geometry":{"type":"Point","coordinates":[139.866415,35.702909]},"properties":{"busId":"Toei.Nishiki25.68001.2.G727","busNumber":"G727","routeLabel":"Nishiki25 Kinshichō Sta. → Kasai Sta.","routeLabelJa":"錦２５ 錦糸町駅前→葛西駅前 小松川警察署前","routeId":"Toei.Nishiki25","patternId":"Toei.Nishiki25.68001.2","fromStop":"Komatsugawa-Keisatsusho (Komatsugawa Police Station)","fromStopJa":"小松川警察署前","toStop":"Keiyō-Kōsaten","nextStopName":"Keiyō-Kōsaten","nextStopNameJa":"京葉交差点","positionSource":"interpolated","positionMethod":"derived: elapsed since odpt:fromBusstopPoleTime / (road distance to the next stop at a calibrated 12.3 km/h), walked along the ODPT road polyline. NOT GPS — odpt:Bus carries no coordinates.","positionNote":null,"legFraction":0.43,"legGeometry":"road","bearing":75.0,"departedAt":"2026-09-12T19:31:08+09:00","updatedAt":"2026-09-12T19:32:03+09:00","validUntil":"2026-09-12T19:32:33+09:00","stale":true,"operator":"Toei"}},{"type":"Feature","geometry":{"type":"Point","coordinates":[139.863857,35.684194]},"properties":{"busId":"Toei.Nishiki25.68001.2.M472","busNumber":"M472","routeLabel":"Nishiki25 Kinshichō Sta. → Kasai Sta.","routeLabelJa":"錦２５ 錦糸町駅前→葛西駅前 松江第一中学校前","routeId":"Toei.Nishiki25","patternId":"Toei.Nishiki25.68001.2","fromStop":"Matsue-Daiichi-Chūgakkō","fromStopJa":"松江第一中学校前","toStop":"Funabori Sta.","nextStopName":"Funabori Sta.","nextStopNameJa":"船堀駅前","positionSource":"interpolated","positionMethod":"derived: elapsed since odpt:fromBusstopPoleTime / (road distance to the next stop at a calibrated 12.3 km/h), walked along the ODPT road polyline. NOT GPS — odpt:Bus carries no coordinates.","positionNote":null,"legFraction":0.959,"legGeometry":"road","bearing":203.8,"departedAt":"2026-09-12T19:29:03+09:00","updatedAt":"2026-09-12T19:32:03+09:00","validUntil":"2026-09-12T19:32:33+09:00","stale":true,"operator":"Toei"}},{"type":"Feature","geometry":{"type":"Point","coordinates":[139.870167,35.676466]},"properties":{"busId":"Toei.Nishiki25.68001.2.E481","busNumber":"E481","routeLabel":"Nishiki25 Kinshichō Sta. → Kasai Sta.","routeLabelJa":"錦２５ 錦糸町駅前→葛西駅前 船堀七丁目","routeId":"Toei.Nishiki25","patternId":"Toei.Nishiki25.68001.2","fromStop":"Funabori-Nanachōme (Funabori 7)","fromStopJa":"船堀七丁目","toStop":"Sankaku","nextStopName":"Sankaku","nextStopNameJa":"三角","positionSource":"interpolated","positionMethod":"derived: elapsed since odpt:fromBusstopPoleTime / (road distance to the next stop at a calibrated 12.3 km/h), walked along the ODPT road polyline. NOT GPS — odpt:Bus carries no coordinates.","positionNote":null,"legFraction":0.529,"legGeometry":"road","bearing":137.2,"departedAt":"2026-09-12T19:31:18+09:00","updatedAt":"2026-09-12T19:32:03+09:00","validUntil":"2026-09-12T19:32:33+09:00","stale":true,"operator":"Toei"}},{"type":"Feature","geometry":{"type":"Point","coordinates":[139.887505,35.683444]},"properties":{"busId":"Toei.Kame26.64001.1.F669","busNumber":"F669","routeLabel":"Kame26 Imai → Kameido Sta.","routeLabelJa":"亀２６ 今井→亀戸駅前 今井","routeId":"Toei.Kame26","patternId":"Toei.Kame26.64001.1","fromStop":"Imai","fromStopJa":"今井","toStop":"Ichinoe Sta.","nextStopName":"Ichinoe Sta.","nextStopNameJa":"一之江駅前","positionSource":"interpolated","positionMethod":"derived: elapsed since odpt:fromBusstopPoleTime / (road distance to the next stop at a calibrated 12.3 km/h), walked along the ODPT road polyline. NOT GPS — odpt:Bus carries no coordinates.","positionNote":null,"legFraction":0.0,"legGeometry":"road","bearing":38.2,"departedAt":"2026-09-12T19:32:03+09:00","updatedAt":"2026-09-12T19:32:03+09:00","validUntil":"2026-09-12T19:32:33+09:00","stale":true,"operator":"Toei"}},{"type":"Feature","geometry":{"type":"Point","coordinates":[139.881784,35.732319]},"properties":{"busId":"Toei.Nishiki27-2.61101.1.F658","busNumber":"F658","routeLabel":"Nishiki27-2 Koiwa Sta. → Funabori Sta.","routeLabelJa":"錦２７－２ 小岩駅前→船堀駅前 小岩駅前","routeId":"Toei.Nishiki27-2","patternId":"Toei.Nishiki27-2.61101.1","fromStop":"Koiwa Sta.","fromStopJa":"小岩駅前","toStop":"Nakanohashi","nextStopName":"Nakanohashi","nextStopNameJa":"中の橋","positionSource":"interpolated","positionMethod":"derived: elapsed since odpt:fromBusstopPoleTime / (road distance to the next stop at a calibrated 12.3 km/h), walked along the ODPT road polyline. NOT GPS — odpt:Bus carries no coordinates.","positionNote":null,"legFraction":0.026,"legGeometry":"road","bearing":192.0,"departedAt":"2026-09-12T19:32:01+09:00","updatedAt":"2026-09-12T19:32:03+09:00","validUntil":"2026-09-12T19:32:33+09:00","stale":true,"operator":"Toei"}},{"type":"Feature","geometry":{"type":"Point","coordinates":[139.857815,35.653273]},"properties":{"busId":"Toei.Nishikatsu27.68602.2.E124","busNumber":"E124","routeLabel":"Nishikatsu27 Rinkaichō-Nichōme-Danchi (Rinkaichō 2-Danchi) → Nishi-Kasai Sta.","routeLabelJa":"西葛２７ 臨海町二丁目団地前→西葛西駅前 紅葉川高校前","routeId":"Toei.Nishikatsu27","patternId":"Toei.Nishikatsu27.68602.2","fromStop":"Momijigawa-Kōkō","fromStopJa":"紅葉川高校前","toStop":"Rinkaichō-Itchōme (Rinkaichō 1)","nextStopName":"Rinkaichō-Itchōme (Rinkaichō 1)","nextStopNameJa":"臨海町一丁目","positionSource":"interpolated","positionMethod":"derived: elapsed since odpt:fromBusstopPoleTime / (road distance to the next stop at a calibrated 12.3 km/h), walked along the ODPT road polyline. NOT GPS — odpt:Bus carries no coordinates.","positionNote":null,"legFraction":0.395,"legGeometry":"straight","bearing":273.0,"departedAt":"2026-09-12T19:31:28+09:00","updatedAt":"2026-09-12T19:32:03+09:00","validUntil":"2026-09-12T19:32:33+09:00","stale":true,"operator":"Toei"}},{"type":"Feature","geometry":{"type":"Point","coordinates":[139.851383,35.657189]},"properties":{"busId":"Toei.Nishikatsu27.68609.1.W399","busNumber":"W399","routeLabel":"Nishikatsu27 Nishi-Kasai Sta. → Nakasakombashi","routeLabelJa":"西葛２７ 西葛西駅前→中左近橋 清新ふたば小学校前","routeId":"Toei.Nishikatsu27","patternId":"Toei.Nishikatsu27.68609.1","fromStop":"Seishin-Futaba-Shōgakkō","fromStopJa":"清新ふたば小学校前","toStop":"Tokyo Rinkai-Byōin (Tokyo Rinkai Hp.)","nextStopName":"Tokyo Rinkai-Byōin (Tokyo Rinkai Hp.)","nextStopNameJa":"東京臨海病院前","positionSource":"interpolated","positionMethod":"derived: elapsed since odpt:fromBusstopPoleTime / (road distance to the next stop at a calibrated 12.3 km/h), walked along the ODPT road polyline. NOT GPS — odpt:Bus carries no coordinates.","positionNote":null,"legFraction":0.162,"legGeometry":"road","bearing":270.4,"departedAt":"2026-09-12T19:31:25+09:00","updatedAt":"2026-09-12T19:32:03+09:00","validUntil":"2026-09-12T19:32:33+09:00","stale":true,"operator":"Toei"}},{"type":"Feature","geometry":{"type":"Point","coordinates":[139.882568,35.726273]},"properties":{"busId":"Toei.Nishiki27.60501.1.C266","busNumber":"C266","routeLabel":"Nishiki27 Koiwa Sta. → Ryōgoku Sta.","routeLabelJa":"錦２７ 小岩駅前→両国駅前 下小岩小学校前","routeId":"Toei.Nishiki27","patternId":"Toei.Nishiki27.60501.1","fromStop":"Shimo-Koiwa-Shōgakkō","fromStopJa":"下小岩小学校前","toStop":"Koiwa Sta. Dōri","nextStopName":"Koiwa Sta. Dōri","nextStopNameJa":"小岩駅通り","positionSource":"interpolated","positionMethod":"derived: elapsed since odpt:fromBusstopPoleTime / (road distance to the next stop at a calibrated 12.3 km/h), walked along the ODPT road polyline. NOT GPS — odpt:Bus carries no coordinates.","positionNote":null,"legFraction":0.706,"legGeometry":"road","bearing":151.6,"departedAt":"2026-09-12T19:30:51+09:00","updatedAt":"2026-09-12T19:32:03+09:00","validUntil":"2026-09-12T19:32:33+09:00","stale":true,"operator":"Toei"}},{"type":"Feature","geometry":{"type":"Point","coordinates":[139.801,35.69476]},"properties":{"busId":"Toei.Nishiki27.60501.1.H971","busNumber":"H971","routeLabel":"Nishiki27 Koiwa Sta. → Ryōgoku Sta.","routeLabelJa":"錦２７ 小岩駅前→両国駅前 緑二丁目","routeId":"Toei.Nishiki27","patternId":"Toei.Nishiki27.60501.1","fromStop":"Midori-Nichōme (Midori 2)","fromStopJa":"緑二丁目","toStop":"Midori-Itchōme (Midori 1)","nextStopName":"Midori-Itchōme (Midori 1)","nextStopNameJa":"緑一丁目","positionSource":"interpolated","positionMethod":"derived: elapsed since odpt:fromBusstopPoleTime / (road distance to the next stop at a calibrated 12.3 km/h), walked along the ODPT road polyline. NOT GPS — odpt:Bus carries no coordinates.","positionNote":null,"legFraction":0.0,"legGeometry":"road","bearing":265.6,"departedAt":"2026-09-12T19:32:03+09:00","updatedAt":"2026-09-12T19:32:03+09:00","validUntil":"2026-09-12T19:32:33+09:00","stale":true,"operator":"Toei"}},{"type":"Feature","geometry":{"type":"Point","coordinates":[139.827945,35.696678]},"properties":{"busId":"Toei.Nishiki27.60501.2.M470","busNumber":"M470","routeLabel":"Nishiki27 Ryōgoku Sta. → Koiwa Sta.","routeLabelJa":"錦２７ 両国駅前→小岩駅前 亀戸駅通り","routeId":"Toei.Nishiki27","patternId":"Toei.Nishiki27.60501.2","fromStop":"Kameido Sta. Dōri","fromStopJa":"亀戸駅通り","toStop":"Suijimmori","nextStopName":"Suijimmori","nextStopNameJa":"水神森","positionSource":"interpolated","positionMethod":"derived: elapsed since odpt:fromBusstopPoleTime / (road distance to the next stop at a calibrated 12.3 km/h), walked along the ODPT road polyline. NOT GPS — odpt:Bus carries no coordinates.","positionNote":null,"legFraction":0.789,"legGeometry":"road","bearing":85.0,"departedAt":"2026-09-12T19:30:35+09:00","updatedAt":"2026-09-12T19:32:03+09:00","validUntil":"2026-09-12T19:32:33+09:00","stale":true,"operator":"Toei"}},{"type":"Feature","geometry":{"type":"Point","coordinates":[139.850843,35.697019]},"properties":{"busId":"Toei.Hira28.65304.3.M438","busNumber":"M438","routeLabel":"Hira28 Higashi-Ōjima Sta. → Higashi-Ōjima Sta.","routeLabelJa":"平２８ 東大島駅前→東大島駅前 小松川さくらホール前","routeId":"Toei.Hira28","patternId":"Toei.Hira28.65304.3","fromStop":"Komatsugawa-Sakura Hall","fromStopJa":"小松川さくらホール前","toStop":"Komatsugawa-Daini-Hoikuen","nextStopName":"Komatsugawa-Daini-Hoikuen","nextStopNameJa":"小松川第二保育園前","positionSource":"interpolated","positionMethod":"derived: elapsed since odpt:fromBusstopPoleTime / (road distance to the next stop at a calibrated 12.3 km/h), walked along the ODPT road polyline. NOT GPS — odpt:Bus carries no coordinates.","positionNote":null,"legFraction":0.946,"legGeometry":"road","bearing":148.7,"departedAt":"2026-09-12T19:31:05+09:00","updatedAt":"2026-09-12T19:32:03+09:00","validUntil":"2026-09-12T19:32:33+09:00","stale":true,"operator":"Toei"}},{"type":"Feature","geometry":{"type":"Point","coordinates":[139.797473,35.696677]},"properties":{"busId":"Toei.Ryou28.64501.1.E456","busNumber":"E456","routeLabel":"Ryou28 Kasaibashi → Ryōgoku Sta.","routeLabelJa":"両２８ 葛西橋→両国駅前 緑一丁目","routeId":"Toei.Ryou28","patternId":"Toei.Ryou28.64501.1","fromStop":"Midori-Itchōme (Midori 1)","fromStopJa":"緑一丁目","toStop":"Toei-Ryōgoku Sta.","nextStopName":"Toei-Ryōgoku Sta.","nextStopNameJa":"都営両国駅前","positionSource":"interpolated","positionMethod":"derived: elapsed since odpt:fromBusstopPoleTime / (road distance to the next stop at a calibrated 12.3 km/h), walked along the ODPT road polyline. NOT GPS — odpt:Bus carries no coordinates.","positionNote":null,"legFraction":0.83,"legGeometry":"road","bearing":355.7,"departedAt":"2026-09-12T19:30:33+09:00","updatedAt":"2026-09-12T19:32:03+09:00","validUntil":"2026-09-12T19:32:33+09:00","stale":true,"operator":"Toei"}},{"type":"Feature","geometry":{"type":"Point","coordinates":[139.843661,35.671644]},"properties":{"busId":"Toei.Ryou28.66004.2.D338","busNumber":"D338","routeLabel":"Ryou28 Ryōgoku Sta. → Rinkai-Shako (Kasai-rinkai-koen-kita-iriguchi (Kasai Rinkai Park) )","routeLabelJa":"両２８ 両国駅前→臨海車庫 東砂六丁目","routeId":"Toei.Ryou28","patternId":"Toei.Ryou28.66004.2","fromStop":"Higashisuna-Rokuchōme (Higashisuna 6)","fromStopJa":"東砂六丁目","toStop":"Kasaibashi-Higashizume","nextStopName":"Kasaibashi-Higashizume","nextStopNameJa":"葛西橋東詰","positionSource":"interpolated","positionMethod":"derived: elapsed since odpt:fromBusstopPoleTime / (road distance to the next stop at a calibrated 12.3 km/h), walked along the ODPT road polyline. NOT GPS — odpt:Bus carries no coordinates.","positionNote":null,"legFraction":0.257,"legGeometry":"road","bearing":95.9,"departedAt":"2026-09-12T19:30:49+09:00","updatedAt":"2026-09-12T19:32:03+09:00","validUntil":"2026-09-12T19:32:33+09:00","stale":true,"operator":"Toei"}},{"type":"Feature","geometry":{"type":"Point","coordinates":[139.826542,35.686824]},"properties":{"busId":"Toei.Nishiki28.68701.1.L350","busNumber":"L350","routeLabel":"Nishiki28 Higashi-Ōjima Sta. → Kinshichō Sta.","routeLabelJa":"錦２８ 東大島駅前→錦糸町駅前 小名木川小学校入口","routeId":"Toei.Nishiki28","patternId":"Toei.Nishiki28.68701.1","fromStop":"Onagigawa-Shōgakkō-Iriguchi","fromStopJa":"小名木川小学校入口","toStop":"Ōjima-Itchōme (Ōjima 1)","nextStopName":"Ōjima-Itchōme (Ōjima 1)","nextStopNameJa":"大島一丁目","positionSource":"interpolated","positionMethod":"derived: elapsed since odpt:fromBusstopPoleTime / (road distance to the next stop at a calibrated 12.3 km/h), walked along the ODPT road polyline. NOT GPS — odpt:Bus carries no coordinates.","positionNote":null,"legFraction":0.914,"legGeometry":"road","bearing":355.9,"departedAt":"2026-09-12T19:29:18+09:00","updatedAt":"2026-09-12T19:32:03+09:00","validUntil":"2026-09-12T19:32:33+09:00","stale":true,"operator":"Toei"}},{"type":"Feature","geometry":{"type":"Point","coordinates":[139.823803,35.689295]},"properties":{"busId":"Toei.Nishiki28.68701.2.B753","busNumber":"B753","routeLabel":"Nishiki28 Kinshichō Sta. → Higashi-Ōjima Sta.","routeLabelJa":"錦２８ 錦糸町駅前→東大島駅前 大島二丁目","routeId":"Toei.Nishiki28","patternId":"Toei.Nishiki28.68701.2","fromStop":"Ōjima-Nichōme (Ōjima 2)","fromStopJa":"大島二丁目","toStop":"Nishi-Ōjima Sta.","nextStopName":"Nishi-Ōjima Sta.","nextStopNameJa":"西大島駅前","positionSource":"interpolated","positionMethod":"derived: elapsed since odpt:fromBusstopPoleTime / (road distance to the next stop at a calibrated 12.3 km/h), walked along the ODPT road polyline. NOT GPS — odpt:Bus carries no coordinates.","positionNote":null,"legFraction":0.422,"legGeometry":"road","bearing":87.6,"departedAt":"2026-09-12T19:30:56+09:00","updatedAt":"2026-09-12T19:32:03+09:00","validUntil":"2026-09-12T19:32:33+09:00","stale":true,"operator":"Toei"}},{"type":"Feature","geometry":{"type":"Point","coordinates":[139.880658,35.688852]},"properties":{"busId":"Toei.Shinko29.68301.1.G717","busNumber":"G717","routeLabel":"Shinko29 Kasai Sta. → Higashi-Shin-Koiwa-Yonchōme (Higashi-Shin-Koiwa 4)","routeLabelJa":"新小２９ 葛西駅前→東新小岩四丁目 一之江四丁目","routeId":"Toei.Shinko29","patternId":"Toei.Shinko29.68301.1","fromStop":"Ichinoe-Yonchōme(Ichinoe 4)","fromStopJa":"一之江四丁目","toStop":"Ichinoe-Gochōme(Ichinoe 5)","nextStopName":"Ichinoe-Gochōme(Ichinoe 5)","nextStopNameJa":"一之江五丁目","positionSource":"interpolated","positionMethod":"derived: elapsed since odpt:fromBusstopPoleTime / (road distance to the next stop at a calibrated 12.3 km/h), walked along the ODPT road polyline. NOT GPS — odpt:Bus carries no coordinates.","positionNote":null,"legFraction":0.149,"legGeometry":"road","bearing":313.1,"departedAt":"2026-09-12T19:31:51+09:00","updatedAt":"2026-09-12T19:32:04+09:00","validUntil":"2026-09-12T19:32:34+09:00","stale":true,"operator":"Toei"}},{"type":"Feature","geometry":{"type":"Point","coordinates":[139.858164,35.720214]},"properties":{"busId":"Toei.Shinko29.68301.1.G786","busNumber":"G786","routeLabel":"Shinko29 Kasai Sta. → Higashi-Shin-Koiwa-Yonchōme (Higashi-Shin-Koiwa 4)","routeLabelJa":"新小２９ 葛西駅前→東新小岩四丁目 新小岩駅北口","routeId":"Toei.Shinko29","patternId":"Toei.Shinko29.68301.1","fromStop":"Shin-Koiwa Sta. Kitaguchi","fromStopJa":"新小岩駅北口","toStop":"Tatsumibashi","nextStopName":"Tatsumibashi","nextStopNameJa":"巽橋","positionSource":"at-stop","positionMethod":"derived: elapsed since odpt:fromBusstopPoleTime / (road distance to the next stop at a calibrated 12.3 km/h), walked along the ODPT road polyline. NOT GPS — odpt:Bus carries no coordinates.","positionNote":"overdue for the next stop — snapped to it","legFraction":1.0,"legGeometry":"road","bearing":49.2,"departedAt":"2026-09-12T19:30:27+09:00","updatedAt":"2026-09-12T19:32:04+09:00","validUntil":"2026-09-12T19:32:34+09:00","stale":true,"operator":"Toei"}},{"type":"Feature","geometry":{"type":"Point","coordinates":[139.858385,35.717904]},"properties":{"busId":"Toei.Shinko29.68306.2.F670","busNumber":"F670","routeLabel":"Shinko29 Higashi-Shin-Koiwa-Yonchōme (Higashi-Shin-Koiwa 4) → Kasai Sta.","routeLabelJa":"新小２９ 東新小岩四丁目→葛西駅前 巽橋","routeId":"Toei.Shinko29","patternId":"Toei.Shinko29.68306.2","fromStop":"Tatsumibashi","fromStopJa":"巽橋","toStop":"Shin-Koiwa Sta. Kitaguchi","nextStopName":"Shin-Koiwa Sta. Kitaguchi","nextStopNameJa":"新小岩駅北口","positionSource":"at-stop","positionMethod":"derived: elapsed since odpt:fromBusstopPoleTime / (road distance to the next stop at a calibrated 12.3 km/h), walked along the ODPT road polyline. NOT GPS — odpt:Bus carries no coordinates.","positionNote":"overdue for the next stop — snapped to it","legFraction":1.0,"legGeometry":"road","bearing":140.6,"departedAt":"2026-09-12T19:29:24+09:00","updatedAt":"2026-09-12T19:32:04+09:00","validUntil":"2026-09-12T19:32:34+09:00","stale":true,"operator":"Toei"}},{"type":"Feature","geometry":{"type":"Point","coordinates":[139.872556,35.695008]},"properties":{"busId":"Toei.Shinko29.68306.2.F672","busNumber":"F672","routeLabel":"Shinko29 Higashi-Shin-Koiwa-Yonchōme (Higashi-Shin-Koiwa 4) → Kasai Sta.","routeLabelJa":"新小２９ 東新小岩四丁目→葛西駅前 松江","routeId":"Toei.Shinko29","patternId":"Toei.Shinko29.68306.2","fromStop":"Matsue","fromStopJa":"松江","toStop":"Nishi-Ichinoe-Yonchōme (Nishi-Ichinoe 4)","nextStopName":"Nishi-Ichinoe-Yonchōme (Nishi-Ichinoe 4)","nextStopNameJa":"西一之江四丁目","positionSource":"at-stop","positionMethod":"derived: elapsed since odpt:fromBusstopPoleTime / (road distance to the next stop at a calibrated 12.3 km/h), walked along the ODPT road polyline. NOT GPS — odpt:Bus carries no coordinates.","positionNote":"overdue for the next stop — snapped to it","legFraction":1.0,"legGeometry":"road","bearing":207.0,"departedAt":"2026-09-12T19:31:21+09:00","updatedAt":"2026-09-12T19:32:04+09:00","validUntil":"2026-09-12T19:32:34+09:00","stale":true,"operator":"Toei"}},{"type":"Feature","geometry":{"type":"Point","coordinates":[139.798942,35.680848]},"properties":{"busId":"Toei.Mon33.60301.1.B759","busNumber":"B759","routeLabel":"Mon33 Kameido Sta. → Toyomi-Suisan-Futō","routeLabelJa":"門３３ 亀戸駅前→豊海水産埠頭 清澄白河駅前","routeId":"Toei.Mon33","patternId":"Toei.Mon33.60301.1","fromStop":"Kiyosumi-Shirakawa Sta.","fromStopJa":"清澄白河駅前","toStop":"Kiyosumi-Teien (Kiyosumi Gardens)","nextStopName":"Kiyosumi-Teien (Kiyosumi Gardens)","nextStopNameJa":"清澄庭園前","positionSource":"interpolated","positionMethod":"derived: elapsed since odpt:fromBusstopPoleTime / (road distance to the next stop at a calibrated 12.3 km/h), walked along the ODPT road polyline. NOT GPS — odpt:Bus carries no coordinates.","positionNote":null,"legFraction":0.634,"legGeometry":"road","bearing":174.1,"departedAt":"2026-09-12T19:31:25+09:00","updatedAt":"2026-09-12T19:32:04+09:00","validUntil":"2026-09-12T19:32:34+09:00","stale":true,"operator":"Toei"}},{"type":"Feature","geometry":{"type":"Point","coordinates":[139.797735,35.677917]},"properties":{"busId":"Toei.Mon33.60301.2.E500","busNumber":"E500","routeLabel":"Mon33 Toyomi-Suisan-Futō → Kameido Sta.","routeLabelJa":"門３３ 豊海水産埠頭→亀戸駅前 深川二丁目","routeId":"Toei.Mon33","patternId":"Toei.Mon33.60301.2","fromStop":"Fukagawa-Nichōme (Fukagawa 2)","fromStopJa":"深川二丁目","toStop":"Hirano-Itchōme (Hirano 1)","nextStopName":"Hirano-Itchōme (Hirano 1)","nextStopNameJa":"平野一丁目","positionSource":"interpolated","positionMethod":"derived: elapsed since odpt:fromBusstopPoleTime / (road distance to the next stop at a calibrated 12.3 km/h), walked along the ODPT road polyline. NOT GPS — odpt:Bus carries no coordinates.","positionNote":null,"legFraction":0.649,"legGeometry":"road","bearing":32.8,"departedAt":"2026-09-12T19:31:13+09:00","updatedAt":"2026-09-12T19:32:04+09:00","validUntil":"2026-09-12T19:32:34+09:00","stale":true,"operator":"Toei"}},{"type":"Feature","geometry":{"type":"Point","coordinates":[139.812997,35.709085]},"properties":{"busId":"Toei.Mon33.60301.2.G789","busNumber":"G789","routeLabel":"Mon33 Toyomi-Suisan-Futō → Kameido Sta.","routeLabelJa":"門３３ 豊海水産埠頭→亀戸駅前 とうきょうスカイツリー駅入口","routeId":"Toei.Mon33","patternId":"Toei.Mon33.60301.2","fromStop":"TOKYO SKYTREE Sta. Iriguchi","fromStopJa":"とうきょうスカイツリー駅入口","toStop":"Oshiage","nextStopName":"Oshiage","nextStopNameJa":"押上","positionSource":"interpolated","positionMethod":"derived: elapsed since odpt:fromBusstopPoleTime / (road distance to the next stop at a calibrated 12.3 km/h), walked along the ODPT road polyline. NOT GPS — odpt:Bus carries no coordinates.","positionNote":null,"legFraction":0.936,"legGeometry":"road","bearing":86.4,"departedAt":"2026-09-12T19:30:06+09:00","updatedAt":"2026-09-12T19:32:04+09:00","validUntil":"2026-09-12T19:32:34+09:00","stale":true,"operator":"Toei"}},{"type":"Feature","geometry":{"type":"Point","coordinates":[139.832345,35.734392]},"properties":{"busId":"Toei.Nishiki37.56101.1.L340","busNumber":"L340","routeLabel":"Nishiki37 Aoto-Shako → Kinshichō Sta.","routeLabelJa":"錦３７ 青戸車庫前→錦糸町駅前 四ツ木橋","routeId":"Toei.Nishiki37","patternId":"Toei.Nishiki37.56101.1","fromStop":"Yotsugibashi","fromStopJa":"四ツ木橋","toStop":"Yotsugibashi-Minamizume","nextStopName":"Yotsugibashi-Minamizume","nextStopNameJa":"四ツ木橋南詰","positionSource":"interpolated","positionMethod":"derived: elapsed since odpt:fromBusstopPoleTime / (road distance to the next stop at a calibrated 12.3 km/h), walked along the ODPT road polyline. NOT GPS — odpt:Bus carries no coordinates.","positionNote":null,"legFraction":0.045,"legGeometry":"road","bearing":227.5,"departedAt":"2026-09-12T19:31:53+09:00","updatedAt":"2026-09-12T19:32:04+09:00","validUntil":"2026-09-12T19:32:34+09:00","stale":true,"operator":"Toei"}},{"type":"Feature","geometry":{"type":"Point","coordinates":[139.814408,35.710562]},"properties":{"busId":"Toei.Nishiki37.56101.1.G740","busNumber":"G740","routeLabel":"Nishiki37 Aoto-Shako → Kinshichō Sta.","routeLabelJa":"錦３７ 青戸車庫前→錦糸町駅前 押上一丁目","routeId":"Toei.Nishiki37","patternId":"Toei.Nishiki37.56101.1","fromStop":"Oshiage-Itchōme (Oshiage 1)","fromStopJa":"押上一丁目","toStop":"Oshiage Sta.","nextStopName":"Oshiage Sta.","nextStopNameJa":"押上駅前","positionSource":"interpolated","positionMethod":"derived: elapsed since odpt:fromBusstopPoleTime / (road distance to the next stop at a calibrated 12.3 km/h), walked along the ODPT road polyline. NOT GPS — odpt:Bus carries no coordinates.","positionNote":null,"legFraction":0.683,"legGeometry":"road","bearing":298.4,"departedAt":"2026-09-12T19:31:06+09:00","updatedAt":"2026-09-12T19:32:04+09:00","validUntil":"2026-09-12T19:32:34+09:00","stale":true,"operator":"Toei"}},{"type":"Feature","geometry":{"type":"Point","coordinates":[139.814798,35.710661]},"properties":{"busId":"Toei.Nishiki37.56101.2.H964","busNumber":"H964","routeLabel":"Nishiki37 Kinshichō Sta. → Aoto-Shako","routeLabelJa":"錦３７ 錦糸町駅前→青戸車庫前 押上駅前","routeId":"Toei.Nishiki37","patternId":"Toei.Nishiki37.56101.2","fromStop":"Oshiage Sta.","fromStopJa":"押上駅前","toStop":"Oshiage-Itchōme (Oshiage 1)","nextStopName":"Oshiage-Itchōme (Oshiage 1)","nextStopNameJa":"押上一丁目","positionSource":"interpolated","positionMethod":"derived: elapsed since odpt:fromBusstopPoleTime / (road distance to the next stop at a calibrated 12.3 km/h), walked along the ODPT road polyline. NOT GPS — odpt:Bus carries no coordinates.","positionNote":null,"legFraction":0.373,"legGeometry":"road","bearing":32.6,"departedAt":"2026-09-12T19:31:21+09:00","updatedAt":"2026-09-12T19:32:04+09:00","validUntil":"2026-09-12T19:32:34+09:00","stale":true,"operator":"Toei"}},{"type":"Feature","geometry":{"type":"Point","coordinates":[139.82547,35.729117]},"properties":{"busId":"Toei.Nishiki37.56101.2.C251","busNumber":"C251","routeLabel":"Nishiki37 Kinshichō Sta. → Aoto-Shako","routeLabelJa":"錦３７ 錦糸町駅前→青戸車庫前 八広","routeId":"Toei.Nishiki37","patternId":"Toei.Nishiki37.56101.2","fromStop":"Yahiro","fromStopJa":"八広","toStop":"Yotsugibashi-Minamizume","nextStopName":"Yotsugibashi-Minamizume","nextStopNameJa":"四ツ木橋南詰","positionSource":"at-stop","positionMethod":"derived: elapsed since odpt:fromBusstopPoleTime / (road distance to the next stop at a calibrated 12.3 km/h), walked along the ODPT road polyline. NOT GPS — odpt:Bus carries no coordinates.","positionNote":"overdue for the next stop — snapped to it","legFraction":1.0,"legGeometry":"road","bearing":39.1,"departedAt":"2026-09-12T19:29:23+09:00","updatedAt":"2026-09-12T19:32:04+09:00","validUntil":"2026-09-12T19:32:34+09:00","stale":true,"operator":"Toei"}},{"type":"Feature","geometry":{"type":"Point","coordinates":[139.879612,35.646918]},"properties":{"busId":"Toei.Kame29.68201.1.F662","busNumber":"F662","routeLabel":"Kame29 Nagisa New Town → Kameido Sta.","routeLabelJa":"亀２９ なぎさニュータウン→亀戸駅前 なぎさニュータウン","routeId":"Toei.Kame29","patternId":"Toei.Kame29.68201.1","fromStop":"Nagisa New Town","fromStopJa":"なぎさニュータウン","toStop":"Minami-Kasai-Shōgakkō","nextStopName":"Minami-Kasai-Shōgakkō","nextStopNameJa":"南葛西小学校前","positionSource":"interpolated","positionMethod":"derived: elapsed since odpt:fromBusstopPoleTime / (road distance to the next stop at a calibrated 12.3 km/h), walked along the ODPT road polyline. NOT GPS — odpt:Bus carries no coordinates.","positionNote":null,"legFraction":0.021,"legGeometry":"road","bearing":189.3,"departedAt":"2026-09-12T19:32:01+09:00","updatedAt":"2026-09-12T19:32:04+09:00","validUntil":"2026-09-12T19:32:34+09:00","stale":true,"operator":"Toei"}},{"type":"Feature","geometry":{"type":"Point","coordinates":[139.827382,35.681959]},"properties":{"busId":"Toei.Kame29.68201.1.A644","busNumber":"A644","routeLabel":"Kame29 Nagisa New Town → Kameido Sta.","routeLabelJa":"亀２９ なぎさニュータウン→亀戸駅前 北砂三丁目","routeId":"Toei.Kame29","patternId":"Toei.Kame29.68201.1","fromStop":"Kitasuna-Sanchōme (Kitasuna 3)","fromStopJa":"北砂三丁目","toStop":"Ōjima-Itchōme (Ōjima 1)","nextStopName":"Ōjima-Itchōme (Ōjima 1)","nextStopNameJa":"大島一丁目","positionSource":"interpolated","positionMethod":"derived: elapsed since odpt:fromBusstopPoleTime / (road distance to the next stop at a calibrated 12.3 km/h), walked along the ODPT road polyline. NOT GPS — odpt:Bus carries no coordinates.","positionNote":null,"legFraction":0.017,"legGeometry":"road","bearing":345.7,"departedAt":"2026-09-12T19:32:01+09:00","updatedAt":"2026-09-12T19:32:04+09:00","validUntil":"2026-09-12T19:32:34+09:00","stale":true,"operator":"Toei"}},{"type":"Feature","geometry":{"type":"Point","coordinates":[139.87034,35.65988]},"properties":{"busId":"Toei.Kame29.68201.2.E503","busNumber":"E503","routeLabel":"Kame29 Kameido Sta. → Nagisa New Town","routeLabelJa":"亀２９ 亀戸駅前→なぎさニュータウン 葛西駅通り","routeId":"Toei.Kame29","patternId":"Toei.Kame29.68201.2","fromStop":"Kasai Sta. Dōri","fromStopJa":"葛西駅通り","toStop":"Daiyon-Kasai-Shōgakkō","nextStopName":"Daiyon-Kasai-Shōgakkō","nextStopNameJa":"第四葛西小学校前","positionSource":"at-stop","positionMethod":"derived: elapsed since odpt:fromBusstopPoleTime / (road distance to the next stop at a calibrated 12.3 km/h), walked along the ODPT road polyline. NOT GPS — odpt:Bus carries no coordinates.","positionNote":"overdue for the next stop — snapped to it","legFraction":1.0,"legGeometry":"road","bearing":231.2,"departedAt":"2026-09-12T19:30:16+09:00","updatedAt":"2026-09-12T19:32:04+09:00","validUntil":"2026-09-12T19:32:34+09:00","stale":true,"operator":"Toei"}},{"type":"Feature","geometry":{"type":"Point","coordinates":[139.85798,35.669895]},"properties":{"busId":"Toei.Kame29.68202.1.Z555","busNumber":"Z555","routeLabel":"Kame29 Nishi-Kasai Sta. → Kameido Sta.","routeLabelJa":"亀２９ 西葛西駅前→亀戸駅前 スポーツセンター前","routeId":"Toei.Kame29","patternId":"Toei.Kame29.68202.1","fromStop":"Sports Center","fromStopJa":"スポーツセンター前","toStop":"Ukita","nextStopName":"Ukita","nextStopNameJa":"宇喜田","positionSource":"at-stop","positionMethod":"derived: elapsed since odpt:fromBusstopPoleTime / (road distance to the next stop at a calibrated 12.3 km/h), walked along the ODPT road polyline. NOT GPS — odpt:Bus carries no coordinates.","positionNote":"overdue for the next stop — snapped to it","legFraction":1.0,"legGeometry":"road","bearing":279.6,"departedAt":"2026-09-12T19:29:15+09:00","updatedAt":"2026-09-12T19:32:04+09:00","validUntil":"2026-09-12T19:32:34+09:00","stale":true,"operator":"Toei"}},{"type":"Feature","geometry":{"type":"Point","coordinates":[139.825714,35.697809]},"properties":{"busId":"Toei.Kame29.68202.2.Z554","busNumber":"Z554","routeLabel":"Kame29 Kameido Sta. → Nishi-Kasai Sta.","routeLabelJa":"亀２９ 亀戸駅前→西葛西駅前 亀戸駅前","routeId":"Toei.Kame29","patternId":"Toei.Kame29.68202.2","fromStop":"Kameido Sta.","fromStopJa":"亀戸駅前","toStop":"Kameido Sta. Dōri","nextStopName":"Kameido Sta. Dōri","nextStopNameJa":"亀戸駅通り","positionSource":"interpolated","positionMethod":"derived: elapsed since odpt:fromBusstopPoleTime / (road distance to the next stop at a calibrated 12.3 km/h), walked along the ODPT road polyline. NOT GPS — odpt:Bus carries no coordinates.","positionNote":null,"legFraction":0.041,"legGeometry":"road","bearing":221.6,"departedAt":"2026-09-12T19:32:01+09:00","updatedAt":"2026-09-12T19:32:04+09:00","validUntil":"2026-09-12T19:32:34+09:00","stale":true,"operator":"Toei"}},{"type":"Feature","geometry":{"type":"Point","coordinates":[139.82802,35.676972]},"properties":{"busId":"Toei.Kame29.68202.2.Z543","busNumber":"Z543","routeLabel":"Kame29 Kameido Sta. → Nishi-Kasai Sta.","routeLabelJa":"亀２９ 亀戸駅前→西葛西駅前 境川","routeId":"Toei.Kame29","patternId":"Toei.Kame29.68202.2","fromStop":"Sakaigawa","fromStopJa":"境川","toStop":"Kitasuna-Yonchōme (Kitasuna 4)","nextStopName":"Kitasuna-Yonchōme (Kitasuna 4)","nextStopNameJa":"北砂四丁目","positionSource":"interpolated","positionMethod":"derived: elapsed since odpt:fromBusstopPoleTime / (road distance to the next stop at a calibrated 12.3 km/h), walked along the ODPT road polyline. NOT GPS — odpt:Bus carries no coordinates.","positionNote":null,"legFraction":0.048,"legGeometry":"road","bearing":98.4,"departedAt":"2026-09-12T19:32:00+09:00","updatedAt":"2026-09-12T19:32:04+09:00","validUntil":"2026-09-12T19:32:34+09:00","stale":true,"operator":"Toei"}},{"type":"Feature","geometry":{"type":"Point","coordinates":[139.859609,35.669311]},"properties":{"busId":"Toei.Kame29.68202.2.E483","busNumber":"E483","routeLabel":"Kame29 Kameido Sta. → Nishi-Kasai Sta.","routeLabelJa":"亀２９ 亀戸駅前→西葛西駅前 宇喜田","routeId":"Toei.Kame29","patternId":"Toei.Kame29.68202.2","fromStop":"Ukita","fromStopJa":"宇喜田","toStop":"Sports Center","nextStopName":"Sports Center","nextStopNameJa":"スポーツセンター前","positionSource":"interpolated","positionMethod":"derived: elapsed since odpt:fromBusstopPoleTime / (road distance to the next stop at a calibrated 12.3 km/h), walked along the ODPT road polyline. NOT GPS — odpt:Bus carries no coordinates.","positionNote":null,"legFraction":0.413,"legGeometry":"road","bearing":133.3,"departedAt":"2026-09-12T19:31:01+09:00","updatedAt":"2026-09-12T19:32:04+09:00","validUntil":"2026-09-12T19:32:34+09:00","stale":true,"operator":"Toei"}},{"type":"Feature","geometry":{"type":"Point","coordinates":[139.742093,35.756763]},"properties":{"busId":"Toei.Ou40Hei.40601.4.F608","busNumber":"F608","routeLabel":"Ou40Hei Ōji Sta. → Ōji Sta.","routeLabelJa":"王４０丙 王子駅前→王子駅前 王子駅前","routeId":"Toei.Ou40Hei","patternId":"Toei.Ou40Hei.40601.4","fromStop":"Ōji Sta.","fromStopJa":"王子駅前","toStop":"Toshima-Nichōme (Toshima 2)","nextStopName":"Toshima-Nichōme (Toshima 2)","nextStopNameJa":"豊島二丁目","positionSource":"interpolated","positionMethod":"derived: elapsed since odpt:fromBusstopPoleTime / (road distance to the next stop at a calibrated 12.3 km/h), walked along the ODPT road polyline. NOT GPS — odpt:Bus carries no coordinates.","positionNote":null,"legFraction":0.863,"legGeometry":"straight","bearing":47.2,"departedAt":"2026-09-12T19:30:01+09:00","updatedAt":"2026-09-12T19:32:04+09:00","validUntil":"2026-09-12T19:32:34+09:00","stale":true,"operator":"Toei"}},{"type":"Feature","geometry":{"type":"Point","coordinates":[139.746427,35.760854]},"properties":{"busId":"Toei.Ou40Hei.40601.4.B741","busNumber":"B741","routeLabel":"Ou40Hei Ōji Sta. → Ōji Sta.","routeLabelJa":"王４０丙 王子駅前→王子駅前 豊島四丁目","routeId":"Toei.Ou40Hei","patternId":"Toei.Ou40Hei.40601.4","fromStop":"Toshima-Yonchōme (Toshima 4)","fromStopJa":"豊島四丁目","toStop":"Toshima-Sanchōme (Toshima 3)","nextStopName":"Toshima-Sanchōme (Toshima 3)","nextStopNameJa":"豊島三丁目","positionSource":"interpolated","positionMethod":"derived: elapsed since odpt:fromBusstopPoleTime / (road distance to the next stop at a calibrated 12.3 km/h), walked along the ODPT road polyline. NOT GPS — odpt:Bus carries no coordinates.","positionNote":null,"legFraction":0.443,"legGeometry":"straight","bearing":217.9,"departedAt":"2026-09-12T19:31:06+09:00","updatedAt":"2026-09-12T19:32:04+09:00","validUntil":"2026-09-12T19:32:34+09:00","stale":true,"operator":"Toei"}},{"type":"Feature","geometry":{"type":"Point","coordinates":[139.836395,35.737258]},"properties":{"busId":"Toei.Kusa39.56002.1.Z509","busNumber":"Z509","routeLabel":"Kusa39 Kanamachi Sta. → Asakusa-Kotobukichō","routeLabelJa":"草３９ 金町駅前→浅草寿町 葛飾警察署前","routeId":"Toei.Kusa39","patternId":"Toei.Kusa39.56002.1","fromStop":"Katsushika-Keisatsusho (Katsushika Police Station)","fromStopJa":"葛飾警察署前","toStop":"Yotsugi-Shōgakkō","nextStopName":"Yotsugi-Shōgakkō","nextStopNameJa":"よつぎ小学校前","positionSource":"interpolated","positionMethod":"derived: elapsed since odpt:fromBusstopPoleTime / (road distance to the next stop at a calibrated 12.3 km/h), walked along the ODPT road polyline. NOT GPS — odpt:Bus carries no coordinates.","positionNote":null,"legFraction":0.307,"legGeometry":"road","bearing":227.1,"departedAt":"2026-09-12T19:31:40+09:00","updatedAt":"2026-09-12T19:32:04+09:00","validUntil":"2026-09-12T19:32:34+09:00","stale":true,"operator":"Toei"}},{"type":"Feature","geometry":{"type":"Point","coordinates":[139.807975,35.714389]},"properties":{"busId":"Toei.Kusa39.56002.2.D325","busNumber":"D325","routeLabel":"Kusa39 Asakusa-Kotobukichō → Kanamachi Sta.","routeLabelJa":"草３９ 浅草寿町→金町駅前 言問橋","routeId":"Toei.Kusa39","patternId":"Toei.Kusa39.56002.2","fromStop":"Kototoibashi","fromStopJa":"言問橋","toStop":"Mukōjima-Nichōme (Mukōjima 2)","nextStopName":"Mukōjima-Nichōme (Mukōjima 2)","nextStopNameJa":"向島二丁目","positionSource":"interpolated","positionMethod":"derived: elapsed since odpt:fromBusstopPoleTime / (road distance to the next stop at a calibrated 12.3 km/h), walked along the ODPT road polyline. NOT GPS — odpt:Bus carries no coordinates.","positionNote":null,"legFraction":0.599,"legGeometry":"road","bearing":50.3,"departedAt":"2026-09-12T19:30:19+09:00","updatedAt":"2026-09-12T19:32:04+09:00","validUntil":"2026-09-12T19:32:34+09:00","stale":true,"operator":"Toei"}},{"type":"Feature","geometry":{"type":"Point","coordinates":[139.844403,35.745259]},"properties":{"busId":"Toei.Kusa39.56002.2.D326","busNumber":"D326","routeLabel":"Kusa39 Asakusa-Kotobukichō → Kanamachi Sta.","routeLabelJa":"草３９ 浅草寿町→金町駅前 梅田小学校前","routeId":"Toei.Kusa39","patternId":"Toei.Kusa39.56002.2","fromStop":"Umeda-Shōgakkō","fromStopJa":"梅田小学校前","toStop":"Aoto-Shako","nextStopName":"Aoto-Shako","nextStopNameJa":"青戸車庫前","positionSource":"at-stop","positionMethod":"derived: elapsed since odpt:fromBusstopPoleTime / (road distance to the next stop at a calibrated 12.3 km/h), walked along the ODPT road polyline. NOT GPS — odpt:Bus carries no coordinates.","positionNote":"overdue for the next stop — snapped to it","legFraction":1.0,"legGeometry":"road","bearing":37.2,"departedAt":"2026-09-12T19:29:00+09:00","updatedAt":"2026-09-12T19:32:04+09:00","validUntil":"2026-09-12T19:32:34+09:00","stale":true,"operator":"Toei"}},{"type":"Feature","geometry":{"type":"Point","coordinates":[139.86481,35.763356]},"properties":{"busId":"Toei.Kusa39.56002.2.K268","busNumber":"K268","routeLabel":"Kusa39 Asakusa-Kotobukichō → Kanamachi Sta.","routeLabelJa":"草３９ 浅草寿町→金町駅前 亀有警察署前","routeId":"Toei.Kusa39","patternId":"Toei.Kusa39.56002.2","fromStop":"Kameari-Keisatsusho (Kameari Police Station)","fromStopJa":"亀有警察署前","toStop":"Niijuku-Yūbinkyoku (Niijuku Post Office)","nextStopName":"Niijuku-Yūbinkyoku (Niijuku Post Office)","nextStopNameJa":"新宿郵便局前","positionSource":"interpolated","positionMethod":"derived: elapsed since odpt:fromBusstopPoleTime / (road distance to the next stop at a calibrated 12.3 km/h), walked along the ODPT road polyline. NOT GPS — odpt:Bus carries no coordinates.","positionNote":null,"legFraction":0.503,"legGeometry":"road","bearing":54.9,"departedAt":"2026-09-12T19:30:32+09:00","updatedAt":"2026-09-12T19:32:04+09:00","validUntil":"2026-09-12T19:32:34+09:00","stale":true,"operator":"Toei"}},{"type":"Feature","geometry":{"type":"Point","coordinates":[139.715099,35.732642]},"properties":{"busId":"Toei.Ou40Kou.40001.1.L325","busNumber":"L325","routeLabel":"Ou40Kou Ikebukuro Sta. Higashiguchi (East Exit) → Nishiarai Sta.","routeLabelJa":"王４０甲 池袋駅東口→西新井駅前 池袋駅東口（⑩のりば）","routeId":"Toei.Ou40Kou","patternId":"Toei.Ou40Kou.40001.1","fromStop":"Ikebukuro Sta. Higashiguchi (East Exit) (Jūban-Noriba)","fromStopJa":"池袋駅東口（⑩のりば）","toStop":"Hareza Ikebukuro","nextStopName":"Hareza Ikebukuro","nextStopNameJa":"Hareza池袋","positionSource":"at-stop","positionMethod":"derived: elapsed since odpt:fromBusstopPoleTime / (road distance to the next stop at a calibrated 12.3 km/h), walked along the ODPT road polyline. NOT GPS — odpt:Bus carries no coordinates.","positionNote":"overdue for the next stop — snapped to it","legFraction":1.0,"legGeometry":"road","bearing":3.4,"departedAt":"2026-09-12T19:31:29+09:00","updatedAt":"2026-09-12T19:32:04+09:00","validUntil":"2026-09-12T19:32:34+09:00","stale":true,"operator":"Toei"}},{"type":"Feature","geometry":{"type":"Point","coordinates":[139.73094,35.746383]},"properties":{"busId":"Toei.Ou40Kou.40001.1.F609","busNumber":"F609","routeLabel":"Ou40Kou Ikebukuro Sta. Higashiguchi (East Exit) → Nishiarai Sta.","routeLabelJa":"王４０甲 池袋駅東口→西新井駅前 滝野川三丁目","routeId":"Toei.Ou40Kou","patternId":"Toei.Ou40Kou.40001.1","fromStop":"Takinogawa-Sanchōme (Takinogawa 3)","fromStopJa":"滝野川三丁目","toStop":"Takinogawa-Nichōme (Takinogawa 2)","nextStopName":"Takinogawa-Nichōme (Takinogawa 2)","nextStopNameJa":"滝野川二丁目","positionSource":"interpolated","positionMethod":"derived: elapsed since odpt:fromBusstopPoleTime / (road distance to the next stop at a calibrated 12.3 km/h), walked along the ODPT road polyline. NOT GPS — odpt:Bus carries no coordinates.","positionNote":null,"legFraction":0.028,"legGeometry":"road","bearing":47.4,"departedAt":"2026-09-12T19:32:00+09:00","updatedAt":"2026-09-12T19:32:04+09:00","validUntil":"2026-09-12T19:32:34+09:00","stale":true,"operator":"Toei"}},{"type":"Feature","geometry":{"type":"Point","coordinates":[139.741673,35.755963]},"properties":{"busId":"Toei.Ou40Kou.40001.1.F604","busNumber":"F604","routeLabel":"Ou40Kou Ikebukuro Sta. Higashiguchi (East Exit) → Nishiarai Sta.","routeLabelJa":"王４０甲 池袋駅東口→西新井駅前 王子駅前","routeId":"Toei.Ou40Kou","patternId":"Toei.Ou40Kou.40001.1","fromStop":"Ōji Sta.","fromStopJa":"王子駅前","toStop":"Toshima-Nichōme (Toshima 2)","nextStopName":"Toshima-Nichōme (Toshima 2)","nextStopNameJa":"豊島二丁目","positionSource":"interpolated","positionMethod":"derived: elapsed since odpt:fromBusstopPoleTime / (road distance to the next stop at a calibrated 12.3 km/h), walked along the ODPT road polyline. NOT GPS — odpt:Bus carries no coordinates.","positionNote":null,"legFraction":0.674,"legGeometry":"road","bearing":25.6,"departedAt":"2026-09-12T19:30:28+09:00","updatedAt":"2026-09-12T19:32:04+09:00","validUntil":"2026-09-12T19:32:34+09:00","stale":true,"operator":"Toei"}},{"type":"Feature","geometry":{"type":"Point","coordinates":[139.749285,35.763858]},"properties":{"busId":"Toei.Ou40Kou.40001.1.L327","busNumber":"L327","routeLabel":"Ou40Kou Ikebukuro Sta. Higashiguchi (East Exit) → Nishiarai Sta.","routeLabelJa":"王４０甲 池袋駅東口→西新井駅前 豊島六丁目","routeId":"Toei.Ou40Kou","patternId":"Toei.Ou40Kou.40001.1","fromStop":"Toshima-Rokuchōme (Toshima 6)","fromStopJa":"豊島六丁目","toStop":"Toshima-Gochōme-Danchi (Toshima 5-Danchi)","nextStopName":"Toshima-Gochōme-Danchi (Toshima 5-Danchi)","nextStopNameJa":"豊島五丁目団地","positionSource":"interpolated","positionMethod":"derived: elapsed since odpt:fromBusstopPoleTime / (road distance to the next stop at a calibrated 12.3 km/h), walked along the ODPT road polyline. NOT GPS — odpt:Bus carries no coordinates.","positionNote":null,"legFraction":0.083,"legGeometry":"road","bearing":38.5,"departedAt":"2026-09-12T19:31:57+09:00","updatedAt":"2026-09-12T19:32:04+09:00","validUntil":"2026-09-12T19:32:34+09:00","stale":true,"operator":"Toei"}},{"type":"Feature","geometry":{"type":"Point","coordinates":[139.764579,35.769629]},"properties":{"busId":"Toei.Ou40Kou.40001.1.B740","busNumber":"B740","routeLabel":"Ou40Kou Ikebukuro Sta. Higashiguchi (East Exit) → Nishiarai Sta.","routeLabelJa":"王４０甲 池袋駅東口→西新井駅前 荒川土手操車所前","routeId":"Toei.Ou40Kou","patternId":"Toei.Ou40Kou.40001.1","fromStop":"Arakawadote-Sōshajo","fromStopJa":"荒川土手操車所前","toStop":"Kōhoku-Itchōme (Kōhoku 1)","nextStopName":"Kōhoku-Itchōme (Kōhoku 1)","nextStopNameJa":"江北一丁目","positionSource":"interpolated","positionMethod":"derived: elapsed since odpt:fromBusstopPoleTime / (road distance to the next stop at a calibrated 12.3 km/h), walked along the ODPT road polyline. NOT GPS — odpt:Bus carries no coordinates.","positionNote":null,"legFraction":0.471,"legGeometry":"road","bearing":51.4,"departedAt":"2026-09-12T19:31:22+09:00","updatedAt":"2026-09-12T19:32:04+09:00","validUntil":"2026-09-12T19:32:34+09:00","stale":true,"operator":"Toei"}},{"type":"Feature","geometry":{"type":"Point","coordinates":[139.774129,35.775444]},"properties":{"busId":"Toei.Ou40Kou.40001.1.G751","busNumber":"G751","routeLabel":"Ou40Kou Ikebukuro Sta. Higashiguchi (East Exit) → Nishiarai Sta.","routeLabelJa":"王４０甲 池袋駅東口→西新井駅前 阿弥陀橋","routeId":"Toei.Ou40Kou","patternId":"Toei.Ou40Kou.40001.1","fromStop":"Amidabashi","fromStopJa":"阿弥陀橋","toStop":"Adachi-Daigo-Chūgakkō","nextStopName":"Adachi-Daigo-Chūgakkō","nextStopNameJa":"足立第五中学校前","positionSource":"interpolated","positionMethod":"derived: elapsed since odpt:fromBusstopPoleTime / (road distance to the next stop at a calibrated 12.3 km/h), walked along the ODPT road polyline. NOT GPS — odpt:Bus carries no coordinates.","positionNote":null,"legFraction":0.432,"legGeometry":"road","bearing":53.2,"departedAt":"2026-09-12T19:30:57+09:00","updatedAt":"2026-09-12T19:32:04+09:00","validUntil":"2026-09-12T19:32:34+09:00","stale":true,"operator":"Toei"}},{"type":"Feature","geometry":{"type":"Point","coordinates":[139.777834,35.777695]},"properties":{"busId":"Toei.Ou40Kou.40001.2.G758","busNumber":"G758","routeLabel":"Ou40Kou Nishiarai Sta. → Ikebukuro Sta. Higashiguchi (East Exit)","routeLabelJa":"王４０甲 西新井駅前→池袋駅東口 西新井大師前","routeId":"Toei.Ou40Kou","patternId":"Toei.Ou40Kou.40001.2","fromStop":"Nishiarai-Daishi","fromStopJa":"西新井大師前","toStop":"Adachi-Daigo-Chūgakkō","nextStopName":"Adachi-Daigo-Chūgakkō","nextStopNameJa":"足立第五中学校前","positionSource":"interpolated","positionMethod":"derived: elapsed since odpt:fromBusstopPoleTime / (road distance to the next stop at a calibrated 12.3 km/h), walked along the ODPT road polyline. NOT GPS — odpt:Bus carries no coordinates.","positionNote":null,"legFraction":0.498,"legGeometry":"road","bearing":233.2,"departedAt":"2026-09-12T19:30:57+09:00","updatedAt":"2026-09-12T19:32:04+09:00","validUntil":"2026-09-12T19:32:34+09:00","stale":true,"operator":"Toei"}},{"type":"Feature","geometry":{"type":"Point","coordinates":[139.763474,35.76468]},"properties":{"busId":"Toei.Ou40Kou.40001.2.E429","busNumber":"E429","routeLabel":"Ou40Kou Nishiarai Sta. → Ikebukuro Sta. Higashiguchi (East Exit)","routeLabelJa":"王４０甲 西新井駅前→池袋駅東口 荒川土手","routeId":"Toei.Ou40Kou","patternId":"Toei.Ou40Kou.40001.2","fromStop":"Arakawa-Dote","fromStopJa":"荒川土手","toStop":"Miyagi-Nichōme (Miyagi 2)","nextStopName":"Miyagi-Nichōme (Miyagi 2)","nextStopNameJa":"宮城二丁目","positionSource":"interpolated","positionMethod":"derived: elapsed since odpt:fromBusstopPoleTime / (road distance to the next stop at a calibrated 12.3 km/h), walked along the ODPT road polyline. NOT GPS — odpt:Bus carries no coordinates.","positionNote":null,"legFraction":0.38,"legGeometry":"road","bearing":241.7,"departedAt":"2026-09-12T19:29:49+09:00","updatedAt":"2026-09-12T19:32:04+09:00","validUntil":"2026-09-12T19:32:34+09:00","stale":true,"operator":"Toei"}},{"type":"Feature","geometry":{"type":"Point","coordinates":[139.739927,35.754917]},"properties":{"busId":"Toei.Ou40Kou.40001.2.G760","busNumber":"G760","routeLabel":"Ou40Kou Nishiarai Sta. → Ikebukuro Sta. Higashiguchi (East Exit)","routeLabelJa":"王４０甲 西新井駅前→池袋駅東口 豊島二丁目","routeId":"Toei.Ou40Kou","patternId":"Toei.Ou40Kou.40001.2","fromStop":"Toshima-Nichōme (Toshima 2)","fromStopJa":"豊島二丁目","toStop":"Ōji Sta.","nextStopName":"Ōji Sta.","nextStopNameJa":"王子駅前","positionSource":"interpolated","positionMethod":"derived: elapsed since odpt:fromBusstopPoleTime / (road distance to the next stop at a calibrated 12.3 km/h), walked along the ODPT road polyline. NOT GPS — odpt:Bus carries no coordinates.","positionNote":null,"legFraction":0.633,"legGeometry":"road","bearing":241.7,"departedAt":"2026-09-12T19:30:19+09:00","updatedAt":"2026-09-12T19:32:04+09:00","validUntil":"2026-09-12T19:32:34+09:00","stale":true,"operator":"Toei"}},{"type":"Feature","geometry":{"type":"Point","coordinates":[139.730108,35.745646]},"properties":{"busId":"Toei.Ou40Kou.40001.2.E515","busNumber":"E515","routeLabel":"Ou40Kou Nishiarai Sta. → Ikebukuro Sta. Higashiguchi (East Exit)","routeLabelJa":"王４０甲 西新井駅前→池袋駅東口 滝野川三丁目","routeId":"Toei.Ou40Kou","patternId":"Toei.Ou40Kou.40001.2","fromStop":"Takinogawa-Sanchōme (Takinogawa 3)","fromStopJa":"滝野川三丁目","toStop":"Nishi-Sugamo","nextStopName":"Nishi-Sugamo","nextStopNameJa":"西巣鴨","positionSource":"interpolated","positionMethod":"derived: elapsed since odpt:fromBusstopPoleTime / (road distance to the next stop at a calibrated 12.3 km/h), walked along the ODPT road polyline. NOT GPS — odpt:Bus carries no coordinates.","positionNote":null,"legFraction":0.157,"legGeometry":"road","bearing":227.5,"departedAt":"2026-09-12T19:31:46+09:00","updatedAt":"2026-09-12T19:32:04+09:00","validUntil":"2026-09-12T19:32:34+09:00","stale":true,"operator":"Toei"}},{"type":"Feature","geometry":{"type":"Point","coordinates":[139.718628,35.735204]},"properties":{"busId":"Toei.Ou40Kou.40001.2.M406","busNumber":"M406","routeLabel":"Ou40Kou Nishiarai Sta. → Ikebukuro Sta. Higashiguchi (East Exit)","routeLabelJa":"王４０甲 西新井駅前→池袋駅東口 上池袋一丁目","routeId":"Toei.Ou40Kou","patternId":"Toei.Ou40Kou.40001.2","fromStop":"Kami-Ikebukuro-Itchōme (Kami-Ikebukuro 1)","fromStopJa":"上池袋一丁目","toStop":"Hareza Ikebukuro","nextStopName":"Hareza Ikebukuro","nextStopNameJa":"Hareza池袋","positionSource":"interpolated","positionMethod":"derived: elapsed since odpt:fromBusstopPoleTime / (road distance to the next stop at a calibrated 12.3 km/h), walked along the ODPT road polyline. NOT GPS — odpt:Bus carries no coordinates.","positionNote":null,"legFraction":0.381,"legGeometry":"road","bearing":221.9,"departedAt":"2026-09-12T19:31:10+09:00","updatedAt":"2026-09-12T19:32:04+09:00","validUntil":"2026-09-12T19:32:34+09:00","stale":true,"operator":"Toei"}},{"type":"Feature","geometry":{"type":"Point","coordinates":[139.784639,35.776299]},"properties":{"busId":"Toei.Ou40Kou.40007.2.K252","busNumber":"K252","routeLabel":"Ou40Kou Nishiarai Sta. → Toshima-Gochōme-Danchi (Toshima 5-Danchi)","routeLabelJa":"王４０甲 西新井駅前→豊島五丁目団地 西新井駅前","routeId":"Toei.Ou40Kou","patternId":"Toei.Ou40Kou.40007.2","fromStop":"Nishiarai Sta.","fromStopJa":"西新井駅前","toStop":"Nishiarai Sta. Iriguchi","nextStopName":"Nishiarai Sta. Iriguchi","nextStopNameJa":"西新井駅入口","positionSource":"at-stop","positionMethod":"derived: elapsed since odpt:fromBusstopPoleTime / (road distance to the next stop at a calibrated 12.3 km/h), walked along the ODPT road polyline. NOT GPS — odpt:Bus carries no coordinates.","positionNote":"overdue for the next stop — snapped to it","legFraction":1.0,"legGeometry":"road","bearing":274.3,"departedAt":"2026-09-12T19:28:12+09:00","updatedAt":"2026-09-12T19:32:04+09:00","validUntil":"2026-09-12T19:32:34+09:00","stale":true,"operator":"Toei"}},{"type":"Feature","geometry":{"type":"Point","coordinates":[139.742173,35.766206]},"properties":{"busId":"Toei.Ou41.40101.1.C244","busNumber":"C244","routeLabel":"Ou41 Ōji Sta. → Shinden-Itchōme (Shinden 1)","routeLabelJa":"王４１ 王子駅前→新田一丁目 豊島七丁目","routeId":"Toei.Ou41","patternId":"Toei.Ou41.40101.1","fromStop":"Toshima-Nanachōme (Toshima 7)","fromStopJa":"豊島七丁目","toStop":"Shindembashi","nextStopName":"Shindembashi","nextStopNameJa":"新田橋","positionSource":"interpolated","positionMethod":"derived: elapsed since odpt:fromBusstopPoleTime / (road distance to the next stop at a calibrated 12.3 km/h), walked along the ODPT road polyline. NOT GPS — odpt:Bus carries no coordinates.","positionNote":null,"legFraction":0.702,"legGeometry":"road","bearing":2.1,"departedAt":"2026-09-12T19:30:59+09:00","updatedAt":"2026-09-12T19:32:04+09:00","validUntil":"2026-09-12T19:32:34+09:00","stale":true,"operator":"Toei"}},{"type":"Feature","geometry":{"type":"Point","coordinates":[139.783174,35.746747]},"properties":{"busId":"Toei.Kusa41.48201.1.W429","busNumber":"W429","routeLabel":"Kusa41 Adachi-Umedachō → Asakusa-Kotobukichō","routeLabelJa":"草４１ 足立梅田町→浅草寿町 一本松","routeId":"Toei.Kusa41","patternId":"Toei.Kusa41.48201.1","fromStop":"Ippommatsu","fromStopJa":"一本松","toStop":"Machiya-Itchōme (Machiya 1)","nextStopName":"Machiya-Itchōme (Machiya 1)","nextStopNameJa":"町屋一丁目","positionSource":"interpolated","positionMethod":"derived: elapsed since odpt:fromBusstopPoleTime / (road distance to the next stop at a calibrated 12.3 km/h), walked along the ODPT road polyline. NOT GPS — odpt:Bus carries no coordinates.","positionNote":null,"legFraction":0.225,"legGeometry":"road","bearing":208.0,"departedAt":"2026-09-12T19:31:44+09:00","updatedAt":"2026-09-12T19:32:04+09:00","validUntil":"2026-09-12T19:32:34+09:00","stale":true,"operator":"Toei"}},{"type":"Feature","geometry":{"type":"Point","coordinates":[139.789261,35.718172]},"properties":{"busId":"Toei.Kusa41.48201.1.K245","busNumber":"K245","routeLabel":"Kusa41 Adachi-Umedachō → Asakusa-Kotobukichō","routeLabelJa":"草４１ 足立梅田町→浅草寿町 中入谷","routeId":"Toei.Kusa41","patternId":"Toei.Kusa41.48201.1","fromStop":"Naka-Iriya","fromStopJa":"中入谷(なかいりや（たいとうく）)","toStop":"Iriya-Nichōme (Iriya 2)","nextStopName":"Iriya-Nichōme (Iriya 2)","nextStopNameJa":"入谷二丁目","positionSource":"interpolated","positionMethod":"derived: elapsed since odpt:fromBusstopPoleTime / (road distance to the next stop at a calibrated 12.3 km/h), walked along the ODPT road polyline. NOT GPS — odpt:Bus carries no coordinates.","positionNote":null,"legFraction":0.774,"legGeometry":"road","bearing":108.3,"departedAt":"2026-09-12T19:30:45+09:00","updatedAt":"2026-09-12T19:32:04+09:00","validUntil":"2026-09-12T19:32:34+09:00","stale":true,"operator":"Toei"}},{"type":"Feature","geometry":{"type":"Point","coordinates":[139.780873,35.720849]},"properties":{"busId":"Toei.Kusa41.48201.2.K248","busNumber":"K248","routeLabel":"Kusa41 Asakusa-Kotobukichō → Adachi-Umedachō","routeLabelJa":"草４１ 浅草寿町→足立梅田町 入谷鬼子母神","routeId":"Toei.Kusa41","patternId":"Toei.Kusa41.48201.2","fromStop":"Iriya-Kishimojin (Iriya-Kishimojin Temple)","fromStopJa":"入谷鬼子母神","toStop":"Shitaya-Nichōme (Shitaya 2)","nextStopName":"Shitaya-Nichōme (Shitaya 2)","nextStopNameJa":"下谷二丁目","positionSource":"at-stop","positionMethod":"derived: elapsed since odpt:fromBusstopPoleTime / (road distance to the next stop at a calibrated 12.3 km/h), walked along the ODPT road polyline. NOT GPS — odpt:Bus carries no coordinates.","positionNote":"overdue for the next stop — snapped to it","legFraction":1.0,"legGeometry":"road","bearing":292.0,"departedAt":"2026-09-12T19:30:30+09:00","updatedAt":"2026-09-12T19:32:04+09:00","validUntil":"2026-09-12T19:32:34+09:00","stale":true,"operator":"Toei"}},{"type":"Feature","geometry":{"type":"Point","coordinates":[139.792509,35.76362]},"properties":{"busId":"Toei.Kusa41.48201.2.D344","busNumber":"D344","routeLabel":"Kusa41 Asakusa-Kotobukichō → Adachi-Umedachō","routeLabelJa":"草４１ 浅草寿町→足立梅田町 放水路土手下","routeId":"Toei.Kusa41","patternId":"Toei.Kusa41.48201.2","fromStop":"Hōsuiro-Dote-Shita","fromStopJa":"放水路土手下","toStop":"Akafudō","nextStopName":"Akafudō","nextStopNameJa":"赤不動","positionSource":"at-stop","positionMethod":"derived: elapsed since odpt:fromBusstopPoleTime / (road distance to the next stop at a calibrated 12.3 km/h), walked along the ODPT road polyline. NOT GPS — odpt:Bus carries no coordinates.","positionNote":"overdue for the next stop — snapped to it","legFraction":0.998,"legGeometry":"road","bearing":22.8,"departedAt":"2026-09-12T19:31:09+09:00","updatedAt":"2026-09-12T19:32:04+09:00","validUntil":"2026-09-12T19:32:34+09:00","stale":true,"operator":"Toei"}},{"type":"Feature","geometry":{"type":"Point","coordinates":[139.774064,35.683308]},"properties":{"busId":"Toei.Higashi42-1.52201.2.M434","busNumber":"M434","routeLabel":"Higashi42-1 Tokyo Sta. Yaesuguchi(Yaesu Exit) → Minami-Senju-Shako","routeLabelJa":"東４２－１ 東京駅八重洲口→南千住車庫前 東京駅八重洲口","routeId":"Toei.Higashi42-1","patternId":"Toei.Higashi42-1.52201.2","fromStop":"Tokyo Sta. Yaesuguchi(Yaesu Exit)","fromStopJa":"東京駅八重洲口","toStop":"Nihombashi","nextStopName":"Nihombashi","nextStopNameJa":"日本橋","positionSource":"at-stop","positionMethod":"derived: elapsed since odpt:fromBusstopPoleTime / (road distance to the next stop at a calibrated 12.3 km/h), walked along the ODPT road polyline. NOT GPS — odpt:Bus carries no coordinates.","positionNote":"overdue for the next stop — snapped to it","legFraction":1.0,"legGeometry":"road","bearing":25.7,"departedAt":"2026-09-12T19:26:04+09:00","updatedAt":"2026-09-12T19:32:04+09:00","validUntil":"2026-09-12T19:32:34+09:00","stale":true,"operator":"Toei"}},{"type":"Feature","geometry":{"type":"Point","coordinates":[139.801738,35.718098]},"properties":{"busId":"Toei.Higashi42-1.52201.2.C250","busNumber":"C250","routeLabel":"Higashi42-1 Tokyo Sta. Yaesuguchi(Yaesu Exit) → Minami-Senju-Shako","routeLabelJa":"東４２－１ 東京駅八重洲口→南千住車庫前 隅田公園","routeId":"Toei.Higashi42-1","patternId":"Toei.Higashi42-1.52201.2","fromStop":"Sumida-Kōen (Sumida Park)","fromStopJa":"隅田公園","toStop":"Asakusa-Nanachōme (Asakusa 7)","nextStopName":"Asakusa-Nanachōme (Asakusa 7)","nextStopNameJa":"浅草七丁目","positionSource":"at-stop","positionMethod":"derived: elapsed since odpt:fromBusstopPoleTime / (road distance to the next stop at a calibrated 12.3 km/h), walked along the ODPT road polyline. NOT GPS — odpt:Bus carries no coordinates.","positionNote":"overdue for the next stop — snapped to it","legFraction":1.0,"legGeometry":"road","bearing":1.0,"departedAt":"2026-09-12T19:30:31+09:00","updatedAt":"2026-09-12T19:32:04+09:00","validUntil":"2026-09-12T19:32:34+09:00","stale":true,"operator":"Toei"}},{"type":"Feature","geometry":{"type":"Point","coordinates":[139.777907,35.690411]},"properties":{"busId":"Toei.Higashi42-1.52203.1.F643","busNumber":"F643","routeLabel":"Higashi42-1 Minami-Senju Sta. Nishiguchi (West Exit) → Tokyo Sta. Yaesuguchi(Yaesu Exit)","routeLabelJa":"東４２－１ 南千住駅西口→東京駅八重洲口 小伝馬町","routeId":"Toei.Higashi42-1","patternId":"Toei.Higashi42-1.52203.1","fromStop":"Kodemmachō","fromStopJa":"小伝馬町","toStop":"Honchō-Sanchōme (Honchō 3)","nextStopName":"Honchō-Sanchōme (Honchō 3)","nextStopNameJa":"本町三丁目(ほんちょうさんちょうめ（ちゅうおうく）)","positionSource":"interpolated","positionMethod":"derived: elapsed since odpt:fromBusstopPoleTime / (road distance to the next stop at a calibrated 12.3 km/h), walked along the ODPT road polyline. NOT GPS — odpt:Bus carries no coordinates.","positionNote":null,"legFraction":0.576,"legGeometry":"road","bearing":234.7,"departedAt":"2026-09-12T19:31:14+09:00","updatedAt":"2026-09-12T19:32:04+09:00","validUntil":"2026-09-12T19:32:34+09:00","stale":true,"operator":"Toei"}},{"type":"Feature","geometry":{"type":"Point","coordinates":[139.792627,35.718868]},"properties":{"busId":"Toei.Kusa43.48306.1.K247","busNumber":"K247","routeLabel":"Kusa43 Senju-Shako → Asakusa-Kotobukichō","routeLabelJa":"草４３ 千住車庫前→浅草寿町 千束","routeId":"Toei.Kusa43","patternId":"Toei.Kusa43.48306.1","fromStop":"Senzoku","fromStopJa":"千束","toStop":"Nishi-Asakusa-Sanchōme (Nishi-Asakusa 3)","nextStopName":"Nishi-Asakusa-Sanchōme (Nishi-Asakusa 3)","nextStopNameJa":"西浅草三丁目","positionSource":"interpolated","positionMethod":"derived: elapsed since odpt:fromBusstopPoleTime / (road distance to the next stop at a calibrated 12.3 km/h), walked along the ODPT road polyline. NOT GPS — odpt:Bus carries no coordinates.","positionNote":null,"legFraction":0.591,"legGeometry":"road","bearing":155.2,"departedAt":"2026-09-12T19:30:37+09:00","updatedAt":"2026-09-12T19:32:04+09:00","validUntil":"2026-09-12T19:32:34+09:00","stale":true,"operator":"Toei"}},{"type":"Feature","geometry":{"type":"Point","coordinates":[139.763481,35.685912]},"properties":{"busId":"Toei.Higashi43.40401.1.G753","busNumber":"G753","routeLabel":"Higashi43 Arakawadote-Sōshajo → Tokyo Sta. Marunouchi-Kitaguchi (Marunouchi North Exit)","routeLabelJa":"東４３ 荒川土手操車所前→東京駅丸の内北口 神田橋","routeId":"Toei.Higashi43","patternId":"Toei.Higashi43.40401.1","fromStop":"Kandabashi","fromStopJa":"神田橋","toStop":"Ōtemachi","nextStopName":"Ōtemachi","nextStopNameJa":"大手町","positionSource":"at-stop","positionMethod":"derived: elapsed since odpt:fromBusstopPoleTime / (road distance to the next stop at a calibrated 12.3 km/h), walked along the ODPT road polyline. NOT GPS — odpt:Bus carries no coordinates.","positionNote":"overdue for the next stop — snapped to it","legFraction":1.0,"legGeometry":"road","bearing":194.1,"departedAt":"2026-09-12T19:30:27+09:00","updatedAt":"2026-09-12T19:32:04+09:00","validUntil":"2026-09-12T19:32:34+09:00","stale":true,"operator":"Toei"}},{"type":"Feature","geometry":{"type":"Point","coordinates":[139.760032,35.738083]},"properties":{"busId":"Toei.Higashi43.40402.2.E426","busNumber":"E426","routeLabel":"Higashi43 Tokyo Sta. Marunouchi-Kitaguchi (Marunouchi North Exit) → Arakawa-Dote","routeLabelJa":"東４３ 東京駅丸の内北口→荒川土手 上田端","routeId":"Toei.Higashi43","patternId":"Toei.Higashi43.40402.2","fromStop":"Kami-Tabata","fromStopJa":"上田端","toStop":"Tabata Sta.","nextStopName":"Tabata Sta.","nextStopNameJa":"田端駅前","positionSource":"interpolated","positionMethod":"derived: elapsed since odpt:fromBusstopPoleTime / (road distance to the next stop at a calibrated 12.3 km/h), walked along the ODPT road polyline. NOT GPS — odpt:Bus carries no coordinates.","positionNote":null,"legFraction":0.803,"legGeometry":"road","bearing":32.6,"departedAt":"2026-09-12T19:30:21+09:00","updatedAt":"2026-09-12T19:32:04+09:00","validUntil":"2026-09-12T19:32:34+09:00","stale":true,"operator":"Toei"}},{"type":"Feature","geometry":{"type":"Point","coordinates":[139.762584,35.747621]},"properties":{"busId":"Toei.Higashi43.40403.1.C236","busNumber":"C236","routeLabel":"Higashi43 Arakawadote-Sōshajo → Komagome-Byōin (Komagome Hp.)","routeLabelJa":"東４３ 荒川土手操車所前→駒込病院前 小台","routeId":"Toei.Higashi43","patternId":"Toei.Higashi43.40403.1","fromStop":"Odai","fromStopJa":"小台","toStop":"Nishi-Ogu-Nichōme (Nishi-Ogu 2)","nextStopName":"Nishi-Ogu-Nichōme (Nishi-Ogu 2)","nextStopNameJa":"西尾久二丁目","positionSource":"interpolated","positionMethod":"derived: elapsed since odpt:fromBusstopPoleTime / (road distance to the next stop at a calibrated 12.3 km/h), walked along the ODPT road polyline. NOT GPS — odpt:Bus carries no coordinates.","positionNote":null,"legFraction":0.84,"legGeometry":"road","bearing":167.1,"departedAt":"2026-09-12T19:30:52+09:00","updatedAt":"2026-09-12T19:32:04+09:00","validUntil":"2026-09-12T19:32:34+09:00","stale":true,"operator":"Toei"}},{"type":"Feature","geometry":{"type":"Point","coordinates":[139.75684,35.75662]},"properties":{"busId":"Toei.Higashi43.40404.2.K250","busNumber":"K250","routeLabel":"Higashi43 Komagome-Byōin (Komagome Hp.) → Arakawa-Dote","routeLabelJa":"東４３ 駒込病院前→荒川土手 小台二丁目","routeId":"Toei.Higashi43","patternId":"Toei.Higashi43.40404.2","fromStop":"Odai-Nichōme (Odai 2)","fromStopJa":"小台二丁目","toStop":"Miyagi-Toei-Jūtaku","nextStopName":"Miyagi-Toei-Jūtaku","nextStopNameJa":"宮城都営住宅前","positionSource":"interpolated","positionMethod":"derived: elapsed since odpt:fromBusstopPoleTime / (road distance to the next stop at a calibrated 12.3 km/h), walked along the ODPT road polyline. NOT GPS — odpt:Bus carries no coordinates.","positionNote":null,"legFraction":0.741,"legGeometry":"road","bearing":16.3,"departedAt":"2026-09-12T19:29:52+09:00","updatedAt":"2026-09-12T19:32:04+09:00","validUntil":"2026-09-12T19:32:34+09:00","stale":true,"operator":"Toei"}},{"type":"Feature","geometry":{"type":"Point","coordinates":[139.77609,35.749575]},"properties":{"busId":"Toei.Hata44.48401.1.G812","busNumber":"G812","routeLabel":"Hata44 Kita-Senju Sta. → Komagome-Byōin (Komagome Hp.)","routeLabelJa":"端４４ 北千住駅前→駒込病院前 大門小学校前","routeId":"Toei.Hata44","patternId":"Toei.Hata44.48401.1","fromStop":"Daimon-Shōgakkō","fromStopJa":"大門小学校前","toStop":"Higashi-Ogu-Rokuchōme (Higashi-Ogu 6)","nextStopName":"Higashi-Ogu-Rokuchōme (Higashi-Ogu 6)","nextStopNameJa":"東尾久六丁目","positionSource":"interpolated","positionMethod":"derived: elapsed since odpt:fromBusstopPoleTime / (road distance to the next stop at a calibrated 12.3 km/h), walked along the ODPT road polyline. NOT GPS — odpt:Bus carries no coordinates.","positionNote":null,"legFraction":0.506,"legGeometry":"road","bearing":268.7,"departedAt":"2026-09-12T19:31:27+09:00","updatedAt":"2026-09-12T19:32:04+09:00","validUntil":"2026-09-12T19:32:34+09:00","stale":true,"operator":"Toei"}},{"type":"Feature","geometry":{"type":"Point","coordinates":[139.769415,35.746098]},"properties":{"busId":"Toei.Hata44.48401.2.B745","busNumber":"B745","routeLabel":"Hata44 Komagome-Byōin (Komagome Hp.) → Kita-Senju Sta.","routeLabelJa":"端４４ 駒込病院前→北千住駅前 尾久本町通り","routeId":"Toei.Hata44","patternId":"Toei.Hata44.48401.2","fromStop":"Ogu-Honchō-Dōri","fromStopJa":"尾久本町通り","toStop":"Kumanomae","nextStopName":"Kumanomae","nextStopNameJa":"熊野前","positionSource":"interpolated","positionMethod":"derived: elapsed since odpt:fromBusstopPoleTime / (road distance to the next stop at a calibrated 12.3 km/h), walked along the ODPT road polyline. NOT GPS — odpt:Bus carries no coordinates.","positionNote":null,"legFraction":0.273,"legGeometry":"road","bearing":9.7,"departedAt":"2026-09-12T19:31:38+09:00","updatedAt":"2026-09-12T19:32:04+09:00","validUntil":"2026-09-12T19:32:34+09:00","stale":true,"operator":"Toei"}},{"type":"Feature","geometry":{"type":"Point","coordinates":[139.794257,35.750887]},"properties":{"busId":"Toei.Hata44.48401.2.D343","busNumber":"D343","routeLabel":"Hata44 Komagome-Byōin (Komagome Hp.) → Kita-Senju Sta.","routeLabelJa":"端４４ 駒込病院前→北千住駅前 千住竜田町","routeId":"Toei.Hata44","patternId":"Toei.Hata44.48401.2","fromStop":"Senju-Tatsutachō","fromStopJa":"千住竜田町","toStop":"Senju-Nakaichō","nextStopName":"Senju-Nakaichō","nextStopNameJa":"千住中居町","positionSource":"interpolated","positionMethod":"derived: elapsed since odpt:fromBusstopPoleTime / (road distance to the next stop at a calibrated 12.3 km/h), walked along the ODPT road polyline. NOT GPS — odpt:Bus carries no coordinates.","positionNote":null,"legFraction":0.095,"legGeometry":"road","bearing":145.9,"departedAt":"2026-09-12T19:31:58+09:00","updatedAt":"2026-09-12T19:32:04+09:00","validUntil":"2026-09-12T19:32:34+09:00","stale":true,"operator":"Toei"}},{"type":"Feature","geometry":{"type":"Point","coordinates":[139.806692,35.737943]},"properties":{"busId":"Toei.Ue46.52001.1.G766","busNumber":"G766","routeLabel":"Ue46 Minami-Senju Sta. Higashiguchi (East Exit) → Ueno-Matsuzakaya (Ueno-Matsuzakaya Department Store)","routeLabelJa":"上４６ 南千住駅東口→上野松坂屋前 南千住汐入","routeId":"Toei.Ue46","patternId":"Toei.Ue46.52001.1","fromStop":"Minami-Senju-Shioiri","fromStopJa":"南千住汐入","toStop":"Hanamizuki-Dōri-Chūō","nextStopName":"Hanamizuki-Dōri-Chūō","nextStopNameJa":"はなみずき通り中央","positionSource":"interpolated","positionMethod":"derived: elapsed since odpt:fromBusstopPoleTime / (road distance to the next stop at a calibrated 12.3 km/h), walked along the ODPT road polyline. NOT GPS — odpt:Bus carries no coordinates.","positionNote":null,"legFraction":0.279,"legGeometry":"road","bearing":72.1,"departedAt":"2026-09-12T19:31:40+09:00","updatedAt":"2026-09-12T19:32:04+09:00","validUntil":"2026-09-12T19:32:34+09:00","stale":true,"operator":"Toei"}},{"type":"Feature","geometry":{"type":"Point","coordinates":[139.792593,35.714128]},"properties":{"busId":"Toei.Ue46.52001.1.W431","busNumber":"W431","routeLabel":"Ue46 Minami-Senju Sta. Higashiguchi (East Exit) → Ueno-Matsuzakaya (Ueno-Matsuzakaya Department Store)","routeLabelJa":"上４６ 南千住駅東口→上野松坂屋前 奥浅草","routeId":"Toei.Ue46","patternId":"Toei.Ue46.52001.1","fromStop":"Oku-Asakusa","fromStopJa":"奥浅草","toStop":"Asakusa-Kōen-Rokku","nextStopName":"Asakusa-Kōen-Rokku","nextStopNameJa":"浅草公園六区","positionSource":"at-stop","positionMethod":"derived: elapsed since odpt:fromBusstopPoleTime / (road distance to the next stop at a calibrated 12.3 km/h), walked along the ODPT road polyline. NOT GPS — odpt:Bus carries no coordinates.","positionNote":"overdue for the next stop — snapped to it","legFraction":1.0,"legGeometry":"road","bearing":184.6,"departedAt":"2026-09-12T19:28:37+09:00","updatedAt":"2026-09-12T19:32:04+09:00","validUntil":"2026-09-12T19:32:34+09:00","stale":true,"operator":"Toei"}},{"type":"Feature","geometry":{"type":"Point","coordinates":[139.773196,35.708587]},"properties":{"busId":"Toei.Ue46.52001.2.W461","busNumber":"W461","routeLabel":"Ue46 Ueno-Matsuzakaya (Ueno-Matsuzakaya Department Store) → Minami-Senju Sta. Higashiguchi (East Exit)","routeLabelJa":"上４６ 上野松坂屋前→南千住駅東口 上野松坂屋前","routeId":"Toei.Ue46","patternId":"Toei.Ue46.52001.2","fromStop":"Ueno-Matsuzakaya (Ueno-Matsuzakaya Department Store)","fromStopJa":"上野松坂屋前","toStop":"Ueno-Kōen-Yamashita (Ueno Park)","nextStopName":"Ueno-Kōen-Yamashita (Ueno Park)","nextStopNameJa":"上野公園山下","positionSource":"interpolated","positionMethod":"derived: elapsed since odpt:fromBusstopPoleTime / (road distance to the next stop at a calibrated 12.3 km/h), walked along the ODPT road polyline. NOT GPS — odpt:Bus carries no coordinates.","positionNote":null,"legFraction":0.449,"legGeometry":"road","bearing":10.8,"departedAt":"2026-09-12T19:31:01+09:00","updatedAt":"2026-09-12T19:32:04+09:00","validUntil":"2026-09-12T19:32:34+09:00","stale":true,"operator":"Toei"}},{"type":"Feature","geometry":{"type":"Point","coordinates":[139.794049,35.716958]},"properties":{"busId":"Toei.Ue46.52001.2.L337","busNumber":"L337","routeLabel":"Ue46 Ueno-Matsuzakaya (Ueno-Matsuzakaya Department Store) → Minami-Senju Sta. Higashiguchi (East Exit)","routeLabelJa":"上４６ 上野松坂屋前→南千住駅東口 奥浅草","routeId":"Toei.Ue46","patternId":"Toei.Ue46.52001.2","fromStop":"Oku-Asakusa","fromStopJa":"奥浅草","toStop":"Asakusa-Yonchōme (Asakusa 4)","nextStopName":"Asakusa-Yonchōme (Asakusa 4)","nextStopNameJa":"浅草四丁目","positionSource":"interpolated","positionMethod":"derived: elapsed since odpt:fromBusstopPoleTime / (road distance to the next stop at a calibrated 12.3 km/h), walked along the ODPT road polyline. NOT GPS — odpt:Bus carries no coordinates.","positionNote":null,"legFraction":0.082,"legGeometry":"road","bearing":105.1,"departedAt":"2026-09-12T19:31:55+09:00","updatedAt":"2026-09-12T19:32:04+09:00","validUntil":"2026-09-12T19:32:34+09:00","stale":true,"operator":"Toei"}},{"type":"Feature","geometry":{"type":"Point","coordinates":[139.804962,35.736381]},"properties":{"busId":"Toei.Ue46.52001.2.C247","busNumber":"C247","routeLabel":"Ue46 Ueno-Matsuzakaya (Ueno-Matsuzakaya Department Store) → Minami-Senju Sta. Higashiguchi (East Exit)","routeLabelJa":"上４６ 上野松坂屋前→南千住駅東口 南千住汐入","routeId":"Toei.Ue46","patternId":"Toei.Ue46.52001.2","fromStop":"Minami-Senju-Shioiri","fromStopJa":"南千住汐入","toStop":"Minami-Senju-Yonchōme (Minami-Senju 4)","nextStopName":"Minami-Senju-Yonchōme (Minami-Senju 4)","nextStopNameJa":"南千住四丁目","positionSource":"interpolated","positionMethod":"derived: elapsed since odpt:fromBusstopPoleTime / (road distance to the next stop at a calibrated 12.3 km/h), walked along the ODPT road polyline. NOT GPS — odpt:Bus carries no coordinates.","positionNote":null,"legFraction":0.642,"legGeometry":"road","bearing":177.5,"departedAt":"2026-09-12T19:30:58+09:00","updatedAt":"2026-09-12T19:32:04+09:00","validUntil":"2026-09-12T19:32:34+09:00","stale":true,"operator":"Toei"}},{"type":"Feature","geometry":{"type":"Point","coordinates":[139.802664,35.792336]},"properties":{"busId":"Toei.Kita47.48103.1.H952","busNumber":"H952","routeLabel":"Kita47 Takenotsuka Sta. → Kita-Senju Sta.","routeLabelJa":"北４７ 竹の塚駅前→北千住駅前 保木間仲通り","routeId":"Toei.Kita47","patternId":"Toei.Kita47.48103.1","fromStop":"Hokima-Nakadōri","fromStopJa":"保木間仲通り","toStop":"Hokima-Itchōme (Hokima 1)","nextStopName":"Hokima-Itchōme (Hokima 1)","nextStopNameJa":"保木間一丁目","positionSource":"at-stop","positionMethod":"derived: elapsed since odpt:fromBusstopPoleTime / (road distance to the next stop at a calibrated 12.3 km/h), walked along the ODPT road polyline. NOT GPS — odpt:Bus carries no coordinates.","positionNote":"overdue for the next stop — snapped to it","legFraction":1.0,"legGeometry":"road","bearing":176.7,"departedAt":"2026-09-12T19:30:50+09:00","updatedAt":"2026-09-12T19:32:04+09:00","validUntil":"2026-09-12T19:32:34+09:00","stale":true,"operator":"Toei"}},{"type":"Feature","geometry":{"type":"Point","coordinates":[139.800425,35.75168]},"properties":{"busId":"Toei.Kita47.48103.1.D350","busNumber":"D350","routeLabel":"Kita47 Takenotsuka Sta. → Kita-Senju Sta.","routeLabelJa":"北４７ 竹の塚駅前→北千住駅前 千住四丁目","routeId":"Toei.Kita47","patternId":"Toei.Kita47.48103.1","fromStop":"Senju-Yonchōme (Senju 4)","fromStopJa":"千住四丁目","toStop":"Senju-Nichōme (Senju 2)","nextStopName":"Senju-Nichōme (Senju 2)","nextStopNameJa":"千住二丁目","positionSource":"at-stop","positionMethod":"derived: elapsed since odpt:fromBusstopPoleTime / (road distance to the next stop at a calibrated 12.3 km/h), walked along the ODPT road polyline. NOT GPS — odpt:Bus carries no coordinates.","positionNote":"overdue for the next stop — snapped to it","legFraction":1.0,"legGeometry":"road","bearing":195.2,"departedAt":"2026-09-12T19:29:06+09:00","updatedAt":"2026-09-12T19:32:04+09:00","validUntil":"2026-09-12T19:32:34+09:00","stale":true,"operator":"Toei"}},{"type":"Feature","geometry":{"type":"Point","coordinates":[139.803013,35.760185]},"properties":{"busId":"Toei.Kita47.48103.2.D345","busNumber":"D345","routeLabel":"Kita47 Kita-Senju Sta. → Takenotsuka Sta.","routeLabelJa":"北４７ 北千住駅前→竹の塚駅前 千住四丁目","routeId":"Toei.Kita47","patternId":"Toei.Kita47.48103.2","fromStop":"Senju-Yonchōme (Senju 4)","fromStopJa":"千住四丁目","toStop":"Senju-Shako","nextStopName":"Senju-Shako","nextStopNameJa":"千住車庫前","positionSource":"interpolated","positionMethod":"derived: elapsed since odpt:fromBusstopPoleTime / (road distance to the next stop at a calibrated 12.3 km/h), walked along the ODPT road polyline. NOT GPS — odpt:Bus carries no coordinates.","positionNote":null,"legFraction":0.527,"legGeometry":"road","bearing":14.3,"departedAt":"2026-09-12T19:28:45+09:00","updatedAt":"2026-09-12T19:32:04+09:00","validUntil":"2026-09-12T19:32:34+09:00","stale":true,"operator":"Toei"}},{"type":"Feature","geometry":{"type":"Point","coordinates":[139.802835,35.786744]},"properties":{"busId":"Toei.Kita47.48103.2.B750","busNumber":"B750","routeLabel":"Kita47 Kita-Senju Sta. → Takenotsuka Sta.","routeLabelJa":"北４７ 北千住駅前→竹の塚駅前 平野町","routeId":"Toei.Kita47","patternId":"Toei.Kita47.48103.2","fromStop":"Hiranochō","fromStopJa":"平野町","toStop":"Rokugatsuchō","nextStopName":"Rokugatsuchō","nextStopNameJa":"六月町","positionSource":"interpolated","positionMethod":"derived: elapsed since odpt:fromBusstopPoleTime / (road distance to the next stop at a calibrated 12.3 km/h), walked along the ODPT road polyline. NOT GPS — odpt:Bus carries no coordinates.","positionNote":null,"legFraction":0.243,"legGeometry":"road","bearing":359.1,"departedAt":"2026-09-12T19:31:37+09:00","updatedAt":"2026-09-12T19:32:04+09:00","validUntil":"2026-09-12T19:32:34+09:00","stale":true,"operator":"Toei"}},{"type":"Feature","geometry":{"type":"Point","coordinates":[139.802976,35.760241]},"properties":{"busId":"Toei.Kita47.48402.2.B748","busNumber":"B748","routeLabel":"Kita47 Kita-Senju Sta. → Senju-Shako","routeLabelJa":"北４７ 北千住駅前→千住車庫前 千住四丁目","routeId":"Toei.Kita47","patternId":"Toei.Kita47.48402.2","fromStop":"Senju-Yonchōme (Senju 4)","fromStopJa":"千住四丁目","toStop":"Senju-Shako","nextStopName":"Senju-Shako","nextStopNameJa":"千住車庫前","positionSource":"interpolated","positionMethod":"derived: elapsed since odpt:fromBusstopPoleTime / (road distance to the next stop at a calibrated 12.3 km/h), walked along the ODPT road polyline. NOT GPS — odpt:Bus carries no coordinates.","positionNote":null,"legFraction":0.506,"legGeometry":"road","bearing":14.1,"departedAt":"2026-09-12T19:29:00+09:00","updatedAt":"2026-09-12T19:32:04+09:00","validUntil":"2026-09-12T19:32:34+09:00","stale":true,"operator":"Toei"}},{"type":"Feature","geometry":{"type":"Point","coordinates":[139.780024,35.777994]},"properties":{"busId":"Toei.Ou49.48001.1.F589","busNumber":"F589","routeLabel":"Ou49 Senju-Shako → Ōji Sta.","routeLabelJa":"王４９ 千住車庫前→王子駅前 西新井大師前","routeId":"Toei.Ou49","patternId":"Toei.Ou49.48001.1","fromStop":"Nishiarai-Daishi","fromStopJa":"西新井大師前","toStop":"Daigo-Chūgakkō-Ura","nextStopName":"Daigo-Chūgakkō-Ura","nextStopNameJa":"第五中学校裏","positionSource":"interpolated","positionMethod":"derived: elapsed since odpt:fromBusstopPoleTime / (road distance to the next stop at a calibrated 12.3 km/h), walked along the ODPT road polyline. NOT GPS — odpt:Bus carries no coordinates.","positionNote":null,"legFraction":0.113,"legGeometry":"road","bearing":271.6,"departedAt":"2026-09-12T19:31:48+09:00","updatedAt":"2026-09-12T19:32:04+09:00","validUntil":"2026-09-12T19:32:34+09:00","stale":true,"operator":"Toei"}},{"type":"Feature","geometry":{"type":"Point","coordinates":[139.749454,35.778768]},"properties":{"busId":"Toei.Ou49.48001.2.W426","busNumber":"W426","routeLabel":"Ou49 Ōji Sta. → Senju-Shako","routeLabelJa":"王４９ 王子駅前→千住車庫前 環七新田","routeId":"Toei.Ou49","patternId":"Toei.Ou49.48001.2","fromStop":"Kan-Nana-Shinden","fromStopJa":"環七新田","toStop":"Shikahamabashi","nextStopName":"Shikahamabashi","nextStopNameJa":"鹿浜橋","positionSource":"at-stop","positionMethod":"derived: elapsed since odpt:fromBusstopPoleTime / (road distance to the next stop at a calibrated 12.3 km/h), walked along the ODPT road polyline. NOT GPS — odpt:Bus carries no coordinates.","positionNote":"overdue for the next stop — snapped to it","legFraction":1.0,"legGeometry":"road","bearing":93.0,"departedAt":"2026-09-12T19:26:34+09:00","updatedAt":"2026-09-12T19:32:04+09:00","validUntil":"2026-09-12T19:32:34+09:00","stale":true,"operator":"Toei"}},{"type":"Feature","geometry":{"type":"Point","coordinates":[139.737362,35.756418]},"properties":{"busId":"Toei.Ou49.48502.1.K244","busNumber":"K244","routeLabel":"Ou49 Adachi-Kuyakusho (Adachi City Office) → Ōji Sta.","routeLabelJa":"王４９ 足立区役所→王子駅前 王子三丁目","routeId":"Toei.Ou49","patternId":"Toei.Ou49.48502.1","fromStop":"Ōji-Sanchōme (Ōji 3)","fromStopJa":"王子三丁目","toStop":"Ōji-Nichōme (Ōji 2)","nextStopName":"Ōji-Nichōme (Ōji 2)","nextStopNameJa":"王子二丁目","positionSource":"interpolated","positionMethod":"derived: elapsed since odpt:fromBusstopPoleTime / (road distance to the next stop at a calibrated 12.3 km/h), walked along the ODPT road polyline. NOT GPS — odpt:Bus carries no coordinates.","positionNote":null,"legFraction":0.695,"legGeometry":"road","bearing":182.7,"departedAt":"2026-09-12T19:31:03+09:00","updatedAt":"2026-09-12T19:32:04+09:00","validUntil":"2026-09-12T19:32:34+09:00","stale":true,"operator":"Toei"}},{"type":"Feature","geometry":{"type":"Point","coordinates":[139.796797,35.778571]},"properties":{"busId":"Toei.Ou49.48502.2.D351","busNumber":"D351","routeLabel":"Ou49 Ōji Sta. → Adachi-Kuyakusho (Adachi City Office)","routeLabelJa":"王４９ 王子駅前→足立区役所 島根三丁目","routeId":"Toei.Ou49","patternId":"Toei.Ou49.48502.2","fromStop":"Shimane-Sanchōme (Shimane 3)","fromStopJa":"島根三丁目","toStop":"Tōbu-Byōin (Adachi Tobu Hp. )","nextStopName":"Tōbu-Byōin (Adachi Tobu Hp. )","nextStopNameJa":"東部病院前","positionSource":"interpolated","positionMethod":"derived: elapsed since odpt:fromBusstopPoleTime / (road distance to the next stop at a calibrated 12.3 km/h), walked along the ODPT road polyline. NOT GPS — odpt:Bus carries no coordinates.","positionNote":null,"legFraction":0.423,"legGeometry":"road","bearing":88.4,"departedAt":"2026-09-12T19:31:39+09:00","updatedAt":"2026-09-12T19:32:04+09:00","validUntil":"2026-09-12T19:32:34+09:00","stale":true,"operator":"Toei"}},{"type":"Feature","geometry":{"type":"Point","coordinates":[139.760169,35.709989]},"properties":{"busId":"Toei.Cha51.36302.1.A616","busNumber":"A616","routeLabel":"Cha51 Komagome Sta. Minamiguchi (South Exit) → Akihabara Sta.","routeLabelJa":"茶５１ 駒込駅南口→秋葉原駅前 東大赤門前","routeId":"Toei.Cha51","patternId":"Toei.Cha51.36302.1","fromStop":"Tōdai-Akamon (The Univ. Of Tokyo)","fromStopJa":"東大赤門前","toStop":"Hongō-Sanchōme Sta. (Hongō 3 Sta.)","nextStopName":"Hongō-Sanchōme Sta. (Hongō 3 Sta.)","nextStopNameJa":"本郷三丁目駅前","positionSource":"interpolated","positionMethod":"derived: elapsed since odpt:fromBusstopPoleTime / (road distance to the next stop at a calibrated 12.3 km/h), walked along the ODPT road polyline. NOT GPS — odpt:Bus carries no coordinates.","positionNote":null,"legFraction":0.035,"legGeometry":"road","bearing":169.0,"departedAt":"2026-09-12T19:32:00+09:00","updatedAt":"2026-09-12T19:32:04+09:00","validUntil":"2026-09-12T19:32:34+09:00","stale":true,"operator":"Toei"}},{"type":"Feature","geometry":{"type":"Point","coordinates":[139.749494,35.732136]},"properties":{"busId":"Toei.Cha51.36302.2.E535","busNumber":"E535","routeLabel":"Cha51 Akihabara Sta. → Komagome Sta. Minamiguchi (South Exit)","routeLabelJa":"茶５１ 秋葉原駅前→駒込駅南口 上富士前","routeId":"Toei.Cha51","patternId":"Toei.Cha51.36302.2","fromStop":"Kami-Fujimae","fromStopJa":"上富士前","toStop":"Komagome Sta. Minamiguchi (South Exit)","nextStopName":"Komagome Sta. Minamiguchi (South Exit)","nextStopNameJa":"駒込駅南口","positionSource":"interpolated","positionMethod":"derived: elapsed since odpt:fromBusstopPoleTime / (road distance to the next stop at a calibrated 12.3 km/h), walked along the ODPT road polyline. NOT GPS — odpt:Bus carries no coordinates.","positionNote":null,"legFraction":0.12,"legGeometry":"road","bearing":323.9,"departedAt":"2026-09-12T19:31:44+09:00","updatedAt":"2026-09-12T19:32:04+09:00","validUntil":"2026-09-12T19:32:34+09:00","stale":true,"operator":"Toei"}},{"type":"Feature","geometry":{"type":"Point","coordinates":[139.740355,35.763983]},"properties":{"busId":"Toei.Ou55.40804.1.M409","busNumber":"M409","routeLabel":"Ou55 Ōji Sta. → Shinden-Itchōme (Shinden 1)","routeLabelJa":"王５５ 王子駅前→新田一丁目 豊島八丁目","routeId":"Toei.Ou55","patternId":"Toei.Ou55.40804.1","fromStop":"Toshima-Hatchōme (Toshima 8)","fromStopJa":"豊島八丁目","toStop":"Toshima-Nanachōme-Minami (Toshima 7 Minami)","nextStopName":"Toshima-Nanachōme-Minami (Toshima 7 Minami)","nextStopNameJa":"豊島七丁目南","positionSource":"interpolated","positionMethod":"derived: elapsed since odpt:fromBusstopPoleTime / (road distance to the next stop at a calibrated 12.3 km/h), walked along the ODPT road polyline. NOT GPS — odpt:Bus carries no coordinates.","positionNote":null,"legFraction":0.145,"legGeometry":"road","bearing":90.6,"departedAt":"2026-09-12T19:31:43+09:00","updatedAt":"2026-09-12T19:32:04+09:00","validUntil":"2026-09-12T19:32:34+09:00","stale":true,"operator":"Toei"}},{"type":"Feature","geometry":{"type":"Point","coordinates":[139.743632,35.771529]},"properties":{"busId":"Toei.Ou55.40804.2.M404","busNumber":"M404","routeLabel":"Ou55 Shinden-Itchōme (Shinden 1) → Ōji Sta.","routeLabelJa":"王５５ 新田一丁目→王子駅前 新田二丁目","routeId":"Toei.Ou55","patternId":"Toei.Ou55.40804.2","fromStop":"Shinden-Nichōme (Shinden 2)","fromStopJa":"新田二丁目","toStop":"Heart Island Iriguchi","nextStopName":"Heart Island Iriguchi","nextStopNameJa":"ハートアイランド入口","positionSource":"interpolated","positionMethod":"derived: elapsed since odpt:fromBusstopPoleTime / (road distance to the next stop at a calibrated 12.3 km/h), walked along the ODPT road polyline. NOT GPS — odpt:Bus carries no coordinates.","positionNote":null,"legFraction":0.702,"legGeometry":"road","bearing":132.8,"departedAt":"2026-09-12T19:31:06+09:00","updatedAt":"2026-09-12T19:32:04+09:00","validUntil":"2026-09-12T19:32:34+09:00","stale":true,"operator":"Toei"}},{"type":"Feature","geometry":{"type":"Point","coordinates":[139.733119,35.748111]},"properties":{"busId":"Toei.Ou55.40807.1.K251","busNumber":"K251","routeLabel":"Ou55 Ikebukuro Sta. Higashiguchi (East Exit) → Shinden-Itchōme (Shinden 1)","routeLabelJa":"王５５ 池袋駅東口→新田一丁目 滝野川三丁目","routeId":"Toei.Ou55","patternId":"Toei.Ou55.40807.1","fromStop":"Takinogawa-Sanchōme (Takinogawa 3)","fromStopJa":"滝野川三丁目","toStop":"Takinogawa-Nichōme (Takinogawa 2)","nextStopName":"Takinogawa-Nichōme (Takinogawa 2)","nextStopNameJa":"滝野川二丁目","positionSource":"at-stop","positionMethod":"derived: elapsed since odpt:fromBusstopPoleTime / (road distance to the next stop at a calibrated 12.3 km/h), walked along the ODPT road polyline. NOT GPS — odpt:Bus carries no coordinates.","positionNote":"overdue for the next stop — snapped to it","legFraction":1.0,"legGeometry":"road","bearing":47.4,"departedAt":"2026-09-12T19:30:37+09:00","updatedAt":"2026-09-12T19:32:04+09:00","validUntil":"2026-09-12T19:32:34+09:00","stale":true,"operator":"Toei"}},{"type":"Feature","geometry":{"type":"Point","coordinates":[139.749955,35.768978]},"properties":{"busId":"Toei.Ou55.40807.1.C240","busNumber":"C240","routeLabel":"Ou55 Ikebukuro Sta. Higashiguchi (East Exit) → Shinden-Itchōme (Shinden 1)","routeLabelJa":"王５５ 池袋駅東口→新田一丁目 ハートアイランド南","routeId":"Toei.Ou55","patternId":"Toei.Ou55.40807.1","fromStop":"Heart Island Minami","fromStopJa":"ハートアイランド南","toStop":"Heart Island Higashi","nextStopName":"Heart Island Higashi","nextStopNameJa":"ハートアイランド東","positionSource":"interpolated","positionMethod":"derived: elapsed since odpt:fromBusstopPoleTime / (road distance to the next stop at a calibrated 12.3 km/h), walked along the ODPT road polyline. NOT GPS — odpt:Bus carries no coordinates.","positionNote":null,"legFraction":0.251,"legGeometry":"road","bearing":354.8,"departedAt":"2026-09-12T19:31:38+09:00","updatedAt":"2026-09-12T19:32:04+09:00","validUntil":"2026-09-12T19:32:34+09:00","stale":true,"operator":"Toei"}},{"type":"Feature","geometry":{"type":"Point","coordinates":[139.737394,35.75697]},"properties":{"busId":"Toei.Ou55.40807.2.F601","busNumber":"F601","routeLabel":"Ou55 Shinden-Itchōme (Shinden 1) → Ikebukuro Sta. Higashiguchi (East Exit)","routeLabelJa":"王５５ 新田一丁目→池袋駅東口 王子三丁目","routeId":"Toei.Ou55","patternId":"Toei.Ou55.40807.2","fromStop":"Ōji-Sanchōme (Ōji 3)","fromStopJa":"王子三丁目","toStop":"Ōji-Nichōme (Ōji 2)","nextStopName":"Ōji-Nichōme (Ōji 2)","nextStopNameJa":"王子二丁目","positionSource":"interpolated","positionMethod":"derived: elapsed since odpt:fromBusstopPoleTime / (road distance to the next stop at a calibrated 12.3 km/h), walked along the ODPT road polyline. NOT GPS — odpt:Bus carries no coordinates.","positionNote":null,"legFraction":0.49,"legGeometry":"road","bearing":182.7,"departedAt":"2026-09-12T19:31:21+09:00","updatedAt":"2026-09-12T19:32:04+09:00","validUntil":"2026-09-12T19:32:34+09:00","stale":true,"operator":"Toei"}},{"type":"Feature","geometry":{"type":"Point","coordinates":[139.734727,35.768293]},"properties":{"busId":"Toei.Ou57.40301.1.L328","busNumber":"L328","routeLabel":"Ou57 Akabane Sta. Higashiguchi (East Exit) → Toshima-Gochōme-Danchi (Toshima 5-Danchi)","routeLabelJa":"王５７ 赤羽駅東口→豊島五丁目団地 北区神谷町","routeId":"Toei.Ou57","patternId":"Toei.Ou57.40301.1","fromStop":"Kitaku-Kamiyachō","fromStopJa":"北区神谷町","toStop":"Ōji-Gochōme (Ōji 5)","nextStopName":"Ōji-Gochōme (Ōji 5)","nextStopNameJa":"王子五丁目","positionSource":"interpolated","positionMethod":"derived: elapsed since odpt:fromBusstopPoleTime / (road distance to the next stop at a calibrated 12.3 km/h), walked along the ODPT road polyline. NOT GPS — odpt:Bus carries no coordinates.","positionNote":null,"legFraction":0.088,"legGeometry":"road","bearing":165.2,"departedAt":"2026-09-12T19:31:54+09:00","updatedAt":"2026-09-12T19:32:04+09:00","validUntil":"2026-09-12T19:32:34+09:00","stale":true,"operator":"Toei"}},{"type":"Feature","geometry":{"type":"Point","coordinates":[139.737375,35.757436]},"properties":{"busId":"Toei.Ou57.40301.2.C241","busNumber":"C241","routeLabel":"Ou57 Toshima-Gochōme-Danchi (Toshima 5-Danchi) → Akabane Sta. Higashiguchi (East Exit)","routeLabelJa":"王５７ 豊島五丁目団地→赤羽駅東口 王子二丁目","routeId":"Toei.Ou57","patternId":"Toei.Ou57.40301.2","fromStop":"Ōji-Nichōme (Ōji 2)","fromStopJa":"王子二丁目","toStop":"Ōji-Sanchōme (Ōji 3)","nextStopName":"Ōji-Sanchōme (Ōji 3)","nextStopNameJa":"王子三丁目","positionSource":"interpolated","positionMethod":"derived: elapsed since odpt:fromBusstopPoleTime / (road distance to the next stop at a calibrated 12.3 km/h), walked along the ODPT road polyline. NOT GPS — odpt:Bus carries no coordinates.","positionNote":null,"legFraction":0.646,"legGeometry":"road","bearing":0.2,"departedAt":"2026-09-12T19:31:08+09:00","updatedAt":"2026-09-12T19:32:04+09:00","validUntil":"2026-09-12T19:32:34+09:00","stale":true,"operator":"Toei"}},{"type":"Feature","geometry":{"type":"Point","coordinates":[139.724596,35.782938]},"properties":{"busId":"Toei.Ou57.40301.2.G756","busNumber":"G756","routeLabel":"Ou57 Toshima-Gochōme-Danchi (Toshima 5-Danchi) → Akabane Sta. Higashiguchi (East Exit)","routeLabelJa":"王５７ 豊島五丁目団地→赤羽駅東口 岩淵町","routeId":"Toei.Ou57","patternId":"Toei.Ou57.40301.2","fromStop":"Iwabuchimachi","fromStopJa":"岩淵町","toStop":"Akabane-Nichōme (Akabane 2)","nextStopName":"Akabane-Nichōme (Akabane 2)","nextStopNameJa":"赤羽二丁目","positionSource":"interpolated","positionMethod":"derived: elapsed since odpt:fromBusstopPoleTime / (road distance to the next stop at a calibrated 12.3 km/h), walked along the ODPT road polyline. NOT GPS — odpt:Bus carries no coordinates.","positionNote":null,"legFraction":0.229,"legGeometry":"road","bearing":284.2,"departedAt":"2026-09-12T19:31:47+09:00","updatedAt":"2026-09-12T19:32:04+09:00","validUntil":"2026-09-12T19:32:34+09:00","stale":true,"operator":"Toei"}},{"type":"Feature","geometry":{"type":"Point","coordinates":[139.740211,35.755042]},"properties":{"busId":"Toei.Ou57.40303.1.E419","busNumber":"E419","routeLabel":"Ou57 Ōji Sta. → Toshima-Gochōme-Danchi (Toshima 5-Danchi)","routeLabelJa":"王５７ 王子駅前→豊島五丁目団地 王子駅前","routeId":"Toei.Ou57","patternId":"Toei.Ou57.40303.1","fromStop":"Ōji Sta.","fromStopJa":"王子駅前","toStop":"Toshima-Nichōme (Toshima 2)","nextStopName":"Toshima-Nichōme (Toshima 2)","nextStopNameJa":"豊島二丁目","positionSource":"interpolated","positionMethod":"derived: elapsed since odpt:fromBusstopPoleTime / (road distance to the next stop at a calibrated 12.3 km/h), walked along the ODPT road polyline. NOT GPS — odpt:Bus carries no coordinates.","positionNote":null,"legFraction":0.372,"legGeometry":"road","bearing":61.8,"departedAt":"2026-09-12T19:31:09+09:00","updatedAt":"2026-09-12T19:32:04+09:00","validUntil":"2026-09-12T19:32:34+09:00","stale":true,"operator":"Toei"}},{"type":"Feature","geometry":{"type":"Point","coordinates":[139.744698,35.75916]},"properties":{"busId":"Toei.Ou57.40303.2.D366","busNumber":"D366","routeLabel":"Ou57 Toshima-Gochōme-Danchi (Toshima 5-Danchi) → Ōji Sta.","routeLabelJa":"王５７ 豊島五丁目団地→王子駅前 豊島三丁目","routeId":"Toei.Ou57","patternId":"Toei.Ou57.40303.2","fromStop":"Toshima-Sanchōme (Toshima 3)","fromStopJa":"豊島三丁目","toStop":"Toshima-Nichōme (Toshima 2)","nextStopName":"Toshima-Nichōme (Toshima 2)","nextStopNameJa":"豊島二丁目","positionSource":"interpolated","positionMethod":"derived: elapsed since odpt:fromBusstopPoleTime / (road distance to the next stop at a calibrated 12.3 km/h), walked along the ODPT road polyline. NOT GPS — odpt:Bus carries no coordinates.","positionNote":null,"legFraction":0.251,"legGeometry":"road","bearing":218.2,"departedAt":"2026-09-12T19:31:40+09:00","updatedAt":"2026-09-12T19:32:04+09:00","validUntil":"2026-09-12T19:32:34+09:00","stale":true,"operator":"Toei"}},{"type":"Feature","geometry":{"type":"Point","coordinates":[139.745867,35.730048]},"properties":{"busId":"Toei.Ue58.20101.1.G746","busNumber":"G746","routeLabel":"Ue58 Waseda → Ueno-Matsuzakaya (Ueno-Matsuzakaya Department Store)","routeLabelJa":"上５８ 早稲田→上野松坂屋前 千石一丁目","routeId":"Toei.Ue58","patternId":"Toei.Ue58.20101.1","fromStop":"Sengoku-Itchōme (Sengoku 1)","fromStopJa":"千石一丁目(せんごくいっちょうめ（ぶんきょうく）)","toStop":"Bunkyō Green Court","nextStopName":"Bunkyō Green Court","nextStopNameJa":"文京グリーンコート前","positionSource":"interpolated","positionMethod":"derived: elapsed since odpt:fromBusstopPoleTime / (road distance to the next stop at a calibrated 12.3 km/h), walked along the ODPT road polyline. NOT GPS — odpt:Bus carries no coordinates.","positionNote":null,"legFraction":0.65,"legGeometry":"road","bearing":51.9,"departedAt":"2026-09-12T19:31:04+09:00","updatedAt":"2026-09-12T19:32:04+09:00","validUntil":"2026-09-12T19:32:34+09:00","stale":true,"operator":"Toei"}},{"type":"Feature","geometry":{"type":"Point","coordinates":[139.76666,35.716314]},"properties":{"busId":"Toei.Ue58.20101.1.D361","busNumber":"D361","routeLabel":"Ue58 Waseda → Ueno-Matsuzakaya (Ueno-Matsuzakaya Department Store)","routeLabelJa":"上５８ 早稲田→上野松坂屋前 根津駅前","routeId":"Toei.Ue58","patternId":"Toei.Ue58.20101.1","fromStop":"Nezu Sta.","fromStopJa":"根津駅前","toStop":"Ikenohata-Nichōme (Ikenohata 2)","nextStopName":"Ikenohata-Nichōme (Ikenohata 2)","nextStopNameJa":"池之端二丁目","positionSource":"interpolated","positionMethod":"derived: elapsed since odpt:fromBusstopPoleTime / (road distance to the next stop at a calibrated 12.3 km/h), walked along the ODPT road polyline. NOT GPS — odpt:Bus carries no coordinates.","positionNote":null,"legFraction":0.657,"legGeometry":"road","bearing":151.0,"departedAt":"2026-09-12T19:30:49+09:00","updatedAt":"2026-09-12T19:32:04+09:00","validUntil":"2026-09-12T19:32:34+09:00","stale":true,"operator":"Toei"}},{"type":"Feature","geometry":{"type":"Point","coordinates":[139.773393,35.709422]},"properties":{"busId":"Toei.Ue58.20101.2.E520","busNumber":"E520","routeLabel":"Ue58 Ueno-Matsuzakaya (Ueno-Matsuzakaya Department Store) → Waseda","routeLabelJa":"上５８ 上野松坂屋前→早稲田 上野松坂屋前","routeId":"Toei.Ue58","patternId":"Toei.Ue58.20101.2","fromStop":"Ueno-Matsuzakaya (Ueno-Matsuzakaya Department Store)","fromStopJa":"上野松坂屋前","toStop":"Ueno-Kōen (Ueno Park)","nextStopName":"Ueno-Kōen (Ueno Park)","nextStopNameJa":"上野公園","positionSource":"interpolated","positionMethod":"derived: elapsed since odpt:fromBusstopPoleTime / (road distance to the next stop at a calibrated 12.3 km/h), walked along the ODPT road polyline. NOT GPS — odpt:Bus carries no coordinates.","positionNote":null,"legFraction":0.526,"legGeometry":"road","bearing":10.8,"departedAt":"2026-09-12T19:30:56+09:00","updatedAt":"2026-09-12T19:32:04+09:00","validUntil":"2026-09-12T19:32:34+09:00","stale":true,"operator":"Toei"}},{"type":"Feature","geometry":{"type":"Point","coordinates":[139.76259,35.723272]},"properties":{"busId":"Toei.Ue58.20101.2.E395","busNumber":"E395","routeLabel":"Ue58 Ueno-Matsuzakaya (Ueno-Matsuzakaya Department Store) → Waseda","routeLabelJa":"上５８ 上野松坂屋前→早稲田 千駄木二丁目","routeId":"Toei.Ue58","patternId":"Toei.Ue58.20101.2","fromStop":"Sendagi-Nichōme (Sendagi 2)","fromStopJa":"千駄木二丁目","toStop":"Dangozaka-Shita","nextStopName":"Dangozaka-Shita","nextStopNameJa":"団子坂下","positionSource":"interpolated","positionMethod":"derived: elapsed since odpt:fromBusstopPoleTime / (road distance to the next stop at a calibrated 12.3 km/h), walked along the ODPT road polyline. NOT GPS — odpt:Bus carries no coordinates.","positionNote":null,"legFraction":0.635,"legGeometry":"road","bearing":13.5,"departedAt":"2026-09-12T19:31:03+09:00","updatedAt":"2026-09-12T19:32:04+09:00","validUntil":"2026-09-12T19:32:34+09:00","stale":true,"operator":"Toei"}},{"type":"Feature","geometry":{"type":"Point","coordinates":[139.738274,35.724217]},"properties":{"busId":"Toei.Ue58.20101.2.Y488","busNumber":"Y488","routeLabel":"Ue58 Ueno-Matsuzakaya (Ueno-Matsuzakaya Department Store) → Waseda","routeLabelJa":"上５８ 上野松坂屋前→早稲田 千石二丁目","routeId":"Toei.Ue58","patternId":"Toei.Ue58.20101.2","fromStop":"Sengoku-Nichōme (Sengoku 2)","fromStopJa":"千石二丁目(せんごくにちょうめ（ぶんきょうく）)","toStop":"Sengoku-Sanchōme (Sengoku 3)","nextStopName":"Sengoku-Sanchōme (Sengoku 3)","nextStopNameJa":"千石三丁目","positionSource":"interpolated","positionMethod":"derived: elapsed since odpt:fromBusstopPoleTime / (road distance to the next stop at a calibrated 12.3 km/h), walked along the ODPT road polyline. NOT GPS — odpt:Bus carries no coordinates.","positionNote":null,"legFraction":0.543,"legGeometry":"road","bearing":232.6,"departedAt":"2026-09-12T19:31:00+09:00","updatedAt":"2026-09-12T19:32:04+09:00","validUntil":"2026-09-12T19:32:34+09:00","stale":true,"operator":"Toei"}},{"type":"Feature","geometry":{"type":"Point","coordinates":[139.727614,35.720283]},"properties":{"busId":"Toei.Ue58.20101.2.K233","busNumber":"K233","routeLabel":"Ue58 Ueno-Matsuzakaya (Ueno-Matsuzakaya Department Store) → Waseda","routeLabelJa":"上５８ 上野松坂屋前→早稲田 護国寺正門前","routeId":"Toei.Ue58","patternId":"Toei.Ue58.20101.2","fromStop":"Gokokuji-Seimon (Gokokuji Temple)","fromStopJa":"護国寺正門前","toStop":"Otowa-Nichōme (Otowa 2)","nextStopName":"Otowa-Nichōme (Otowa 2)","nextStopNameJa":"音羽二丁目","positionSource":"interpolated","positionMethod":"derived: elapsed since odpt:fromBusstopPoleTime / (road distance to the next stop at a calibrated 12.3 km/h), walked along the ODPT road polyline. NOT GPS — odpt:Bus carries no coordinates.","positionNote":null,"legFraction":0.042,"legGeometry":"road","bearing":248.2,"departedAt":"2026-09-12T19:31:59+09:00","updatedAt":"2026-09-12T19:32:04+09:00","validUntil":"2026-09-12T19:32:34+09:00","stale":true,"operator":"Toei"}},{"type":"Feature","geometry":{"type":"Point","coordinates":[139.754664,35.711429]},"properties":{"busId":"Toei.Ue60.32402.1.B735","busNumber":"B735","routeLabel":"Ue60 Ōtsuka Sta. → Ueno-Kōen (Ueno Park)","routeLabelJa":"上６０ 大塚駅前→上野公園 春日駅前","routeId":"Toei.Ue60","patternId":"Toei.Ue60.32402.1","fromStop":"Kasuga Sta.","fromStopJa":"春日駅前","toStop":"Kikusaka-Shita","nextStopName":"Kikusaka-Shita","nextStopNameJa":"菊坂下","positionSource":"at-stop","positionMethod":"derived: elapsed since odpt:fromBusstopPoleTime / (road distance to the next stop at a calibrated 12.3 km/h), walked along the ODPT road polyline. NOT GPS — odpt:Bus carries no coordinates.","positionNote":"overdue for the next stop — snapped to it","legFraction":1.0,"legGeometry":"road","bearing":80.8,"departedAt":"2026-09-12T19:28:55+09:00","updatedAt":"2026-09-12T19:32:04+09:00","validUntil":"2026-09-12T19:32:34+09:00","stale":true,"operator":"Toei"}},{"type":"Feature","geometry":{"type":"Point","coordinates":[139.690428,35.722737]},"properties":{"busId":"Toei.Shiro61.44201.1.F681","busNumber":"F681","routeLabel":"Shiro61 Nerima-Shako → Shinjuku Sta. Nishiguchi (West Exit)","routeLabelJa":"白６１ 練馬車庫前→新宿駅西口 南長崎三丁目","routeId":"Toei.Shiro61","patternId":"Toei.Shiro61.44201.1","fromStop":"Minami-Nagasaki-Sanchōme (Minami-Nagasaki 3)","fromStopJa":"南長崎三丁目","toStop":"Minami-Nagasaki-Nichōme (Minami-Nagasaki 2)","nextStopName":"Minami-Nagasaki-Nichōme (Minami-Nagasaki 2)","nextStopNameJa":"南長崎二丁目","positionSource":"at-stop","positionMethod":"derived: elapsed since odpt:fromBusstopPoleTime / (road distance to the next stop at a calibrated 12.3 km/h), walked along the ODPT road polyline. NOT GPS — odpt:Bus carries no coordinates.","positionNote":"overdue for the next stop — snapped to it","legFraction":1.0,"legGeometry":"road","bearing":121.8,"departedAt":"2026-09-12T19:29:01+09:00","updatedAt":"2026-09-12T19:32:04+09:00","validUntil":"2026-09-12T19:32:34+09:00","stale":true,"operator":"Toei"}},{"type":"Feature","geometry":{"type":"Point","coordinates":[139.720961,35.715897]},"properties":{"busId":"Toei.Shiro61.44201.1.K254","busNumber":"K254","routeLabel":"Shiro61 Nerima-Shako → Shinjuku Sta. Nishiguchi (West Exit)","routeLabelJa":"白６１ 練馬車庫前→新宿駅西口 日本女子大前","routeId":"Toei.Shiro61","patternId":"Toei.Shiro61.44201.1","fromStop":"Nihon-Joshi-Dai (Japan Women's Univ.)","fromStopJa":"日本女子大前","toStop":"Mejirodai-Sanchōme (Mejirodai 3)","nextStopName":"Mejirodai-Sanchōme (Mejirodai 3)","nextStopNameJa":"目白台三丁目","positionSource":"interpolated","positionMethod":"derived: elapsed since odpt:fromBusstopPoleTime / (road distance to the next stop at a calibrated 12.3 km/h), walked along the ODPT road polyline. NOT GPS — odpt:Bus carries no coordinates.","positionNote":null,"legFraction":0.271,"legGeometry":"road","bearing":106.1,"departedAt":"2026-09-12T19:31:29+09:00","updatedAt":"2026-09-12T19:32:04+09:00","validUntil":"2026-09-12T19:32:34+09:00","stale":true,"operator":"Toei"}},{"type":"Feature","geometry":{"type":"Point","coordinates":[139.724496,35.693836]},"properties":{"busId":"Toei.Shiro61.44201.1.M425","busNumber":"M425","routeLabel":"Shiro61 Nerima-Shako → Shinjuku Sta. Nishiguchi (West Exit)","routeLabelJa":"白６１ 練馬車庫前→新宿駅西口 市谷仲之町交差点","routeId":"Toei.Shiro61","patternId":"Toei.Shiro61.44201.1","fromStop":"Ichigaya-Nakanochō-Kōsaten","fromStopJa":"市谷仲之町交差点","toStop":"Akebonobashi","nextStopName":"Akebonobashi","nextStopNameJa":"曙橋","positionSource":"interpolated","positionMethod":"derived: elapsed since odpt:fromBusstopPoleTime / (road distance to the next stop at a calibrated 12.3 km/h), walked along the ODPT road polyline. NOT GPS — odpt:Bus carries no coordinates.","positionNote":null,"legFraction":0.255,"legGeometry":"road","bearing":193.8,"departedAt":"2026-09-12T19:31:16+09:00","updatedAt":"2026-09-12T19:32:04+09:00","validUntil":"2026-09-12T19:32:34+09:00","stale":true,"operator":"Toei"}},{"type":"Feature","geometry":{"type":"Point","coordinates":[139.700973,35.693731]},"properties":{"busId":"Toei.Shiro61.44201.2.G743","busNumber":"G743","routeLabel":"Shiro61 Shinjuku Sta. Nishiguchi (West Exit) → Nerima-Shako","routeLabelJa":"白６１ 新宿駅西口→練馬車庫前 新宿駅西口","routeId":"Toei.Shiro61","patternId":"Toei.Shiro61.44201.2","fromStop":"Shinjuku Sta. Nishiguchi (West Exit)","fromStopJa":"新宿駅西口","toStop":"Kabukichō","nextStopName":"Kabukichō","nextStopNameJa":"歌舞伎町","positionSource":"interpolated","positionMethod":"derived: elapsed since odpt:fromBusstopPoleTime / (road distance to the next stop at a calibrated 12.3 km/h), walked along the ODPT road polyline. NOT GPS — odpt:Bus carries no coordinates.","positionNote":null,"legFraction":0.753,"legGeometry":"road","bearing":102.8,"departedAt":"2026-09-12T19:29:05+09:00","updatedAt":"2026-09-12T19:32:04+09:00","validUntil":"2026-09-12T19:32:34+09:00","stale":true,"operator":"Toei"}},{"type":"Feature","geometry":{"type":"Point","coordinates":[139.724324,35.693711]},"properties":{"busId":"Toei.Shiro61.44201.2.C246","busNumber":"C246","routeLabel":"Shiro61 Shinjuku Sta. Nishiguchi (West Exit) → Nerima-Shako","routeLabelJa":"白６１ 新宿駅西口→練馬車庫前 市谷仲之町交差点","routeId":"Toei.Shiro61","patternId":"Toei.Shiro61.44201.2","fromStop":"Ichigaya-Nakanochō-Kōsaten","fromStopJa":"市谷仲之町交差点","toStop":"Yakuōjimachi","nextStopName":"Yakuōjimachi","nextStopNameJa":"薬王寺町","positionSource":"interpolated","positionMethod":"derived: elapsed since odpt:fromBusstopPoleTime / (road distance to the next stop at a calibrated 12.3 km/h), walked along the ODPT road polyline. NOT GPS — odpt:Bus carries no coordinates.","positionNote":null,"legFraction":0.113,"legGeometry":"road","bearing":13.7,"departedAt":"2026-09-12T19:31:52+09:00","updatedAt":"2026-09-12T19:32:04+09:00","validUntil":"2026-09-12T19:32:34+09:00","stale":true,"operator":"Toei"}},{"type":"Feature","geometry":{"type":"Point","coordinates":[139.727592,35.712387]},"properties":{"busId":"Toei.Shiro61.44201.2.C221","busNumber":"C221","routeLabel":"Shiro61 Shinjuku Sta. Nishiguchi (West Exit) → Nerima-Shako","routeLabelJa":"白６１ 新宿駅西口→練馬車庫前 江戸川橋","routeId":"Toei.Shiro61","patternId":"Toei.Shiro61.44201.2","fromStop":"Edogawabashi","fromStopJa":"江戸川橋","toStop":"HOTEL-CHINZANSO-TOKYO","nextStopName":"HOTEL-CHINZANSO-TOKYO","nextStopNameJa":"ホテル椿山荘東京前","positionSource":"interpolated","positionMethod":"derived: elapsed since odpt:fromBusstopPoleTime / (road distance to the next stop at a calibrated 12.3 km/h), walked along the ODPT road polyline. NOT GPS — odpt:Bus carries no coordinates.","positionNote":null,"legFraction":0.696,"legGeometry":"road","bearing":305.0,"departedAt":"2026-09-12T19:29:59+09:00","updatedAt":"2026-09-12T19:32:04+09:00","validUntil":"2026-09-12T19:32:34+09:00","stale":true,"operator":"Toei"}},{"type":"Feature","geometry":{"type":"Point","coordinates":[139.700725,35.722355]},"properties":{"busId":"Toei.Shiro61.44201.2.F581","busNumber":"F581","routeLabel":"Shiro61 Shinjuku Sta. Nishiguchi (West Exit) → Nerima-Shako","routeLabelJa":"白６１ 新宿駅西口→練馬車庫前 下落合三丁目","routeId":"Toei.Shiro61","patternId":"Toei.Shiro61.44201.2","fromStop":"Shimo-Ochiai-Sanchōme (Shimo-Ochiai 3)","fromStopJa":"下落合三丁目","toStop":"Shimo-Ochiai-Yonchōme (Shimo-Ochiai 4)","nextStopName":"Shimo-Ochiai-Yonchōme (Shimo-Ochiai 4)","nextStopNameJa":"下落合四丁目","positionSource":"interpolated","positionMethod":"derived: elapsed since odpt:fromBusstopPoleTime / (road distance to the next stop at a calibrated 12.3 km/h), walked along the ODPT road polyline. NOT GPS — odpt:Bus carries no coordinates.","positionNote":null,"legFraction":0.362,"legGeometry":"road","bearing":261.4,"departedAt":"2026-09-12T19:31:16+09:00","updatedAt":"2026-09-12T19:32:04+09:00","validUntil":"2026-09-12T19:32:34+09:00","stale":true,"operator":"Toei"}},{"type":"Feature","geometry":{"type":"Point","coordinates":[139.675352,35.73058]},"properties":{"busId":"Toei.Shiro61.44201.2.F582","busNumber":"F582","routeLabel":"Shiro61 Shinjuku Sta. Nishiguchi (West Exit) → Nerima-Shako","routeLabelJa":"白６１ 新宿駅西口→練馬車庫前 江原町中野通り","routeId":"Toei.Shiro61","patternId":"Toei.Shiro61.44201.2","fromStop":"Eharachō-Nakano-Dōri","fromStopJa":"江原町中野通り","toStop":"Eharachō-Itchōme (Eharachō 1)","nextStopName":"Eharachō-Itchōme (Eharachō 1)","nextStopNameJa":"江原町一丁目","positionSource":"interpolated","positionMethod":"derived: elapsed since odpt:fromBusstopPoleTime / (road distance to the next stop at a calibrated 12.3 km/h), walked along the ODPT road polyline. NOT GPS — odpt:Bus carries no coordinates.","positionNote":null,"legFraction":0.74,"legGeometry":"road","bearing":300.2,"departedAt":"2026-09-12T19:30:58+09:00","updatedAt":"2026-09-12T19:32:04+09:00","validUntil":"2026-09-12T19:32:34+09:00","stale":true,"operator":"Toei"}},{"type":"Feature","geometry":{"type":"Point","coordinates":[139.72487,35.714978]},"properties":{"busId":"Toei.Shiro61.44204.2.M421","busNumber":"M421","routeLabel":"Shiro61 HOTEL-CHINZANSO-TOKYO → Mejiro Sta.","routeLabelJa":"白６１ ホテル椿山荘東京前→目白駅前 ホテル椿山荘東京前","routeId":"Toei.Shiro61","patternId":"Toei.Shiro61.44204.2","fromStop":"HOTEL-CHINZANSO-TOKYO","fromStopJa":"ホテル椿山荘東京前","toStop":"Mejirodai-Sanchōme (Mejirodai 3)","nextStopName":"Mejirodai-Sanchōme (Mejirodai 3)","nextStopNameJa":"目白台三丁目","positionSource":"interpolated","positionMethod":"derived: elapsed since odpt:fromBusstopPoleTime / (road distance to the next stop at a calibrated 12.3 km/h), walked along the ODPT road polyline. NOT GPS — odpt:Bus carries no coordinates.","positionNote":null,"legFraction":0.812,"legGeometry":"road","bearing":321.3,"departedAt":"2026-09-12T19:31:01+09:00","updatedAt":"2026-09-12T19:32:04+09:00","validUntil":"2026-09-12T19:32:34+09:00","stale":true,"operator":"Toei"}},{"type":"Feature","geometry":{"type":"Point","coordinates":[139.704627,35.701215]},"properties":{"busId":"Toei.Hashi63.16401.1.D911","busNumber":"D911","routeLabel":"Hashi63 Otakibashi-Shako → Shimbashi Sta.","routeLabelJa":"橋６３ 小滝橋車庫前→新橋駅前 新大久保駅前","routeId":"Toei.Hashi63","patternId":"Toei.Hashi63.16401.1","fromStop":"Shin-Ōkubo Sta.","fromStopJa":"新大久保駅前","toStop":"Ōkubo-Nichōme (Ōkubo 2)","nextStopName":"Ōkubo-Nichōme (Ōkubo 2)","nextStopNameJa":"大久保二丁目","positionSource":"at-stop","positionMethod":"derived: elapsed since odpt:fromBusstopPoleTime / (road distance to the next stop at a calibrated 12.3 km/h), walked along the ODPT road polyline. NOT GPS — odpt:Bus carries no coordinates.","positionNote":"overdue for the next stop — snapped to it","legFraction":1.0,"legGeometry":"road","bearing":95.2,"departedAt":"2026-09-12T19:29:36+09:00","updatedAt":"2026-09-12T19:32:04+09:00","validUntil":"2026-09-12T19:32:34+09:00","stale":true,"operator":"Toei"}},{"type":"Feature","geometry":{"type":"Point","coordinates":[139.756155,35.668144]},"properties":{"busId":"Toei.Hashi63.16401.1.F679","busNumber":"F679","routeLabel":"Hashi63 Otakibashi-Shako → Shimbashi Sta.","routeLabelJa":"橋６３ 小滝橋車庫前→新橋駅前 内幸町","routeId":"Toei.Hashi63","patternId":"Toei.Hashi63.16401.1","fromStop":"Uchisaiwaichō","fromStopJa":"内幸町","toStop":"Shimbashi Sta.","nextStopName":"Shimbashi Sta.","nextStopNameJa":"新橋駅前","positionSource":"interpolated","positionMethod":"derived: elapsed since odpt:fromBusstopPoleTime / (road distance to the next stop at a calibrated 12.3 km/h), walked along the ODPT road polyline. NOT GPS — odpt:Bus carries no coordinates.","positionNote":null,"legFraction":0.531,"legGeometry":"road","bearing":111.5,"departedAt":"2026-09-12T19:30:34+09:00","updatedAt":"2026-09-12T19:32:04+09:00","validUntil":"2026-09-12T19:32:34+09:00","stale":true,"operator":"Toei"}},{"type":"Feature","geometry":{"type":"Point","coordinates":[139.729434,35.699133]},"properties":{"busId":"Toei.Hashi63.16401.2.A591","busNumber":"A591","routeLabel":"Hashi63 Shimbashi Sta. → Otakibashi-Shako","routeLabelJa":"橋６３ 新橋駅前→小滝橋車庫前 牛込北町","routeId":"Toei.Hashi63","patternId":"Toei.Hashi63.16401.2","fromStop":"Ushigome-Kitamachi","fromStopJa":"牛込北町","toStop":"Yamabushichō","nextStopName":"Yamabushichō","nextStopNameJa":"山伏町","positionSource":"at-stop","positionMethod":"derived: elapsed since odpt:fromBusstopPoleTime / (road distance to the next stop at a calibrated 12.3 km/h), walked along the ODPT road polyline. NOT GPS — odpt:Bus carries no coordinates.","positionNote":"overdue for the next stop — snapped to it","legFraction":1.0,"legGeometry":"road","bearing":283.6,"departedAt":"2026-09-12T19:30:25+09:00","updatedAt":"2026-09-12T19:32:04+09:00","validUntil":"2026-09-12T19:32:34+09:00","stale":true,"operator":"Toei"}},{"type":"Feature","geometry":{"type":"Point","coordinates":[139.74041,35.732158]},"properties":{"busId":"Toei.Kusa63.36001.1.H893","busNumber":"H893","routeLabel":"Kusa63 Ikebukuro Sta. Higashiguchi (East Exit) → Asakusa-Kotobukichō","routeLabelJa":"草６３ 池袋駅東口→浅草寿町 巣鴨駅前","routeId":"Toei.Kusa63","patternId":"Toei.Kusa63.36001.1","fromStop":"Sugamo Sta.","fromStopJa":"巣鴨駅前","toStop":"Sugamo Sta. Minamiguchi (South Exit)","nextStopName":"Sugamo Sta. Minamiguchi (South Exit)","nextStopNameJa":"巣鴨駅南口","positionSource":"at-stop","positionMethod":"derived: elapsed since odpt:fromBusstopPoleTime / (road distance to the next stop at a calibrated 12.3 km/h), walked along the ODPT road polyline. NOT GPS — odpt:Bus carries no coordinates.","positionNote":"overdue for the next stop — snapped to it","legFraction":1.0,"legGeometry":"road","bearing":135.3,"departedAt":"2026-09-12T19:30:01+09:00","updatedAt":"2026-09-12T19:32:04+09:00","validUntil":"2026-09-12T19:32:34+09:00","stale":true,"operator":"Toei"}},{"type":"Feature","geometry":{"type":"Point","coordinates":[139.76625,35.732086]},"properties":{"busId":"Toei.Kusa63.36001.1.Z505","busNumber":"Z505","routeLabel":"Kusa63 Ikebukuro Sta. Higashiguchi (East Exit) → Asakusa-Kotobukichō","routeLabelJa":"草６３ 池袋駅東口→浅草寿町 西日暮里駅前","routeId":"Toei.Kusa63","patternId":"Toei.Kusa63.36001.1","fromStop":"Nishi-Nippori Sta.","fromStopJa":"西日暮里駅前","toStop":"Nishi-Nippori-Gochōme (Nishi-Nippori 5)","nextStopName":"Nishi-Nippori-Gochōme (Nishi-Nippori 5)","nextStopNameJa":"西日暮里五丁目","positionSource":"interpolated","positionMethod":"derived: elapsed since odpt:fromBusstopPoleTime / (road distance to the next stop at a calibrated 12.3 km/h), walked along the ODPT road polyline. NOT GPS — odpt:Bus carries no coordinates.","positionNote":null,"legFraction":0.079,"legGeometry":"road","bearing":60.4,"departedAt":"2026-09-12T19:31:57+09:00","updatedAt":"2026-09-12T19:32:04+09:00","validUntil":"2026-09-12T19:32:34+09:00","stale":true,"operator":"Toei"}},{"type":"Feature","geometry":{"type":"Point","coordinates":[139.791279,35.7293]},"properties":{"busId":"Toei.Kusa63.36001.1.L324","busNumber":"L324","routeLabel":"Kusa63 Ikebukuro Sta. Higashiguchi (East Exit) → Asakusa-Kotobukichō","routeLabelJa":"草６３ 池袋駅東口→浅草寿町 大関横丁","routeId":"Toei.Kusa63","patternId":"Toei.Kusa63.36001.1","fromStop":"Ōzeki-Yokochō","fromStopJa":"大関横丁","toStop":"Minowa Sta.","nextStopName":"Minowa Sta.","nextStopNameJa":"三ノ輪駅前","positionSource":"at-stop","positionMethod":"derived: elapsed since odpt:fromBusstopPoleTime / (road distance to the next stop at a calibrated 12.3 km/h), walked along the ODPT road polyline. NOT GPS — odpt:Bus carries no coordinates.","positionNote":"overdue for the next stop — snapped to it","legFraction":1.0,"legGeometry":"road","bearing":217.3,"departedAt":"2026-09-12T19:29:40+09:00","updatedAt":"2026-09-12T19:32:04+09:00","validUntil":"2026-09-12T19:32:34+09:00","stale":true,"operator":"Toei"}},{"type":"Feature","geometry":{"type":"Point","coordinates":[139.79264,35.71644]},"properties":{"busId":"Toei.Kusa63.36002.2.H891","busNumber":"H891","routeLabel":"Kusa63 Kaminarimon-Itchōme (Kaminarimon 1) → Ikebukuro Sta. Higashiguchi (East Exit)","routeLabelJa":"草６３ 雷門一丁目→池袋駅東口 西浅草三丁目","routeId":"Toei.Kusa63","patternId":"Toei.Kusa63.36002.2","fromStop":"Nishi-Asakusa-Sanchōme (Nishi-Asakusa 3)","fromStopJa":"西浅草三丁目","toStop":"Senzoku","nextStopName":"Senzoku","nextStopNameJa":"千束","positionSource":"interpolated","positionMethod":"derived: elapsed since odpt:fromBusstopPoleTime / (road distance to the next stop at a calibrated 12.3 km/h), walked along the ODPT road polyline. NOT GPS — odpt:Bus carries no coordinates.","positionNote":null,"legFraction":0.0,"legGeometry":"road","bearing":0.8,"departedAt":"2026-09-12T19:32:04+09:00","updatedAt":"2026-09-12T19:32:04+09:00","validUntil":"2026-09-12T19:32:34+09:00","stale":true,"operator":"Toei"}},{"type":"Feature","geometry":{"type":"Point","coordinates":[139.781833,35.735551]},"properties":{"busId":"Toei.Kusa63.36002.2.A620","busNumber":"A620","routeLabel":"Kusa63 Kaminarimon-Itchōme (Kaminarimon 1) → Ikebukuro Sta. Higashiguchi (East Exit)","routeLabelJa":"草６３ 雷門一丁目→池袋駅東口 荒川区役所前","routeId":"Toei.Kusa63","patternId":"Toei.Kusa63.36002.2","fromStop":"Arakawa-Kuyakusho (Arakawa City Office)","fromStopJa":"荒川区役所前","toStop":"Arakawa-Sanchōme (Arakawa 3)","nextStopName":"Arakawa-Sanchōme (Arakawa 3)","nextStopNameJa":"荒川三丁目","positionSource":"interpolated","positionMethod":"derived: elapsed since odpt:fromBusstopPoleTime / (road distance to the next stop at a calibrated 12.3 km/h), walked along the ODPT road polyline. NOT GPS — odpt:Bus carries no coordinates.","positionNote":null,"legFraction":0.799,"legGeometry":"road","bearing":290.3,"departedAt":"2026-09-12T19:31:01+09:00","updatedAt":"2026-09-12T19:32:04+09:00","validUntil":"2026-09-12T19:32:34+09:00","stale":true,"operator":"Toei"}},{"type":"Feature","geometry":{"type":"Point","coordinates":[139.756246,35.724154]},"properties":{"busId":"Toei.Kusa63.36002.2.D303","busNumber":"D303","routeLabel":"Kusa63 Kaminarimon-Itchōme (Kaminarimon 1) → Ikebukuro Sta. Higashiguchi (East Exit)","routeLabelJa":"草６３ 雷門一丁目→池袋駅東口 駒込千駄木町","routeId":"Toei.Kusa63","patternId":"Toei.Kusa63.36002.2","fromStop":"Komagome-Sendagichō","fromStopJa":"駒込千駄木町","toStop":"Hakusan-Ue","nextStopName":"Hakusan-Ue","nextStopNameJa":"白山上","positionSource":"interpolated","positionMethod":"derived: elapsed since odpt:fromBusstopPoleTime / (road distance to the next stop at a calibrated 12.3 km/h), walked along the ODPT road polyline. NOT GPS — odpt:Bus carries no coordinates.","positionNote":null,"legFraction":0.295,"legGeometry":"road","bearing":238.0,"departedAt":"2026-09-12T19:31:27+09:00","updatedAt":"2026-09-12T19:32:04+09:00","validUntil":"2026-09-12T19:32:34+09:00","stale":true,"operator":"Toei"}},{"type":"Feature","geometry":{"type":"Point","coordinates":[139.736768,35.735048]},"properties":{"busId":"Toei.Kusa63.36002.2.B737","busNumber":"B737","routeLabel":"Kusa63 Kaminarimon-Itchōme (Kaminarimon 1) → Ikebukuro Sta. Higashiguchi (East Exit)","routeLabelJa":"草６３ 雷門一丁目→池袋駅東口 とげぬき地蔵前","routeId":"Toei.Kusa63","patternId":"Toei.Kusa63.36002.2","fromStop":"Togenuki-Jizō","fromStopJa":"とげぬき地蔵前","toStop":"Sugamo-Yonchōme (Sugamo 4)","nextStopName":"Sugamo-Yonchōme (Sugamo 4)","nextStopNameJa":"巣鴨四丁目","positionSource":"interpolated","positionMethod":"derived: elapsed since odpt:fromBusstopPoleTime / (road distance to the next stop at a calibrated 12.3 km/h), walked along the ODPT road polyline. NOT GPS — odpt:Bus carries no coordinates.","positionNote":null,"legFraction":0.016,"legGeometry":"road","bearing":39.1,"departedAt":"2026-09-12T19:32:02+09:00","updatedAt":"2026-09-12T19:32:04+09:00","validUntil":"2026-09-12T19:32:34+09:00","stale":true,"operator":"Toei"}},{"type":"Feature","geometry":{"type":"Point","coordinates":[139.718096,35.734723]},"properties":{"busId":"Toei.Kusa63.36002.2.A610","busNumber":"A610","routeLabel":"Kusa63 Kaminarimon-Itchōme (Kaminarimon 1) → Ikebukuro Sta. Higashiguchi (East Exit)","routeLabelJa":"草６３ 雷門一丁目→池袋駅東口 上池袋一丁目","routeId":"Toei.Kusa63","patternId":"Toei.Kusa63.36002.2","fromStop":"Kami-Ikebukuro-Itchōme (Kami-Ikebukuro 1)","fromStopJa":"上池袋一丁目","toStop":"Hareza Ikebukuro","nextStopName":"Hareza Ikebukuro","nextStopNameJa":"Hareza池袋","positionSource":"interpolated","positionMethod":"derived: elapsed since odpt:fromBusstopPoleTime / (road distance to the next stop at a calibrated 12.3 km/h), walked along the ODPT road polyline. NOT GPS — odpt:Bus carries no coordinates.","positionNote":null,"legFraction":0.441,"legGeometry":"road","bearing":221.8,"departedAt":"2026-09-12T19:30:49+09:00","updatedAt":"2026-09-12T19:32:04+09:00","validUntil":"2026-09-12T19:32:34+09:00","stale":true,"operator":"Toei"}},{"type":"Feature","geometry":{"type":"Point","coordinates":[139.727196,35.743404]},"properties":{"busId":"Toei.Kusa63.36005.1.M389","busNumber":"M389","routeLabel":"Kusa63 Ikebukuro Sta. Higashiguchi (East Exit) → Togenuki-Jizō","routeLabelJa":"草６３ 池袋駅東口→とげぬき地蔵前 堀割","routeId":"Toei.Kusa63","patternId":"Toei.Kusa63.36005.1","fromStop":"Horiwari","fromStopJa":"堀割","toStop":"Nishi-Sugamo","nextStopName":"Nishi-Sugamo","nextStopNameJa":"西巣鴨","positionSource":"interpolated","positionMethod":"derived: elapsed since odpt:fromBusstopPoleTime / (road distance to the next stop at a calibrated 12.3 km/h), walked along the ODPT road polyline. NOT GPS — odpt:Bus carries no coordinates.","positionNote":null,"legFraction":0.528,"legGeometry":"road","bearing":31.0,"departedAt":"2026-09-12T19:31:04+09:00","updatedAt":"2026-09-12T19:32:04+09:00","validUntil":"2026-09-12T19:32:34+09:00","stale":true,"operator":"Toei"}},{"type":"Feature","geometry":{"type":"Point","coordinates":[139.734754,35.737166]},"properties":{"busId":"Toei.Kusa63.36414.1.H892","busNumber":"H892","routeLabel":"Kusa63 Ikebukuro Sta. Higashiguchi (East Exit) → Togenuki-Jizō","routeLabelJa":"草６３ 池袋駅東口→とげぬき地蔵前 巣鴨四丁目","routeId":"Toei.Kusa63","patternId":"Toei.Kusa63.36414.1","fromStop":"Sugamo-Yonchōme (Sugamo 4)","fromStopJa":"巣鴨四丁目","toStop":"Togenuki-Jizō","nextStopName":"Togenuki-Jizō","nextStopNameJa":"とげぬき地蔵前","positionSource":"interpolated","positionMethod":"derived: elapsed since odpt:fromBusstopPoleTime / (road distance to the next stop at a calibrated 12.3 km/h), walked along the ODPT road polyline. NOT GPS — odpt:Bus carries no coordinates.","positionNote":null,"legFraction":0.424,"legGeometry":"road","bearing":142.2,"departedAt":"2026-09-12T19:31:00+09:00","updatedAt":"2026-09-12T19:32:04+09:00","validUntil":"2026-09-12T19:32:34+09:00","stale":true,"operator":"Toei"}},{"type":"Feature","geometry":{"type":"Point","coordinates":[139.716742,35.710124]},"properties":{"busId":"Toei.Ii64.16001.3.Z504","busNumber":"Z504","routeLabel":"Ii64 Otakibashi-Shako → Otakibashi-Shako","routeLabelJa":"飯６４ 小滝橋車庫前→小滝橋車庫前 西早稲田","routeId":"Toei.Ii64","patternId":"Toei.Ii64.16001.3","fromStop":"Nishi-Waseda","fromStopJa":"西早稲田","toStop":"Kansen-En-Kōen (Kansen-En Park)","nextStopName":"Kansen-En-Kōen (Kansen-En Park)","nextStopNameJa":"甘泉園公園前","positionSource":"interpolated","positionMethod":"derived: elapsed since odpt:fromBusstopPoleTime / (road distance to the next stop at a calibrated 12.3 km/h), walked along the ODPT road polyline. NOT GPS — odpt:Bus carries no coordinates.","positionNote":null,"legFraction":0.468,"legGeometry":"road","bearing":14.8,"departedAt":"2026-09-12T19:31:29+09:00","updatedAt":"2026-09-12T19:32:04+09:00","validUntil":"2026-09-12T19:32:34+09:00","stale":true,"operator":"Toei"}},{"type":"Feature","geometry":{"type":"Point","coordinates":[139.746177,35.701671]},"properties":{"busId":"Toei.Ii64.16001.3.W448","busNumber":"W448","routeLabel":"Ii64 Otakibashi-Shako → Otakibashi-Shako","routeLabelJa":"飯６４ 小滝橋車庫前→小滝橋車庫前 飯田橋","routeId":"Toei.Ii64","patternId":"Toei.Ii64.16001.3","fromStop":"Iidabashi","fromStopJa":"飯田橋","toStop":"Iidabashi Sta.","nextStopName":"Iidabashi Sta.","nextStopNameJa":"飯田橋駅前","positionSource":"at-stop","positionMethod":"derived: elapsed since odpt:fromBusstopPoleTime / (road distance to the next stop at a calibrated 12.3 km/h), walked along the ODPT road polyline. NOT GPS — odpt:Bus carries no coordinates.","positionNote":"overdue for the next stop — snapped to it","legFraction":1.0,"legGeometry":"road","bearing":131.4,"departedAt":"2026-09-12T19:30:05+09:00","updatedAt":"2026-09-12T19:32:04+09:00","validUntil":"2026-09-12T19:32:34+09:00","stale":true,"operator":"Toei"}},{"type":"Feature","geometry":{"type":"Point","coordinates":[139.73456,35.709046]},"properties":{"busId":"Toei.Ii64.16001.3.L310","busNumber":"L310","routeLabel":"Ii64 Otakibashi-Shako → Otakibashi-Shako","routeLabelJa":"飯６４ 小滝橋車庫前→小滝橋車庫前 石切橋","routeId":"Toei.Ii64","patternId":"Toei.Ii64.16001.3","fromStop":"Ishikiribashi","fromStopJa":"石切橋","toStop":"Edogawabashi","nextStopName":"Edogawabashi","nextStopNameJa":"江戸川橋","positionSource":"interpolated","positionMethod":"derived: elapsed since odpt:fromBusstopPoleTime / (road distance to the next stop at a calibrated 12.3 km/h), walked along the ODPT road polyline. NOT GPS — odpt:Bus carries no coordinates.","positionNote":null,"legFraction":0.192,"legGeometry":"straight","bearing":286.7,"departedAt":"2026-09-12T19:31:40+09:00","updatedAt":"2026-09-12T19:32:04+09:00","validUntil":"2026-09-12T19:32:34+09:00","stale":true,"operator":"Toei"}},{"type":"Feature","geometry":{"type":"Point","coordinates":[139.69454,35.710014]},"properties":{"busId":"Toei.Ii64.16001.3.D362","busNumber":"D362","routeLabel":"Ii64 Otakibashi-Shako → Otakibashi-Shako","routeLabelJa":"飯６４ 小滝橋車庫前→小滝橋車庫前 小滝橋","routeId":"Toei.Ii64","patternId":"Toei.Ii64.16001.3","fromStop":"Otakibashi","fromStopJa":"小滝橋","toStop":"Otakibashi-Shako","nextStopName":"Otakibashi-Shako","nextStopNameJa":"小滝橋車庫前","positionSource":"interpolated","positionMethod":"derived: elapsed since odpt:fromBusstopPoleTime / (road distance to the next stop at a calibrated 12.3 km/h), walked along the ODPT road polyline. NOT GPS — odpt:Bus carries no coordinates.","positionNote":null,"legFraction":0.154,"legGeometry":"straight","bearing":275.7,"departedAt":"2026-09-12T19:31:57+09:00","updatedAt":"2026-09-12T19:32:04+09:00","validUntil":"2026-09-12T19:32:34+09:00","stale":true,"operator":"Toei"}},{"type":"Feature","geometry":{"type":"Point","coordinates":[139.741775,35.755903]},"properties":{"busId":"Toei.Kusa64.36402.1.H884","busNumber":"H884","routeLabel":"Kusa64 Ikebukuro Sta. Higashiguchi (East Exit) → Asakusa-Kaminarimon-Minami","routeLabelJa":"草６４ 池袋駅東口→浅草雷門南 王子駅前","routeId":"Toei.Kusa64","patternId":"Toei.Kusa64.36402.1","fromStop":"Ōji Sta.","fromStopJa":"王子駅前","toStop":"Horifune","nextStopName":"Horifune","nextStopNameJa":"堀船","positionSource":"interpolated","positionMethod":"derived: elapsed since odpt:fromBusstopPoleTime / (road distance to the next stop at a calibrated 12.3 km/h), walked along the ODPT road polyline. NOT GPS — odpt:Bus carries no coordinates.","positionNote":null,"legFraction":0.528,"legGeometry":"road","bearing":134.0,"departedAt":"2026-09-12T19:30:10+09:00","updatedAt":"2026-09-12T19:32:05+09:00","validUntil":"2026-09-12T19:32:35+09:00","stale":true,"operator":"Toei"}},{"type":"Feature","geometry":{"type":"Point","coordinates":[139.79868,35.71598]},"properties":{"busId":"Toei.Kusa64.36402.1.E532","busNumber":"E532","routeLabel":"Kusa64 Ikebukuro Sta. Higashiguchi (East Exit) → Asakusa-Kaminarimon-Minami","routeLabelJa":"草６４ 池袋駅東口→浅草雷門南 浅草六丁目","routeId":"Toei.Kusa64","patternId":"Toei.Kusa64.36402.1","fromStop":"Asakusa-Rokuchōme (Asakusa 6)","fromStopJa":"浅草六丁目","toStop":"Nitemmon (Nitemmon Gate)","nextStopName":"Nitemmon (Nitemmon Gate)","nextStopNameJa":"二天門","positionSource":"interpolated","positionMethod":"derived: elapsed since odpt:fromBusstopPoleTime / (road distance to the next stop at a calibrated 12.3 km/h), walked along the ODPT road polyline. NOT GPS — odpt:Bus carries no coordinates.","positionNote":null,"legFraction":0.4,"legGeometry":"road","bearing":192.4,"departedAt":"2026-09-12T19:31:33+09:00","updatedAt":"2026-09-12T19:32:05+09:00","validUntil":"2026-09-12T19:32:35+09:00","stale":true,"operator":"Toei"}},{"type":"Feature","geometry":{"type":"Point","coordinates":[139.798187,35.714484]},"properties":{"busId":"Toei.Kusa64.36402.2.L321","busNumber":"L321","routeLabel":"Kusa64 Asakusa-Kaminarimon-Minami → Ikebukuro Sta. Higashiguchi (East Exit)","routeLabelJa":"草６４ 浅草雷門南→池袋駅東口 東武浅草駅前","routeId":"Toei.Kusa64","patternId":"Toei.Kusa64.36402.2","fromStop":"Tōbu-Asakusa Sta.","fromStopJa":"東武浅草駅前","toStop":"Nitemmon (Nitemmon Gate)","nextStopName":"Nitemmon (Nitemmon Gate)","nextStopNameJa":"二天門","positionSource":"at-stop","positionMethod":"derived: elapsed since odpt:fromBusstopPoleTime / (road distance to the next stop at a calibrated 12.3 km/h), walked along the ODPT road polyline. NOT GPS — odpt:Bus carries no coordinates.","positionNote":"overdue for the next stop — snapped to it","legFraction":1.0,"legGeometry":"road","bearing":292.3,"departedAt":"2026-09-12T19:30:39+09:00","updatedAt":"2026-09-12T19:32:05+09:00","validUntil":"2026-09-12T19:32:35+09:00","stale":true,"operator":"Toei"}},{"type":"Feature","geometry":{"type":"Point","coordinates":[139.760158,35.744141]},"properties":{"busId":"Toei.Kusa64.36402.2.G809","busNumber":"G809","routeLabel":"Kusa64 Asakusa-Kaminarimon-Minami → Ikebukuro Sta. Higashiguchi (East Exit)","routeLabelJa":"草６４ 浅草雷門南→池袋駅東口 田端新町三丁目","routeId":"Toei.Kusa64","patternId":"Toei.Kusa64.36402.2","fromStop":"Tabata-Shimmachi-Sanchōme (Tabata-Shimmachi 3)","fromStopJa":"田端新町三丁目","toStop":"Nishi-Ogu-Yonchōme (Nishi-Ogu 4)","nextStopName":"Nishi-Ogu-Yonchōme (Nishi-Ogu 4)","nextStopNameJa":"西尾久四丁目","positionSource":"interpolated","positionMethod":"derived: elapsed since odpt:fromBusstopPoleTime / (road distance to the next stop at a calibrated 12.3 km/h), walked along the ODPT road polyline. NOT GPS — odpt:Bus carries no coordinates.","positionNote":null,"legFraction":0.41,"legGeometry":"road","bearing":304.1,"departedAt":"2026-09-12T19:31:04+09:00","updatedAt":"2026-09-12T19:32:05+09:00","validUntil":"2026-09-12T19:32:35+09:00","stale":true,"operator":"Toei"}},{"type":"Feature","geometry":{"type":"Point","coordinates":[139.72765,35.743763]},"properties":{"busId":"Toei.Kusa64.36402.2.H888","busNumber":"H888","routeLabel":"Kusa64 Asakusa-Kaminarimon-Minami → Ikebukuro Sta. Higashiguchi (East Exit)","routeLabelJa":"草６４ 浅草雷門南→池袋駅東口 滝野川三丁目","routeId":"Toei.Kusa64","patternId":"Toei.Kusa64.36402.2","fromStop":"Takinogawa-Sanchōme (Takinogawa 3)","fromStopJa":"滝野川三丁目","toStop":"Nishi-Sugamo","nextStopName":"Nishi-Sugamo","nextStopNameJa":"西巣鴨","positionSource":"at-stop","positionMethod":"derived: elapsed since odpt:fromBusstopPoleTime / (road distance to the next stop at a calibrated 12.3 km/h), walked along the ODPT road polyline. NOT GPS — odpt:Bus carries no coordinates.","positionNote":"overdue for the next stop — snapped to it","legFraction":1.0,"legGeometry":"road","bearing":226.8,"departedAt":"2026-09-12T19:29:45+09:00","updatedAt":"2026-09-12T19:32:05+09:00","validUntil":"2026-09-12T19:32:35+09:00","stale":true,"operator":"Toei"}},{"type":"Feature","geometry":{"type":"Point","coordinates":[139.693228,35.722465]},"properties":{"busId":"Toei.Ike65.44002.1.G745","busNumber":"G745","routeLabel":"Ike65 Egota-Nichōme (Egota 2) → Ikebukuro Sta. Higashiguchi (East Exit)","routeLabelJa":"池６５ 江古田二丁目→池袋駅東口 目白五丁目","routeId":"Toei.Ike65","patternId":"Toei.Ike65.44002.1","fromStop":"Mejiro-Gochōme (Mejiro 5)","fromStopJa":"目白五丁目","toStop":"Seibo-Byōin-Iriguchi (Seibo Hp.)","nextStopName":"Seibo-Byōin-Iriguchi (Seibo Hp.)","nextStopNameJa":"聖母病院入口","positionSource":"interpolated","positionMethod":"derived: elapsed since odpt:fromBusstopPoleTime / (road distance to the next stop at a calibrated 12.3 km/h), walked along the ODPT road polyline. NOT GPS — odpt:Bus carries no coordinates.","positionNote":null,"legFraction":0.238,"legGeometry":"road","bearing":97.0,"departedAt":"2026-09-12T19:31:48+09:00","updatedAt":"2026-09-12T19:32:05+09:00","validUntil":"2026-09-12T19:32:35+09:00","stale":true,"operator":"Toei"}},{"type":"Feature","geometry":{"type":"Point","coordinates":[139.70233,35.722579]},"properties":{"busId":"Toei.Ike65.44002.2.F584","busNumber":"F584","routeLabel":"Ike65 Ikebukuro Sta. Higashiguchi (East Exit) → Egota-Nichōme (Egota 2)","routeLabelJa":"池６５ 池袋駅東口→江古田二丁目 下落合三丁目","routeId":"Toei.Ike65","patternId":"Toei.Ike65.44002.2","fromStop":"Shimo-Ochiai-Sanchōme (Shimo-Ochiai 3)","fromStopJa":"下落合三丁目","toStop":"Shimo-Ochiai-Yonchōme (Shimo-Ochiai 4)","nextStopName":"Shimo-Ochiai-Yonchōme (Shimo-Ochiai 4)","nextStopNameJa":"下落合四丁目","positionSource":"interpolated","positionMethod":"derived: elapsed since odpt:fromBusstopPoleTime / (road distance to the next stop at a calibrated 12.3 km/h), walked along the ODPT road polyline. NOT GPS — odpt:Bus carries no coordinates.","positionNote":null,"legFraction":0.03,"legGeometry":"road","bearing":259.7,"departedAt":"2026-09-12T19:32:01+09:00","updatedAt":"2026-09-12T19:32:05+09:00","validUntil":"2026-09-12T19:32:35+09:00","stale":true,"operator":"Toei"}},{"type":"Feature","geometry":{"type":"Point","coordinates":[139.674805,35.72358]},"properties":{"busId":"Toei.Ike65.44002.2.L331","busNumber":"L331","routeLabel":"Ike65 Ikebukuro Sta. Higashiguchi (East Exit) → Egota-Nichōme (Egota 2)","routeLabelJa":"池６５ 池袋駅東口→江古田二丁目 哲学堂","routeId":"Toei.Ike65","patternId":"Toei.Ike65.44002.2","fromStop":"Tetsugakudō","fromStopJa":"哲学堂","toStop":"Egota-Itchōme (Egota 1)","nextStopName":"Egota-Itchōme (Egota 1)","nextStopNameJa":"江古田一丁目","positionSource":"interpolated","positionMethod":"derived: elapsed since odpt:fromBusstopPoleTime / (road distance to the next stop at a calibrated 12.3 km/h), walked along the ODPT road polyline. NOT GPS — odpt:Bus carries no coordinates.","positionNote":null,"legFraction":0.19,"legGeometry":"road","bearing":263.9,"departedAt":"2026-09-12T19:31:49+09:00","updatedAt":"2026-09-12T19:32:05+09:00","validUntil":"2026-09-12T19:32:35+09:00","stale":true,"operator":"Toei"}},{"type":"Feature","geometry":{"type":"Point","coordinates":[139.700208,35.659299]},"properties":{"busId":"Toei.Shibu66.24201.1.M382","busNumber":"M382","routeLabel":"Shibu66 Asagaya Sta. → Shibuya Sta.","routeLabelJa":"渋６６ 阿佐ヶ谷駅前→渋谷駅前 東急百貨店本店前","routeId":"Toei.Shibu66","patternId":"Toei.Shibu66.24201.1","fromStop":"Tōkyū-Hyakkaten-Honten","fromStopJa":"東急百貨店本店前","toStop":"Shibuya Sta.","nextStopName":"Shibuya Sta.","nextStopNameJa":"渋谷駅前","positionSource":"at-stop","positionMethod":"derived: elapsed since odpt:fromBusstopPoleTime / (road distance to the next stop at a calibrated 12.3 km/h), walked along the ODPT road polyline. NOT GPS — odpt:Bus carries no coordinates.","positionNote":"overdue for the next stop — snapped to it","legFraction":1.0,"legGeometry":"road","bearing":95.1,"departedAt":"2026-09-12T19:29:39+09:00","updatedAt":"2026-09-12T19:32:05+09:00","validUntil":"2026-09-12T19:32:35+09:00","stale":true,"operator":"Toei"}},{"type":"Feature","geometry":{"type":"Point","coordinates":[139.683462,35.679644]},"properties":{"busId":"Toei.Shibu66.24201.2.F568","busNumber":"F568","routeLabel":"Shibu66 Shibuya Sta. → Asagaya Sta.","routeLabelJa":"渋６６ 渋谷駅前→阿佐ヶ谷駅前 新国立劇場前","routeId":"Toei.Shibu66","patternId":"Toei.Shibu66.24201.2","fromStop":"Shin-Kokuritsu-Gekijō","fromStopJa":"新国立劇場前","toStop":"Hatashiro","nextStopName":"Hatashiro","nextStopNameJa":"幡代","positionSource":"interpolated","positionMethod":"derived: elapsed since odpt:fromBusstopPoleTime / (road distance to the next stop at a calibrated 12.3 km/h), walked along the ODPT road polyline. NOT GPS — odpt:Bus carries no coordinates.","positionNote":null,"legFraction":0.451,"legGeometry":"road","bearing":242.8,"departedAt":"2026-09-12T19:30:41+09:00","updatedAt":"2026-09-12T19:32:05+09:00","validUntil":"2026-09-12T19:32:35+09:00","stale":true,"operator":"Toei"}},{"type":"Feature","geometry":{"type":"Point","coordinates":[139.637372,35.698733]},"properties":{"busId":"Toei.Shibu66.24201.2.Z530","busNumber":"Z530","routeLabel":"Shibu66 Shibuya Sta. → Asagaya Sta.","routeLabelJa":"渋６６ 渋谷駅前→阿佐ヶ谷駅前 梅里中央公園入口","routeId":"Toei.Shibu66","patternId":"Toei.Shibu66.24201.2","fromStop":"Umezato-Chūō-Kōen-Iriguchi (Umezato-Chūō Park)","fromStopJa":"梅里中央公園入口","toStop":"Suginami-Kuyakusho (Suginami City Office)","nextStopName":"Suginami-Kuyakusho (Suginami City Office)","nextStopNameJa":"杉並区役所前","positionSource":"interpolated","positionMethod":"derived: elapsed since odpt:fromBusstopPoleTime / (road distance to the next stop at a calibrated 12.3 km/h), walked along the ODPT road polyline. NOT GPS — odpt:Bus carries no coordinates.","positionNote":null,"legFraction":0.604,"legGeometry":"road","bearing":295.0,"departedAt":"2026-09-12T19:30:41+09:00","updatedAt":"2026-09-12T19:32:05+09:00","validUntil":"2026-09-12T19:32:35+09:00","stale":true,"operator":"Toei"}},{"type":"Feature","geometry":{"type":"Point","coordinates":[139.696127,35.711193]},"properties":{"busId":"Toei.Ue69.16103.3.H872","busNumber":"H872","routeLabel":"Ue69 Otakibashi-Shako → Otakibashi-Shako","routeLabelJa":"上６９ 小滝橋車庫前→小滝橋車庫前 小滝橋車庫前","routeId":"Toei.Ue69","patternId":"Toei.Ue69.16103.3","fromStop":"Otakibashi-Shako","fromStopJa":"小滝橋車庫前","toStop":"Otakibashi","nextStopName":"Otakibashi","nextStopNameJa":"小滝橋","positionSource":"interpolated","positionMethod":"derived: elapsed since odpt:fromBusstopPoleTime / (road distance to the next stop at a calibrated 12.3 km/h), walked along the ODPT road polyline. NOT GPS — odpt:Bus carries no coordinates.","positionNote":null,"legFraction":0.021,"legGeometry":"road","bearing":44.3,"departedAt":"2026-09-12T19:30:17+09:00","updatedAt":"2026-09-12T19:32:05+09:00","validUntil":"2026-09-12T19:32:35+09:00","stale":true,"operator":"Toei"}},{"type":"Feature","geometry":{"type":"Point","coordinates":[139.738808,35.70864]},"properties":{"busId":"Toei.Ue69.16103.3.M379","busNumber":"M379","routeLabel":"Ue69 Otakibashi-Shako → Otakibashi-Shako","routeLabelJa":"上６９ 小滝橋車庫前→小滝橋車庫前 東五軒町","routeId":"Toei.Ue69","patternId":"Toei.Ue69.16103.3","fromStop":"Higashi-Gokenchō","fromStopJa":"東五軒町","toStop":"Ōmagari","nextStopName":"Ōmagari","nextStopNameJa":"大曲","positionSource":"interpolated","positionMethod":"derived: elapsed since odpt:fromBusstopPoleTime / (road distance to the next stop at a calibrated 12.3 km/h), walked along the ODPT road polyline. NOT GPS — odpt:Bus carries no coordinates.","positionNote":null,"legFraction":0.065,"legGeometry":"road","bearing":100.1,"departedAt":"2026-09-12T19:31:54+09:00","updatedAt":"2026-09-12T19:32:05+09:00","validUntil":"2026-09-12T19:32:35+09:00","stale":true,"operator":"Toei"}},{"type":"Feature","geometry":{"type":"Point","coordinates":[139.770971,35.709391]},"properties":{"busId":"Toei.Ue69.16103.3.C213","busNumber":"C213","routeLabel":"Ue69 Otakibashi-Shako → Otakibashi-Shako","routeLabelJa":"上６９ 小滝橋車庫前→小滝橋車庫前 上野広小路","routeId":"Toei.Ue69","patternId":"Toei.Ue69.16103.3","fromStop":"Ueno-Hirokōji","fromStopJa":"上野広小路","toStop":"Ueno-Kōen (Ueno Park)","nextStopName":"Ueno-Kōen (Ueno Park)","nextStopNameJa":"上野公園","positionSource":"at-stop","positionMethod":"derived: elapsed since odpt:fromBusstopPoleTime / (road distance to the next stop at a calibrated 12.3 km/h), walked along the ODPT road polyline. NOT GPS — odpt:Bus carries no coordinates.","positionNote":"overdue for the next stop — snapped to it","legFraction":1.0,"legGeometry":"road","bearing":254.4,"departedAt":"2026-09-12T19:28:14+09:00","updatedAt":"2026-09-12T19:32:05+09:00","validUntil":"2026-09-12T19:32:35+09:00","stale":true,"operator":"Toei"}},{"type":"Feature","geometry":{"type":"Point","coordinates":[139.745923,35.708946]},"properties":{"busId":"Toei.Ue69.16103.3.G814","busNumber":"G814","routeLabel":"Ue69 Otakibashi-Shako → Otakibashi-Shako","routeLabelJa":"上６９ 小滝橋車庫前→小滝橋車庫前 大曲","routeId":"Toei.Ue69","patternId":"Toei.Ue69.16103.3","fromStop":"Ōmagari","fromStopJa":"大曲","toStop":"Ōmagari","nextStopName":"Ōmagari","nextStopNameJa":"大曲","positionSource":"interpolated","positionMethod":"derived: elapsed since odpt:fromBusstopPoleTime / (road distance to the next stop at a calibrated 12.3 km/h), walked along the ODPT road polyline. NOT GPS — odpt:Bus carries no coordinates.","positionNote":null,"legFraction":0.03,"legGeometry":"road","bearing":12.2,"departedAt":"2026-09-12T19:31:04+09:00","updatedAt":"2026-09-12T19:32:05+09:00","validUntil":"2026-09-12T19:32:35+09:00","stale":true,"operator":"Toei"}},{"type":"Feature","geometry":{"type":"Point","coordinates":[139.710356,35.711412]},"properties":{"busId":"Toei.Ue69.16103.3.B722","busNumber":"B722","routeLabel":"Ue69 Otakibashi-Shako → Otakibashi-Shako","routeLabelJa":"上６９ 小滝橋車庫前→小滝橋車庫前 高田馬場二丁目","routeId":"Toei.Ue69","patternId":"Toei.Ue69.16103.3","fromStop":"Takadanobaba-Nichōme (Takadanobaba 2)","fromStopJa":"高田馬場二丁目","toStop":"Shinjukuku-Shakaifukushi-Kyōgikai","nextStopName":"Shinjukuku-Shakaifukushi-Kyōgikai","nextStopNameJa":"新宿区社会福祉協議会前","positionSource":"interpolated","positionMethod":"derived: elapsed since odpt:fromBusstopPoleTime / (road distance to the next stop at a calibrated 12.3 km/h), walked along the ODPT road polyline. NOT GPS — odpt:Bus carries no coordinates.","positionNote":null,"legFraction":0.086,"legGeometry":"road","bearing":281.8,"departedAt":"2026-09-12T19:31:58+09:00","updatedAt":"2026-09-12T19:32:05+09:00","validUntil":"2026-09-12T19:32:35+09:00","stale":true,"operator":"Toei"}},{"type":"Feature","geometry":{"type":"Point","coordinates":[139.731724,35.691182]},"properties":{"busId":"Toei.Taka71.16601.1.H870","busNumber":"H870","routeLabel":"Taka71 Takadanobaba Sta. → Kudanshita","routeLabelJa":"高７１ 高田馬場駅前→九段下 防衛省前","routeId":"Toei.Taka71","patternId":"Toei.Taka71.16601.1","fromStop":"Bōeishō","fromStopJa":"防衛省前","toStop":"Ichigaya Sta.","nextStopName":"Ichigaya Sta.","nextStopNameJa":"市ヶ谷駅前","positionSource":"interpolated","positionMethod":"derived: elapsed since odpt:fromBusstopPoleTime / (road distance to the next stop at a calibrated 12.3 km/h), walked along the ODPT road polyline. NOT GPS — odpt:Bus carries no coordinates.","positionNote":null,"legFraction":0.093,"legGeometry":"road","bearing":74.2,"departedAt":"2026-09-12T19:31:49+09:00","updatedAt":"2026-09-12T19:32:05+09:00","validUntil":"2026-09-12T19:32:35+09:00","stale":true,"operator":"Toei"}},{"type":"Feature","geometry":{"type":"Point","coordinates":[139.72444,35.694357]},"properties":{"busId":"Toei.Taka71.16601.2.K226","busNumber":"K226","routeLabel":"Taka71 Kudanshita → Takadanobaba Sta.","routeLabelJa":"高７１ 九段下→高田馬場駅前 合羽坂下","routeId":"Toei.Taka71","patternId":"Toei.Taka71.16601.2","fromStop":"Kappazaka-Shita","fromStopJa":"合羽坂下","toStop":"Ichigaya-Nakanochō-Kōsaten","nextStopName":"Ichigaya-Nakanochō-Kōsaten","nextStopNameJa":"市谷仲之町交差点","positionSource":"at-stop","positionMethod":"derived: elapsed since odpt:fromBusstopPoleTime / (road distance to the next stop at a calibrated 12.3 km/h), walked along the ODPT road polyline. NOT GPS — odpt:Bus carries no coordinates.","positionNote":"overdue for the next stop — snapped to it","legFraction":1.0,"legGeometry":"road","bearing":16.6,"departedAt":"2026-09-12T19:29:37+09:00","updatedAt":"2026-09-12T19:32:05+09:00","validUntil":"2026-09-12T19:32:35+09:00","stale":true,"operator":"Toei"}},{"type":"Feature","geometry":{"type":"Point","coordinates":[139.700639,35.693678]},"properties":{"busId":"Toei.Shuku75.12302.2.Z546","busNumber":"Z546","routeLabel":"Shuku75 Tokyo Joshi-Idai (Tokyo Women's Medical Univ.) → Shinjuku Sta. Nishiguchi (West Exit)","routeLabelJa":"宿７５ 東京女子医大前→新宿駅西口 歌舞伎町","routeId":"Toei.Shuku75","patternId":"Toei.Shuku75.12302.2","fromStop":"Kabukichō","fromStopJa":"歌舞伎町","toStop":"Shinjuku Sta. Nishiguchi (West Exit)","nextStopName":"Shinjuku Sta. Nishiguchi (West Exit)","nextStopNameJa":"新宿駅西口","positionSource":"interpolated","positionMethod":"derived: elapsed since odpt:fromBusstopPoleTime / (road distance to the next stop at a calibrated 12.3 km/h), walked along the ODPT road polyline. NOT GPS — odpt:Bus carries no coordinates.","positionNote":null,"legFraction":0.335,"legGeometry":"road","bearing":276.3,"departedAt":"2026-09-12T19:31:08+09:00","updatedAt":"2026-09-12T19:32:05+09:00","validUntil":"2026-09-12T19:32:35+09:00","stale":true,"operator":"Toei"}},{"type":"Feature","geometry":{"type":"Point","coordinates":[139.71262,35.675902]},"properties":{"busId":"Toei.Kuro77.201.1.B711","busNumber":"B711","routeLabel":"Kuro77 Meguro Sta. → Sendagaya Sta.","routeLabelJa":"黒７７ 目黒駅前→千駄ヶ谷駅前 霞ヶ丘","routeId":"Toei.Kuro77","patternId":"Toei.Kuro77.201.1","fromStop":"Kasumigaoka","fromStopJa":"霞ヶ丘","toStop":"Meiji-Kōen (Meiji Park)","nextStopName":"Meiji-Kōen (Meiji Park)","nextStopNameJa":"明治公園前","positionSource":"interpolated","positionMethod":"derived: elapsed since odpt:fromBusstopPoleTime / (road distance to the next stop at a calibrated 12.3 km/h), walked along the ODPT road polyline. NOT GPS — odpt:Bus carries no coordinates.","positionNote":null,"legFraction":0.524,"legGeometry":"road","bearing":357.9,"departedAt":"2026-09-12T19:31:27+09:00","updatedAt":"2026-09-12T19:32:05+09:00","validUntil":"2026-09-12T19:32:35+09:00","stale":true,"operator":"Toei"}},{"type":"Feature","geometry":{"type":"Point","coordinates":[139.722154,35.636091]},"properties":{"busId":"Toei.Kuro77.201.2.C201","busNumber":"C201","routeLabel":"Kuro77 Sendagaya Sta. → Meguro Sta.","routeLabelJa":"黒７７ 千駄ヶ谷駅前→目黒駅前 白金台五丁目","routeId":"Toei.Kuro77","patternId":"Toei.Kuro77.201.2","fromStop":"Shirokanedai-Gochōme (Shirokanedai 5)","fromStopJa":"白金台五丁目","toStop":"Kami-Ōsaki","nextStopName":"Kami-Ōsaki","nextStopNameJa":"上大崎","positionSource":"interpolated","positionMethod":"derived: elapsed since odpt:fromBusstopPoleTime / (road distance to the next stop at a calibrated 12.3 km/h), walked along the ODPT road polyline. NOT GPS — odpt:Bus carries no coordinates.","positionNote":null,"legFraction":0.174,"legGeometry":"road","bearing":239.6,"departedAt":"2026-09-12T19:31:41+09:00","updatedAt":"2026-09-12T19:32:05+09:00","validUntil":"2026-09-12T19:32:35+09:00","stale":true,"operator":"Toei"}},{"type":"Feature","geometry":{"type":"Point","coordinates":[139.707602,35.698967]},"properties":{"busId":"Toei.Haya77.20201.1.Y491","busNumber":"Y491","routeLabel":"Haya77 Waseda → Shinjuku Sta. Nishiguchi (West Exit)","routeLabelJa":"早７７ 早稲田→新宿駅西口 大久保通り","routeId":"Toei.Haya77","patternId":"Toei.Haya77.20201.1","fromStop":"Ōkubo-Dōri","fromStopJa":"大久保通り","toStop":"Higashi-Shinjuku Sta.","nextStopName":"Higashi-Shinjuku Sta.","nextStopNameJa":"東新宿駅前","positionSource":"interpolated","positionMethod":"derived: elapsed since odpt:fromBusstopPoleTime / (road distance to the next stop at a calibrated 12.3 km/h), walked along the ODPT road polyline. NOT GPS — odpt:Bus carries no coordinates.","positionNote":null,"legFraction":0.551,"legGeometry":"road","bearing":189.3,"departedAt":"2026-09-12T19:30:52+09:00","updatedAt":"2026-09-12T19:32:05+09:00","validUntil":"2026-09-12T19:32:35+09:00","stale":true,"operator":"Toei"}},{"type":"Feature","geometry":{"type":"Point","coordinates":[139.705432,35.691836]},"properties":{"busId":"Toei.Haya77.20201.2.F571","busNumber":"F571","routeLabel":"Haya77 Shinjuku Sta. Nishiguchi (West Exit) → Waseda","routeLabelJa":"早７７ 新宿駅西口→早稲田 新宿伊勢丹前","routeId":"Toei.Haya77","patternId":"Toei.Haya77.20201.2","fromStop":"Shinjuku-Isetan (Shinjuku-Isetan Department Store)","fromStopJa":"新宿伊勢丹前","toStop":"Nisshin-Shokuhin","nextStopName":"Nisshin-Shokuhin","nextStopNameJa":"日清食品前","positionSource":"interpolated","positionMethod":"derived: elapsed since odpt:fromBusstopPoleTime / (road distance to the next stop at a calibrated 12.3 km/h), walked along the ODPT road polyline. NOT GPS — odpt:Bus carries no coordinates.","positionNote":null,"legFraction":0.247,"legGeometry":"road","bearing":25.7,"departedAt":"2026-09-12T19:31:30+09:00","updatedAt":"2026-09-12T19:32:05+09:00","validUntil":"2026-09-12T19:32:35+09:00","stale":true,"operator":"Toei"}},{"type":"Feature","geometry":{"type":"Point","coordinates":[139.653794,35.725872]},"properties":{"busId":"Toei.Ou78.24101.1.M381","busNumber":"M381","routeLabel":"Ou78 Shinjuku Sta. Nishiguchi (West Exit) → Ōji Sta.","routeLabelJa":"王７８ 新宿駅西口→王子駅前 中野北郵便局前","routeId":"Toei.Ou78","patternId":"Toei.Ou78.24101.1","fromStop":"Nakano-Kita-Yūbinkyoku (Nakano-Kita Post Office)","fromStopJa":"中野北郵便局前","toStop":"Toyotama-Naka","nextStopName":"Toyotama-Naka","nextStopNameJa":"豊玉中","positionSource":"interpolated","positionMethod":"derived: elapsed since odpt:fromBusstopPoleTime / (road distance to the next stop at a calibrated 12.3 km/h), walked along the ODPT road polyline. NOT GPS — odpt:Bus carries no coordinates.","positionNote":null,"legFraction":0.027,"legGeometry":"road","bearing":5.3,"departedAt":"2026-09-12T19:32:01+09:00","updatedAt":"2026-09-12T19:32:05+09:00","validUntil":"2026-09-12T19:32:35+09:00","stale":true,"operator":"Toei"}},{"type":"Feature","geometry":{"type":"Point","coordinates":[139.73407,35.769603]},"properties":{"busId":"Toei.Ou78.24101.1.G784","busNumber":"G784","routeLabel":"Ou78 Shinjuku Sta. Nishiguchi (West Exit) → Ōji Sta.","routeLabelJa":"王７８ 新宿駅西口→王子駅前 神谷一丁目","routeId":"Toei.Ou78","patternId":"Toei.Ou78.24101.1","fromStop":"Kamiya-Itchōme (Kamiya 1)","fromStopJa":"神谷一丁目","toStop":"Kitaku-Kamiyachō","nextStopName":"Kitaku-Kamiyachō","nextStopNameJa":"北区神谷町","positionSource":"interpolated","positionMethod":"derived: elapsed since odpt:fromBusstopPoleTime / (road distance to the next stop at a calibrated 12.3 km/h), walked along the ODPT road polyline. NOT GPS — odpt:Bus carries no coordinates.","positionNote":null,"legFraction":0.561,"legGeometry":"road","bearing":71.4,"departedAt":"2026-09-12T19:30:36+09:00","updatedAt":"2026-09-12T19:32:05+09:00","validUntil":"2026-09-12T19:32:35+09:00","stale":true,"operator":"Toei"}},{"type":"Feature","geometry":{"type":"Point","coordinates":[139.718768,35.765065]},"properties":{"busId":"Toei.Ou78.24101.2.Z529","busNumber":"Z529","routeLabel":"Ou78 Ōji Sta. → Shinjuku Sta. Nishiguchi (West Exit)","routeLabelJa":"王７８ 王子駅前→新宿駅西口 十条仲原二丁目","routeId":"Toei.Ou78","patternId":"Toei.Ou78.24101.2","fromStop":"Jūjō-Nakahara-Nichōme (Jūjō-Nakahara 2)","fromStopJa":"十条仲原二丁目","toStop":"Ōji-Daisan-Shōgakkō","nextStopName":"Ōji-Daisan-Shōgakkō","nextStopNameJa":"王子第三小学校前","positionSource":"interpolated","positionMethod":"derived: elapsed since odpt:fromBusstopPoleTime / (road distance to the next stop at a calibrated 12.3 km/h), walked along the ODPT road polyline. NOT GPS — odpt:Bus carries no coordinates.","positionNote":null,"legFraction":0.901,"legGeometry":"road","bearing":244.1,"departedAt":"2026-09-12T19:31:28+09:00","updatedAt":"2026-09-12T19:32:05+09:00","validUntil":"2026-09-12T19:32:35+09:00","stale":true,"operator":"Toei"}},{"type":"Feature","geometry":{"type":"Point","coordinates":[139.65488,35.702328]},"properties":{"busId":"Toei.Ou78.24101.2.B724","busNumber":"B724","routeLabel":"Ou78 Ōji Sta. → Shinjuku Sta. Nishiguchi (West Exit)","routeLabelJa":"王７８ 王子駅前→新宿駅西口 高円寺南四丁目","routeId":"Toei.Ou78","patternId":"Toei.Ou78.24101.2","fromStop":"Kōenji-Minami-Yonchōme (Kōenji-Minami 4)","fromStopJa":"高円寺南四丁目","toStop":"Kōenji-Taiikukan","nextStopName":"Kōenji-Taiikukan","nextStopNameJa":"高円寺体育館前","positionSource":"interpolated","positionMethod":"derived: elapsed since odpt:fromBusstopPoleTime / (road distance to the next stop at a calibrated 12.3 km/h), walked along the ODPT road polyline. NOT GPS — odpt:Bus carries no coordinates.","positionNote":null,"legFraction":0.028,"legGeometry":"road","bearing":180.7,"departedAt":"2026-09-12T19:32:02+09:00","updatedAt":"2026-09-12T19:32:05+09:00","validUntil":"2026-09-12T19:32:35+09:00","stale":true,"operator":"Toei"}},{"type":"Feature","geometry":{"type":"Point","coordinates":[139.711259,35.675359]},"properties":{"busId":"Toei.Haya81.16501.3.L309","busNumber":"L309","routeLabel":"Haya81 Sōdai-Seimon (Waseda Univ.) → Sōdai-Seimon (Waseda Univ.)","routeLabelJa":"早８１ 早大正門→早大正門 霞ヶ丘","routeId":"Toei.Haya81","patternId":"Toei.Haya81.16501.3","fromStop":"Kasumigaoka","fromStopJa":"霞ヶ丘","toStop":"Sendagaya-Nichōme (Sendagaya 2)","nextStopName":"Sendagaya-Nichōme (Sendagaya 2)","nextStopNameJa":"千駄ヶ谷二丁目","positionSource":"interpolated","positionMethod":"derived: elapsed since odpt:fromBusstopPoleTime / (road distance to the next stop at a calibrated 12.3 km/h), walked along the ODPT road polyline. NOT GPS — odpt:Bus carries no coordinates.","positionNote":null,"legFraction":0.389,"legGeometry":"road","bearing":257.6,"departedAt":"2026-09-12T19:31:39+09:00","updatedAt":"2026-09-12T19:32:05+09:00","validUntil":"2026-09-12T19:32:35+09:00","stale":true,"operator":"Toei"}},{"type":"Feature","geometry":{"type":"Point","coordinates":[139.724038,35.693668]},"properties":{"busId":"Toei.Haya81.16501.3.G815","busNumber":"G815","routeLabel":"Haya81 Sōdai-Seimon (Waseda Univ.) → Sōdai-Seimon (Waseda Univ.)","routeLabelJa":"早８１ 早大正門→早大正門 荒木町","routeId":"Toei.Haya81","patternId":"Toei.Haya81.16501.3","fromStop":"Arakichō","fromStopJa":"荒木町","toStop":"Ichigaya-Nakanochō-Kōsaten","nextStopName":"Ichigaya-Nakanochō-Kōsaten","nextStopNameJa":"市谷仲之町交差点","positionSource":"interpolated","positionMethod":"derived: elapsed since odpt:fromBusstopPoleTime / (road distance to the next stop at a calibrated 12.3 km/h), walked along the ODPT road polyline. NOT GPS — odpt:Bus carries no coordinates.","positionNote":null,"legFraction":0.8,"legGeometry":"straight","bearing":25.3,"departedAt":"2026-09-12T19:30:26+09:00","updatedAt":"2026-09-12T19:32:05+09:00","validUntil":"2026-09-12T19:32:35+09:00","stale":true,"operator":"Toei"}},{"type":"Feature","geometry":{"type":"Point","coordinates":[139.709683,35.709873]},"properties":{"busId":"Toei.Ike86.20005.3.F574","busNumber":"F574","routeLabel":"Ike86 Ikebukuro Sta. Higashiguchi (East Exit) → Ikebukuro Sta. Higashiguchi (East Exit)","routeLabelJa":"池８６ 池袋駅東口→池袋駅東口 高田馬場二丁目","routeId":"Toei.Ike86","patternId":"Toei.Ike86.20005.3","fromStop":"Takadanobaba-Nichōme (Takadanobaba 2)","fromStopJa":"高田馬場二丁目","toStop":"Gakushūin-Joshi-Daigaku (Gakushuin Women's Col.)","nextStopName":"Gakushūin-Joshi-Daigaku (Gakushuin Women's Col.)","nextStopNameJa":"学習院戸山キャンパス前","positionSource":"interpolated","positionMethod":"derived: elapsed since odpt:fromBusstopPoleTime / (road distance to the next stop at a calibrated 12.3 km/h), walked along the ODPT road polyline. NOT GPS — odpt:Bus carries no coordinates.","positionNote":null,"legFraction":0.304,"legGeometry":"straight","bearing":191.7,"departedAt":"2026-09-12T19:31:34+09:00","updatedAt":"2026-09-12T19:32:05+09:00","validUntil":"2026-09-12T19:32:35+09:00","stale":true,"operator":"Toei"}},{"type":"Feature","geometry":{"type":"Point","coordinates":[139.70461,35.681461]},"properties":{"busId":"Toei.Ike86.20005.3.D304","busNumber":"D304","routeLabel":"Ike86 Ikebukuro Sta. Higashiguchi (East Exit) → Ikebukuro Sta. Higashiguchi (East Exit)","routeLabelJa":"池８６ 池袋駅東口→池袋駅東口 鳩森小学校西","routeId":"Toei.Ike86","patternId":"Toei.Ike86.20005.3","fromStop":"Hatomori-Shōgakkō-nishi","fromStopJa":"鳩森小学校西","toStop":"Kita-Sandō","nextStopName":"Kita-Sandō","nextStopNameJa":"北参道","positionSource":"interpolated","positionMethod":"derived: elapsed since odpt:fromBusstopPoleTime / (road distance to the next stop at a calibrated 12.3 km/h), walked along the ODPT road polyline. NOT GPS — odpt:Bus carries no coordinates.","positionNote":null,"legFraction":0.001,"legGeometry":"road","bearing":180.6,"departedAt":"2026-09-12T19:32:04+09:00","updatedAt":"2026-09-12T19:32:05+09:00","validUntil":"2026-09-12T19:32:35+09:00","stale":true,"operator":"Toei"}},{"type":"Feature","geometry":{"type":"Point","coordinates":[139.700834,35.660016]},"properties":{"busId":"Toei.Ike86.20005.3.E396","busNumber":"E396","routeLabel":"Ike86 Ikebukuro Sta. Higashiguchi (East Exit) → Ikebukuro Sta. Higashiguchi (East Exit)","routeLabelJa":"池８６ 池袋駅東口→池袋駅東口 神南一丁目","routeId":"Toei.Ike86","patternId":"Toei.Ike86.20005.3","fromStop":"Jin-Nan-Itchōme (Jin-Nan 1)","fromStopJa":"神南一丁目","toStop":"Shibuya Sta. Nishiguchi (West Exit)","nextStopName":"Shibuya Sta. Nishiguchi (West Exit)","nextStopNameJa":"渋谷駅西口","positionSource":"at-stop","positionMethod":"derived: elapsed since odpt:fromBusstopPoleTime / (road distance to the next stop at a calibrated 12.3 km/h), walked along the ODPT road polyline. NOT GPS — odpt:Bus carries no coordinates.","positionNote":"overdue for the next stop — snapped to it","legFraction":1.0,"legGeometry":"road","bearing":180.4,"departedAt":"2026-09-12T19:30:37+09:00","updatedAt":"2026-09-12T19:32:05+09:00","validUntil":"2026-09-12T19:32:35+09:00","stale":true,"operator":"Toei"}},{"type":"Feature","geometry":{"type":"Point","coordinates":[139.707672,35.671535]},"properties":{"busId":"Toei.Ike86.20005.3.A604","busNumber":"A604","routeLabel":"Ike86 Ikebukuro Sta. Higashiguchi (East Exit) → Ikebukuro Sta. Higashiguchi (East Exit)","routeLabelJa":"池８６ 池袋駅東口→池袋駅東口 神宮前一丁目","routeId":"Toei.Ike86","patternId":"Toei.Ike86.20005.3","fromStop":"Jingūmae-Itchōme (Jingūmae 1)","fromStopJa":"神宮前一丁目","toStop":"Sendagaya-Shōgakkō","nextStopName":"Sendagaya-Shōgakkō","nextStopNameJa":"千駄ヶ谷小学校前","positionSource":"interpolated","positionMethod":"derived: elapsed since odpt:fromBusstopPoleTime / (road distance to the next stop at a calibrated 12.3 km/h), walked along the ODPT road polyline. NOT GPS — odpt:Bus carries no coordinates.","positionNote":null,"legFraction":0.032,"legGeometry":"road","bearing":33.7,"departedAt":"2026-09-12T19:32:01+09:00","updatedAt":"2026-09-12T19:32:05+09:00","validUntil":"2026-09-12T19:32:35+09:00","stale":true,"operator":"Toei"}},{"type":"Feature","geometry":{"type":"Point","coordinates":[139.704601,35.680763]},"properties":{"busId":"Toei.Ike86.20005.3.Y490","busNumber":"Y490","routeLabel":"Ike86 Ikebukuro Sta. Higashiguchi (East Exit) → Ikebukuro Sta. Higashiguchi (East Exit)","routeLabelJa":"池８６ 池袋駅東口→池袋駅東口 新宿四丁目","routeId":"Toei.Ike86","patternId":"Toei.Ike86.20005.3","fromStop":"Shinjuku-Yonchōme (Shinjuku 4)","fromStopJa":"新宿四丁目","toStop":"Shinjuku-Isetan (Shinjuku-Isetan Department Store)","nextStopName":"Shinjuku-Isetan (Shinjuku-Isetan Department Store)","nextStopNameJa":"新宿伊勢丹前","positionSource":"interpolated","positionMethod":"derived: elapsed since odpt:fromBusstopPoleTime / (road distance to the next stop at a calibrated 12.3 km/h), walked along the ODPT road polyline. NOT GPS — odpt:Bus carries no coordinates.","positionNote":null,"legFraction":0.107,"legGeometry":"road","bearing":180.6,"departedAt":"2026-09-12T19:28:06+09:00","updatedAt":"2026-09-12T19:32:05+09:00","validUntil":"2026-09-12T19:32:35+09:00","stale":true,"operator":"Toei"}},{"type":"Feature","geometry":{"type":"Point","coordinates":[139.707634,35.698978]},"properties":{"busId":"Toei.Ike86.20005.3.K234","busNumber":"K234","routeLabel":"Ike86 Ikebukuro Sta. Higashiguchi (East Exit) → Ikebukuro Sta. Higashiguchi (East Exit)","routeLabelJa":"池８６ 池袋駅東口→池袋駅東口 東新宿駅前","routeId":"Toei.Ike86","patternId":"Toei.Ike86.20005.3","fromStop":"Higashi-Shinjuku Sta.","fromStopJa":"東新宿駅前","toStop":"Ōkubo-Dōri","nextStopName":"Ōkubo-Dōri","nextStopNameJa":"大久保通り","positionSource":"interpolated","positionMethod":"derived: elapsed since odpt:fromBusstopPoleTime / (road distance to the next stop at a calibrated 12.3 km/h), walked along the ODPT road polyline. NOT GPS — odpt:Bus carries no coordinates.","positionNote":null,"legFraction":0.355,"legGeometry":"road","bearing":8.5,"departedAt":"2026-09-12T19:31:30+09:00","updatedAt":"2026-09-12T19:32:05+09:00","validUntil":"2026-09-12T19:32:35+09:00","stale":true,"operator":"Toei"}},{"type":"Feature","geometry":{"type":"Point","coordinates":[139.720889,35.643434]},"properties":{"busId":"Toei.Hashi86.304.1.W420","busNumber":"W420","routeLabel":"Hashi86 Meguro Sta. → Akabanebashi Sta.","routeLabelJa":"橋８６ 目黒駅前→赤羽橋駅前 白金六丁目","routeId":"Toei.Hashi86","patternId":"Toei.Hashi86.304.1","fromStop":"Shirokane-Rokuchōme (Shirokane 6)","fromStopJa":"白金六丁目","toStop":"Ebisu-Sanchōme (Ebisu 3)","nextStopName":"Ebisu-Sanchōme (Ebisu 3)","nextStopNameJa":"恵比寿三丁目","positionSource":"interpolated","positionMethod":"derived: elapsed since odpt:fromBusstopPoleTime / (road distance to the next stop at a calibrated 12.3 km/h), walked along the ODPT road polyline. NOT GPS — odpt:Bus carries no coordinates.","positionNote":null,"legFraction":0.297,"legGeometry":"road","bearing":33.0,"departedAt":"2026-09-12T19:31:49+09:00","updatedAt":"2026-09-12T19:32:05+09:00","validUntil":"2026-09-12T19:32:35+09:00","stale":true,"operator":"Toei"}},{"type":"Feature","geometry":{"type":"Point","coordinates":[139.738297,35.655205]},"properties":{"busId":"Toei.Hashi86.304.2.F165","busNumber":"F165","routeLabel":"Hashi86 Akabanebashi Sta. → Meguro Sta.","routeLabelJa":"橋８６ 赤羽橋駅前→目黒駅前 中ノ橋","routeId":"Toei.Hashi86","patternId":"Toei.Hashi86.304.2","fromStop":"Nakanohashi","fromStopJa":"中ノ橋","toStop":"Azabujūban Sta.","nextStopName":"Azabujūban Sta.","nextStopNameJa":"麻布十番駅前","positionSource":"interpolated","positionMethod":"derived: elapsed since odpt:fromBusstopPoleTime / (road distance to the next stop at a calibrated 12.3 km/h), walked along the ODPT road polyline. NOT GPS — odpt:Bus carries no coordinates.","positionNote":null,"legFraction":0.516,"legGeometry":"road","bearing":284.9,"departedAt":"2026-09-12T19:30:34+09:00","updatedAt":"2026-09-12T19:32:05+09:00","validUntil":"2026-09-12T19:32:35+09:00","stale":true,"operator":"Toei"}},{"type":"Feature","geometry":{"type":"Point","coordinates":[139.709376,35.650925]},"properties":{"busId":"Toei.Ta87.8301.1.G735","busNumber":"G735","routeLabel":"Ta87 Shibuya Sta. → Tamachi Sta.","routeLabelJa":"田８７ 渋谷駅前→田町駅前 東二丁目","routeId":"Toei.Ta87","patternId":"Toei.Ta87.8301.1","fromStop":"Higashi-Nichōme (Higashi 2)","fromStopJa":"東二丁目","toStop":"Higashi-Sanchōme (Higashi 3)","nextStopName":"Higashi-Sanchōme (Higashi 3)","nextStopNameJa":"東三丁目","positionSource":"interpolated","positionMethod":"derived: elapsed since odpt:fromBusstopPoleTime / (road distance to the next stop at a calibrated 12.3 km/h), walked along the ODPT road polyline. NOT GPS — odpt:Bus carries no coordinates.","positionNote":null,"legFraction":0.855,"legGeometry":"road","bearing":152.8,"departedAt":"2026-09-12T19:31:05+09:00","updatedAt":"2026-09-12T19:32:05+09:00","validUntil":"2026-09-12T19:32:35+09:00","stale":true,"operator":"Toei"}},{"type":"Feature","geometry":{"type":"Point","coordinates":[139.719898,35.64515]},"properties":{"busId":"Toei.Ta87.8301.1.D328","busNumber":"D328","routeLabel":"Ta87 Shibuya Sta. → Tamachi Sta.","routeLabelJa":"田８７ 渋谷駅前→田町駅前 恵比寿二丁目","routeId":"Toei.Ta87","patternId":"Toei.Ta87.8301.1","fromStop":"Ebisu-Nichōme (Ebisu 2)","fromStopJa":"恵比寿二丁目","toStop":"Ebisu-Sanchōme (Ebisu 3)","nextStopName":"Ebisu-Sanchōme (Ebisu 3)","nextStopNameJa":"恵比寿三丁目","positionSource":"interpolated","positionMethod":"derived: elapsed since odpt:fromBusstopPoleTime / (road distance to the next stop at a calibrated 12.3 km/h), walked along the ODPT road polyline. NOT GPS — odpt:Bus carries no coordinates.","positionNote":null,"legFraction":0.417,"legGeometry":"straight","bearing":100.4,"departedAt":"2026-09-12T19:31:39+09:00","updatedAt":"2026-09-12T19:32:05+09:00","validUntil":"2026-09-12T19:32:35+09:00","stale":true,"operator":"Toei"}},{"type":"Feature","geometry":{"type":"Point","coordinates":[139.736343,35.643972]},"properties":{"busId":"Toei.Ta87.8301.1.L314","busNumber":"L314","routeLabel":"Ta87 Shibuya Sta. → Tamachi Sta.","routeLabelJa":"田８７ 渋谷駅前→田町駅前 白金高輪駅前","routeId":"Toei.Ta87","patternId":"Toei.Ta87.8301.1","fromStop":"Shirokane-Takanawa Sta.","fromStopJa":"白金高輪駅前","toStop":"Gyoran-Zaka-Shita","nextStopName":"Gyoran-Zaka-Shita","nextStopNameJa":"魚籃坂下","positionSource":"interpolated","positionMethod":"derived: elapsed since odpt:fromBusstopPoleTime / (road distance to the next stop at a calibrated 12.3 km/h), walked along the ODPT road polyline. NOT GPS — odpt:Bus carries no coordinates.","positionNote":null,"legFraction":0.972,"legGeometry":"road","bearing":76.0,"departedAt":"2026-09-12T19:30:51+09:00","updatedAt":"2026-09-12T19:32:05+09:00","validUntil":"2026-09-12T19:32:35+09:00","stale":true,"operator":"Toei"}},{"type":"Feature","geometry":{"type":"Point","coordinates":[139.733005,35.643459]},"properties":{"busId":"Toei.Ta87.8301.2.G819","busNumber":"G819","routeLabel":"Ta87 Tamachi Sta. → Shibuya Sta.","routeLabelJa":"田８７ 田町駅前→渋谷駅前 白金高輪駅前","routeId":"Toei.Ta87","patternId":"Toei.Ta87.8301.2","fromStop":"Shirokane-Takanawa Sta.","fromStopJa":"白金高輪駅前","toStop":"Sankōsaka-Shita","nextStopName":"Sankōsaka-Shita","nextStopNameJa":"三光坂下","positionSource":"interpolated","positionMethod":"derived: elapsed since odpt:fromBusstopPoleTime / (road distance to the next stop at a calibrated 12.3 km/h), walked along the ODPT road polyline. NOT GPS — odpt:Bus carries no coordinates.","positionNote":null,"legFraction":0.285,"legGeometry":"road","bearing":306.0,"departedAt":"2026-09-12T19:31:37+09:00","updatedAt":"2026-09-12T19:32:05+09:00","validUntil":"2026-09-12T19:32:35+09:00","stale":true,"operator":"Toei"}},{"type":"Feature","geometry":{"type":"Point","coordinates":[139.71705,35.645514]},"properties":{"busId":"Toei.Ta87.8301.2.B788","busNumber":"B788","routeLabel":"Ta87 Tamachi Sta. → Shibuya Sta.","routeLabelJa":"田８７ 田町駅前→渋谷駅前 恵比寿二丁目","routeId":"Toei.Ta87","patternId":"Toei.Ta87.8301.2","fromStop":"Ebisu-Nichōme (Ebisu 2)","fromStopJa":"恵比寿二丁目","toStop":"Ebisu-Yonchōme (Ebisu 4)","nextStopName":"Ebisu-Yonchōme (Ebisu 4)","nextStopNameJa":"恵比寿四丁目","positionSource":"interpolated","positionMethod":"derived: elapsed since odpt:fromBusstopPoleTime / (road distance to the next stop at a calibrated 12.3 km/h), walked along the ODPT road polyline. NOT GPS — odpt:Bus carries no coordinates.","positionNote":null,"legFraction":0.792,"legGeometry":"road","bearing":280.3,"departedAt":"2026-09-12T19:31:08+09:00","updatedAt":"2026-09-12T19:32:05+09:00","validUntil":"2026-09-12T19:32:35+09:00","stale":true,"operator":"Toei"}},{"type":"Feature","geometry":{"type":"Point","coordinates":[139.709237,35.650961]},"properties":{"busId":"Toei.Ta87.8301.2.M437","busNumber":"M437","routeLabel":"Ta87 Tamachi Sta. → Shibuya Sta.","routeLabelJa":"田８７ 田町駅前→渋谷駅前 東三丁目","routeId":"Toei.Ta87","patternId":"Toei.Ta87.8301.2","fromStop":"Higashi-Sanchōme (Higashi 3)","fromStopJa":"東三丁目","toStop":"Higashi-Nichōme (Higashi 2)","nextStopName":"Higashi-Nichōme (Higashi 2)","nextStopNameJa":"東二丁目","positionSource":"interpolated","positionMethod":"derived: elapsed since odpt:fromBusstopPoleTime / (road distance to the next stop at a calibrated 12.3 km/h), walked along the ODPT road polyline. NOT GPS — odpt:Bus carries no coordinates.","positionNote":null,"legFraction":0.245,"legGeometry":"road","bearing":332.1,"departedAt":"2026-09-12T19:31:46+09:00","updatedAt":"2026-09-12T19:32:05+09:00","validUntil":"2026-09-12T19:32:35+09:00","stale":true,"operator":"Toei"}},{"type":"Feature","geometry":{"type":"Point","coordinates":[139.702952,35.658275]},"properties":{"busId":"Toei.Ta87.8301.2.E383","busNumber":"E383","routeLabel":"Ta87 Tamachi Sta. → Shibuya Sta.","routeLabelJa":"田８７ 田町駅前→渋谷駅前 並木橋","routeId":"Toei.Ta87","patternId":"Toei.Ta87.8301.2","fromStop":"Namikibashi","fromStopJa":"並木橋","toStop":"Shibuya Sta.","nextStopName":"Shibuya Sta.","nextStopNameJa":"渋谷駅前","positionSource":"interpolated","positionMethod":"derived: elapsed since odpt:fromBusstopPoleTime / (road distance to the next stop at a calibrated 12.3 km/h), walked along the ODPT road polyline. NOT GPS — odpt:Bus carries no coordinates.","positionNote":null,"legFraction":0.921,"legGeometry":"road","bearing":339.8,"departedAt":"2026-09-12T19:30:05+09:00","updatedAt":"2026-09-12T19:32:05+09:00","validUntil":"2026-09-12T19:32:35+09:00","stale":true,"operator":"Toei"}},{"type":"Feature","geometry":{"type":"Point","coordinates":[139.721008,35.659696]},"properties":{"busId":"Toei.Shibu88.8206.1.F555","busNumber":"F555","routeLabel":"Shibu88 Shibuya Sta. → Shimbashi Sta.","routeLabelJa":"渋８８ 渋谷駅前→新橋駅前 南青山七丁目","routeId":"Toei.Shibu88","patternId":"Toei.Shibu88.8206.1","fromStop":"Minami-Aoyama-Nanachōme (Minami-Aoyama 7)","fromStopJa":"南青山七丁目","toStop":"Nishi-Azabu","nextStopName":"Nishi-Azabu","nextStopNameJa":"西麻布","positionSource":"interpolated","positionMethod":"derived: elapsed since odpt:fromBusstopPoleTime / (road distance to the next stop at a calibrated 12.3 km/h), walked along the ODPT road polyline. NOT GPS — odpt:Bus carries no coordinates.","positionNote":null,"legFraction":0.611,"legGeometry":"road","bearing":85.4,"departedAt":"2026-09-12T19:31:07+09:00","updatedAt":"2026-09-12T19:32:05+09:00","validUntil":"2026-09-12T19:32:35+09:00","stale":true,"operator":"Toei"}},{"type":"Feature","geometry":{"type":"Point","coordinates":[139.750473,35.669866]},"properties":{"busId":"Toei.Shibu88.8206.2.W475","busNumber":"W475","routeLabel":"Shibu88 Shimbashi Sta. → Shibuya Sta.","routeLabelJa":"渋８８ 新橋駅前→渋谷駅前 東亞合成本社前","routeId":"Toei.Shibu88","patternId":"Toei.Shibu88.8206.2","fromStop":"Tōagōsei Honsha(Toagosei Head Office)","fromStopJa":"東亞合成本社前","toStop":"Toranomon","nextStopName":"Toranomon","nextStopNameJa":"虎ノ門","positionSource":"at-stop","positionMethod":"derived: elapsed since odpt:fromBusstopPoleTime / (road distance to the next stop at a calibrated 12.3 km/h), walked along the ODPT road polyline. NOT GPS — odpt:Bus carries no coordinates.","positionNote":"overdue for the next stop — snapped to it","legFraction":1.0,"legGeometry":"road","bearing":292.4,"departedAt":"2026-09-12T19:30:22+09:00","updatedAt":"2026-09-12T19:32:05+09:00","validUntil":"2026-09-12T19:32:35+09:00","stale":true,"operator":"Toei"}},{"type":"Feature","geometry":{"type":"Point","coordinates":[139.709469,35.662282]},"properties":{"busId":"Toei.Shibu88.8206.2.D331","busNumber":"D331","routeLabel":"Shibu88 Shimbashi Sta. → Shibuya Sta.","routeLabelJa":"渋８８ 新橋駅前→渋谷駅前 青山学院前","routeId":"Toei.Shibu88","patternId":"Toei.Shibu88.8206.2","fromStop":"Aoyamagakuin (Aoyama Gakuin Univ.)","fromStopJa":"青山学院前","toStop":"Shibuya-Nichōme (Shibuya 2)","nextStopName":"Shibuya-Nichōme (Shibuya 2)","nextStopNameJa":"渋谷二丁目","positionSource":"interpolated","positionMethod":"derived: elapsed since odpt:fromBusstopPoleTime / (road distance to the next stop at a calibrated 12.3 km/h), walked along the ODPT road polyline. NOT GPS — odpt:Bus carries no coordinates.","positionNote":null,"legFraction":0.416,"legGeometry":"road","bearing":233.4,"departedAt":"2026-09-12T19:31:35+09:00","updatedAt":"2026-09-12T19:32:05+09:00","validUntil":"2026-09-12T19:32:35+09:00","stale":true,"operator":"Toei"}},{"type":"Feature","geometry":{"type":"Point","coordinates":[139.747669,35.610722]},"properties":{"busId":"Toei.Shina91.1009.3.Y486","busNumber":"Y486","routeLabel":"Shina91 Shinagawa Sta. Kōnanguchi (Kōnan Exit) → Shinagawa Sta. Kōnanguchi (Kōnan Exit)","routeLabelJa":"品９１ 品川駅港南口→品川駅港南口 都立八潮高校前","routeId":"Toei.Shina91","patternId":"Toei.Shina91.1009.3","fromStop":"Toritsu-Yashio-Kōkō","fromStopJa":"都立八潮高校前","toStop":"Shinagawa Seaside Sta.","nextStopName":"Shinagawa Seaside Sta.","nextStopNameJa":"品川シーサイド駅前","positionSource":"interpolated","positionMethod":"derived: elapsed since odpt:fromBusstopPoleTime / (road distance to the next stop at a calibrated 12.3 km/h), walked along the ODPT road polyline. NOT GPS — odpt:Bus carries no coordinates.","positionNote":null,"legFraction":0.053,"legGeometry":"straight","bearing":133.1,"departedAt":"2026-09-12T19:32:01+09:00","updatedAt":"2026-09-12T19:32:05+09:00","validUntil":"2026-09-12T19:32:35+09:00","stale":true,"operator":"Toei"}},{"type":"Feature","geometry":{"type":"Point","coordinates":[139.747523,35.608884]},"properties":{"busId":"Toei.Shina91.1009.3.F167","busNumber":"F167","routeLabel":"Shina91 Shinagawa Sta. Kōnanguchi (Kōnan Exit) → Shinagawa Sta. Kōnanguchi (Kōnan Exit)","routeLabelJa":"品９１ 品川駅港南口→品川駅港南口 品川シーサイド駅前","routeId":"Toei.Shina91","patternId":"Toei.Shina91.1009.3","fromStop":"Shinagawa Seaside Sta.","fromStopJa":"品川シーサイド駅前","toStop":"Toritsu-Yashio-Kōkō","nextStopName":"Toritsu-Yashio-Kōkō","nextStopNameJa":"都立八潮高校前","positionSource":"interpolated","positionMethod":"derived: elapsed since odpt:fromBusstopPoleTime / (road distance to the next stop at a calibrated 12.3 km/h), walked along the ODPT road polyline. NOT GPS — odpt:Bus carries no coordinates.","positionNote":null,"legFraction":0.04,"legGeometry":"road","bearing":274.9,"departedAt":"2026-09-12T19:31:04+09:00","updatedAt":"2026-09-12T19:32:05+09:00","validUntil":"2026-09-12T19:32:35+09:00","stale":true,"operator":"Toei"}},{"type":"Feature","geometry":{"type":"Point","coordinates":[139.74732,35.609444]},"properties":{"busId":"Toei.I92.1101.3.M371","busNumber":"M371","routeLabel":"I92 Ōimachi Sta. Higashiguchi (East Exit) → Ōimachi Sta. Higashiguchi (East Exit)","routeLabelJa":"井９２ 大井町駅東口→大井町駅東口 都立八潮高校前","routeId":"Toei.I92","patternId":"Toei.I92.1101.3","fromStop":"Toritsu-Yashio-Kōkō","fromStopJa":"都立八潮高校前","toStop":"Toritsu-Sangyō-Gijutsu-Kōsen-Shinagawa Campus","nextStopName":"Toritsu-Sangyō-Gijutsu-Kōsen-Shinagawa Campus","nextStopNameJa":"都立産業技術高専品川キャンパス前","positionSource":"interpolated","positionMethod":"derived: elapsed since odpt:fromBusstopPoleTime / (road distance to the next stop at a calibrated 12.3 km/h), walked along the ODPT road polyline. NOT GPS — odpt:Bus carries no coordinates.","positionNote":null,"legFraction":0.46,"legGeometry":"road","bearing":185.2,"departedAt":"2026-09-12T19:30:58+09:00","updatedAt":"2026-09-12T19:32:05+09:00","validUntil":"2026-09-12T19:32:35+09:00","stale":true,"operator":"Toei"}},{"type":"Feature","geometry":{"type":"Point","coordinates":[139.754358,35.60241]},"properties":{"busId":"Toei.I92.1101.3.F164","busNumber":"F164","routeLabel":"I92 Ōimachi Sta. Higashiguchi (East Exit) → Ōimachi Sta. Higashiguchi (East Exit)","routeLabelJa":"井９２ 大井町駅東口→大井町駅東口 八潮公園前","routeId":"Toei.I92","patternId":"Toei.I92.1101.3","fromStop":"Yashio-Kōen (Yashio Park)","fromStopJa":"八潮公園前","toStop":"Meisei-Gakuen","nextStopName":"Meisei-Gakuen","nextStopNameJa":"明晴学園前","positionSource":"interpolated","positionMethod":"derived: elapsed since odpt:fromBusstopPoleTime / (road distance to the next stop at a calibrated 12.3 km/h), walked along the ODPT road polyline. NOT GPS — odpt:Bus carries no coordinates.","positionNote":null,"legFraction":0.597,"legGeometry":"road","bearing":359.7,"departedAt":"2026-09-12T19:30:57+09:00","updatedAt":"2026-09-12T19:32:05+09:00","validUntil":"2026-09-12T19:32:35+09:00","stale":true,"operator":"Toei"}},{"type":"Feature","geometry":{"type":"Point","coordinates":[139.747587,35.61209]},"properties":{"busId":"Toei.Shina93.401.1.G834","busNumber":"G834","routeLabel":"Shina93 Ōi-Keibajō → Meguro Sta.","routeLabelJa":"品９３ 大井競馬場前→目黒駅前 都立八潮高校前","routeId":"Toei.Shina93","patternId":"Toei.Shina93.401.1","fromStop":"Toritsu-Yashio-Kōkō","fromStopJa":"都立八潮高校前","toStop":"Shinagawa-Keisatsusho-Iriguchi (Shinagawa Police Station)","nextStopName":"Shinagawa-Keisatsusho-Iriguchi (Shinagawa Police Station)","nextStopNameJa":"品川警察署入口","positionSource":"interpolated","positionMethod":"derived: elapsed since odpt:fromBusstopPoleTime / (road distance to the next stop at a calibrated 12.3 km/h), walked along the ODPT road polyline. NOT GPS — odpt:Bus carries no coordinates.","positionNote":null,"legFraction":0.154,"legGeometry":"road","bearing":2.9,"departedAt":"2026-09-12T19:31:45+09:00","updatedAt":"2026-09-12T19:32:05+09:00","validUntil":"2026-09-12T19:32:35+09:00","stale":true,"operator":"Toei"}},{"type":"Feature","geometry":{"type":"Point","coordinates":[139.734788,35.629268]},"properties":{"busId":"Toei.Shina93.401.1.F635","busNumber":"F635","routeLabel":"Shina93 Ōi-Keibajō → Meguro Sta.","routeLabelJa":"品９３ 大井競馬場前→目黒駅前 品川駅高輪口","routeId":"Toei.Shina93","patternId":"Toei.Shina93.401.1","fromStop":"Shinagawa Sta. Takanawaguchi (Takanawa Exit)","fromStopJa":"品川駅高輪口","toStop":"Grand Prince Hotel Shin-Takanawa","nextStopName":"Grand Prince Hotel Shin-Takanawa","nextStopNameJa":"グランドプリンスホテル新高輪前","positionSource":"interpolated","positionMethod":"derived: elapsed since odpt:fromBusstopPoleTime / (road distance to the next stop at a calibrated 12.3 km/h), walked along the ODPT road polyline. NOT GPS — odpt:Bus carries no coordinates.","positionNote":null,"legFraction":0.346,"legGeometry":"road","bearing":278.0,"departedAt":"2026-09-12T19:31:31+09:00","updatedAt":"2026-09-12T19:32:05+09:00","validUntil":"2026-09-12T19:32:35+09:00","stale":true,"operator":"Toei"}},{"type":"Feature","geometry":{"type":"Point","coordinates":[139.732392,35.629707]},"properties":{"busId":"Toei.Shina93.401.2.L300","busNumber":"L300","routeLabel":"Shina93 Meguro Sta. → Ōi-Keibajō","routeLabelJa":"品９３ 目黒駅前→大井競馬場前 グランドプリンスホテル新高輪前","routeId":"Toei.Shina93","patternId":"Toei.Shina93.401.2","fromStop":"Grand Prince Hotel Shin-Takanawa","fromStopJa":"グランドプリンスホテル新高輪前","toStop":"Shinagawa Sta. Takanawaguchi (Takanawa Exit)","nextStopName":"Shinagawa Sta. Takanawaguchi (Takanawa Exit)","nextStopNameJa":"品川駅高輪口","positionSource":"interpolated","positionMethod":"derived: elapsed since odpt:fromBusstopPoleTime / (road distance to the next stop at a calibrated 12.3 km/h), walked along the ODPT road polyline. NOT GPS — odpt:Bus carries no coordinates.","positionNote":null,"legFraction":0.073,"legGeometry":"road","bearing":180.2,"departedAt":"2026-09-12T19:31:51+09:00","updatedAt":"2026-09-12T19:32:05+09:00","validUntil":"2026-09-12T19:32:35+09:00","stale":true,"operator":"Toei"}},{"type":"Feature","geometry":{"type":"Point","coordinates":[139.745919,35.620243]},"properties":{"busId":"Toei.Shina93.401.2.A573","busNumber":"A573","routeLabel":"Shina93 Meguro Sta. → Ōi-Keibajō","routeLabelJa":"品９３ 目黒駅前→大井競馬場前 天王洲橋","routeId":"Toei.Shina93","patternId":"Toei.Shina93.401.2","fromStop":"Tennōzubashi","fromStopJa":"天王洲橋","toStop":"Shōwabashi","nextStopName":"Shōwabashi","nextStopNameJa":"昭和橋","positionSource":"interpolated","positionMethod":"derived: elapsed since odpt:fromBusstopPoleTime / (road distance to the next stop at a calibrated 12.3 km/h), walked along the ODPT road polyline. NOT GPS — odpt:Bus carries no coordinates.","positionNote":null,"legFraction":0.252,"legGeometry":"road","bearing":39.9,"departedAt":"2026-09-12T19:31:39+09:00","updatedAt":"2026-09-12T19:32:05+09:00","validUntil":"2026-09-12T19:32:35+09:00","stale":true,"operator":"Toei"}},{"type":"Feature","geometry":{"type":"Point","coordinates":[139.756587,35.656694]},"properties":{"busId":"Toei.Hama95.807.2.L301","busNumber":"L301","routeLabel":"Hama95 Tokyo Tower → Shinagawa Sta. Kōnanguchi (Kōnan Exit)","routeLabelJa":"浜９５ 東京タワー→品川駅港南口 大門駅前","routeId":"Toei.Hama95","patternId":"Toei.Hama95.807.2","fromStop":"Daimon Sta.","fromStopJa":"大門駅前","toStop":"Hamamatsuchō Sta.","nextStopName":"Hamamatsuchō Sta.","nextStopNameJa":"浜松町駅前","positionSource":"at-stop","positionMethod":"derived: elapsed since odpt:fromBusstopPoleTime / (road distance to the next stop at a calibrated 12.3 km/h), walked along the ODPT road polyline. NOT GPS — odpt:Bus carries no coordinates.","positionNote":"overdue for the next stop — snapped to it","legFraction":1.0,"legGeometry":"road","bearing":96.7,"departedAt":"2026-09-12T19:30:15+09:00","updatedAt":"2026-09-12T19:32:05+09:00","validUntil":"2026-09-12T19:32:35+09:00","stale":true,"operator":"Toei"}},{"type":"Feature","geometry":{"type":"Point","coordinates":[139.741244,35.629299]},"properties":{"busId":"Toei.Shina96.1402.2.K210","busNumber":"K210","routeLabel":"Shina96 Tennōzu Isle Sta. → Shinagawa Sta. Kōnanguchi (Kōnan Exit)","routeLabelJa":"品９６ りんかい線天王洲アイル駅前→品川駅港南口 東京海洋大学本部前","routeId":"Toei.Shina96","patternId":"Toei.Shina96.1402.2","fromStop":"Tokyo Kaiyō-Daigaku-Hombu (Tokyo Univ. Of Marine Science and Technology)","fromStopJa":"東京海洋大学本部前","toStop":"Shinagawa Sta. Kōnanguchi (Kōnan Exit)","nextStopName":"Shinagawa Sta. Kōnanguchi (Kōnan Exit)","nextStopNameJa":"品川駅港南口","positionSource":"at-stop","positionMethod":"derived: elapsed since odpt:fromBusstopPoleTime / (road distance to the next stop at a calibrated 12.3 km/h), walked along the ODPT road polyline. NOT GPS — odpt:Bus carries no coordinates.","positionNote":"overdue for the next stop — snapped to it","legFraction":1.0,"legGeometry":"road","bearing":261.4,"departedAt":"2026-09-12T19:28:08+09:00","updatedAt":"2026-09-12T19:32:05+09:00","validUntil":"2026-09-12T19:32:35+09:00","stale":true,"operator":"Toei"}},{"type":"Feature","geometry":{"type":"Point","coordinates":[139.738275,35.637759]},"properties":{"busId":"Toei.Tan96.1712.1.E374","busNumber":"E374","routeLabel":"Tan96 Gotanda Sta. → Roppongi Hills","routeLabelJa":"反９６ 五反田駅→六本木ヒルズ 泉岳寺前","routeId":"Toei.Tan96","patternId":"Toei.Tan96.1712.1","fromStop":"Sengakuji (Sengakuji Temple)","fromStopJa":"泉岳寺前","toStop":"Takanawa-Itchōme (Takanawa 1)","nextStopName":"Takanawa-Itchōme (Takanawa 1)","nextStopNameJa":"高輪一丁目","positionSource":"interpolated","positionMethod":"derived: elapsed since odpt:fromBusstopPoleTime / (road distance to the next stop at a calibrated 12.3 km/h), walked along the ODPT road polyline. NOT GPS — odpt:Bus carries no coordinates.","positionNote":null,"legFraction":0.015,"legGeometry":"road","bearing":278.7,"departedAt":"2026-09-12T19:32:03+09:00","updatedAt":"2026-09-12T19:32:05+09:00","validUntil":"2026-09-12T19:32:35+09:00","stale":true,"operator":"Toei"}},{"type":"Feature","geometry":{"type":"Point","coordinates":[139.733091,35.662936]},"properties":{"busId":"Toei.Tan96.1712.2.E373","busNumber":"E373","routeLabel":"Tan96 Roppongi Hills → Gotanda Sta.","routeLabelJa":"反９６ 六本木ヒルズ→五反田駅 六本木ヒルズ","routeId":"Toei.Tan96","patternId":"Toei.Tan96.1712.2","fromStop":"Roppongi Hills","fromStopJa":"六本木ヒルズ","toStop":"Roppongi Sta.","nextStopName":"Roppongi Sta.","nextStopNameJa":"六本木駅前","positionSource":"at-stop","positionMethod":"derived: elapsed since odpt:fromBusstopPoleTime / (road distance to the next stop at a calibrated 12.3 km/h), walked along the ODPT road polyline. NOT GPS — odpt:Bus carries no coordinates.","positionNote":"overdue for the next stop — snapped to it","legFraction":1.0,"legGeometry":"straight","bearing":49.6,"departedAt":"2026-09-12T19:28:19+09:00","updatedAt":"2026-09-12T19:32:05+09:00","validUntil":"2026-09-12T19:32:35+09:00","stale":true,"operator":"Toei"}},{"type":"Feature","geometry":{"type":"Point","coordinates":[139.736537,35.625555]},"properties":{"busId":"Toei.Tan96.1712.2.H861","busNumber":"H861","routeLabel":"Tan96 Roppongi Hills → Gotanda Sta.","routeLabelJa":"反９６ 六本木ヒルズ→五反田駅 品川駅高輪口","routeId":"Toei.Tan96","patternId":"Toei.Tan96.1712.2","fromStop":"Shinagawa Sta. Takanawaguchi (Takanawa Exit)","fromStopJa":"品川駅高輪口","toStop":"Goten-Yama","nextStopName":"Goten-Yama","nextStopNameJa":"御殿山","positionSource":"interpolated","positionMethod":"derived: elapsed since odpt:fromBusstopPoleTime / (road distance to the next stop at a calibrated 12.3 km/h), walked along the ODPT road polyline. NOT GPS — odpt:Bus carries no coordinates.","positionNote":null,"legFraction":0.428,"legGeometry":"straight","bearing":208.1,"departedAt":"2026-09-12T19:30:56+09:00","updatedAt":"2026-09-12T19:32:05+09:00","validUntil":"2026-09-12T19:32:35+09:00","stale":true,"operator":"Toei"}},{"type":"Feature","geometry":{"type":"Point","coordinates":[139.738505,35.639068]},"properties":{"busId":"Toei.Shina97.24001.1.W458","busNumber":"W458","routeLabel":"Shina97 Shinagawa Sta. Takanawaguchi (Takanawa Exit) → Shinjuku Sta. Nishiguchi (West Exit)","routeLabelJa":"品９７ 品川駅高輪口→新宿駅西口 泉岳寺前","routeId":"Toei.Shina97","patternId":"Toei.Shina97.24001.1","fromStop":"Sengakuji (Sengakuji Temple)","fromStopJa":"泉岳寺前","toStop":"Takanawa-Itchōme (Takanawa 1)","nextStopName":"Takanawa-Itchōme (Takanawa 1)","nextStopNameJa":"高輪一丁目","positionSource":"interpolated","positionMethod":"derived: elapsed since odpt:fromBusstopPoleTime / (road distance to the next stop at a calibrated 12.3 km/h), walked along the ODPT road polyline. NOT GPS — odpt:Bus carries no coordinates.","positionNote":null,"legFraction":0.377,"legGeometry":"road","bearing":6.2,"departedAt":"2026-09-12T19:31:14+09:00","updatedAt":"2026-09-12T19:32:05+09:00","validUntil":"2026-09-12T19:32:35+09:00","stale":true,"operator":"Toei"}},{"type":"Feature","geometry":{"type":"Point","coordinates":[139.720306,35.687578]},"properties":{"busId":"Toei.Shina97.24001.1.B718","busNumber":"B718","routeLabel":"Shina97 Shinagawa Sta. Takanawaguchi (Takanawa Exit) → Shinjuku Sta. Nishiguchi (West Exit)","routeLabelJa":"品９７ 品川駅高輪口→新宿駅西口 左門町","routeId":"Toei.Shina97","patternId":"Toei.Shina97.24001.1","fromStop":"Samonchō","fromStopJa":"左門町","toStop":"Yotsuya-Sanchōme (Yotsuya 3)","nextStopName":"Yotsuya-Sanchōme (Yotsuya 3)","nextStopNameJa":"四谷三丁目","positionSource":"interpolated","positionMethod":"derived: elapsed since odpt:fromBusstopPoleTime / (road distance to the next stop at a calibrated 12.3 km/h), walked along the ODPT road polyline. NOT GPS — odpt:Bus carries no coordinates.","positionNote":null,"legFraction":0.751,"legGeometry":"road","bearing":3.9,"departedAt":"2026-09-12T19:30:01+09:00","updatedAt":"2026-09-12T19:32:05+09:00","validUntil":"2026-09-12T19:32:35+09:00","stale":true,"operator":"Toei"}},{"type":"Feature","geometry":{"type":"Point","coordinates":[139.711059,35.688498]},"properties":{"busId":"Toei.Shina97.24001.2.F565","busNumber":"F565","routeLabel":"Shina97 Shinjuku Sta. Nishiguchi (West Exit) → Shinagawa Sta. Takanawaguchi (Takanawa Exit)","routeLabelJa":"品９７ 新宿駅西口→品川駅高輪口 新宿二丁目","routeId":"Toei.Shina97","patternId":"Toei.Shina97.24001.2","fromStop":"Shinjuku-Nichōme (Shinjuku 2)","fromStopJa":"新宿二丁目","toStop":"Shinjuku-Itchōme (Shinjuku 1)","nextStopName":"Shinjuku-Itchōme (Shinjuku 1)","nextStopNameJa":"新宿一丁目(しんじゅくいっちょうめ)","positionSource":"interpolated","positionMethod":"derived: elapsed since odpt:fromBusstopPoleTime / (road distance to the next stop at a calibrated 12.3 km/h), walked along the ODPT road polyline. NOT GPS — odpt:Bus carries no coordinates.","positionNote":null,"legFraction":0.289,"legGeometry":"road","bearing":104.5,"departedAt":"2026-09-12T19:31:44+09:00","updatedAt":"2026-09-12T19:32:05+09:00","validUntil":"2026-09-12T19:32:35+09:00","stale":true,"operator":"Toei"}},{"type":"Feature","geometry":{"type":"Point","coordinates":[139.734585,35.646736]},"properties":{"busId":"Toei.Shina97.24001.2.K223","busNumber":"K223","routeLabel":"Shina97 Shinjuku Sta. Nishiguchi (West Exit) → Shinagawa Sta. Takanawaguchi (Takanawa Exit)","routeLabelJa":"品９７ 新宿駅西口→品川駅高輪口 古川橋","routeId":"Toei.Shina97","patternId":"Toei.Shina97.24001.2","fromStop":"Furukawabashi","fromStopJa":"古川橋","toStop":"Gyoran-Zaka-Shita","nextStopName":"Gyoran-Zaka-Shita","nextStopNameJa":"魚籃坂下","positionSource":"interpolated","positionMethod":"derived: elapsed since odpt:fromBusstopPoleTime / (road distance to the next stop at a calibrated 12.3 km/h), walked along the ODPT road polyline. NOT GPS — odpt:Bus carries no coordinates.","positionNote":null,"legFraction":0.019,"legGeometry":"road","bearing":96.2,"departedAt":"2026-09-12T19:32:03+09:00","updatedAt":"2026-09-12T19:32:05+09:00","validUntil":"2026-09-12T19:32:35+09:00","stale":true,"operator":"Toei"}},{"type":"Feature","geometry":{"type":"Point","coordinates":[139.764738,35.595946]},"properties":{"busId":"Toei.Shina98.4102.1.K215","busNumber":"K215","routeLabel":"Shina98 Shinagawa Sta. Kōnanguchi (Kōnan Exit) → Ōta-Shijō","routeLabelJa":"品９８ 品川駅港南口→大田市場 ６号バース前","routeId":"Toei.Shina98","patternId":"Toei.Shina98.4102.1","fromStop":"Roku-Gō Berth","fromStopJa":"６号バース前","toStop":"Tokyo zeikan-Ōi-Shutchōjo (Tokyo Customs Ōi Branch)","nextStopName":"Tokyo zeikan-Ōi-Shutchōjo (Tokyo Customs Ōi Branch)","nextStopNameJa":"東京税関大井出張所前","positionSource":"interpolated","positionMethod":"derived: elapsed since odpt:fromBusstopPoleTime / (road distance to the next stop at a calibrated 12.3 km/h), walked along the ODPT road polyline. NOT GPS — odpt:Bus carries no coordinates.","positionNote":null,"legFraction":0.851,"legGeometry":"road","bearing":148.5,"departedAt":"2026-09-12T19:30:48+09:00","updatedAt":"2026-09-12T19:32:06+09:00","validUntil":"2026-09-12T19:32:36+09:00","stale":true,"operator":"Toei"}},{"type":"Feature","geometry":{"type":"Point","coordinates":[139.769852,35.591573]},"properties":{"busId":"Toei.Shina98.4102.2.Y484","busNumber":"Y484","routeLabel":"Shina98 Ōta-Shijō → Shinagawa Sta. Kōnanguchi (Kōnan Exit)","routeLabelJa":"品９８ 大田市場→品川駅港南口 セントラルビル前","routeId":"Toei.Shina98","patternId":"Toei.Shina98.4102.2","fromStop":"Central Biru","fromStopJa":"セントラルビル前","toStop":"Nichirei","nextStopName":"Nichirei","nextStopNameJa":"ニチレイ前","positionSource":"interpolated","positionMethod":"derived: elapsed since odpt:fromBusstopPoleTime / (road distance to the next stop at a calibrated 12.3 km/h), walked along the ODPT road polyline. NOT GPS — odpt:Bus carries no coordinates.","positionNote":null,"legFraction":0.22,"legGeometry":"road","bearing":59.7,"departedAt":"2026-09-12T19:31:55+09:00","updatedAt":"2026-09-12T19:32:06+09:00","validUntil":"2026-09-12T19:32:36+09:00","stale":true,"operator":"Toei"}},{"type":"Feature","geometry":{"type":"Point","coordinates":[139.748727,35.621212]},"properties":{"busId":"Toei.Shina98.4102.2.Z537","busNumber":"Z537","routeLabel":"Shina98 Ōta-Shijō → Shinagawa Sta. Kōnanguchi (Kōnan Exit)","routeLabelJa":"品９８ 大田市場→品川駅港南口 新東海橋","routeId":"Toei.Shina98","patternId":"Toei.Shina98.4102.2","fromStop":"Shintōkaibashi","fromStopJa":"新東海橋","toStop":"Tennōzubashi","nextStopName":"Tennōzubashi","nextStopNameJa":"天王洲橋","positionSource":"interpolated","positionMethod":"derived: elapsed since odpt:fromBusstopPoleTime / (road distance to the next stop at a calibrated 12.3 km/h), walked along the ODPT road polyline. NOT GPS — odpt:Bus carries no coordinates.","positionNote":null,"legFraction":0.177,"legGeometry":"road","bearing":249.6,"departedAt":"2026-09-12T19:31:47+09:00","updatedAt":"2026-09-12T19:32:06+09:00","validUntil":"2026-09-12T19:32:36+09:00","stale":true,"operator":"Toei"}},{"type":"Feature","geometry":{"type":"Point","coordinates":[139.756144,35.625682]},"properties":{"busId":"Toei.Shina99.4505.3.M376","busNumber":"M376","routeLabel":"Shina99 Shinagawa Sta. Kōnanguchi (Kōnan Exit) → Shinagawa Sta. Kōnanguchi (Kōnan Exit)","routeLabelJa":"品９９ 品川駅港南口→品川駅港南口 東京出入国在留管理局前","routeId":"Toei.Shina99","patternId":"Toei.Shina99.4505.3","fromStop":"Tokyo Shutsunyūkokuzairyu-Kanrikyoku (Tokyo Regional Immigration Services Bureau)","fromStopJa":"東京出入国在留管理局前","toStop":"Futō-Dōri","nextStopName":"Futō-Dōri","nextStopNameJa":"埠頭通り","positionSource":"interpolated","positionMethod":"derived: elapsed since odpt:fromBusstopPoleTime / (road distance to the next stop at a calibrated 12.3 km/h), walked along the ODPT road polyline. NOT GPS — odpt:Bus carries no coordinates.","positionNote":null,"legFraction":0.586,"legGeometry":"road","bearing":178.5,"departedAt":"2026-09-12T19:31:00+09:00","updatedAt":"2026-09-12T19:32:06+09:00","validUntil":"2026-09-12T19:32:36+09:00","stale":true,"operator":"Toei"}},{"type":"Feature","geometry":{"type":"Point","coordinates":[139.747597,35.631536]},"properties":{"busId":"Toei.Shina99.4505.3.C200","busNumber":"C200","routeLabel":"Shina99 Shinagawa Sta. Kōnanguchi (Kōnan Exit) → Shinagawa Sta. Kōnanguchi (Kōnan Exit)","routeLabelJa":"品９９ 品川駅港南口→品川駅港南口 港南中学校前","routeId":"Toei.Shina99","patternId":"Toei.Shina99.4505.3","fromStop":"Kōnan-Chūgakkō","fromStopJa":"港南中学校前","toStop":"Shinagawa Sta. Kōnanguchi (Kōnan Exit)","nextStopName":"Shinagawa Sta. Kōnanguchi (Kōnan Exit)","nextStopNameJa":"品川駅港南口","positionSource":"interpolated","positionMethod":"derived: elapsed since odpt:fromBusstopPoleTime / (road distance to the next stop at a calibrated 12.3 km/h), walked along the ODPT road polyline. NOT GPS — odpt:Bus carries no coordinates.","positionNote":null,"legFraction":0.111,"legGeometry":"road","bearing":274.9,"departedAt":"2026-09-12T19:31:36+09:00","updatedAt":"2026-09-12T19:32:06+09:00","validUntil":"2026-09-12T19:32:36+09:00","stale":true,"operator":"Toei"}},{"type":"Feature","geometry":{"type":"Point","coordinates":[139.878947,35.677353]},"properties":{"busId":"Toei.Rinkai28-1.68901.1.C264","busNumber":"C264","routeLabel":"Rinkai28-1 Ichinoebashi-Nishizume → Kasai-Rinkai-Kōen Sta. (Kasai Rinkai Park Sta.)","routeLabelJa":"臨海２８－１ 一之江橋西詰→葛西臨海公園駅前 西瑞江五丁目","routeId":"Toei.Rinkai28-1","patternId":"Toei.Rinkai28-1.68901.1","fromStop":"Nishi-Mizue-Gochōme (Nishi-Mizue 5)","fromStopJa":"西瑞江五丁目","toStop":"Furukawa-Shinsui-Kōen (Furukawa-Shinsui Park)","nextStopName":"Furukawa-Shinsui-Kōen (Furukawa-Shinsui Park)","nextStopNameJa":"古川親水公園","positionSource":"interpolated","positionMethod":"derived: elapsed since odpt:fromBusstopPoleTime / (road distance to the next stop at a calibrated 12.3 km/h), walked along the ODPT road polyline. NOT GPS — odpt:Bus carries no coordinates.","positionNote":null,"legFraction":0.4,"legGeometry":"road","bearing":203.3,"departedAt":"2026-09-12T19:31:30+09:00","updatedAt":"2026-09-12T19:32:06+09:00","validUntil":"2026-09-12T19:32:36+09:00","stale":true,"operator":"Toei"}},{"type":"Feature","geometry":{"type":"Point","coordinates":[139.868148,35.644052]},"properties":{"busId":"Toei.Rinkai28-1.68901.1.D919","busNumber":"D919","routeLabel":"Rinkai28-1 Ichinoebashi-Nishizume → Kasai-Rinkai-Kōen Sta. (Kasai Rinkai Park Sta.)","routeLabelJa":"臨海２８－１ 一之江橋西詰→葛西臨海公園駅前 臨海町五丁目","routeId":"Toei.Rinkai28-1","patternId":"Toei.Rinkai28-1.68901.1","fromStop":"Rinkaichō-Gochōme (Rinkaichō 5)","fromStopJa":"臨海町五丁目","toStop":"Kasai-Rinkai-Kōen Sta. (Kasai Rinkai Park Sta.)","nextStopName":"Kasai-Rinkai-Kōen Sta. (Kasai Rinkai Park Sta.)","nextStopNameJa":"葛西臨海公園駅前","positionSource":"interpolated","positionMethod":"derived: elapsed since odpt:fromBusstopPoleTime / (road distance to the next stop at a calibrated 12.3 km/h), walked along the ODPT road polyline. NOT GPS — odpt:Bus carries no coordinates.","positionNote":null,"legFraction":0.119,"legGeometry":"road","bearing":221.9,"departedAt":"2026-09-12T19:31:39+09:00","updatedAt":"2026-09-12T19:32:06+09:00","validUntil":"2026-09-12T19:32:36+09:00","stale":true,"operator":"Toei"}},{"type":"Feature","geometry":{"type":"Point","coordinates":[139.881757,35.699379]},"properties":{"busId":"Toei.Rinkai28-1.68901.2.G721","busNumber":"G721","routeLabel":"Rinkai28-1 Kasai-Rinkai-Kōen Sta. (Kasai Rinkai Park Sta.) → Ichinoebashi-Nishizume","routeLabelJa":"臨海２８－１ 葛西臨海公園駅前→一之江橋西詰 一之江高速入口","routeId":"Toei.Rinkai28-1","patternId":"Toei.Rinkai28-1.68901.2","fromStop":"Ichinoe-Kōsoku-Iriguchi","fromStopJa":"一之江高速入口","toStop":"Ichinoebashi-Nishizume","nextStopName":"Ichinoebashi-Nishizume","nextStopNameJa":"一之江橋西詰","positionSource":"interpolated","positionMethod":"derived: elapsed since odpt:fromBusstopPoleTime / (road distance to the next stop at a calibrated 12.3 km/h), walked along the ODPT road polyline. NOT GPS — odpt:Bus carries no coordinates.","positionNote":null,"legFraction":0.295,"legGeometry":"road","bearing":355.7,"departedAt":"2026-09-12T19:31:37+09:00","updatedAt":"2026-09-12T19:32:06+09:00","validUntil":"2026-09-12T19:32:36+09:00","stale":true,"operator":"Toei"}},{"type":"Feature","geometry":{"type":"Point","coordinates":[139.87287,35.663106]},"properties":{"busId":"Toei.Rinkai28-1.68902.2.G724","busNumber":"G724","routeLabel":"Rinkai28-1 Kasai-Rinkai-Kōen Sta. (Kasai Rinkai Park Sta.) → Ichinoe Sta.","routeLabelJa":"臨海２８－１ 葛西臨海公園駅前→一之江駅前 仲町西組","routeId":"Toei.Rinkai28-1","patternId":"Toei.Rinkai28-1.68902.2","fromStop":"Nakachō-Nishigumi","fromStopJa":"仲町西組","toStop":"Kasai Sta.","nextStopName":"Kasai Sta.","nextStopNameJa":"葛西駅前","positionSource":"at-stop","positionMethod":"derived: elapsed since odpt:fromBusstopPoleTime / (road distance to the next stop at a calibrated 12.3 km/h), walked along the ODPT road polyline. NOT GPS — odpt:Bus carries no coordinates.","positionNote":"overdue for the next stop — snapped to it","legFraction":1.0,"legGeometry":"road","bearing":2.9,"departedAt":"2026-09-12T19:30:37+09:00","updatedAt":"2026-09-12T19:32:06+09:00","validUntil":"2026-09-12T19:32:36+09:00","stale":true,"operator":"Toei"}},{"type":"Feature","geometry":{"type":"Point","coordinates":[139.872467,35.652675]},"properties":{"busId":"Toei.Rinkai28-2.69007.2.D313","busNumber":"D313","routeLabel":"Rinkai28-2 Kasai Sta. → Rinkai-Shako (Kasai-rinkai-koen-kita-iriguchi (Kasai Rinkai Park) )","routeLabelJa":"臨海２８－２ 葛西駅前→臨海車庫 葛西南高校入口","routeId":"Toei.Rinkai28-2","patternId":"Toei.Rinkai28-2.69007.2","fromStop":"Kasai-Minami-Kōkō-Iriguchi","fromStopJa":"葛西南高校入口","toStop":"Sōgō Recreation Kōen (Sōgō Recreation Park)","nextStopName":"Sōgō Recreation Kōen (Sōgō Recreation Park)","nextStopNameJa":"総合レクリエーション公園前","positionSource":"interpolated","positionMethod":"derived: elapsed since odpt:fromBusstopPoleTime / (road distance to the next stop at a calibrated 12.3 km/h), walked along the ODPT road polyline. NOT GPS — odpt:Bus carries no coordinates.","positionNote":null,"legFraction":0.332,"legGeometry":"road","bearing":183.7,"departedAt":"2026-09-12T19:31:27+09:00","updatedAt":"2026-09-12T19:32:06+09:00","validUntil":"2026-09-12T19:32:36+09:00","stale":true,"operator":"Toei"}},{"type":"Feature","geometry":{"type":"Point","coordinates":[139.789712,35.629212]},"properties":{"busId":"Toei.T05-2.72601.1.M450","busNumber":"M450","routeLabel":"T05-2 Tokyo Big Sight → Tokyo Sta. Marunouchi-Minamiguchi (Marunouchi South Exit)","routeLabelJa":"都０５－２ 東京ビッグサイト→東京駅丸の内南口 東京ビッグサイト駅前","routeId":"Toei.T05-2","patternId":"Toei.T05-2.72601.1","fromStop":"Tokyo Big Sight Sta.","fromStopJa":"東京ビッグサイト駅前","toStop":"Musashino-Daigaku (Musashino Univ.)","nextStopName":"Musashino-Daigaku (Musashino Univ.)","nextStopNameJa":"武蔵野大学前","positionSource":"interpolated","positionMethod":"derived: elapsed since odpt:fromBusstopPoleTime / (road distance to the next stop at a calibrated 12.3 km/h), walked along the ODPT road polyline. NOT GPS — odpt:Bus carries no coordinates.","positionNote":null,"legFraction":0.469,"legGeometry":"road","bearing":236.3,"departedAt":"2026-09-12T19:30:52+09:00","updatedAt":"2026-09-12T19:32:06+09:00","validUntil":"2026-09-12T19:32:36+09:00","stale":true,"operator":"Toei"}},{"type":"Feature","geometry":{"type":"Point","coordinates":[139.791982,35.644331]},"properties":{"busId":"Toei.T05-2.72601.1.M454","busNumber":"M454","routeLabel":"T05-2 Tokyo Big Sight → Tokyo Sta. Marunouchi-Minamiguchi (Marunouchi South Exit)","routeLabelJa":"都０５－２ 東京ビッグサイト→東京駅丸の内南口 有明小中学校前","routeId":"Toei.T05-2","patternId":"Toei.T05-2.72601.1","fromStop":"Ariake-Shō-Chū-Gakkō","fromStopJa":"有明小中学校前","toStop":"Shin-Toyosu Sta.","nextStopName":"Shin-Toyosu Sta.","nextStopNameJa":"新豊洲駅前","positionSource":"interpolated","positionMethod":"derived: elapsed since odpt:fromBusstopPoleTime / (road distance to the next stop at a calibrated 12.3 km/h), walked along the ODPT road polyline. NOT GPS — odpt:Bus carries no coordinates.","positionNote":null,"legFraction":0.442,"legGeometry":"road","bearing":326.1,"departedAt":"2026-09-12T19:30:14+09:00","updatedAt":"2026-09-12T19:32:06+09:00","validUntil":"2026-09-12T19:32:36+09:00","stale":true,"operator":"Toei"}},{"type":"Feature","geometry":{"type":"Point","coordinates":[139.775006,35.662072]},"properties":{"busId":"Toei.T05-2.72601.1.G715","busNumber":"G715","routeLabel":"T05-2 Tokyo Big Sight → Tokyo Sta. Marunouchi-Minamiguchi (Marunouchi South Exit)","routeLabelJa":"都０５－２ 東京ビッグサイト→東京駅丸の内南口 勝どき橋南詰","routeId":"Toei.T05-2","patternId":"Toei.T05-2.72601.1","fromStop":"Kachidokibashi-Minamizume","fromStopJa":"勝どき橋南詰","toStop":"Tsukiji-Rokuchōme (Tsukiji 6)","nextStopName":"Tsukiji-Rokuchōme (Tsukiji 6)","nextStopNameJa":"築地六丁目","positionSource":"interpolated","positionMethod":"derived: elapsed since odpt:fromBusstopPoleTime / (road distance to the next stop at a calibrated 12.3 km/h), walked along the ODPT road polyline. NOT GPS — odpt:Bus carries no coordinates.","positionNote":null,"legFraction":0.33,"legGeometry":"road","bearing":323.2,"departedAt":"2026-09-12T19:31:03+09:00","updatedAt":"2026-09-12T19:32:06+09:00","validUntil":"2026-09-12T19:32:36+09:00","stale":true,"operator":"Toei"}},{"type":"Feature","geometry":{"type":"Point","coordinates":[139.766029,35.670401]},"properties":{"busId":"Toei.T05-2.72601.1.G700","busNumber":"G700","routeLabel":"T05-2 Tokyo Big Sight → Tokyo Sta. Marunouchi-Minamiguchi (Marunouchi South Exit)","routeLabelJa":"都０５－２ 東京ビッグサイト→東京駅丸の内南口 築地","routeId":"Toei.T05-2","patternId":"Toei.T05-2.72601.1","fromStop":"Tsukiji","fromStopJa":"築地","toStop":"Ginza-Yonchōme (Ginza 4)","nextStopName":"Ginza-Yonchōme (Ginza 4)","nextStopNameJa":"銀座四丁目","positionSource":"interpolated","positionMethod":"derived: elapsed since odpt:fromBusstopPoleTime / (road distance to the next stop at a calibrated 12.3 km/h), walked along the ODPT road polyline. NOT GPS — odpt:Bus carries no coordinates.","positionNote":null,"legFraction":0.89,"legGeometry":"road","bearing":315.9,"departedAt":"2026-09-12T19:30:25+09:00","updatedAt":"2026-09-12T19:32:06+09:00","validUntil":"2026-09-12T19:32:36+09:00","stale":true,"operator":"Toei"}},{"type":"Feature","geometry":{"type":"Point","coordinates":[139.765107,35.680979]},"properties":{"busId":"Toei.T05-2.72601.2.M459","busNumber":"M459","routeLabel":"T05-2 Tokyo Sta. Marunouchi-Minamiguchi (Marunouchi South Exit) → Tokyo Big Sight","routeLabelJa":"都０５－２ 東京駅丸の内南口→東京ビッグサイト 東京駅丸の内南口","routeId":"Toei.T05-2","patternId":"Toei.T05-2.72601.2","fromStop":"Tokyo Sta. Marunouchi-Minamiguchi (Marunouchi South Exit)","fromStopJa":"東京駅丸の内南口","toStop":"Tokyo Kokusai Forum (Tokyo International Forum)","nextStopName":"Tokyo Kokusai Forum (Tokyo International Forum)","nextStopNameJa":"東京国際フォーラム前","positionSource":"interpolated","positionMethod":"derived: elapsed since odpt:fromBusstopPoleTime / (road distance to the next stop at a calibrated 12.3 km/h), walked along the ODPT road polyline. NOT GPS — odpt:Bus carries no coordinates.","positionNote":null,"legFraction":0.158,"legGeometry":"road","bearing":198.9,"departedAt":"2026-09-12T19:31:35+09:00","updatedAt":"2026-09-12T19:32:06+09:00","validUntil":"2026-09-12T19:32:36+09:00","stale":true,"operator":"Toei"}},{"type":"Feature","geometry":{"type":"Point","coordinates":[139.762412,35.673234]},"properties":{"busId":"Toei.T05-2.72601.2.M455","busNumber":"M455","routeLabel":"T05-2 Tokyo Sta. Marunouchi-Minamiguchi (Marunouchi South Exit) → Tokyo Big Sight","routeLabelJa":"都０５－２ 東京駅丸の内南口→東京ビッグサイト 有楽町駅前","routeId":"Toei.T05-2","patternId":"Toei.T05-2.72601.2","fromStop":"Yūrakuchō Sta.","fromStopJa":"有楽町駅前","toStop":"Sukiyabashi","nextStopName":"Sukiyabashi","nextStopNameJa":"数寄屋橋","positionSource":"at-stop","positionMethod":"derived: elapsed since odpt:fromBusstopPoleTime / (road distance to the next stop at a calibrated 12.3 km/h), walked along the ODPT road polyline. NOT GPS — odpt:Bus carries no coordinates.","positionNote":"overdue for the next stop — snapped to it","legFraction":1.0,"legGeometry":"road","bearing":128.0,"departedAt":"2026-09-12T19:29:21+09:00","updatedAt":"2026-09-12T19:32:06+09:00","validUntil":"2026-09-12T19:32:36+09:00","stale":true,"operator":"Toei"}},{"type":"Feature","geometry":{"type":"Point","coordinates":[139.793448,35.64274]},"properties":{"busId":"Toei.T05-2.72601.2.M447","busNumber":"M447","routeLabel":"T05-2 Tokyo Sta. Marunouchi-Minamiguchi (Marunouchi South Exit) → Tokyo Big Sight","routeLabelJa":"都０５－２ 東京駅丸の内南口→東京ビッグサイト 有明小中学校前","routeId":"Toei.T05-2","patternId":"Toei.T05-2.72601.2","fromStop":"Ariake-Shō-Chū-Gakkō","fromStopJa":"有明小中学校前","toStop":"Kaetsu-Gakuen-Nishi","nextStopName":"Kaetsu-Gakuen-Nishi","nextStopNameJa":"かえつ学園西","positionSource":"interpolated","positionMethod":"derived: elapsed since odpt:fromBusstopPoleTime / (road distance to the next stop at a calibrated 12.3 km/h), walked along the ODPT road polyline. NOT GPS — odpt:Bus carries no coordinates.","positionNote":null,"legFraction":0.102,"legGeometry":"road","bearing":147.0,"departedAt":"2026-09-12T19:31:51+09:00","updatedAt":"2026-09-12T19:32:06+09:00","validUntil":"2026-09-12T19:32:36+09:00","stale":true,"operator":"Toei"}},{"type":"Feature","geometry":{"type":"Point","coordinates":[139.784343,35.634614]},"properties":{"busId":"Toei.T05-2.72601.2.E489","busNumber":"E489","routeLabel":"T05-2 Tokyo Sta. Marunouchi-Minamiguchi (Marunouchi South Exit) → Tokyo Big Sight","routeLabelJa":"都０５－２ 東京駅丸の内南口→東京ビッグサイト 有明一丁目","routeId":"Toei.T05-2","patternId":"Toei.T05-2.72601.2","fromStop":"Ariake-Itchōme (Ariake 1)","fromStopJa":"有明一丁目","toStop":"Musashino-Daigaku (Musashino Univ.)","nextStopName":"Musashino-Daigaku (Musashino Univ.)","nextStopNameJa":"武蔵野大学前","positionSource":"interpolated","positionMethod":"derived: elapsed since odpt:fromBusstopPoleTime / (road distance to the next stop at a calibrated 12.3 km/h), walked along the ODPT road polyline. NOT GPS — odpt:Bus carries no coordinates.","positionNote":null,"legFraction":0.152,"legGeometry":"road","bearing":131.9,"departedAt":"2026-09-12T19:31:35+09:00","updatedAt":"2026-09-12T19:32:06+09:00","validUntil":"2026-09-12T19:32:36+09:00","stale":true,"operator":"Toei"}},{"type":"Feature","geometry":{"type":"Point","coordinates":[139.775439,35.661727]},"properties":{"busId":"Toei.T05-2.72602.2.K257","busNumber":"K257","routeLabel":"T05-2 Tokyo Sta. Marunouchi-Minamiguchi (Marunouchi South Exit) → Ariake-Itchōme (Ariake 1)","routeLabelJa":"都０５－２ 東京駅丸の内南口→有明一丁目 築地六丁目","routeId":"Toei.T05-2","patternId":"Toei.T05-2.72602.2","fromStop":"Tsukiji-Rokuchōme (Tsukiji 6)","fromStopJa":"築地六丁目","toStop":"Kachidokibashi-Minamizume","nextStopName":"Kachidokibashi-Minamizume","nextStopNameJa":"勝どき橋南詰","positionSource":"interpolated","positionMethod":"derived: elapsed since odpt:fromBusstopPoleTime / (road distance to the next stop at a calibrated 12.3 km/h), walked along the ODPT road polyline. NOT GPS — odpt:Bus carries no coordinates.","positionNote":null,"legFraction":0.699,"legGeometry":"road","bearing":143.5,"departedAt":"2026-09-12T19:30:24+09:00","updatedAt":"2026-09-12T19:32:06+09:00","validUntil":"2026-09-12T19:32:36+09:00","stale":true,"operator":"Toei"}},{"type":"Feature","geometry":{"type":"Point","coordinates":[139.77817,35.658639]},"properties":{"busId":"Toei.T05-1.72414.1.B783","busNumber":"B783","routeLabel":"T05-1 Harumi-Futō → Tokyo Sta. Marunouchi-Minamiguchi (Marunouchi South Exit)","routeLabelJa":"都０５－１ 晴海埠頭→東京駅丸の内南口 晴海三丁目","routeId":"Toei.T05-1","patternId":"Toei.T05-1.72414.1","fromStop":"Harumi-Sanchōme (Harumi 3)","fromStopJa":"晴海三丁目","toStop":"Kachidoki Sta.","nextStopName":"Kachidoki Sta.","nextStopNameJa":"勝どき駅前","positionSource":"at-stop","positionMethod":"derived: elapsed since odpt:fromBusstopPoleTime / (road distance to the next stop at a calibrated 12.3 km/h), walked along the ODPT road polyline. NOT GPS — odpt:Bus carries no coordinates.","positionNote":"overdue for the next stop — snapped to it","legFraction":1.0,"legGeometry":"road","bearing":320.4,"departedAt":"2026-09-12T19:30:02+09:00","updatedAt":"2026-09-12T19:32:06+09:00","validUntil":"2026-09-12T19:32:36+09:00","stale":true,"operator":"Toei"}},{"type":"Feature","geometry":{"type":"Point","coordinates":[139.763446,35.678034]},"properties":{"busId":"Toei.T05-1.72414.1.A666","busNumber":"A666","routeLabel":"T05-1 Harumi-Futō → Tokyo Sta. Marunouchi-Minamiguchi (Marunouchi South Exit)","routeLabelJa":"都０５－１ 晴海埠頭→東京駅丸の内南口 有楽町駅前","routeId":"Toei.T05-1","patternId":"Toei.T05-1.72414.1","fromStop":"Yūrakuchō Sta.","fromStopJa":"有楽町駅前","toStop":"Tokyo Kokusai Forum (Tokyo International Forum)","nextStopName":"Tokyo Kokusai Forum (Tokyo International Forum)","nextStopNameJa":"東京国際フォーラム前","positionSource":"interpolated","positionMethod":"derived: elapsed since odpt:fromBusstopPoleTime / (road distance to the next stop at a calibrated 12.3 km/h), walked along the ODPT road polyline. NOT GPS — odpt:Bus carries no coordinates.","positionNote":null,"legFraction":0.856,"legGeometry":"road","bearing":15.0,"departedAt":"2026-09-12T19:30:57+09:00","updatedAt":"2026-09-12T19:32:06+09:00","validUntil":"2026-09-12T19:32:36+09:00","stale":true,"operator":"Toei"}},{"type":"Feature","geometry":{"type":"Point","coordinates":[139.761974,35.673653]},"properties":{"busId":"Toei.T05-1.72414.2.B781","busNumber":"B781","routeLabel":"T05-1 Tokyo Sta. Marunouchi-Minamiguchi (Marunouchi South Exit) → Harumi-Futō","routeLabelJa":"都０５－１ 東京駅丸の内南口→晴海埠頭 有楽町駅前","routeId":"Toei.T05-1","patternId":"Toei.T05-1.72414.2","fromStop":"Yūrakuchō Sta.","fromStopJa":"有楽町駅前","toStop":"Sukiyabashi","nextStopName":"Sukiyabashi","nextStopNameJa":"数寄屋橋","positionSource":"interpolated","positionMethod":"derived: elapsed since odpt:fromBusstopPoleTime / (road distance to the next stop at a calibrated 12.3 km/h), walked along the ODPT road polyline. NOT GPS — odpt:Bus carries no coordinates.","positionNote":null,"legFraction":0.981,"legGeometry":"road","bearing":206.1,"departedAt":"2026-09-12T19:30:52+09:00","updatedAt":"2026-09-12T19:32:06+09:00","validUntil":"2026-09-12T19:32:36+09:00","stale":true,"operator":"Toei"}},{"type":"Feature","geometry":{"type":"Point","coordinates":[139.769272,35.66779]},"properties":{"busId":"Toei.T05-1.72414.2.B780","busNumber":"B780","routeLabel":"T05-1 Tokyo Sta. Marunouchi-Minamiguchi (Marunouchi South Exit) → Harumi-Futō","routeLabelJa":"都０５－１ 東京駅丸の内南口→晴海埠頭 銀座四丁目","routeId":"Toei.T05-1","patternId":"Toei.T05-1.72414.2","fromStop":"Ginza-Yonchōme (Ginza 4)","fromStopJa":"銀座四丁目","toStop":"Tsukiji","nextStopName":"Tsukiji","nextStopNameJa":"築地","positionSource":"interpolated","positionMethod":"derived: elapsed since odpt:fromBusstopPoleTime / (road distance to the next stop at a calibrated 12.3 km/h), walked along the ODPT road polyline. NOT GPS — odpt:Bus carries no coordinates.","positionNote":null,"legFraction":0.824,"legGeometry":"road","bearing":135.6,"departedAt":"2026-09-12T19:30:43+09:00","updatedAt":"2026-09-12T19:32:06+09:00","validUntil":"2026-09-12T19:32:36+09:00","stale":true,"operator":"Toei"}},{"type":"Feature","geometry":{"type":"Point","coordinates":[139.776149,35.651429]},"properties":{"busId":"Toei.T05-1.72414.2.C269","busNumber":"C269","routeLabel":"T05-1 Tokyo Sta. Marunouchi-Minamiguchi (Marunouchi South Exit) → Harumi-Futō","routeLabelJa":"都０５－１ 東京駅丸の内南口→晴海埠頭 ホテルマリナーズコート東京前","routeId":"Toei.T05-1","patternId":"Toei.T05-1.72414.2","fromStop":"Hotel Mariners' Court Tokyo","fromStopJa":"ホテルマリナーズコート東京前","toStop":"Harumirai","nextStopName":"Harumirai","nextStopNameJa":"はるみらい前","positionSource":"interpolated","positionMethod":"derived: elapsed since odpt:fromBusstopPoleTime / (road distance to the next stop at a calibrated 12.3 km/h), walked along the ODPT road polyline. NOT GPS — odpt:Bus carries no coordinates.","positionNote":null,"legFraction":0.534,"legGeometry":"road","bearing":233.7,"departedAt":"2026-09-12T19:31:04+09:00","updatedAt":"2026-09-12T19:32:06+09:00","validUntil":"2026-09-12T19:32:36+09:00","stale":true,"operator":"Toei"}},{"type":"Feature","geometry":{"type":"Point","coordinates":[139.798442,35.656019]},"properties":{"busId":"Toei.You12-1.74403.2.D336","busNumber":"D336","routeLabel":"You12-1 Shōwa-Daigaku-Kōtō-Toyosu-Byōin (Showa Univ. Koto Toyosu Hp.) → Tōyōchō Sta.","routeLabelJa":"陽１２－１ 昭和大学江東豊洲病院前→東陽町駅前 豊洲駅前","routeId":"Toei.You12-1","patternId":"Toei.You12-1.74403.2","fromStop":"Toyosu Sta.","fromStopJa":"豊洲駅前","toStop":"Toyosu-Yonchōme (Toyosu 4)","nextStopName":"Toyosu-Yonchōme (Toyosu 4)","nextStopNameJa":"豊洲四丁目","positionSource":"at-stop","positionMethod":"derived: elapsed since odpt:fromBusstopPoleTime / (road distance to the next stop at a calibrated 12.3 km/h), walked along the ODPT road polyline. NOT GPS — odpt:Bus carries no coordinates.","positionNote":"overdue for the next stop — snapped to it","legFraction":1.0,"legGeometry":"straight","bearing":50.5,"departedAt":"2026-09-12T19:31:24+09:00","updatedAt":"2026-09-12T19:32:06+09:00","validUntil":"2026-09-12T19:32:36+09:00","stale":true,"operator":"Toei"}},{"type":"Feature","geometry":{"type":"Point","coordinates":[139.796529,35.70916]},"properties":{"busId":"Toei.Higashi42-2.52202.1.G774","busNumber":"G774","routeLabel":"Higashi42-2 Minami-Senju-Shako → Higashi-Kanda","routeLabelJa":"東４２－２ 南千住車庫前→東神田 東武浅草駅前","routeId":"Toei.Higashi42-2","patternId":"Toei.Higashi42-2.52202.1","fromStop":"Tōbu-Asakusa Sta.","fromStopJa":"東武浅草駅前","toStop":"Komagatabashi","nextStopName":"Komagatabashi","nextStopNameJa":"駒形橋","positionSource":"interpolated","positionMethod":"derived: elapsed since odpt:fromBusstopPoleTime / (road distance to the next stop at a calibrated 12.3 km/h), walked along the ODPT road polyline. NOT GPS — odpt:Bus carries no coordinates.","positionNote":null,"legFraction":0.677,"legGeometry":"road","bearing":217.8,"departedAt":"2026-09-12T19:30:38+09:00","updatedAt":"2026-09-12T19:32:06+09:00","validUntil":"2026-09-12T19:32:36+09:00","stale":true,"operator":"Toei"}},{"type":"Feature","geometry":{"type":"Point","coordinates":[139.786222,35.697238]},"properties":{"busId":"Toei.Higashi42-2.52204.2.C282","busNumber":"C282","routeLabel":"Higashi42-2 Higashi-Kanda → Minami-Senju Sta. Nishiguchi (West Exit)","routeLabelJa":"東４２－２ 東神田→南千住駅西口 浅草橋駅前","routeId":"Toei.Higashi42-2","patternId":"Toei.Higashi42-2.52204.2","fromStop":"Asakusabashi Sta.","fromStopJa":"浅草橋駅前","toStop":"Kuramae-Itchōme (Kuramae 1)","nextStopName":"Kuramae-Itchōme (Kuramae 1)","nextStopNameJa":"蔵前一丁目","positionSource":"interpolated","positionMethod":"derived: elapsed since odpt:fromBusstopPoleTime / (road distance to the next stop at a calibrated 12.3 km/h), walked along the ODPT road polyline. NOT GPS — odpt:Bus carries no coordinates.","positionNote":null,"legFraction":0.137,"legGeometry":"road","bearing":26.9,"departedAt":"2026-09-12T19:31:46+09:00","updatedAt":"2026-09-12T19:32:06+09:00","validUntil":"2026-09-12T19:32:36+09:00","stale":true,"operator":"Toei"}}],"busCount":368,"interpolatedCount":303,"atStopCount":65,"staleCount":368,"outsideBbox":8,"skipped":0,"feedTime":"2026-09-12T19:32:06+09:00","fetchedAt":"2026-09-12T19:39:03+09:00","sourceUrl":"https://api-public.odpt.org/api/v4/odpt:Bus","sourceName":"ODPT odpt:Bus (Toei)","positionMethod":"derived: elapsed since odpt:fromBusstopPoleTime / (road distance to the next stop at a calibrated 12.3 km/h), walked along the ODPT road polyline. NOT GPS — odpt:Bus carries no coordinates.","attribution":"Toei bus data from the Public Transportation Open Data Center (ODPT)","meta":{"source":"cache","generatedAt":"2026-09-12T19:39:03+09:00","degraded":true,"note":"snapshot of 368 live vehicles at 2026-09-12T19:39:03+09:00"}}