{
  "type": "FeatureCollection",
  "_note": "Derived proxy: static station ridership, distance-weighted. NOT real-time telco people-flow. Real MLIT 人流 data is licence-gated.",
  "features": [
    {
      "type": "Feature",
      "geometry": {
        "type": "Polygon",
        "coordinates": [
          [
            [
              139.70480708275457,
              35.565085662759245
            ],
            [
              139.71586473152274,
              35.565085662759245
            ],
            [
              139.71586473152274,
              35.57410279531109
            ],
            [
              139.70480708275457,
              35.57410279531109
            ],
            [
              139.70480708275457,
              35.565085662759245
            ]
          ]
        ]
      },
      "properties": {
        "value": 22554.8,
        "band": 1,
        "ward": "Ota",
        "label": "typical pattern (derived from station ridership, not real-time people-flow)"
      }
    },
    {
      "type": "Feature",
      "geometry": {
        "type": "Polygon",
        "coordinates": [
          [
            [
              139.6826917852182,
              35.57410279531109
            ],
            [
              139.69374943398637,
              35.57410279531109
            ],
            [
              139.69374943398637,
              35.58311992786294
            ],
            [
              139.6826917852182,
              35.58311992786294
            ],
            [
              139.6826917852182,
              35.57410279531109
            ]
          ]
        ]
      },
      "properties": {
        "value": 25309.5,
        "band": 1,
        "ward": "Ota",
        "label": "typical pattern (derived from station ridership, not real-time people-flow)"
      }
    },
    {
      "type": "Feature",
      "geometry": {
        "type": "Polygon",
        "coordinates": [
          [
            [
              139.6937494339864,
              35.57410279531109
            ],
            [
              139.70480708275457,
              35.57410279531109
            ],
            [
              139.70480708275457,
              35.58311992786294
            ],
            [
              139.6937494339864,
              35.58311992786294
            ],
            [
              139.6937494339864,
              35.57410279531109
            ]
          ]
        ]
      },
      "properties": {
        "value": 44048.2,
        "band": 2,
        "ward": "Ota",
        "label": "typical pattern (derived from station ridership, not real-time people-flow)"
      }
    },
    {
      "type": "Feature",
      "geometry": {
        "type": "Polygon",
        "coordinates": [
          [
            [
              139.70480708275457,
              35.57410279531109
            ],
            [
              139.71586473152274,
              35.57410279531109
            ],
            [
              139.71586473152274,
              35.58311992786294
            ],
            [
              139.70480708275457,
              35.58311992786294
            ],
            [
              139.70480708275457,
              35.57410279531109
            ]
          ]
        ]
      },
      "properties": {
        "value": 49788.7,
        "band": 2,
        "ward": "Ota",
        "label": "typical pattern (derived from station ridership, not real-time people-flow)"
      }
    },
    {
      "type": "Feature",
      "geometry": {
        "type": "Polygon",
        "coordinates": [
          [
            [
              139.71586473152274,
              35.57410279531109
            ],
            [
              139.72692238029092,
              35.57410279531109
            ],
            [
              139.72692238029092,
              35.58311992786294
            ],
            [
              139.71586473152274,
              35.58311992786294
            ],
            [
              139.71586473152274,
              35.57410279531109
            ]
          ]
        ]
      },
      "properties": {
        "value": 36617.5,
        "band": 1,
        "ward": "Ota",
        "label": "typical pattern (derived from station ridership, not real-time people-flow)"
      }
    },
    {
      "type": "Feature",
      "geometry": {
        "type": "Polygon",
        "coordinates": [
          [
            [
              139.6826917852182,
              35.583119927862946
            ],
            [
              139.69374943398637,
              35.583119927862946
            ],
            [
              139.69374943398637,
              35.59213706041479
            ],
            [
              139.6826917852182,
              35.59213706041479
            ],
            [
              139.6826917852182,
              35.583119927862946
            ]
          ]
        ]
      },
      "properties": {
        "value": 36351.5,
        "band": 1,
        "ward": "Ota",
        "label": "typical pattern (derived from station ridership, not real-time people-flow)"
      }
    },
    {
      "type": "Feature",
      "geometry": {
        "type": "Polygon",
        "coordinates": [
          [
            [
              139.6937494339864,
              35.583119927862946
            ],
            [
              139.70480708275457,
              35.583119927862946
            ],
            [
              139.70480708275457,
              35.59213706041479
            ],
            [
              139.6937494339864,
              35.59213706041479
            ],
            [
              139.6937494339864,
              35.583119927862946
            ]
          ]
        ]
      },
      "properties": {
        "value": 65946.8,
        "band": 2,
        "ward": "Ota",
        "label": "typical pattern (derived from station ridership, not real-time people-flow)"
      }
    },
    {
      "type": "Feature",
      "geometry": {
        "type": "Polygon",
        "coordinates": [
          [
            [
              139.70480708275457,
              35.583119927862946
            ],
            [
              139.71586473152274,
              35.583119927862946
            ],
            [
              139.71586473152274,
              35.59213706041479
            ],
            [
              139.70480708275457,
              35.59213706041479
            ],
            [
              139.70480708275457,
              35.583119927862946
            ]
          ]
        ]
      },
      "properties": {
        "value": 78051.9,
        "band": 2,
        "ward": "Ota",
        "label": "typical pattern (derived from station ridership, not real-time people-flow)"
      }
    },
    {
      "type": "Feature",
      "geometry": {
        "type": "Polygon",
        "coordinates": [
          [
            [
              139.71586473152274,
              35.583119927862946
            ],
            [
              139.72692238029092,
              35.583119927862946
            ],
            [
              139.72692238029092,
              35.59213706041479
            ],
            [
              139.71586473152274,
              35.59213706041479
            ],
            [
              139.71586473152274,
              35.583119927862946
            ]
          ]
        ]
      },
      "properties": {
        "value": 60613.0,
        "band": 2,
        "ward": "Shinagawa",
        "label": "typical pattern (derived from station ridership, not real-time people-flow)"
      }
    },
    {
      "type": "Feature",
      "geometry": {
        "type": "Polygon",
        "coordinates": [
          [
            [
              139.72692238029094,
              35.583119927862946
            ],
            [
              139.73798002905912,
              35.583119927862946
            ],
            [
              139.73798002905912,
              35.59213706041479
            ],
            [
              139.72692238029094,
              35.59213706041479
            ],
            [
              139.72692238029094,
              35.583119927862946
            ]
          ]
        ]
      },
      "properties": {
        "value": 30940.2,
        "band": 1,
        "ward": "Shinagawa",
        "label": "typical pattern (derived from station ridership, not real-time people-flow)"
      }
    },
    {
      "type": "Feature",
      "geometry": {
        "type": "Polygon",
        "coordinates": [
          [
            [
              139.6826917852182,
              35.59213706041479
            ],
            [
              139.69374943398637,
              35.59213706041479
            ],
            [
              139.69374943398637,
              35.60115419296664
            ],
            [
              139.6826917852182,
              35.60115419296664
            ],
            [
              139.6826917852182,
              35.59213706041479
            ]
          ]
        ]
      },
      "properties": {
        "value": 38786.4,
        "band": 1,
        "ward": "Shinagawa",
        "label": "typical pattern (derived from station ridership, not real-time people-flow)"
      }
    },
    {
      "type": "Feature",
      "geometry": {
        "type": "Polygon",
        "coordinates": [
          [
            [
              139.6937494339864,
              35.59213706041479
            ],
            [
              139.70480708275457,
              35.59213706041479
            ],
            [
              139.70480708275457,
              35.60115419296664
            ],
            [
              139.6937494339864,
              35.60115419296664
            ],
            [
              139.6937494339864,
              35.59213706041479
            ]
          ]
        ]
      },
      "properties": {
        "value": 75030.0,
        "band": 2,
        "ward": "Shinagawa",
        "label": "typical pattern (derived from station ridership, not real-time people-flow)"
      }
    },
    {
      "type": "Feature",
      "geometry": {
        "type": "Polygon",
        "coordinates": [
          [
            [
              139.70480708275457,
              35.59213706041479
            ],
            [
              139.71586473152274,
              35.59213706041479
            ],
            [
              139.71586473152274,
              35.60115419296664
            ],
            [
              139.70480708275457,
              35.60115419296664
            ],
            [
              139.70480708275457,
              35.59213706041479
            ]
          ]
        ]
      },
      "properties": {
        "value": 95810.8,
        "band": 3,
        "ward": "Shinagawa",
        "label": "typical pattern (derived from station ridership, not real-time people-flow)"
      }
    },
    {
      "type": "Feature",
      "geometry": {
        "type": "Polygon",
        "coordinates": [
          [
            [
              139.71586473152274,
              35.59213706041479
            ],
            [
              139.72692238029092,
              35.59213706041479
            ],
            [
              139.72692238029092,
              35.60115419296664
            ],
            [
              139.71586473152274,
              35.60115419296664
            ],
            [
              139.71586473152274,
              35.59213706041479
            ]
          ]
        ]
      },
      "properties": {
        "value": 81886.1,
        "band": 3,
        "ward": "Shinagawa",
        "label": "typical pattern (derived from station ridership, not real-time people-flow)"
      }
    },
    {
      "type": "Feature",
      "geometry": {
        "type": "Polygon",
        "coordinates": [
          [
            [
              139.72692238029094,
              35.59213706041479
            ],
            [
              139.73798002905912,
              35.59213706041479
            ],
            [
              139.73798002905912,
              35.60115419296664
            ],
            [
              139.72692238029094,
              35.60115419296664
            ],
            [
              139.72692238029094,
              35.59213706041479
            ]
          ]
        ]
      },
      "properties": {
        "value": 47058.2,
        "band": 2,
        "ward": "Shinagawa",
        "label": "typical pattern (derived from station ridership, not real-time people-flow)"
      }
    },
    {
      "type": "Feature",
      "geometry": {
        "type": "Polygon",
        "coordinates": [
          [
            [
              139.6826917852182,
              35.60115419296664
            ],
            [
              139.69374943398637,
              35.60115419296664
            ],
            [
              139.69374943398637,
              35.610171325518486
            ],
            [
              139.6826917852182,
              35.610171325518486
            ],
            [
              139.6826917852182,
              35.60115419296664
            ]
          ]
        ]
      },
      "properties": {
        "value": 34935.7,
        "band": 1,
        "ward": "Shinagawa",
        "label": "typical pattern (derived from station ridership, not real-time people-flow)"
      }
    },
    {
      "type": "Feature",
      "geometry": {
        "type": "Polygon",
        "coordinates": [
          [
            [
              139.6937494339864,
              35.60115419296664
            ],
            [
              139.70480708275457,
              35.60115419296664
            ],
            [
              139.70480708275457,
              35.610171325518486
            ],
            [
              139.6937494339864,
              35.610171325518486
            ],
            [
              139.6937494339864,
              35.60115419296664
            ]
          ]
        ]
      },
      "properties": {
        "value": 74783.4,
        "band": 2,
        "ward": "Shinagawa",
        "label": "typical pattern (derived from station ridership, not real-time people-flow)"
      }
    },
    {
      "type": "Feature",
      "geometry": {
        "type": "Polygon",
        "coordinates": [
          [
            [
              139.70480708275457,
              35.60115419296664
            ],
            [
              139.71586473152274,
              35.60115419296664
            ],
            [
              139.71586473152274,
              35.610171325518486
            ],
            [
              139.70480708275457,
              35.610171325518486
            ],
            [
              139.70480708275457,
              35.60115419296664
            ]
          ]
        ]
      },
      "properties": {
        "value": 108913.3,
        "band": 3,
        "ward": "Shinagawa",
        "label": "typical pattern (derived from station ridership, not real-time people-flow)"
      }
    },
    {
      "type": "Feature",
      "geometry": {
        "type": "Polygon",
        "coordinates": [
          [
            [
              139.71586473152274,
              35.60115419296664
            ],
            [
              139.72692238029092,
              35.60115419296664
            ],
            [
              139.72692238029092,
              35.610171325518486
            ],
            [
              139.71586473152274,
              35.610171325518486
            ],
            [
              139.71586473152274,
              35.60115419296664
            ]
          ]
        ]
      },
      "properties": {
        "value": 107636.9,
        "band": 3,
        "ward": "Shinagawa",
        "label": "typical pattern (derived from station ridership, not real-time people-flow)"
      }
    },
    {
      "type": "Feature",
      "geometry": {
        "type": "Polygon",
        "coordinates": [
          [
            [
              139.72692238029094,
              35.60115419296664
            ],
            [
              139.73798002905912,
              35.60115419296664
            ],
            [
              139.73798002905912,
              35.610171325518486
            ],
            [
              139.72692238029094,
              35.610171325518486
            ],
            [
              139.72692238029094,
              35.60115419296664
            ]
          ]
        ]
      },
      "properties": {
        "value": 75866.9,
        "band": 2,
        "ward": "Shinagawa",
        "label": "typical pattern (derived from station ridership, not real-time people-flow)"
      }
    },
    {
      "type": "Feature",
      "geometry": {
        "type": "Polygon",
        "coordinates": [
          [
            [
              139.73798002905912,
              35.60115419296664
            ],
            [
              139.7490376778273,
              35.60115419296664
            ],
            [
              139.7490376778273,
              35.610171325518486
            ],
            [
              139.73798002905912,
              35.610171325518486
            ],
            [
              139.73798002905912,
              35.60115419296664
            ]
          ]
        ]
      },
      "properties": {
        "value": 40590.5,
        "band": 1,
        "ward": "Shinagawa",
        "label": "typical pattern (derived from station ridership, not real-time people-flow)"
      }
    },
    {
      "type": "Feature",
      "geometry": {
        "type": "Polygon",
        "coordinates": [
          [
            [
              139.6826917852182,
              35.610171325518486
            ],
            [
              139.69374943398637,
              35.610171325518486
            ],
            [
              139.69374943398637,
              35.61918845807033
            ],
            [
              139.6826917852182,
              35.61918845807033
            ],
            [
              139.6826917852182,
              35.610171325518486
            ]
          ]
        ]
      },
      "properties": {
        "value": 33577.6,
        "band": 1,
        "ward": "Meguro",
        "label": "typical pattern (derived from station ridership, not real-time people-flow)"
      }
    },
    {
      "type": "Feature",
      "geometry": {
        "type": "Polygon",
        "coordinates": [
          [
            [
              139.6937494339864,
              35.610171325518486
            ],
            [
              139.70480708275457,
              35.610171325518486
            ],
            [
              139.70480708275457,
              35.61918845807033
            ],
            [
              139.6937494339864,
              35.61918845807033
            ],
            [
              139.6937494339864,
              35.610171325518486
            ]
          ]
        ]
      },
      "properties": {
        "value": 82921.8,
        "band": 3,
        "ward": "Shinagawa",
        "label": "typical pattern (derived from station ridership, not real-time people-flow)"
      }
    },
    {
      "type": "Feature",
      "geometry": {
        "type": "Polygon",
        "coordinates": [
          [
            [
              139.70480708275457,
              35.610171325518486
            ],
            [
              139.71586473152274,
              35.610171325518486
            ],
            [
              139.71586473152274,
              35.61918845807033
            ],
            [
              139.70480708275457,
              35.61918845807033
            ],
            [
              139.70480708275457,
              35.610171325518486
            ]
          ]
        ]
      },
      "properties": {
        "value": 138671.1,
        "band": 4,
        "ward": "Shinagawa",
        "label": "typical pattern (derived from station ridership, not real-time people-flow)"
      }
    },
    {
      "type": "Feature",
      "geometry": {
        "type": "Polygon",
        "coordinates": [
          [
            [
              139.71586473152274,
              35.610171325518486
            ],
            [
              139.72692238029092,
              35.610171325518486
            ],
            [
              139.72692238029092,
              35.61918845807033
            ],
            [
              139.71586473152274,
              35.61918845807033
            ],
            [
              139.71586473152274,
              35.610171325518486
            ]
          ]
        ]
      },
      "properties": {
        "value": 165281.7,
        "band": 4,
        "ward": "Shinagawa",
        "label": "typical pattern (derived from station ridership, not real-time people-flow)"
      }
    },
    {
      "type": "Feature",
      "geometry": {
        "type": "Polygon",
        "coordinates": [
          [
            [
              139.72692238029094,
              35.610171325518486
            ],
            [
              139.73798002905912,
              35.610171325518486
            ],
            [
              139.73798002905912,
              35.61918845807033
            ],
            [
              139.72692238029094,
              35.61918845807033
            ],
            [
              139.72692238029094,
              35.610171325518486
            ]
          ]
        ]
      },
      "properties": {
        "value": 147291.2,
        "band": 4,
        "ward": "Shinagawa",
        "label": "typical pattern (derived from station ridership, not real-time people-flow)"
      }
    },
    {
      "type": "Feature",
      "geometry": {
        "type": "Polygon",
        "coordinates": [
          [
            [
              139.73798002905912,
              35.610171325518486
            ],
            [
              139.7490376778273,
              35.610171325518486
            ],
            [
              139.7490376778273,
              35.61918845807033
            ],
            [
              139.73798002905912,
              35.61918845807033
            ],
            [
              139.73798002905912,
              35.610171325518486
            ]
          ]
        ]
      },
      "properties": {
        "value": 104308.2,
        "band": 3,
        "ward": "Shinagawa",
        "label": "typical pattern (derived from station ridership, not real-time people-flow)"
      }
    },
    {
      "type": "Feature",
      "geometry": {
        "type": "Polygon",
        "coordinates": [
          [
            [
              139.7490376778273,
              35.610171325518486
            ],
            [
              139.76009532659546,
              35.610171325518486
            ],
            [
              139.76009532659546,
              35.61918845807033
            ],
            [
              139.7490376778273,
              35.61918845807033
            ],
            [
              139.7490376778273,
              35.610171325518486
            ]
          ]
        ]
      },
      "properties": {
        "value": 58213.9,
        "band": 2,
        "ward": "Shinagawa",
        "label": "typical pattern (derived from station ridership, not real-time people-flow)"
      }
    },
    {
      "type": "Feature",
      "geometry": {
        "type": "Polygon",
        "coordinates": [
          [
            [
              139.7600953265955,
              35.610171325518486
            ],
            [
              139.77115297536366,
              35.610171325518486
            ],
            [
              139.77115297536366,
              35.61918845807033
            ],
            [
              139.7600953265955,
              35.61918845807033
            ],
            [
              139.7600953265955,
              35.610171325518486
            ]
          ]
        ]
      },
      "properties": {
        "value": 24220.8,
        "band": 1,
        "ward": "Shinagawa",
        "label": "typical pattern (derived from station ridership, not real-time people-flow)"
      }
    },
    {
      "type": "Feature",
      "geometry": {
        "type": "Polygon",
        "coordinates": [
          [
            [
              139.6826917852182,
              35.61918845807034
            ],
            [
              139.69374943398637,
              35.61918845807034
            ],
            [
              139.69374943398637,
              35.62820559062219
            ],
            [
              139.6826917852182,
              35.62820559062219
            ],
            [
              139.6826917852182,
              35.61918845807034
            ]
          ]
        ]
      },
      "properties": {
        "value": 38413.4,
        "band": 1,
        "ward": "Meguro",
        "label": "typical pattern (derived from station ridership, not real-time people-flow)"
      }
    },
    {
      "type": "Feature",
      "geometry": {
        "type": "Polygon",
        "coordinates": [
          [
            [
              139.6937494339864,
              35.61918845807034
            ],
            [
              139.70480708275457,
              35.61918845807034
            ],
            [
              139.70480708275457,
              35.62820559062219
            ],
            [
              139.6937494339864,
              35.62820559062219
            ],
            [
              139.6937494339864,
              35.61918845807034
            ]
          ]
        ]
      },
      "properties": {
        "value": 101798.4,
        "band": 3,
        "ward": "Meguro",
        "label": "typical pattern (derived from station ridership, not real-time people-flow)"
      }
    },
    {
      "type": "Feature",
      "geometry": {
        "type": "Polygon",
        "coordinates": [
          [
            [
              139.70480708275457,
              35.61918845807034
            ],
            [
              139.71586473152274,
              35.61918845807034
            ],
            [
              139.71586473152274,
              35.62820559062219
            ],
            [
              139.70480708275457,
              35.62820559062219
            ],
            [
              139.70480708275457,
              35.61918845807034
            ]
          ]
        ]
      },
      "properties": {
        "value": 191074.4,
        "band": 4,
        "ward": "Meguro",
        "label": "typical pattern (derived from station ridership, not real-time people-flow)"
      }
    },
    {
      "type": "Feature",
      "geometry": {
        "type": "Polygon",
        "coordinates": [
          [
            [
              139.71586473152274,
              35.61918845807034
            ],
            [
              139.72692238029092,
              35.61918845807034
            ],
            [
              139.72692238029092,
              35.62820559062219
            ],
            [
              139.71586473152274,
              35.62820559062219
            ],
            [
              139.71586473152274,
              35.61918845807034
            ]
          ]
        ]
      },
      "properties": {
        "value": 263725.1,
        "band": 4,
        "ward": "Shinagawa",
        "label": "typical pattern (derived from station ridership, not real-time people-flow)"
      }
    },
    {
      "type": "Feature",
      "geometry": {
        "type": "Polygon",
        "coordinates": [
          [
            [
              139.72692238029094,
              35.61918845807034
            ],
            [
              139.73798002905912,
              35.61918845807034
            ],
            [
              139.73798002905912,
              35.62820559062219
            ],
            [
              139.72692238029094,
              35.62820559062219
            ],
            [
              139.72692238029094,
              35.61918845807034
            ]
          ]
        ]
      },
      "properties": {
        "value": 284329.0,
        "band": 4,
        "ward": "Shinagawa",
        "label": "typical pattern (derived from station ridership, not real-time people-flow)"
      }
    },
    {
      "type": "Feature",
      "geometry": {
        "type": "Polygon",
        "coordinates": [
          [
            [
              139.73798002905912,
              35.61918845807034
            ],
            [
              139.7490376778273,
              35.61918845807034
            ],
            [
              139.7490376778273,
              35.62820559062219
            ],
            [
              139.73798002905912,
              35.62820559062219
            ],
            [
              139.73798002905912,
              35.61918845807034
            ]
          ]
        ]
      },
      "properties": {
        "value": 245282.2,
        "band": 4,
        "ward": "Shinagawa",
        "label": "typical pattern (derived from station ridership, not real-time people-flow)"
      }
    },
    {
      "type": "Feature",
      "geometry": {
        "type": "Polygon",
        "coordinates": [
          [
            [
              139.7490376778273,
              35.61918845807034
            ],
            [
              139.76009532659546,
              35.61918845807034
            ],
            [
              139.76009532659546,
              35.62820559062219
            ],
            [
              139.7490376778273,
              35.62820559062219
            ],
            [
              139.7490376778273,
              35.61918845807034
            ]
          ]
        ]
      },
      "properties": {
        "value": 164046.2,
        "band": 4,
        "ward": "Shinagawa",
        "label": "typical pattern (derived from station ridership, not real-time people-flow)"
      }
    },
    {
      "type": "Feature",
      "geometry": {
        "type": "Polygon",
        "coordinates": [
          [
            [
              139.7600953265955,
              35.61918845807034
            ],
            [
              139.77115297536366,
              35.61918845807034
            ],
            [
              139.77115297536366,
              35.62820559062219
            ],
            [
              139.7600953265955,
              35.62820559062219
            ],
            [
              139.7600953265955,
              35.61918845807034
            ]
          ]
        ]
      },
      "properties": {
        "value": 82231.3,
        "band": 3,
        "ward": "Shinagawa",
        "label": "typical pattern (derived from station ridership, not real-time people-flow)"
      }
    },
    {
      "type": "Feature",
      "geometry": {
        "type": "Polygon",
        "coordinates": [
          [
            [
              139.77115297536366,
              35.61918845807034
            ],
            [
              139.78221062413184,
              35.61918845807034
            ],
            [
              139.78221062413184,
              35.62820559062219
            ],
            [
              139.77115297536366,
              35.62820559062219
            ],
            [
              139.77115297536366,
              35.61918845807034
            ]
          ]
        ]
      },
      "properties": {
        "value": 31225.4,
        "band": 1,
        "ward": "Minato",
        "label": "typical pattern (derived from station ridership, not real-time people-flow)"
      }
    },
    {
      "type": "Feature",
      "geometry": {
        "type": "Polygon",
        "coordinates": [
          [
            [
              139.6826917852182,
              35.62820559062219
            ],
            [
              139.69374943398637,
              35.62820559062219
            ],
            [
              139.69374943398637,
              35.637222723174034
            ],
            [
              139.6826917852182,
              35.637222723174034
            ],
            [
              139.6826917852182,
              35.62820559062219
            ]
          ]
        ]
      },
      "properties": {
        "value": 39921.7,
        "band": 1,
        "ward": "Meguro",
        "label": "typical pattern (derived from station ridership, not real-time people-flow)"
      }
    },
    {
      "type": "Feature",
      "geometry": {
        "type": "Polygon",
        "coordinates": [
          [
            [
              139.6937494339864,
              35.62820559062219
            ],
            [
              139.70480708275457,
              35.62820559062219
            ],
            [
              139.70480708275457,
              35.637222723174034
            ],
            [
              139.6937494339864,
              35.637222723174034
            ],
            [
              139.6937494339864,
              35.62820559062219
            ]
          ]
        ]
      },
      "properties": {
        "value": 112642.8,
        "band": 3,
        "ward": "Meguro",
        "label": "typical pattern (derived from station ridership, not real-time people-flow)"
      }
    },
    {
      "type": "Feature",
      "geometry": {
        "type": "Polygon",
        "coordinates": [
          [
            [
              139.70480708275457,
              35.62820559062219
            ],
            [
              139.71586473152274,
              35.62820559062219
            ],
            [
              139.71586473152274,
              35.637222723174034
            ],
            [
              139.70480708275457,
              35.637222723174034
            ],
            [
              139.70480708275457,
              35.62820559062219
            ]
          ]
        ]
      },
      "properties": {
        "value": 228494.6,
        "band": 4,
        "ward": "Meguro",
        "label": "typical pattern (derived from station ridership, not real-time people-flow)"
      }
    },
    {
      "type": "Feature",
      "geometry": {
        "type": "Polygon",
        "coordinates": [
          [
            [
              139.71586473152274,
              35.62820559062219
            ],
            [
              139.72692238029092,
              35.62820559062219
            ],
            [
              139.72692238029092,
              35.637222723174034
            ],
            [
              139.71586473152274,
              35.637222723174034
            ],
            [
              139.71586473152274,
              35.62820559062219
            ]
          ]
        ]
      },
      "properties": {
        "value": 357616.5,
        "band": 4,
        "ward": "Meguro",
        "label": "typical pattern (derived from station ridership, not real-time people-flow)"
      }
    },
    {
      "type": "Feature",
      "geometry": {
        "type": "Polygon",
        "coordinates": [
          [
            [
              139.72692238029094,
              35.62820559062219
            ],
            [
              139.73798002905912,
              35.62820559062219
            ],
            [
              139.73798002905912,
              35.637222723174034
            ],
            [
              139.72692238029094,
              35.637222723174034
            ],
            [
              139.72692238029094,
              35.62820559062219
            ]
          ]
        ]
      },
      "properties": {
        "value": 453596.7,
        "band": 5,
        "ward": "Shinagawa",
        "label": "typical pattern (derived from station ridership, not real-time people-flow)"
      }
    },
    {
      "type": "Feature",
      "geometry": {
        "type": "Polygon",
        "coordinates": [
          [
            [
              139.73798002905912,
              35.62820559062219
            ],
            [
              139.7490376778273,
              35.62820559062219
            ],
            [
              139.7490376778273,
              35.637222723174034
            ],
            [
              139.73798002905912,
              35.637222723174034
            ],
            [
              139.73798002905912,
              35.62820559062219
            ]
          ]
        ]
      },
      "properties": {
        "value": 459542.3,
        "band": 5,
        "ward": "Shinagawa",
        "label": "typical pattern (derived from station ridership, not real-time people-flow)"
      }
    },
    {
      "type": "Feature",
      "geometry": {
        "type": "Polygon",
        "coordinates": [
          [
            [
              139.7490376778273,
              35.62820559062219
            ],
            [
              139.76009532659546,
              35.62820559062219
            ],
            [
              139.76009532659546,
              35.637222723174034
            ],
            [
              139.7490376778273,
              35.637222723174034
            ],
            [
              139.7490376778273,
              35.62820559062219
            ]
          ]
        ]
      },
      "properties": {
        "value": 356525.2,
        "band": 4,
        "ward": "Minato",
        "label": "typical pattern (derived from station ridership, not real-time people-flow)"
      }
    },
    {
      "type": "Feature",
      "geometry": {
        "type": "Polygon",
        "coordinates": [
          [
            [
              139.7600953265955,
              35.62820559062219
            ],
            [
              139.77115297536366,
              35.62820559062219
            ],
            [
              139.77115297536366,
              35.637222723174034
            ],
            [
              139.7600953265955,
              35.637222723174034
            ],
            [
              139.7600953265955,
              35.62820559062219
            ]
          ]
        ]
      },
      "properties": {
        "value": 207980.6,
        "band": 4,
        "ward": "Minato",
        "label": "typical pattern (derived from station ridership, not real-time people-flow)"
      }
    },
    {
      "type": "Feature",
      "geometry": {
        "type": "Polygon",
        "coordinates": [
          [
            [
              139.77115297536366,
              35.62820559062219
            ],
            [
              139.78221062413184,
              35.62820559062219
            ],
            [
              139.78221062413184,
              35.637222723174034
            ],
            [
              139.77115297536366,
              35.637222723174034
            ],
            [
              139.77115297536366,
              35.62820559062219
            ]
          ]
        ]
      },
      "properties": {
        "value": 95066.5,
        "band": 3,
        "ward": "Minato",
        "label": "typical pattern (derived from station ridership, not real-time people-flow)"
      }
    },
    {
      "type": "Feature",
      "geometry": {
        "type": "Polygon",
        "coordinates": [
          [
            [
              139.78221062413184,
              35.62820559062219
            ],
            [
              139.7932682729,
              35.62820559062219
            ],
            [
              139.7932682729,
              35.637222723174034
            ],
            [
              139.78221062413184,
              35.637222723174034
            ],
            [
              139.78221062413184,
              35.62820559062219
            ]
          ]
        ]
      },
      "properties": {
        "value": 37937.9,
        "band": 1,
        "ward": "Minato",
        "label": "typical pattern (derived from station ridership, not real-time people-flow)"
      }
    },
    {
      "type": "Feature",
      "geometry": {
        "type": "Polygon",
        "coordinates": [
          [
            [
              139.6826917852182,
              35.637222723174034
            ],
            [
              139.69374943398637,
              35.637222723174034
            ],
            [
              139.69374943398637,
              35.64623985572588
            ],
            [
              139.6826917852182,
              35.64623985572588
            ],
            [
              139.6826917852182,
              35.637222723174034
            ]
          ]
        ]
      },
      "properties": {
        "value": 32560.1,
        "band": 1,
        "ward": "Meguro",
        "label": "typical pattern (derived from station ridership, not real-time people-flow)"
      }
    },
    {
      "type": "Feature",
      "geometry": {
        "type": "Polygon",
        "coordinates": [
          [
            [
              139.6937494339864,
              35.637222723174034
            ],
            [
              139.70480708275457,
              35.637222723174034
            ],
            [
              139.70480708275457,
              35.64623985572588
            ],
            [
              139.6937494339864,
              35.64623985572588
            ],
            [
              139.6937494339864,
              35.637222723174034
            ]
          ]
        ]
      },
      "properties": {
        "value": 96464.9,
        "band": 3,
        "ward": "Meguro",
        "label": "typical pattern (derived from station ridership, not real-time people-flow)"
      }
    },
    {
      "type": "Feature",
      "geometry": {
        "type": "Polygon",
        "coordinates": [
          [
            [
              139.70480708275457,
              35.637222723174034
            ],
            [
              139.71586473152274,
              35.637222723174034
            ],
            [
              139.71586473152274,
              35.64623985572588
            ],
            [
              139.70480708275457,
              35.64623985572588
            ],
            [
              139.70480708275457,
              35.637222723174034
            ]
          ]
        ]
      },
      "properties": {
        "value": 215341.7,
        "band": 4,
        "ward": "Meguro",
        "label": "typical pattern (derived from station ridership, not real-time people-flow)"
      }
    },
    {
      "type": "Feature",
      "geometry": {
        "type": "Polygon",
        "coordinates": [
          [
            [
              139.71586473152274,
              35.637222723174034
            ],
            [
              139.72692238029092,
              35.637222723174034
            ],
            [
              139.72692238029092,
              35.64623985572588
            ],
            [
              139.71586473152274,
              35.64623985572588
            ],
            [
              139.71586473152274,
              35.637222723174034
            ]
          ]
        ]
      },
      "properties": {
        "value": 388399.1,
        "band": 5,
        "ward": "Meguro",
        "label": "typical pattern (derived from station ridership, not real-time people-flow)"
      }
    },
    {
      "type": "Feature",
      "geometry": {
        "type": "Polygon",
        "coordinates": [
          [
            [
              139.72692238029094,
              35.637222723174034
            ],
            [
              139.73798002905912,
              35.637222723174034
            ],
            [
              139.73798002905912,
              35.64623985572588
            ],
            [
              139.72692238029094,
              35.64623985572588
            ],
            [
              139.72692238029094,
              35.637222723174034
            ]
          ]
        ]
      },
      "properties": {
        "value": 576176.2,
        "band": 5,
        "ward": "Minato",
        "label": "typical pattern (derived from station ridership, not real-time people-flow)"
      }
    },
    {
      "type": "Feature",
      "geometry": {
        "type": "Polygon",
        "coordinates": [
          [
            [
              139.73798002905912,
              35.637222723174034
            ],
            [
              139.7490376778273,
              35.637222723174034
            ],
            [
              139.7490376778273,
              35.64623985572588
            ],
            [
              139.73798002905912,
              35.64623985572588
            ],
            [
              139.73798002905912,
              35.637222723174034
            ]
          ]
        ]
      },
      "properties": {
        "value": 675856.1,
        "band": 5,
        "ward": "Minato",
        "label": "typical pattern (derived from station ridership, not real-time people-flow)"
      }
    },
    {
      "type": "Feature",
      "geometry": {
        "type": "Polygon",
        "coordinates": [
          [
            [
              139.7490376778273,
              35.637222723174034
            ],
            [
              139.76009532659546,
              35.637222723174034
            ],
            [
              139.76009532659546,
              35.64623985572588
            ],
            [
              139.7490376778273,
              35.64623985572588
            ],
            [
              139.7490376778273,
              35.637222723174034
            ]
          ]
        ]
      },
      "properties": {
        "value": 603490.3,
        "band": 5,
        "ward": "Minato",
        "label": "typical pattern (derived from station ridership, not real-time people-flow)"
      }
    },
    {
      "type": "Feature",
      "geometry": {
        "type": "Polygon",
        "coordinates": [
          [
            [
              139.7600953265955,
              35.637222723174034
            ],
            [
              139.77115297536366,
              35.637222723174034
            ],
            [
              139.77115297536366,
              35.64623985572588
            ],
            [
              139.7600953265955,
              35.64623985572588
            ],
            [
              139.7600953265955,
              35.637222723174034
            ]
          ]
        ]
      },
      "properties": {
        "value": 410637.7,
        "band": 5,
        "ward": "Minato",
        "label": "typical pattern (derived from station ridership, not real-time people-flow)"
      }
    },
    {
      "type": "Feature",
      "geometry": {
        "type": "Polygon",
        "coordinates": [
          [
            [
              139.77115297536366,
              35.637222723174034
            ],
            [
              139.78221062413184,
              35.637222723174034
            ],
            [
              139.78221062413184,
              35.64623985572588
            ],
            [
              139.77115297536366,
              35.64623985572588
            ],
            [
              139.77115297536366,
              35.637222723174034
            ]
          ]
        ]
      },
      "properties": {
        "value": 225843.9,
        "band": 4,
        "ward": "Minato",
        "label": "typical pattern (derived from station ridership, not real-time people-flow)"
      }
    },
    {
      "type": "Feature",
      "geometry": {
        "type": "Polygon",
        "coordinates": [
          [
            [
              139.78221062413184,
              35.637222723174034
            ],
            [
              139.7932682729,
              35.637222723174034
            ],
            [
              139.7932682729,
              35.64623985572588
            ],
            [
              139.78221062413184,
              35.64623985572588
            ],
            [
              139.78221062413184,
              35.637222723174034
            ]
          ]
        ]
      },
      "properties": {
        "value": 109248.1,
        "band": 3,
        "ward": "Chuo",
        "label": "typical pattern (derived from station ridership, not real-time people-flow)"
      }
    },
    {
      "type": "Feature",
      "geometry": {
        "type": "Polygon",
        "coordinates": [
          [
            [
              139.79326827290004,
              35.637222723174034
            ],
            [
              139.8043259216682,
              35.637222723174034
            ],
            [
              139.8043259216682,
              35.64623985572588
            ],
            [
              139.79326827290004,
              35.64623985572588
            ],
            [
              139.79326827290004,
              35.637222723174034
            ]
          ]
        ]
      },
      "properties": {
        "value": 46869.5,
        "band": 2,
        "ward": "Koto",
        "label": "typical pattern (derived from station ridership, not real-time people-flow)"
      }
    },
    {
      "type": "Feature",
      "geometry": {
        "type": "Polygon",
        "coordinates": [
          [
            [
              139.6826917852182,
              35.64623985572588
            ],
            [
              139.69374943398637,
              35.64623985572588
            ],
            [
              139.69374943398637,
              35.65525698827773
            ],
            [
              139.6826917852182,
              35.65525698827773
            ],
            [
              139.6826917852182,
              35.64623985572588
            ]
          ]
        ]
      },
      "properties": {
        "value": 30494.2,
        "band": 1,
        "ward": "Meguro",
        "label": "typical pattern (derived from station ridership, not real-time people-flow)"
      }
    },
    {
      "type": "Feature",
      "geometry": {
        "type": "Polygon",
        "coordinates": [
          [
            [
              139.6937494339864,
              35.64623985572588
            ],
            [
              139.70480708275457,
              35.64623985572588
            ],
            [
              139.70480708275457,
              35.65525698827773
            ],
            [
              139.6937494339864,
              35.65525698827773
            ],
            [
              139.6937494339864,
              35.64623985572588
            ]
          ]
        ]
      },
      "properties": {
        "value": 79932.7,
        "band": 2,
        "ward": "Meguro",
        "label": "typical pattern (derived from station ridership, not real-time people-flow)"
      }
    },
    {
      "type": "Feature",
      "geometry": {
        "type": "Polygon",
        "coordinates": [
          [
            [
              139.70480708275457,
              35.64623985572588
            ],
            [
              139.71586473152274,
              35.64623985572588
            ],
            [
              139.71586473152274,
              35.65525698827773
            ],
            [
              139.70480708275457,
              35.65525698827773
            ],
            [
              139.70480708275457,
              35.64623985572588
            ]
          ]
        ]
      },
      "properties": {
        "value": 183595.5,
        "band": 4,
        "ward": "Meguro",
        "label": "typical pattern (derived from station ridership, not real-time people-flow)"
      }
    },
    {
      "type": "Feature",
      "geometry": {
        "type": "Polygon",
        "coordinates": [
          [
            [
              139.71586473152274,
              35.64623985572588
            ],
            [
              139.72692238029092,
              35.64623985572588
            ],
            [
              139.72692238029092,
              35.65525698827773
            ],
            [
              139.71586473152274,
              35.65525698827773
            ],
            [
              139.71586473152274,
              35.64623985572588
            ]
          ]
        ]
      },
      "properties": {
        "value": 364492.3,
        "band": 4,
        "ward": "Meguro",
        "label": "typical pattern (derived from station ridership, not real-time people-flow)"
      }
    },
    {
      "type": "Feature",
      "geometry": {
        "type": "Polygon",
        "coordinates": [
          [
            [
              139.72692238029094,
              35.64623985572588
            ],
            [
              139.73798002905912,
              35.64623985572588
            ],
            [
              139.73798002905912,
              35.65525698827773
            ],
            [
              139.72692238029094,
              35.65525698827773
            ],
            [
              139.72692238029094,
              35.64623985572588
            ]
          ]
        ]
      },
      "properties": {
        "value": 605628.9,
        "band": 5,
        "ward": "Minato",
        "label": "typical pattern (derived from station ridership, not real-time people-flow)"
      }
    },
    {
      "type": "Feature",
      "geometry": {
        "type": "Polygon",
        "coordinates": [
          [
            [
              139.73798002905912,
              35.64623985572588
            ],
            [
              139.7490376778273,
              35.64623985572588
            ],
            [
              139.7490376778273,
              35.65525698827773
            ],
            [
              139.73798002905912,
              35.65525698827773
            ],
            [
              139.73798002905912,
              35.64623985572588
            ]
          ]
        ]
      },
      "properties": {
        "value": 800647.8,
        "band": 5,
        "ward": "Minato",
        "label": "typical pattern (derived from station ridership, not real-time people-flow)"
      }
    },
    {
      "type": "Feature",
      "geometry": {
        "type": "Polygon",
        "coordinates": [
          [
            [
              139.7490376778273,
              35.64623985572588
            ],
            [
              139.76009532659546,
              35.64623985572588
            ],
            [
              139.76009532659546,
              35.65525698827773
            ],
            [
              139.7490376778273,
              35.65525698827773
            ],
            [
              139.7490376778273,
              35.64623985572588
            ]
          ]
        ]
      },
      "properties": {
        "value": 814876.8,
        "band": 5,
        "ward": "Minato",
        "label": "typical pattern (derived from station ridership, not real-time people-flow)"
      }
    },
    {
      "type": "Feature",
      "geometry": {
        "type": "Polygon",
        "coordinates": [
          [
            [
              139.7600953265955,
              35.64623985572588
            ],
            [
              139.77115297536366,
              35.64623985572588
            ],
            [
              139.77115297536366,
              35.65525698827773
            ],
            [
              139.7600953265955,
              35.65525698827773
            ],
            [
              139.7600953265955,
              35.64623985572588
            ]
          ]
        ]
      },
      "properties": {
        "value": 643537.3,
        "band": 5,
        "ward": "Minato",
        "label": "typical pattern (derived from station ridership, not real-time people-flow)"
      }
    },
    {
      "type": "Feature",
      "geometry": {
        "type": "Polygon",
        "coordinates": [
          [
            [
              139.77115297536366,
              35.64623985572588
            ],
            [
              139.78221062413184,
              35.64623985572588
            ],
            [
              139.78221062413184,
              35.65525698827773
            ],
            [
              139.77115297536366,
              35.65525698827773
            ],
            [
              139.77115297536366,
              35.64623985572588
            ]
          ]
        ]
      },
      "properties": {
        "value": 417384.5,
        "band": 5,
        "ward": "Chuo",
        "label": "typical pattern (derived from station ridership, not real-time people-flow)"
      }
    },
    {
      "type": "Feature",
      "geometry": {
        "type": "Polygon",
        "coordinates": [
          [
            [
              139.78221062413184,
              35.64623985572588
            ],
            [
              139.7932682729,
              35.64623985572588
            ],
            [
              139.7932682729,
              35.65525698827773
            ],
            [
              139.78221062413184,
              35.65525698827773
            ],
            [
              139.78221062413184,
              35.64623985572588
            ]
          ]
        ]
      },
      "properties": {
        "value": 237078.0,
        "band": 4,
        "ward": "Chuo",
        "label": "typical pattern (derived from station ridership, not real-time people-flow)"
      }
    },
    {
      "type": "Feature",
      "geometry": {
        "type": "Polygon",
        "coordinates": [
          [
            [
              139.79326827290004,
              35.64623985572588
            ],
            [
              139.8043259216682,
              35.64623985572588
            ],
            [
              139.8043259216682,
              35.65525698827773
            ],
            [
              139.79326827290004,
              35.65525698827773
            ],
            [
              139.79326827290004,
              35.64623985572588
            ]
          ]
        ]
      },
      "properties": {
        "value": 118965.1,
        "band": 4,
        "ward": "Koto",
        "label": "typical pattern (derived from station ridership, not real-time people-flow)"
      }
    },
    {
      "type": "Feature",
      "geometry": {
        "type": "Polygon",
        "coordinates": [
          [
            [
              139.8043259216682,
              35.64623985572588
            ],
            [
              139.81538357043638,
              35.64623985572588
            ],
            [
              139.81538357043638,
              35.65525698827773
            ],
            [
              139.8043259216682,
              35.65525698827773
            ],
            [
              139.8043259216682,
              35.64623985572588
            ]
          ]
        ]
      },
      "properties": {
        "value": 48984.8,
        "band": 2,
        "ward": "Koto",
        "label": "typical pattern (derived from station ridership, not real-time people-flow)"
      }
    },
    {
      "type": "Feature",
      "geometry": {
        "type": "Polygon",
        "coordinates": [
          [
            [
              139.67163413645002,
              35.65525698827773
            ],
            [
              139.6826917852182,
              35.65525698827773
            ],
            [
              139.6826917852182,
              35.664274120829575
            ],
            [
              139.67163413645002,
              35.664274120829575
            ],
            [
              139.67163413645002,
              35.65525698827773
            ]
          ]
        ]
      },
      "properties": {
        "value": 31575.9,
        "band": 1,
        "ward": "Shibuya",
        "label": "typical pattern (derived from station ridership, not real-time people-flow)"
      }
    },
    {
      "type": "Feature",
      "geometry": {
        "type": "Polygon",
        "coordinates": [
          [
            [
              139.6826917852182,
              35.65525698827773
            ],
            [
              139.69374943398637,
              35.65525698827773
            ],
            [
              139.69374943398637,
              35.664274120829575
            ],
            [
              139.6826917852182,
              35.664274120829575
            ],
            [
              139.6826917852182,
              35.65525698827773
            ]
          ]
        ]
      },
      "properties": {
        "value": 66793.4,
        "band": 2,
        "ward": "Shibuya",
        "label": "typical pattern (derived from station ridership, not real-time people-flow)"
      }
    },
    {
      "type": "Feature",
      "geometry": {
        "type": "Polygon",
        "coordinates": [
          [
            [
              139.6937494339864,
              35.65525698827773
            ],
            [
              139.70480708275457,
              35.65525698827773
            ],
            [
              139.70480708275457,
              35.664274120829575
            ],
            [
              139.6937494339864,
              35.664274120829575
            ],
            [
              139.6937494339864,
              35.65525698827773
            ]
          ]
        ]
      },
      "properties": {
        "value": 117064.1,
        "band": 3,
        "ward": "Shibuya",
        "label": "typical pattern (derived from station ridership, not real-time people-flow)"
      }
    },
    {
      "type": "Feature",
      "geometry": {
        "type": "Polygon",
        "coordinates": [
          [
            [
              139.70480708275457,
              35.65525698827773
            ],
            [
              139.71586473152274,
              35.65525698827773
            ],
            [
              139.71586473152274,
              35.664274120829575
            ],
            [
              139.70480708275457,
              35.664274120829575
            ],
            [
              139.70480708275457,
              35.65525698827773
            ]
          ]
        ]
      },
      "properties": {
        "value": 197783.2,
        "band": 4,
        "ward": "Shibuya",
        "label": "typical pattern (derived from station ridership, not real-time people-flow)"
      }
    },
    {
      "type": "Feature",
      "geometry": {
        "type": "Polygon",
        "coordinates": [
          [
            [
              139.71586473152274,
              35.65525698827773
            ],
            [
              139.72692238029092,
              35.65525698827773
            ],
            [
              139.72692238029092,
              35.664274120829575
            ],
            [
              139.71586473152274,
              35.664274120829575
            ],
            [
              139.71586473152274,
              35.65525698827773
            ]
          ]
        ]
      },
      "properties": {
        "value": 342673.3,
        "band": 4,
        "ward": "Shibuya",
        "label": "typical pattern (derived from station ridership, not real-time people-flow)"
      }
    },
    {
      "type": "Feature",
      "geometry": {
        "type": "Polygon",
        "coordinates": [
          [
            [
              139.72692238029094,
              35.65525698827773
            ],
            [
              139.73798002905912,
              35.65525698827773
            ],
            [
              139.73798002905912,
              35.664274120829575
            ],
            [
              139.72692238029094,
              35.664274120829575
            ],
            [
              139.72692238029094,
              35.65525698827773
            ]
          ]
        ]
      },
      "properties": {
        "value": 565256.2,
        "band": 5,
        "ward": "Minato",
        "label": "typical pattern (derived from station ridership, not real-time people-flow)"
      }
    },
    {
      "type": "Feature",
      "geometry": {
        "type": "Polygon",
        "coordinates": [
          [
            [
              139.73798002905912,
              35.65525698827773
            ],
            [
              139.7490376778273,
              35.65525698827773
            ],
            [
              139.7490376778273,
              35.664274120829575
            ],
            [
              139.73798002905912,
              35.664274120829575
            ],
            [
              139.73798002905912,
              35.65525698827773
            ]
          ]
        ]
      },
      "properties": {
        "value": 794814.3,
        "band": 5,
        "ward": "Minato",
        "label": "typical pattern (derived from station ridership, not real-time people-flow)"
      }
    },
    {
      "type": "Feature",
      "geometry": {
        "type": "Polygon",
        "coordinates": [
          [
            [
              139.7490376778273,
              35.65525698827773
            ],
            [
              139.76009532659546,
              35.65525698827773
            ],
            [
              139.76009532659546,
              35.664274120829575
            ],
            [
              139.7490376778273,
              35.664274120829575
            ],
            [
              139.7490376778273,
              35.65525698827773
            ]
          ]
        ]
      },
      "properties": {
        "value": 905455.7,
        "band": 5,
        "ward": "Minato",
        "label": "typical pattern (derived from station ridership, not real-time people-flow)"
      }
    },
    {
      "type": "Feature",
      "geometry": {
        "type": "Polygon",
        "coordinates": [
          [
            [
              139.7600953265955,
              35.65525698827773
            ],
            [
              139.77115297536366,
              35.65525698827773
            ],
            [
              139.77115297536366,
              35.664274120829575
            ],
            [
              139.7600953265955,
              35.664274120829575
            ],
            [
              139.7600953265955,
              35.65525698827773
            ]
          ]
        ]
      },
      "properties": {
        "value": 821713.8,
        "band": 5,
        "ward": "Minato",
        "label": "typical pattern (derived from station ridership, not real-time people-flow)"
      }
    },
    {
      "type": "Feature",
      "geometry": {
        "type": "Polygon",
        "coordinates": [
          [
            [
              139.77115297536366,
              35.65525698827773
            ],
            [
              139.78221062413184,
              35.65525698827773
            ],
            [
              139.78221062413184,
              35.664274120829575
            ],
            [
              139.77115297536366,
              35.664274120829575
            ],
            [
              139.77115297536366,
              35.65525698827773
            ]
          ]
        ]
      },
      "properties": {
        "value": 616726.9,
        "band": 5,
        "ward": "Chuo",
        "label": "typical pattern (derived from station ridership, not real-time people-flow)"
      }
    },
    {
      "type": "Feature",
      "geometry": {
        "type": "Polygon",
        "coordinates": [
          [
            [
              139.78221062413184,
              35.65525698827773
            ],
            [
              139.7932682729,
              35.65525698827773
            ],
            [
              139.7932682729,
              35.664274120829575
            ],
            [
              139.78221062413184,
              35.664274120829575
            ],
            [
              139.78221062413184,
              35.65525698827773
            ]
          ]
        ]
      },
      "properties": {
        "value": 402073.1,
        "band": 5,
        "ward": "Chuo",
        "label": "typical pattern (derived from station ridership, not real-time people-flow)"
      }
    },
    {
      "type": "Feature",
      "geometry": {
        "type": "Polygon",
        "coordinates": [
          [
            [
              139.79326827290004,
              35.65525698827773
            ],
            [
              139.8043259216682,
              35.65525698827773
            ],
            [
              139.8043259216682,
              35.664274120829575
            ],
            [
              139.79326827290004,
              35.664274120829575
            ],
            [
              139.79326827290004,
              35.65525698827773
            ]
          ]
        ]
      },
      "properties": {
        "value": 231306.6,
        "band": 4,
        "ward": "Koto",
        "label": "typical pattern (derived from station ridership, not real-time people-flow)"
      }
    },
    {
      "type": "Feature",
      "geometry": {
        "type": "Polygon",
        "coordinates": [
          [
            [
              139.8043259216682,
              35.65525698827773
            ],
            [
              139.81538357043638,
              35.65525698827773
            ],
            [
              139.81538357043638,
              35.664274120829575
            ],
            [
              139.8043259216682,
              35.664274120829575
            ],
            [
              139.8043259216682,
              35.65525698827773
            ]
          ]
        ]
      },
      "properties": {
        "value": 112851.5,
        "band": 3,
        "ward": "Koto",
        "label": "typical pattern (derived from station ridership, not real-time people-flow)"
      }
    },
    {
      "type": "Feature",
      "geometry": {
        "type": "Polygon",
        "coordinates": [
          [
            [
              139.81538357043638,
              35.65525698827773
            ],
            [
              139.82644121920455,
              35.65525698827773
            ],
            [
              139.82644121920455,
              35.664274120829575
            ],
            [
              139.81538357043638,
              35.664274120829575
            ],
            [
              139.81538357043638,
              35.65525698827773
            ]
          ]
        ]
      },
      "properties": {
        "value": 47659.6,
        "band": 2,
        "ward": "Koto",
        "label": "typical pattern (derived from station ridership, not real-time people-flow)"
      }
    },
    {
      "type": "Feature",
      "geometry": {
        "type": "Polygon",
        "coordinates": [
          [
            [
              139.66057648768185,
              35.66427412082958
            ],
            [
              139.67163413645002,
              35.66427412082958
            ],
            [
              139.67163413645002,
              35.67329125338143
            ],
            [
              139.66057648768185,
              35.67329125338143
            ],
            [
              139.66057648768185,
              35.66427412082958
            ]
          ]
        ]
      },
      "properties": {
        "value": 37385.6,
        "band": 1,
        "ward": "Setagaya",
        "label": "typical pattern (derived from station ridership, not real-time people-flow)"
      }
    },
    {
      "type": "Feature",
      "geometry": {
        "type": "Polygon",
        "coordinates": [
          [
            [
              139.67163413645002,
              35.66427412082958
            ],
            [
              139.6826917852182,
              35.66427412082958
            ],
            [
              139.6826917852182,
              35.67329125338143
            ],
            [
              139.67163413645002,
              35.67329125338143
            ],
            [
              139.67163413645002,
              35.66427412082958
            ]
          ]
        ]
      },
      "properties": {
        "value": 101885.1,
        "band": 3,
        "ward": "Shibuya",
        "label": "typical pattern (derived from station ridership, not real-time people-flow)"
      }
    },
    {
      "type": "Feature",
      "geometry": {
        "type": "Polygon",
        "coordinates": [
          [
            [
              139.6826917852182,
              35.66427412082958
            ],
            [
              139.69374943398637,
              35.66427412082958
            ],
            [
              139.69374943398637,
              35.67329125338143
            ],
            [
              139.6826917852182,
              35.67329125338143
            ],
            [
              139.6826917852182,
              35.66427412082958
            ]
          ]
        ]
      },
      "properties": {
        "value": 193450.1,
        "band": 4,
        "ward": "Shibuya",
        "label": "typical pattern (derived from station ridership, not real-time people-flow)"
      }
    },
    {
      "type": "Feature",
      "geometry": {
        "type": "Polygon",
        "coordinates": [
          [
            [
              139.6937494339864,
              35.66427412082958
            ],
            [
              139.70480708275457,
              35.66427412082958
            ],
            [
              139.70480708275457,
              35.67329125338143
            ],
            [
              139.6937494339864,
              35.67329125338143
            ],
            [
              139.6937494339864,
              35.66427412082958
            ]
          ]
        ]
      },
      "properties": {
        "value": 267881.2,
        "band": 4,
        "ward": "Shibuya",
        "label": "typical pattern (derived from station ridership, not real-time people-flow)"
      }
    },
    {
      "type": "Feature",
      "geometry": {
        "type": "Polygon",
        "coordinates": [
          [
            [
              139.70480708275457,
              35.66427412082958
            ],
            [
              139.71586473152274,
              35.66427412082958
            ],
            [
              139.71586473152274,
              35.67329125338143
            ],
            [
              139.70480708275457,
              35.67329125338143
            ],
            [
              139.70480708275457,
              35.66427412082958
            ]
          ]
        ]
      },
      "properties": {
        "value": 310329.1,
        "band": 4,
        "ward": "Shibuya",
        "label": "typical pattern (derived from station ridership, not real-time people-flow)"
      }
    },
    {
      "type": "Feature",
      "geometry": {
        "type": "Polygon",
        "coordinates": [
          [
            [
              139.71586473152274,
              35.66427412082958
            ],
            [
              139.72692238029092,
              35.66427412082958
            ],
            [
              139.72692238029092,
              35.67329125338143
            ],
            [
              139.71586473152274,
              35.67329125338143
            ],
            [
              139.71586473152274,
              35.66427412082958
            ]
          ]
        ]
      },
      "properties": {
        "value": 370258.8,
        "band": 5,
        "ward": "Shibuya",
        "label": "typical pattern (derived from station ridership, not real-time people-flow)"
      }
    },
    {
      "type": "Feature",
      "geometry": {
        "type": "Polygon",
        "coordinates": [
          [
            [
              139.72692238029094,
              35.66427412082958
            ],
            [
              139.73798002905912,
              35.66427412082958
            ],
            [
              139.73798002905912,
              35.67329125338143
            ],
            [
              139.72692238029094,
              35.67329125338143
            ],
            [
              139.72692238029094,
              35.66427412082958
            ]
          ]
        ]
      },
      "properties": {
        "value": 506415.6,
        "band": 5,
        "ward": "Minato",
        "label": "typical pattern (derived from station ridership, not real-time people-flow)"
      }
    },
    {
      "type": "Feature",
      "geometry": {
        "type": "Polygon",
        "coordinates": [
          [
            [
              139.73798002905912,
              35.66427412082958
            ],
            [
              139.7490376778273,
              35.66427412082958
            ],
            [
              139.7490376778273,
              35.67329125338143
            ],
            [
              139.73798002905912,
              35.67329125338143
            ],
            [
              139.73798002905912,
              35.66427412082958
            ]
          ]
        ]
      },
      "properties": {
        "value": 711270.0,
        "band": 5,
        "ward": "Minato",
        "label": "typical pattern (derived from station ridership, not real-time people-flow)"
      }
    },
    {
      "type": "Feature",
      "geometry": {
        "type": "Polygon",
        "coordinates": [
          [
            [
              139.7490376778273,
              35.66427412082958
            ],
            [
              139.76009532659546,
              35.66427412082958
            ],
            [
              139.76009532659546,
              35.67329125338143
            ],
            [
              139.7490376778273,
              35.67329125338143
            ],
            [
              139.7490376778273,
              35.66427412082958
            ]
          ]
        ]
      },
      "properties": {
        "value": 886165.9,
        "band": 5,
        "ward": "Minato",
        "label": "typical pattern (derived from station ridership, not real-time people-flow)"
      }
    },
    {
      "type": "Feature",
      "geometry": {
        "type": "Polygon",
        "coordinates": [
          [
            [
              139.7600953265955,
              35.66427412082958
            ],
            [
              139.77115297536366,
              35.66427412082958
            ],
            [
              139.77115297536366,
              35.67329125338143
            ],
            [
              139.7600953265955,
              35.67329125338143
            ],
            [
              139.7600953265955,
              35.66427412082958
            ]
          ]
        ]
      },
      "properties": {
        "value": 912143.8,
        "band": 5,
        "ward": "Chuo",
        "label": "typical pattern (derived from station ridership, not real-time people-flow)"
      }
    },
    {
      "type": "Feature",
      "geometry": {
        "type": "Polygon",
        "coordinates": [
          [
            [
              139.77115297536366,
              35.66427412082958
            ],
            [
              139.78221062413184,
              35.66427412082958
            ],
            [
              139.78221062413184,
              35.67329125338143
            ],
            [
              139.77115297536366,
              35.67329125338143
            ],
            [
              139.77115297536366,
              35.66427412082958
            ]
          ]
        ]
      },
      "properties": {
        "value": 782144.4,
        "band": 5,
        "ward": "Chuo",
        "label": "typical pattern (derived from station ridership, not real-time people-flow)"
      }
    },
    {
      "type": "Feature",
      "geometry": {
        "type": "Polygon",
        "coordinates": [
          [
            [
              139.78221062413184,
              35.66427412082958
            ],
            [
              139.7932682729,
              35.66427412082958
            ],
            [
              139.7932682729,
              35.67329125338143
            ],
            [
              139.78221062413184,
              35.67329125338143
            ],
            [
              139.78221062413184,
              35.66427412082958
            ]
          ]
        ]
      },
      "properties": {
        "value": 583255.6,
        "band": 5,
        "ward": "Chuo",
        "label": "typical pattern (derived from station ridership, not real-time people-flow)"
      }
    },
    {
      "type": "Feature",
      "geometry": {
        "type": "Polygon",
        "coordinates": [
          [
            [
              139.79326827290004,
              35.66427412082958
            ],
            [
              139.8043259216682,
              35.66427412082958
            ],
            [
              139.8043259216682,
              35.67329125338143
            ],
            [
              139.79326827290004,
              35.67329125338143
            ],
            [
              139.79326827290004,
              35.66427412082958
            ]
          ]
        ]
      },
      "properties": {
        "value": 384806.5,
        "band": 5,
        "ward": "Koto",
        "label": "typical pattern (derived from station ridership, not real-time people-flow)"
      }
    },
    {
      "type": "Feature",
      "geometry": {
        "type": "Polygon",
        "coordinates": [
          [
            [
              139.8043259216682,
              35.66427412082958
            ],
            [
              139.81538357043638,
              35.66427412082958
            ],
            [
              139.81538357043638,
              35.67329125338143
            ],
            [
              139.8043259216682,
              35.67329125338143
            ],
            [
              139.8043259216682,
              35.66427412082958
            ]
          ]
        ]
      },
      "properties": {
        "value": 218309.3,
        "band": 4,
        "ward": "Koto",
        "label": "typical pattern (derived from station ridership, not real-time people-flow)"
      }
    },
    {
      "type": "Feature",
      "geometry": {
        "type": "Polygon",
        "coordinates": [
          [
            [
              139.81538357043638,
              35.66427412082958
            ],
            [
              139.82644121920455,
              35.66427412082958
            ],
            [
              139.82644121920455,
              35.67329125338143
            ],
            [
              139.81538357043638,
              35.67329125338143
            ],
            [
              139.81538357043638,
              35.66427412082958
            ]
          ]
        ]
      },
      "properties": {
        "value": 109841.6,
        "band": 3,
        "ward": "Koto",
        "label": "typical pattern (derived from station ridership, not real-time people-flow)"
      }
    },
    {
      "type": "Feature",
      "geometry": {
        "type": "Polygon",
        "coordinates": [
          [
            [
              139.82644121920458,
              35.66427412082958
            ],
            [
              139.83749886797276,
              35.66427412082958
            ],
            [
              139.83749886797276,
              35.67329125338143
            ],
            [
              139.82644121920458,
              35.67329125338143
            ],
            [
              139.82644121920458,
              35.66427412082958
            ]
          ]
        ]
      },
      "properties": {
        "value": 58178.5,
        "band": 2,
        "ward": "Koto",
        "label": "typical pattern (derived from station ridership, not real-time people-flow)"
      }
    },
    {
      "type": "Feature",
      "geometry": {
        "type": "Polygon",
        "coordinates": [
          [
            [
              139.83749886797276,
              35.66427412082958
            ],
            [
              139.84855651674093,
              35.66427412082958
            ],
            [
              139.84855651674093,
              35.67329125338143
            ],
            [
              139.83749886797276,
              35.67329125338143
            ],
            [
              139.83749886797276,
              35.66427412082958
            ]
          ]
        ]
      },
      "properties": {
        "value": 44761.5,
        "band": 2,
        "ward": "Koto",
        "label": "typical pattern (derived from station ridership, not real-time people-flow)"
      }
    },
    {
      "type": "Feature",
      "geometry": {
        "type": "Polygon",
        "coordinates": [
          [
            [
              139.84855651674093,
              35.66427412082958
            ],
            [
              139.8596141655091,
              35.66427412082958
            ],
            [
              139.8596141655091,
              35.67329125338143
            ],
            [
              139.84855651674093,
              35.67329125338143
            ],
            [
              139.84855651674093,
              35.66427412082958
            ]
          ]
        ]
      },
      "properties": {
        "value": 47251.2,
        "band": 2,
        "ward": "Koto",
        "label": "typical pattern (derived from station ridership, not real-time people-flow)"
      }
    },
    {
      "type": "Feature",
      "geometry": {
        "type": "Polygon",
        "coordinates": [
          [
            [
              139.85961416550913,
              35.66427412082958
            ],
            [
              139.8706718142773,
              35.66427412082958
            ],
            [
              139.8706718142773,
              35.67329125338143
            ],
            [
              139.85961416550913,
              35.67329125338143
            ],
            [
              139.85961416550913,
              35.66427412082958
            ]
          ]
        ]
      },
      "properties": {
        "value": 51396.0,
        "band": 2,
        "ward": "Edogawa",
        "label": "typical pattern (derived from station ridership, not real-time people-flow)"
      }
    },
    {
      "type": "Feature",
      "geometry": {
        "type": "Polygon",
        "coordinates": [
          [
            [
              139.8706718142773,
              35.66427412082958
            ],
            [
              139.88172946304547,
              35.66427412082958
            ],
            [
              139.88172946304547,
              35.67329125338143
            ],
            [
              139.8706718142773,
              35.67329125338143
            ],
            [
              139.8706718142773,
              35.66427412082958
            ]
          ]
        ]
      },
      "properties": {
        "value": 48770.5,
        "band": 2,
        "ward": "Edogawa",
        "label": "typical pattern (derived from station ridership, not real-time people-flow)"
      }
    },
    {
      "type": "Feature",
      "geometry": {
        "type": "Polygon",
        "coordinates": [
          [
            [
              139.8817294630455,
              35.66427412082958
            ],
            [
              139.89278711181367,
              35.66427412082958
            ],
            [
              139.89278711181367,
              35.67329125338143
            ],
            [
              139.8817294630455,
              35.67329125338143
            ],
            [
              139.8817294630455,
              35.66427412082958
            ]
          ]
        ]
      },
      "properties": {
        "value": 39563.6,
        "band": 1,
        "ward": "Edogawa",
        "label": "typical pattern (derived from station ridership, not real-time people-flow)"
      }
    },
    {
      "type": "Feature",
      "geometry": {
        "type": "Polygon",
        "coordinates": [
          [
            [
              139.89278711181367,
              35.66427412082958
            ],
            [
              139.90384476058185,
              35.66427412082958
            ],
            [
              139.90384476058185,
              35.67329125338143
            ],
            [
              139.89278711181367,
              35.67329125338143
            ],
            [
              139.89278711181367,
              35.66427412082958
            ]
          ]
        ]
      },
      "properties": {
        "value": 26971.6,
        "band": 1,
        "ward": "Edogawa",
        "label": "typical pattern (derived from station ridership, not real-time people-flow)"
      }
    },
    {
      "type": "Feature",
      "geometry": {
        "type": "Polygon",
        "coordinates": [
          [
            [
              139.64951883891365,
              35.67329125338143
            ],
            [
              139.66057648768182,
              35.67329125338143
            ],
            [
              139.66057648768182,
              35.682308385933275
            ],
            [
              139.64951883891365,
              35.682308385933275
            ],
            [
              139.64951883891365,
              35.67329125338143
            ]
          ]
        ]
      },
      "properties": {
        "value": 22529.1,
        "band": 1,
        "ward": "Suginami",
        "label": "typical pattern (derived from station ridership, not real-time people-flow)"
      }
    },
    {
      "type": "Feature",
      "geometry": {
        "type": "Polygon",
        "coordinates": [
          [
            [
              139.66057648768185,
              35.67329125338143
            ],
            [
              139.67163413645002,
              35.67329125338143
            ],
            [
              139.67163413645002,
              35.682308385933275
            ],
            [
              139.66057648768185,
              35.682308385933275
            ],
            [
              139.66057648768185,
              35.67329125338143
            ]
          ]
        ]
      },
      "properties": {
        "value": 85467.3,
        "band": 3,
        "ward": "Shibuya",
        "label": "typical pattern (derived from station ridership, not real-time people-flow)"
      }
    },
    {
      "type": "Feature",
      "geometry": {
        "type": "Polygon",
        "coordinates": [
          [
            [
              139.67163413645002,
              35.67329125338143
            ],
            [
              139.6826917852182,
              35.67329125338143
            ],
            [
              139.6826917852182,
              35.682308385933275
            ],
            [
              139.67163413645002,
              35.682308385933275
            ],
            [
              139.67163413645002,
              35.67329125338143
            ]
          ]
        ]
      },
      "properties": {
        "value": 225421.9,
        "band": 4,
        "ward": "Shibuya",
        "label": "typical pattern (derived from station ridership, not real-time people-flow)"
      }
    },
    {
      "type": "Feature",
      "geometry": {
        "type": "Polygon",
        "coordinates": [
          [
            [
              139.6826917852182,
              35.67329125338143
            ],
            [
              139.69374943398637,
              35.67329125338143
            ],
            [
              139.69374943398637,
              35.682308385933275
            ],
            [
              139.6826917852182,
              35.682308385933275
            ],
            [
              139.6826917852182,
              35.67329125338143
            ]
          ]
        ]
      },
      "properties": {
        "value": 411253.9,
        "band": 5,
        "ward": "Shibuya",
        "label": "typical pattern (derived from station ridership, not real-time people-flow)"
      }
    },
    {
      "type": "Feature",
      "geometry": {
        "type": "Polygon",
        "coordinates": [
          [
            [
              139.6937494339864,
              35.67329125338143
            ],
            [
              139.70480708275457,
              35.67329125338143
            ],
            [
              139.70480708275457,
              35.682308385933275
            ],
            [
              139.6937494339864,
              35.682308385933275
            ],
            [
              139.6937494339864,
              35.67329125338143
            ]
          ]
        ]
      },
      "properties": {
        "value": 526134.9,
        "band": 5,
        "ward": "Shibuya",
        "label": "typical pattern (derived from station ridership, not real-time people-flow)"
      }
    },
    {
      "type": "Feature",
      "geometry": {
        "type": "Polygon",
        "coordinates": [
          [
            [
              139.70480708275457,
              35.67329125338143
            ],
            [
              139.71586473152274,
              35.67329125338143
            ],
            [
              139.71586473152274,
              35.682308385933275
            ],
            [
              139.70480708275457,
              35.682308385933275
            ],
            [
              139.70480708275457,
              35.67329125338143
            ]
          ]
        ]
      },
      "properties": {
        "value": 512156.1,
        "band": 5,
        "ward": "Shinjuku",
        "label": "typical pattern (derived from station ridership, not real-time people-flow)"
      }
    },
    {
      "type": "Feature",
      "geometry": {
        "type": "Polygon",
        "coordinates": [
          [
            [
              139.71586473152274,
              35.67329125338143
            ],
            [
              139.72692238029092,
              35.67329125338143
            ],
            [
              139.72692238029092,
              35.682308385933275
            ],
            [
              139.71586473152274,
              35.682308385933275
            ],
            [
              139.71586473152274,
              35.67329125338143
            ]
          ]
        ]
      },
      "properties": {
        "value": 458492.4,
        "band": 5,
        "ward": "Shinjuku",
        "label": "typical pattern (derived from station ridership, not real-time people-flow)"
      }
    },
    {
      "type": "Feature",
      "geometry": {
        "type": "Polygon",
        "coordinates": [
          [
            [
              139.72692238029094,
              35.67329125338143
            ],
            [
              139.73798002905912,
              35.67329125338143
            ],
            [
              139.73798002905912,
              35.682308385933275
            ],
            [
              139.72692238029094,
              35.682308385933275
            ],
            [
              139.72692238029094,
              35.67329125338143
            ]
          ]
        ]
      },
      "properties": {
        "value": 496638.0,
        "band": 5,
        "ward": "Chiyoda",
        "label": "typical pattern (derived from station ridership, not real-time people-flow)"
      }
    },
    {
      "type": "Feature",
      "geometry": {
        "type": "Polygon",
        "coordinates": [
          [
            [
              139.73798002905912,
              35.67329125338143
            ],
            [
              139.7490376778273,
              35.67329125338143
            ],
            [
              139.7490376778273,
              35.682308385933275
            ],
            [
              139.73798002905912,
              35.682308385933275
            ],
            [
              139.73798002905912,
              35.67329125338143
            ]
          ]
        ]
      },
      "properties": {
        "value": 667002.8,
        "band": 5,
        "ward": "Chiyoda",
        "label": "typical pattern (derived from station ridership, not real-time people-flow)"
      }
    },
    {
      "type": "Feature",
      "geometry": {
        "type": "Polygon",
        "coordinates": [
          [
            [
              139.7490376778273,
              35.67329125338143
            ],
            [
              139.76009532659546,
              35.67329125338143
            ],
            [
              139.76009532659546,
              35.682308385933275
            ],
            [
              139.7490376778273,
              35.682308385933275
            ],
            [
              139.7490376778273,
              35.67329125338143
            ]
          ]
        ]
      },
      "properties": {
        "value": 877920.9,
        "band": 5,
        "ward": "Chuo",
        "label": "typical pattern (derived from station ridership, not real-time people-flow)"
      }
    },
    {
      "type": "Feature",
      "geometry": {
        "type": "Polygon",
        "coordinates": [
          [
            [
              139.7600953265955,
              35.67329125338143
            ],
            [
              139.77115297536366,
              35.67329125338143
            ],
            [
              139.77115297536366,
              35.682308385933275
            ],
            [
              139.7600953265955,
              35.682308385933275
            ],
            [
              139.7600953265955,
              35.67329125338143
            ]
          ]
        ]
      },
      "properties": {
        "value": 985915.1,
        "band": 5,
        "ward": "Chuo",
        "label": "typical pattern (derived from station ridership, not real-time people-flow)"
      }
    },
    {
      "type": "Feature",
      "geometry": {
        "type": "Polygon",
        "coordinates": [
          [
            [
              139.77115297536366,
              35.67329125338143
            ],
            [
              139.78221062413184,
              35.67329125338143
            ],
            [
              139.78221062413184,
              35.682308385933275
            ],
            [
              139.77115297536366,
              35.682308385933275
            ],
            [
              139.77115297536366,
              35.67329125338143
            ]
          ]
        ]
      },
      "properties": {
        "value": 936146.9,
        "band": 5,
        "ward": "Chuo",
        "label": "typical pattern (derived from station ridership, not real-time people-flow)"
      }
    },
    {
      "type": "Feature",
      "geometry": {
        "type": "Polygon",
        "coordinates": [
          [
            [
              139.78221062413184,
              35.67329125338143
            ],
            [
              139.7932682729,
              35.67329125338143
            ],
            [
              139.7932682729,
              35.682308385933275
            ],
            [
              139.78221062413184,
              35.682308385933275
            ],
            [
              139.78221062413184,
              35.67329125338143
            ]
          ]
        ]
      },
      "properties": {
        "value": 779363.0,
        "band": 5,
        "ward": "Chuo",
        "label": "typical pattern (derived from station ridership, not real-time people-flow)"
      }
    },
    {
      "type": "Feature",
      "geometry": {
        "type": "Polygon",
        "coordinates": [
          [
            [
              139.79326827290004,
              35.67329125338143
            ],
            [
              139.8043259216682,
              35.67329125338143
            ],
            [
              139.8043259216682,
              35.682308385933275
            ],
            [
              139.79326827290004,
              35.682308385933275
            ],
            [
              139.79326827290004,
              35.67329125338143
            ]
          ]
        ]
      },
      "properties": {
        "value": 570240.7,
        "band": 5,
        "ward": "Koto",
        "label": "typical pattern (derived from station ridership, not real-time people-flow)"
      }
    },
    {
      "type": "Feature",
      "geometry": {
        "type": "Polygon",
        "coordinates": [
          [
            [
              139.8043259216682,
              35.67329125338143
            ],
            [
              139.81538357043638,
              35.67329125338143
            ],
            [
              139.81538357043638,
              35.682308385933275
            ],
            [
              139.8043259216682,
              35.682308385933275
            ],
            [
              139.8043259216682,
              35.67329125338143
            ]
          ]
        ]
      },
      "properties": {
        "value": 358287.1,
        "band": 4,
        "ward": "Koto",
        "label": "typical pattern (derived from station ridership, not real-time people-flow)"
      }
    },
    {
      "type": "Feature",
      "geometry": {
        "type": "Polygon",
        "coordinates": [
          [
            [
              139.81538357043638,
              35.67329125338143
            ],
            [
              139.82644121920455,
              35.67329125338143
            ],
            [
              139.82644121920455,
              35.682308385933275
            ],
            [
              139.81538357043638,
              35.682308385933275
            ],
            [
              139.81538357043638,
              35.67329125338143
            ]
          ]
        ]
      },
      "properties": {
        "value": 202607.0,
        "band": 4,
        "ward": "Koto",
        "label": "typical pattern (derived from station ridership, not real-time people-flow)"
      }
    },
    {
      "type": "Feature",
      "geometry": {
        "type": "Polygon",
        "coordinates": [
          [
            [
              139.82644121920458,
              35.67329125338143
            ],
            [
              139.83749886797276,
              35.67329125338143
            ],
            [
              139.83749886797276,
              35.682308385933275
            ],
            [
              139.82644121920458,
              35.682308385933275
            ],
            [
              139.82644121920458,
              35.67329125338143
            ]
          ]
        ]
      },
      "properties": {
        "value": 120822.1,
        "band": 4,
        "ward": "Koto",
        "label": "typical pattern (derived from station ridership, not real-time people-flow)"
      }
    },
    {
      "type": "Feature",
      "geometry": {
        "type": "Polygon",
        "coordinates": [
          [
            [
              139.83749886797276,
              35.67329125338143
            ],
            [
              139.84855651674093,
              35.67329125338143
            ],
            [
              139.84855651674093,
              35.682308385933275
            ],
            [
              139.83749886797276,
              35.682308385933275
            ],
            [
              139.83749886797276,
              35.67329125338143
            ]
          ]
        ]
      },
      "properties": {
        "value": 92454.5,
        "band": 3,
        "ward": "Koto",
        "label": "typical pattern (derived from station ridership, not real-time people-flow)"
      }
    },
    {
      "type": "Feature",
      "geometry": {
        "type": "Polygon",
        "coordinates": [
          [
            [
              139.84855651674093,
              35.67329125338143
            ],
            [
              139.8596141655091,
              35.67329125338143
            ],
            [
              139.8596141655091,
              35.682308385933275
            ],
            [
              139.84855651674093,
              35.682308385933275
            ],
            [
              139.84855651674093,
              35.67329125338143
            ]
          ]
        ]
      },
      "properties": {
        "value": 89954.6,
        "band": 3,
        "ward": "Koto",
        "label": "typical pattern (derived from station ridership, not real-time people-flow)"
      }
    },
    {
      "type": "Feature",
      "geometry": {
        "type": "Polygon",
        "coordinates": [
          [
            [
              139.85961416550913,
              35.67329125338143
            ],
            [
              139.8706718142773,
              35.67329125338143
            ],
            [
              139.8706718142773,
              35.682308385933275
            ],
            [
              139.85961416550913,
              35.682308385933275
            ],
            [
              139.85961416550913,
              35.67329125338143
            ]
          ]
        ]
      },
      "properties": {
        "value": 94766.6,
        "band": 3,
        "ward": "Edogawa",
        "label": "typical pattern (derived from station ridership, not real-time people-flow)"
      }
    },
    {
      "type": "Feature",
      "geometry": {
        "type": "Polygon",
        "coordinates": [
          [
            [
              139.8706718142773,
              35.67329125338143
            ],
            [
              139.88172946304547,
              35.67329125338143
            ],
            [
              139.88172946304547,
              35.682308385933275
            ],
            [
              139.8706718142773,
              35.682308385933275
            ],
            [
              139.8706718142773,
              35.67329125338143
            ]
          ]
        ]
      },
      "properties": {
        "value": 92404.8,
        "band": 3,
        "ward": "Edogawa",
        "label": "typical pattern (derived from station ridership, not real-time people-flow)"
      }
    },
    {
      "type": "Feature",
      "geometry": {
        "type": "Polygon",
        "coordinates": [
          [
            [
              139.8817294630455,
              35.67329125338143
            ],
            [
              139.89278711181367,
              35.67329125338143
            ],
            [
              139.89278711181367,
              35.682308385933275
            ],
            [
              139.8817294630455,
              35.682308385933275
            ],
            [
              139.8817294630455,
              35.67329125338143
            ]
          ]
        ]
      },
      "properties": {
        "value": 81084.5,
        "band": 3,
        "ward": "Edogawa",
        "label": "typical pattern (derived from station ridership, not real-time people-flow)"
      }
    },
    {
      "type": "Feature",
      "geometry": {
        "type": "Polygon",
        "coordinates": [
          [
            [
              139.89278711181367,
              35.67329125338143
            ],
            [
              139.90384476058185,
              35.67329125338143
            ],
            [
              139.90384476058185,
              35.682308385933275
            ],
            [
              139.89278711181367,
              35.682308385933275
            ],
            [
              139.89278711181367,
              35.67329125338143
            ]
          ]
        ]
      },
      "properties": {
        "value": 61377.1,
        "band": 2,
        "ward": "Edogawa",
        "label": "typical pattern (derived from station ridership, not real-time people-flow)"
      }
    },
    {
      "type": "Feature",
      "geometry": {
        "type": "Polygon",
        "coordinates": [
          [
            [
              139.90384476058185,
              35.67329125338143
            ],
            [
              139.91490240935002,
              35.67329125338143
            ],
            [
              139.91490240935002,
              35.682308385933275
            ],
            [
              139.90384476058185,
              35.682308385933275
            ],
            [
              139.90384476058185,
              35.67329125338143
            ]
          ]
        ]
      },
      "properties": {
        "value": 37011.1,
        "band": 1,
        "ward": "Edogawa",
        "label": "typical pattern (derived from station ridership, not real-time people-flow)"
      }
    },
    {
      "type": "Feature",
      "geometry": {
        "type": "Polygon",
        "coordinates": [
          [
            [
              139.64951883891365,
              35.682308385933275
            ],
            [
              139.66057648768182,
              35.682308385933275
            ],
            [
              139.66057648768182,
              35.69132551848512
            ],
            [
              139.64951883891365,
              35.69132551848512
            ],
            [
              139.64951883891365,
              35.682308385933275
            ]
          ]
        ]
      },
      "properties": {
        "value": 36145.9,
        "band": 1,
        "ward": "Suginami",
        "label": "typical pattern (derived from station ridership, not real-time people-flow)"
      }
    },
    {
      "type": "Feature",
      "geometry": {
        "type": "Polygon",
        "coordinates": [
          [
            [
              139.66057648768185,
              35.682308385933275
            ],
            [
              139.67163413645002,
              35.682308385933275
            ],
            [
              139.67163413645002,
              35.69132551848512
            ],
            [
              139.66057648768185,
              35.69132551848512
            ],
            [
              139.66057648768185,
              35.682308385933275
            ]
          ]
        ]
      },
      "properties": {
        "value": 130771.8,
        "band": 4,
        "ward": "Nakano",
        "label": "typical pattern (derived from station ridership, not real-time people-flow)"
      }
    },
    {
      "type": "Feature",
      "geometry": {
        "type": "Polygon",
        "coordinates": [
          [
            [
              139.67163413645002,
              35.682308385933275
            ],
            [
              139.6826917852182,
              35.682308385933275
            ],
            [
              139.6826917852182,
              35.69132551848512
            ],
            [
              139.67163413645002,
              35.69132551848512
            ],
            [
              139.67163413645002,
              35.682308385933275
            ]
          ]
        ]
      },
      "properties": {
        "value": 332270.0,
        "band": 4,
        "ward": "Shinjuku",
        "label": "typical pattern (derived from station ridership, not real-time people-flow)"
      }
    },
    {
      "type": "Feature",
      "geometry": {
        "type": "Polygon",
        "coordinates": [
          [
            [
              139.6826917852182,
              35.682308385933275
            ],
            [
              139.69374943398637,
              35.682308385933275
            ],
            [
              139.69374943398637,
              35.69132551848512
            ],
            [
              139.6826917852182,
              35.69132551848512
            ],
            [
              139.6826917852182,
              35.682308385933275
            ]
          ]
        ]
      },
      "properties": {
        "value": 588451.1,
        "band": 5,
        "ward": "Shinjuku",
        "label": "typical pattern (derived from station ridership, not real-time people-flow)"
      }
    },
    {
      "type": "Feature",
      "geometry": {
        "type": "Polygon",
        "coordinates": [
          [
            [
              139.6937494339864,
              35.682308385933275
            ],
            [
              139.70480708275457,
              35.682308385933275
            ],
            [
              139.70480708275457,
              35.69132551848512
            ],
            [
              139.6937494339864,
              35.69132551848512
            ],
            [
              139.6937494339864,
              35.682308385933275
            ]
          ]
        ]
      },
      "properties": {
        "value": 730657.9,
        "band": 5,
        "ward": "Shinjuku",
        "label": "typical pattern (derived from station ridership, not real-time people-flow)"
      }
    },
    {
      "type": "Feature",
      "geometry": {
        "type": "Polygon",
        "coordinates": [
          [
            [
              139.70480708275457,
              35.682308385933275
            ],
            [
              139.71586473152274,
              35.682308385933275
            ],
            [
              139.71586473152274,
              35.69132551848512
            ],
            [
              139.70480708275457,
              35.69132551848512
            ],
            [
              139.70480708275457,
              35.682308385933275
            ]
          ]
        ]
      },
      "properties": {
        "value": 670733.5,
        "band": 5,
        "ward": "Shinjuku",
        "label": "typical pattern (derived from station ridership, not real-time people-flow)"
      }
    },
    {
      "type": "Feature",
      "geometry": {
        "type": "Polygon",
        "coordinates": [
          [
            [
              139.71586473152274,
              35.682308385933275
            ],
            [
              139.72692238029092,
              35.682308385933275
            ],
            [
              139.72692238029092,
              35.69132551848512
            ],
            [
              139.71586473152274,
              35.69132551848512
            ],
            [
              139.71586473152274,
              35.682308385933275
            ]
          ]
        ]
      },
      "properties": {
        "value": 543745.4,
        "band": 5,
        "ward": "Shinjuku",
        "label": "typical pattern (derived from station ridership, not real-time people-flow)"
      }
    },
    {
      "type": "Feature",
      "geometry": {
        "type": "Polygon",
        "coordinates": [
          [
            [
              139.72692238029094,
              35.682308385933275
            ],
            [
              139.73798002905912,
              35.682308385933275
            ],
            [
              139.73798002905912,
              35.69132551848512
            ],
            [
              139.72692238029094,
              35.69132551848512
            ],
            [
              139.72692238029094,
              35.682308385933275
            ]
          ]
        ]
      },
      "properties": {
        "value": 539910.1,
        "band": 5,
        "ward": "Chiyoda",
        "label": "typical pattern (derived from station ridership, not real-time people-flow)"
      }
    },
    {
      "type": "Feature",
      "geometry": {
        "type": "Polygon",
        "coordinates": [
          [
            [
              139.73798002905912,
              35.682308385933275
            ],
            [
              139.7490376778273,
              35.682308385933275
            ],
            [
              139.7490376778273,
              35.69132551848512
            ],
            [
              139.73798002905912,
              35.69132551848512
            ],
            [
              139.73798002905912,
              35.682308385933275
            ]
          ]
        ]
      },
      "properties": {
        "value": 711027.9,
        "band": 5,
        "ward": "Chiyoda",
        "label": "typical pattern (derived from station ridership, not real-time people-flow)"
      }
    },
    {
      "type": "Feature",
      "geometry": {
        "type": "Polygon",
        "coordinates": [
          [
            [
              139.7490376778273,
              35.682308385933275
            ],
            [
              139.76009532659546,
              35.682308385933275
            ],
            [
              139.76009532659546,
              35.69132551848512
            ],
            [
              139.7490376778273,
              35.69132551848512
            ],
            [
              139.7490376778273,
              35.682308385933275
            ]
          ]
        ]
      },
      "properties": {
        "value": 939603.1,
        "band": 5,
        "ward": "Chiyoda",
        "label": "typical pattern (derived from station ridership, not real-time people-flow)"
      }
    },
    {
      "type": "Feature",
      "geometry": {
        "type": "Polygon",
        "coordinates": [
          [
            [
              139.7600953265955,
              35.682308385933275
            ],
            [
              139.77115297536366,
              35.682308385933275
            ],
            [
              139.77115297536366,
              35.69132551848512
            ],
            [
              139.7600953265955,
              35.69132551848512
            ],
            [
              139.7600953265955,
              35.682308385933275
            ]
          ]
        ]
      },
      "properties": {
        "value": 1074056.1,
        "band": 5,
        "ward": "Chiyoda",
        "label": "typical pattern (derived from station ridership, not real-time people-flow)"
      }
    },
    {
      "type": "Feature",
      "geometry": {
        "type": "Polygon",
        "coordinates": [
          [
            [
              139.77115297536366,
              35.682308385933275
            ],
            [
              139.78221062413184,
              35.682308385933275
            ],
            [
              139.78221062413184,
              35.69132551848512
            ],
            [
              139.77115297536366,
              35.69132551848512
            ],
            [
              139.77115297536366,
              35.682308385933275
            ]
          ]
        ]
      },
      "properties": {
        "value": 1062603.3,
        "band": 5,
        "ward": "Chuo",
        "label": "typical pattern (derived from station ridership, not real-time people-flow)"
      }
    },
    {
      "type": "Feature",
      "geometry": {
        "type": "Polygon",
        "coordinates": [
          [
            [
              139.78221062413184,
              35.682308385933275
            ],
            [
              139.7932682729,
              35.682308385933275
            ],
            [
              139.7932682729,
              35.69132551848512
            ],
            [
              139.78221062413184,
              35.69132551848512
            ],
            [
              139.78221062413184,
              35.682308385933275
            ]
          ]
        ]
      },
      "properties": {
        "value": 937196.9,
        "band": 5,
        "ward": "Chuo",
        "label": "typical pattern (derived from station ridership, not real-time people-flow)"
      }
    },
    {
      "type": "Feature",
      "geometry": {
        "type": "Polygon",
        "coordinates": [
          [
            [
              139.79326827290004,
              35.682308385933275
            ],
            [
              139.8043259216682,
              35.682308385933275
            ],
            [
              139.8043259216682,
              35.69132551848512
            ],
            [
              139.79326827290004,
              35.69132551848512
            ],
            [
              139.79326827290004,
              35.682308385933275
            ]
          ]
        ]
      },
      "properties": {
        "value": 727704.3,
        "band": 5,
        "ward": "Koto",
        "label": "typical pattern (derived from station ridership, not real-time people-flow)"
      }
    },
    {
      "type": "Feature",
      "geometry": {
        "type": "Polygon",
        "coordinates": [
          [
            [
              139.8043259216682,
              35.682308385933275
            ],
            [
              139.81538357043638,
              35.682308385933275
            ],
            [
              139.81538357043638,
              35.69132551848512
            ],
            [
              139.8043259216682,
              35.69132551848512
            ],
            [
              139.8043259216682,
              35.682308385933275
            ]
          ]
        ]
      },
      "properties": {
        "value": 488889.9,
        "band": 5,
        "ward": "Koto",
        "label": "typical pattern (derived from station ridership, not real-time people-flow)"
      }
    },
    {
      "type": "Feature",
      "geometry": {
        "type": "Polygon",
        "coordinates": [
          [
            [
              139.81538357043638,
              35.682308385933275
            ],
            [
              139.82644121920455,
              35.682308385933275
            ],
            [
              139.82644121920455,
              35.69132551848512
            ],
            [
              139.81538357043638,
              35.69132551848512
            ],
            [
              139.81538357043638,
              35.682308385933275
            ]
          ]
        ]
      },
      "properties": {
        "value": 294526.1,
        "band": 4,
        "ward": "Koto",
        "label": "typical pattern (derived from station ridership, not real-time people-flow)"
      }
    },
    {
      "type": "Feature",
      "geometry": {
        "type": "Polygon",
        "coordinates": [
          [
            [
              139.82644121920458,
              35.682308385933275
            ],
            [
              139.83749886797276,
              35.682308385933275
            ],
            [
              139.83749886797276,
              35.69132551848512
            ],
            [
              139.82644121920458,
              35.69132551848512
            ],
            [
              139.82644121920458,
              35.682308385933275
            ]
          ]
        ]
      },
      "properties": {
        "value": 179785.3,
        "band": 4,
        "ward": "Koto",
        "label": "typical pattern (derived from station ridership, not real-time people-flow)"
      }
    },
    {
      "type": "Feature",
      "geometry": {
        "type": "Polygon",
        "coordinates": [
          [
            [
              139.83749886797276,
              35.682308385933275
            ],
            [
              139.84855651674093,
              35.682308385933275
            ],
            [
              139.84855651674093,
              35.69132551848512
            ],
            [
              139.83749886797276,
              35.69132551848512
            ],
            [
              139.83749886797276,
              35.682308385933275
            ]
          ]
        ]
      },
      "properties": {
        "value": 128933.9,
        "band": 4,
        "ward": "Koto",
        "label": "typical pattern (derived from station ridership, not real-time people-flow)"
      }
    },
    {
      "type": "Feature",
      "geometry": {
        "type": "Polygon",
        "coordinates": [
          [
            [
              139.84855651674093,
              35.682308385933275
            ],
            [
              139.8596141655091,
              35.682308385933275
            ],
            [
              139.8596141655091,
              35.69132551848512
            ],
            [
              139.84855651674093,
              35.69132551848512
            ],
            [
              139.84855651674093,
              35.682308385933275
            ]
          ]
        ]
      },
      "properties": {
        "value": 114216.8,
        "band": 3,
        "ward": "Edogawa",
        "label": "typical pattern (derived from station ridership, not real-time people-flow)"
      }
    },
    {
      "type": "Feature",
      "geometry": {
        "type": "Polygon",
        "coordinates": [
          [
            [
              139.85961416550913,
              35.682308385933275
            ],
            [
              139.8706718142773,
              35.682308385933275
            ],
            [
              139.8706718142773,
              35.69132551848512
            ],
            [
              139.85961416550913,
              35.69132551848512
            ],
            [
              139.85961416550913,
              35.682308385933275
            ]
          ]
        ]
      },
      "properties": {
        "value": 114198.7,
        "band": 3,
        "ward": "Edogawa",
        "label": "typical pattern (derived from station ridership, not real-time people-flow)"
      }
    },
    {
      "type": "Feature",
      "geometry": {
        "type": "Polygon",
        "coordinates": [
          [
            [
              139.8706718142773,
              35.682308385933275
            ],
            [
              139.88172946304547,
              35.682308385933275
            ],
            [
              139.88172946304547,
              35.69132551848512
            ],
            [
              139.8706718142773,
              35.69132551848512
            ],
            [
              139.8706718142773,
              35.682308385933275
            ]
          ]
        ]
      },
      "properties": {
        "value": 116083.6,
        "band": 3,
        "ward": "Edogawa",
        "label": "typical pattern (derived from station ridership, not real-time people-flow)"
      }
    },
    {
      "type": "Feature",
      "geometry": {
        "type": "Polygon",
        "coordinates": [
          [
            [
              139.8817294630455,
              35.682308385933275
            ],
            [
              139.89278711181367,
              35.682308385933275
            ],
            [
              139.89278711181367,
              35.69132551848512
            ],
            [
              139.8817294630455,
              35.69132551848512
            ],
            [
              139.8817294630455,
              35.682308385933275
            ]
          ]
        ]
      },
      "properties": {
        "value": 113071.0,
        "band": 3,
        "ward": "Edogawa",
        "label": "typical pattern (derived from station ridership, not real-time people-flow)"
      }
    },
    {
      "type": "Feature",
      "geometry": {
        "type": "Polygon",
        "coordinates": [
          [
            [
              139.89278711181367,
              35.682308385933275
            ],
            [
              139.90384476058185,
              35.682308385933275
            ],
            [
              139.90384476058185,
              35.69132551848512
            ],
            [
              139.89278711181367,
              35.69132551848512
            ],
            [
              139.89278711181367,
              35.682308385933275
            ]
          ]
        ]
      },
      "properties": {
        "value": 97079.3,
        "band": 3,
        "ward": "Edogawa",
        "label": "typical pattern (derived from station ridership, not real-time people-flow)"
      }
    },
    {
      "type": "Feature",
      "geometry": {
        "type": "Polygon",
        "coordinates": [
          [
            [
              139.90384476058185,
              35.682308385933275
            ],
            [
              139.91490240935002,
              35.682308385933275
            ],
            [
              139.91490240935002,
              35.69132551848512
            ],
            [
              139.90384476058185,
              35.69132551848512
            ],
            [
              139.90384476058185,
              35.682308385933275
            ]
          ]
        ]
      },
      "properties": {
        "value": 65815.2,
        "band": 2,
        "ward": "Edogawa",
        "label": "typical pattern (derived from station ridership, not real-time people-flow)"
      }
    },
    {
      "type": "Feature",
      "geometry": {
        "type": "Polygon",
        "coordinates": [
          [
            [
              139.91490240935005,
              35.682308385933275
            ],
            [
              139.92596005811822,
              35.682308385933275
            ],
            [
              139.92596005811822,
              35.69132551848512
            ],
            [
              139.91490240935005,
              35.69132551848512
            ],
            [
              139.91490240935005,
              35.682308385933275
            ]
          ]
        ]
      },
      "properties": {
        "value": 32878.3,
        "band": 1,
        "ward": "Edogawa",
        "label": "typical pattern (derived from station ridership, not real-time people-flow)"
      }
    },
    {
      "type": "Feature",
      "geometry": {
        "type": "Polygon",
        "coordinates": [
          [
            [
              139.64951883891365,
              35.69132551848512
            ],
            [
              139.66057648768182,
              35.69132551848512
            ],
            [
              139.66057648768182,
              35.70034265103697
            ],
            [
              139.64951883891365,
              35.70034265103697
            ],
            [
              139.64951883891365,
              35.69132551848512
            ]
          ]
        ]
      },
      "properties": {
        "value": 41792.1,
        "band": 1,
        "ward": "Nakano",
        "label": "typical pattern (derived from station ridership, not real-time people-flow)"
      }
    },
    {
      "type": "Feature",
      "geometry": {
        "type": "Polygon",
        "coordinates": [
          [
            [
              139.66057648768185,
              35.69132551848512
            ],
            [
              139.67163413645002,
              35.69132551848512
            ],
            [
              139.67163413645002,
              35.70034265103697
            ],
            [
              139.66057648768185,
              35.70034265103697
            ],
            [
              139.66057648768185,
              35.69132551848512
            ]
          ]
        ]
      },
      "properties": {
        "value": 139522.1,
        "band": 4,
        "ward": "Nakano",
        "label": "typical pattern (derived from station ridership, not real-time people-flow)"
      }
    },
    {
      "type": "Feature",
      "geometry": {
        "type": "Polygon",
        "coordinates": [
          [
            [
              139.67163413645002,
              35.69132551848512
            ],
            [
              139.6826917852182,
              35.69132551848512
            ],
            [
              139.6826917852182,
              35.70034265103697
            ],
            [
              139.67163413645002,
              35.70034265103697
            ],
            [
              139.67163413645002,
              35.69132551848512
            ]
          ]
        ]
      },
      "properties": {
        "value": 333915.3,
        "band": 4,
        "ward": "Nakano",
        "label": "typical pattern (derived from station ridership, not real-time people-flow)"
      }
    },
    {
      "type": "Feature",
      "geometry": {
        "type": "Polygon",
        "coordinates": [
          [
            [
              139.6826917852182,
              35.69132551848512
            ],
            [
              139.69374943398637,
              35.69132551848512
            ],
            [
              139.69374943398637,
              35.70034265103697
            ],
            [
              139.6826917852182,
              35.70034265103697
            ],
            [
              139.6826917852182,
              35.69132551848512
            ]
          ]
        ]
      },
      "properties": {
        "value": 568333.0,
        "band": 5,
        "ward": "Shinjuku",
        "label": "typical pattern (derived from station ridership, not real-time people-flow)"
      }
    },
    {
      "type": "Feature",
      "geometry": {
        "type": "Polygon",
        "coordinates": [
          [
            [
              139.6937494339864,
              35.69132551848512
            ],
            [
              139.70480708275457,
              35.69132551848512
            ],
            [
              139.70480708275457,
              35.70034265103697
            ],
            [
              139.6937494339864,
              35.70034265103697
            ],
            [
              139.6937494339864,
              35.69132551848512
            ]
          ]
        ]
      },
      "properties": {
        "value": 689564.3,
        "band": 5,
        "ward": "Shinjuku",
        "label": "typical pattern (derived from station ridership, not real-time people-flow)"
      }
    },
    {
      "type": "Feature",
      "geometry": {
        "type": "Polygon",
        "coordinates": [
          [
            [
              139.70480708275457,
              35.69132551848512
            ],
            [
              139.71586473152274,
              35.69132551848512
            ],
            [
              139.71586473152274,
              35.70034265103697
            ],
            [
              139.70480708275457,
              35.70034265103697
            ],
            [
              139.70480708275457,
              35.69132551848512
            ]
          ]
        ]
      },
      "properties": {
        "value": 629312.5,
        "band": 5,
        "ward": "Shinjuku",
        "label": "typical pattern (derived from station ridership, not real-time people-flow)"
      }
    },
    {
      "type": "Feature",
      "geometry": {
        "type": "Polygon",
        "coordinates": [
          [
            [
              139.71586473152274,
              35.69132551848512
            ],
            [
              139.72692238029092,
              35.69132551848512
            ],
            [
              139.72692238029092,
              35.70034265103697
            ],
            [
              139.71586473152274,
              35.70034265103697
            ],
            [
              139.71586473152274,
              35.69132551848512
            ]
          ]
        ]
      },
      "properties": {
        "value": 518612.9,
        "band": 5,
        "ward": "Shinjuku",
        "label": "typical pattern (derived from station ridership, not real-time people-flow)"
      }
    },
    {
      "type": "Feature",
      "geometry": {
        "type": "Polygon",
        "coordinates": [
          [
            [
              139.72692238029094,
              35.69132551848512
            ],
            [
              139.73798002905912,
              35.69132551848512
            ],
            [
              139.73798002905912,
              35.70034265103697
            ],
            [
              139.72692238029094,
              35.70034265103697
            ],
            [
              139.72692238029094,
              35.69132551848512
            ]
          ]
        ]
      },
      "properties": {
        "value": 544931.0,
        "band": 5,
        "ward": "Chiyoda",
        "label": "typical pattern (derived from station ridership, not real-time people-flow)"
      }
    },
    {
      "type": "Feature",
      "geometry": {
        "type": "Polygon",
        "coordinates": [
          [
            [
              139.73798002905912,
              35.69132551848512
            ],
            [
              139.7490376778273,
              35.69132551848512
            ],
            [
              139.7490376778273,
              35.70034265103697
            ],
            [
              139.73798002905912,
              35.70034265103697
            ],
            [
              139.73798002905912,
              35.69132551848512
            ]
          ]
        ]
      },
      "properties": {
        "value": 736970.0,
        "band": 5,
        "ward": "Chiyoda",
        "label": "typical pattern (derived from station ridership, not real-time people-flow)"
      }
    },
    {
      "type": "Feature",
      "geometry": {
        "type": "Polygon",
        "coordinates": [
          [
            [
              139.7490376778273,
              35.69132551848512
            ],
            [
              139.76009532659546,
              35.69132551848512
            ],
            [
              139.76009532659546,
              35.70034265103697
            ],
            [
              139.7490376778273,
              35.70034265103697
            ],
            [
              139.7490376778273,
              35.69132551848512
            ]
          ]
        ]
      },
      "properties": {
        "value": 959520.6,
        "band": 5,
        "ward": "Chiyoda",
        "label": "typical pattern (derived from station ridership, not real-time people-flow)"
      }
    },
    {
      "type": "Feature",
      "geometry": {
        "type": "Polygon",
        "coordinates": [
          [
            [
              139.7600953265955,
              35.69132551848512
            ],
            [
              139.77115297536366,
              35.69132551848512
            ],
            [
              139.77115297536366,
              35.70034265103697
            ],
            [
              139.7600953265955,
              35.70034265103697
            ],
            [
              139.7600953265955,
              35.69132551848512
            ]
          ]
        ]
      },
      "properties": {
        "value": 1069220.1,
        "band": 5,
        "ward": "Chiyoda",
        "label": "typical pattern (derived from station ridership, not real-time people-flow)"
      }
    },
    {
      "type": "Feature",
      "geometry": {
        "type": "Polygon",
        "coordinates": [
          [
            [
              139.77115297536366,
              35.69132551848512
            ],
            [
              139.78221062413184,
              35.69132551848512
            ],
            [
              139.78221062413184,
              35.70034265103697
            ],
            [
              139.77115297536366,
              35.70034265103697
            ],
            [
              139.77115297536366,
              35.69132551848512
            ]
          ]
        ]
      },
      "properties": {
        "value": 1051333.5,
        "band": 5,
        "ward": "Taito",
        "label": "typical pattern (derived from station ridership, not real-time people-flow)"
      }
    },
    {
      "type": "Feature",
      "geometry": {
        "type": "Polygon",
        "coordinates": [
          [
            [
              139.78221062413184,
              35.69132551848512
            ],
            [
              139.7932682729,
              35.69132551848512
            ],
            [
              139.7932682729,
              35.70034265103697
            ],
            [
              139.78221062413184,
              35.70034265103697
            ],
            [
              139.78221062413184,
              35.69132551848512
            ]
          ]
        ]
      },
      "properties": {
        "value": 949559.5,
        "band": 5,
        "ward": "Taito",
        "label": "typical pattern (derived from station ridership, not real-time people-flow)"
      }
    },
    {
      "type": "Feature",
      "geometry": {
        "type": "Polygon",
        "coordinates": [
          [
            [
              139.79326827290004,
              35.69132551848512
            ],
            [
              139.8043259216682,
              35.69132551848512
            ],
            [
              139.8043259216682,
              35.70034265103697
            ],
            [
              139.79326827290004,
              35.70034265103697
            ],
            [
              139.79326827290004,
              35.69132551848512
            ]
          ]
        ]
      },
      "properties": {
        "value": 774323.6,
        "band": 5,
        "ward": "Sumida",
        "label": "typical pattern (derived from station ridership, not real-time people-flow)"
      }
    },
    {
      "type": "Feature",
      "geometry": {
        "type": "Polygon",
        "coordinates": [
          [
            [
              139.8043259216682,
              35.69132551848512
            ],
            [
              139.81538357043638,
              35.69132551848512
            ],
            [
              139.81538357043638,
              35.70034265103697
            ],
            [
              139.8043259216682,
              35.70034265103697
            ],
            [
              139.8043259216682,
              35.69132551848512
            ]
          ]
        ]
      },
      "properties": {
        "value": 554209.1,
        "band": 5,
        "ward": "Sumida",
        "label": "typical pattern (derived from station ridership, not real-time people-flow)"
      }
    },
    {
      "type": "Feature",
      "geometry": {
        "type": "Polygon",
        "coordinates": [
          [
            [
              139.81538357043638,
              35.69132551848512
            ],
            [
              139.82644121920455,
              35.69132551848512
            ],
            [
              139.82644121920455,
              35.70034265103697
            ],
            [
              139.81538357043638,
              35.70034265103697
            ],
            [
              139.81538357043638,
              35.69132551848512
            ]
          ]
        ]
      },
      "properties": {
        "value": 352026.4,
        "band": 4,
        "ward": "Sumida",
        "label": "typical pattern (derived from station ridership, not real-time people-flow)"
      }
    },
    {
      "type": "Feature",
      "geometry": {
        "type": "Polygon",
        "coordinates": [
          [
            [
              139.82644121920458,
              35.69132551848512
            ],
            [
              139.83749886797276,
              35.69132551848512
            ],
            [
              139.83749886797276,
              35.70034265103697
            ],
            [
              139.82644121920458,
              35.70034265103697
            ],
            [
              139.82644121920458,
              35.69132551848512
            ]
          ]
        ]
      },
      "properties": {
        "value": 207622.9,
        "band": 4,
        "ward": "Koto",
        "label": "typical pattern (derived from station ridership, not real-time people-flow)"
      }
    },
    {
      "type": "Feature",
      "geometry": {
        "type": "Polygon",
        "coordinates": [
          [
            [
              139.83749886797276,
              35.69132551848512
            ],
            [
              139.84855651674093,
              35.69132551848512
            ],
            [
              139.84855651674093,
              35.70034265103697
            ],
            [
              139.83749886797276,
              35.70034265103697
            ],
            [
              139.83749886797276,
              35.69132551848512
            ]
          ]
        ]
      },
      "properties": {
        "value": 128314.6,
        "band": 4,
        "ward": "Edogawa",
        "label": "typical pattern (derived from station ridership, not real-time people-flow)"
      }
    },
    {
      "type": "Feature",
      "geometry": {
        "type": "Polygon",
        "coordinates": [
          [
            [
              139.84855651674093,
              35.69132551848512
            ],
            [
              139.8596141655091,
              35.69132551848512
            ],
            [
              139.8596141655091,
              35.70034265103697
            ],
            [
              139.84855651674093,
              35.70034265103697
            ],
            [
              139.84855651674093,
              35.69132551848512
            ]
          ]
        ]
      },
      "properties": {
        "value": 97171.7,
        "band": 3,
        "ward": "Edogawa",
        "label": "typical pattern (derived from station ridership, not real-time people-flow)"
      }
    },
    {
      "type": "Feature",
      "geometry": {
        "type": "Polygon",
        "coordinates": [
          [
            [
              139.85961416550913,
              35.69132551848512
            ],
            [
              139.8706718142773,
              35.69132551848512
            ],
            [
              139.8706718142773,
              35.70034265103697
            ],
            [
              139.85961416550913,
              35.70034265103697
            ],
            [
              139.85961416550913,
              35.69132551848512
            ]
          ]
        ]
      },
      "properties": {
        "value": 91698.8,
        "band": 3,
        "ward": "Edogawa",
        "label": "typical pattern (derived from station ridership, not real-time people-flow)"
      }
    },
    {
      "type": "Feature",
      "geometry": {
        "type": "Polygon",
        "coordinates": [
          [
            [
              139.8706718142773,
              35.69132551848512
            ],
            [
              139.88172946304547,
              35.69132551848512
            ],
            [
              139.88172946304547,
              35.70034265103697
            ],
            [
              139.8706718142773,
              35.70034265103697
            ],
            [
              139.8706718142773,
              35.69132551848512
            ]
          ]
        ]
      },
      "properties": {
        "value": 98972.7,
        "band": 3,
        "ward": "Edogawa",
        "label": "typical pattern (derived from station ridership, not real-time people-flow)"
      }
    },
    {
      "type": "Feature",
      "geometry": {
        "type": "Polygon",
        "coordinates": [
          [
            [
              139.8817294630455,
              35.69132551848512
            ],
            [
              139.89278711181367,
              35.69132551848512
            ],
            [
              139.89278711181367,
              35.70034265103697
            ],
            [
              139.8817294630455,
              35.70034265103697
            ],
            [
              139.8817294630455,
              35.69132551848512
            ]
          ]
        ]
      },
      "properties": {
        "value": 111221.5,
        "band": 3,
        "ward": "Edogawa",
        "label": "typical pattern (derived from station ridership, not real-time people-flow)"
      }
    },
    {
      "type": "Feature",
      "geometry": {
        "type": "Polygon",
        "coordinates": [
          [
            [
              139.89278711181367,
              35.69132551848512
            ],
            [
              139.90384476058185,
              35.69132551848512
            ],
            [
              139.90384476058185,
              35.70034265103697
            ],
            [
              139.89278711181367,
              35.70034265103697
            ],
            [
              139.89278711181367,
              35.69132551848512
            ]
          ]
        ]
      },
      "properties": {
        "value": 110516.3,
        "band": 3,
        "ward": "Edogawa",
        "label": "typical pattern (derived from station ridership, not real-time people-flow)"
      }
    },
    {
      "type": "Feature",
      "geometry": {
        "type": "Polygon",
        "coordinates": [
          [
            [
              139.90384476058185,
              35.69132551848512
            ],
            [
              139.91490240935002,
              35.69132551848512
            ],
            [
              139.91490240935002,
              35.70034265103697
            ],
            [
              139.90384476058185,
              35.70034265103697
            ],
            [
              139.90384476058185,
              35.69132551848512
            ]
          ]
        ]
      },
      "properties": {
        "value": 86054.0,
        "band": 3,
        "ward": "Edogawa",
        "label": "typical pattern (derived from station ridership, not real-time people-flow)"
      }
    },
    {
      "type": "Feature",
      "geometry": {
        "type": "Polygon",
        "coordinates": [
          [
            [
              139.91490240935005,
              35.69132551848512
            ],
            [
              139.92596005811822,
              35.69132551848512
            ],
            [
              139.92596005811822,
              35.70034265103697
            ],
            [
              139.91490240935005,
              35.70034265103697
            ],
            [
              139.91490240935005,
              35.69132551848512
            ]
          ]
        ]
      },
      "properties": {
        "value": 50833.6,
        "band": 2,
        "ward": "Edogawa",
        "label": "typical pattern (derived from station ridership, not real-time people-flow)"
      }
    },
    {
      "type": "Feature",
      "geometry": {
        "type": "Polygon",
        "coordinates": [
          [
            [
              139.92596005811822,
              35.69132551848512
            ],
            [
              139.9370177068864,
              35.69132551848512
            ],
            [
              139.9370177068864,
              35.70034265103697
            ],
            [
              139.92596005811822,
              35.70034265103697
            ],
            [
              139.92596005811822,
              35.69132551848512
            ]
          ]
        ]
      },
      "properties": {
        "value": 24050.9,
        "band": 1,
        "ward": "Edogawa",
        "label": "typical pattern (derived from station ridership, not real-time people-flow)"
      }
    },
    {
      "type": "Feature",
      "geometry": {
        "type": "Polygon",
        "coordinates": [
          [
            [
              139.64951883891365,
              35.700342651036976
            ],
            [
              139.66057648768182,
              35.700342651036976
            ],
            [
              139.66057648768182,
              35.70935978358882
            ],
            [
              139.64951883891365,
              35.70935978358882
            ],
            [
              139.64951883891365,
              35.700342651036976
            ]
          ]
        ]
      },
      "properties": {
        "value": 41528.5,
        "band": 1,
        "ward": "Nakano",
        "label": "typical pattern (derived from station ridership, not real-time people-flow)"
      }
    },
    {
      "type": "Feature",
      "geometry": {
        "type": "Polygon",
        "coordinates": [
          [
            [
              139.66057648768185,
              35.700342651036976
            ],
            [
              139.67163413645002,
              35.700342651036976
            ],
            [
              139.67163413645002,
              35.70935978358882
            ],
            [
              139.66057648768185,
              35.70935978358882
            ],
            [
              139.66057648768185,
              35.700342651036976
            ]
          ]
        ]
      },
      "properties": {
        "value": 115616.5,
        "band": 3,
        "ward": "Nakano",
        "label": "typical pattern (derived from station ridership, not real-time people-flow)"
      }
    },
    {
      "type": "Feature",
      "geometry": {
        "type": "Polygon",
        "coordinates": [
          [
            [
              139.67163413645002,
              35.700342651036976
            ],
            [
              139.6826917852182,
              35.700342651036976
            ],
            [
              139.6826917852182,
              35.70935978358882
            ],
            [
              139.67163413645002,
              35.70935978358882
            ],
            [
              139.67163413645002,
              35.700342651036976
            ]
          ]
        ]
      },
      "properties": {
        "value": 246254.8,
        "band": 4,
        "ward": "Nakano",
        "label": "typical pattern (derived from station ridership, not real-time people-flow)"
      }
    },
    {
      "type": "Feature",
      "geometry": {
        "type": "Polygon",
        "coordinates": [
          [
            [
              139.6826917852182,
              35.700342651036976
            ],
            [
              139.69374943398637,
              35.700342651036976
            ],
            [
              139.69374943398637,
              35.70935978358882
            ],
            [
              139.6826917852182,
              35.70935978358882
            ],
            [
              139.6826917852182,
              35.700342651036976
            ]
          ]
        ]
      },
      "properties": {
        "value": 387431.7,
        "band": 5,
        "ward": "Shinjuku",
        "label": "typical pattern (derived from station ridership, not real-time people-flow)"
      }
    },
    {
      "type": "Feature",
      "geometry": {
        "type": "Polygon",
        "coordinates": [
          [
            [
              139.6937494339864,
              35.700342651036976
            ],
            [
              139.70480708275457,
              35.700342651036976
            ],
            [
              139.70480708275457,
              35.70935978358882
            ],
            [
              139.6937494339864,
              35.70935978358882
            ],
            [
              139.6937494339864,
              35.700342651036976
            ]
          ]
        ]
      },
      "properties": {
        "value": 451064.8,
        "band": 5,
        "ward": "Shinjuku",
        "label": "typical pattern (derived from station ridership, not real-time people-flow)"
      }
    },
    {
      "type": "Feature",
      "geometry": {
        "type": "Polygon",
        "coordinates": [
          [
            [
              139.70480708275457,
              35.700342651036976
            ],
            [
              139.71586473152274,
              35.700342651036976
            ],
            [
              139.71586473152274,
              35.70935978358882
            ],
            [
              139.70480708275457,
              35.70935978358882
            ],
            [
              139.70480708275457,
              35.700342651036976
            ]
          ]
        ]
      },
      "properties": {
        "value": 414594.2,
        "band": 5,
        "ward": "Shinjuku",
        "label": "typical pattern (derived from station ridership, not real-time people-flow)"
      }
    },
    {
      "type": "Feature",
      "geometry": {
        "type": "Polygon",
        "coordinates": [
          [
            [
              139.71586473152274,
              35.700342651036976
            ],
            [
              139.72692238029092,
              35.700342651036976
            ],
            [
              139.72692238029092,
              35.70935978358882
            ],
            [
              139.71586473152274,
              35.70935978358882
            ],
            [
              139.71586473152274,
              35.700342651036976
            ]
          ]
        ]
      },
      "properties": {
        "value": 373118.6,
        "band": 5,
        "ward": "Shinjuku",
        "label": "typical pattern (derived from station ridership, not real-time people-flow)"
      }
    },
    {
      "type": "Feature",
      "geometry": {
        "type": "Polygon",
        "coordinates": [
          [
            [
              139.72692238029094,
              35.700342651036976
            ],
            [
              139.73798002905912,
              35.700342651036976
            ],
            [
              139.73798002905912,
              35.70935978358882
            ],
            [
              139.72692238029094,
              35.70935978358882
            ],
            [
              139.72692238029094,
              35.700342651036976
            ]
          ]
        ]
      },
      "properties": {
        "value": 446296.0,
        "band": 5,
        "ward": "Bunkyo",
        "label": "typical pattern (derived from station ridership, not real-time people-flow)"
      }
    },
    {
      "type": "Feature",
      "geometry": {
        "type": "Polygon",
        "coordinates": [
          [
            [
              139.73798002905912,
              35.700342651036976
            ],
            [
              139.7490376778273,
              35.700342651036976
            ],
            [
              139.7490376778273,
              35.70935978358882
            ],
            [
              139.73798002905912,
              35.70935978358882
            ],
            [
              139.73798002905912,
              35.700342651036976
            ]
          ]
        ]
      },
      "properties": {
        "value": 638476.8,
        "band": 5,
        "ward": "Bunkyo",
        "label": "typical pattern (derived from station ridership, not real-time people-flow)"
      }
    },
    {
      "type": "Feature",
      "geometry": {
        "type": "Polygon",
        "coordinates": [
          [
            [
              139.7490376778273,
              35.700342651036976
            ],
            [
              139.76009532659546,
              35.700342651036976
            ],
            [
              139.76009532659546,
              35.70935978358882
            ],
            [
              139.7490376778273,
              35.70935978358882
            ],
            [
              139.7490376778273,
              35.700342651036976
            ]
          ]
        ]
      },
      "properties": {
        "value": 817923.5,
        "band": 5,
        "ward": "Bunkyo",
        "label": "typical pattern (derived from station ridership, not real-time people-flow)"
      }
    },
    {
      "type": "Feature",
      "geometry": {
        "type": "Polygon",
        "coordinates": [
          [
            [
              139.7600953265955,
              35.700342651036976
            ],
            [
              139.77115297536366,
              35.700342651036976
            ],
            [
              139.77115297536366,
              35.70935978358882
            ],
            [
              139.7600953265955,
              35.70935978358882
            ],
            [
              139.7600953265955,
              35.700342651036976
            ]
          ]
        ]
      },
      "properties": {
        "value": 879778.8,
        "band": 5,
        "ward": "Bunkyo",
        "label": "typical pattern (derived from station ridership, not real-time people-flow)"
      }
    },
    {
      "type": "Feature",
      "geometry": {
        "type": "Polygon",
        "coordinates": [
          [
            [
              139.77115297536366,
              35.700342651036976
            ],
            [
              139.78221062413184,
              35.700342651036976
            ],
            [
              139.78221062413184,
              35.70935978358882
            ],
            [
              139.77115297536366,
              35.70935978358882
            ],
            [
              139.77115297536366,
              35.700342651036976
            ]
          ]
        ]
      },
      "properties": {
        "value": 847890.0,
        "band": 5,
        "ward": "Taito",
        "label": "typical pattern (derived from station ridership, not real-time people-flow)"
      }
    },
    {
      "type": "Feature",
      "geometry": {
        "type": "Polygon",
        "coordinates": [
          [
            [
              139.78221062413184,
              35.700342651036976
            ],
            [
              139.7932682729,
              35.700342651036976
            ],
            [
              139.7932682729,
              35.70935978358882
            ],
            [
              139.78221062413184,
              35.70935978358882
            ],
            [
              139.78221062413184,
              35.700342651036976
            ]
          ]
        ]
      },
      "properties": {
        "value": 780724.8,
        "band": 5,
        "ward": "Taito",
        "label": "typical pattern (derived from station ridership, not real-time people-flow)"
      }
    },
    {
      "type": "Feature",
      "geometry": {
        "type": "Polygon",
        "coordinates": [
          [
            [
              139.79326827290004,
              35.700342651036976
            ],
            [
              139.8043259216682,
              35.700342651036976
            ],
            [
              139.8043259216682,
              35.70935978358882
            ],
            [
              139.79326827290004,
              35.70935978358882
            ],
            [
              139.79326827290004,
              35.700342651036976
            ]
          ]
        ]
      },
      "properties": {
        "value": 679296.8,
        "band": 5,
        "ward": "Sumida",
        "label": "typical pattern (derived from station ridership, not real-time people-flow)"
      }
    },
    {
      "type": "Feature",
      "geometry": {
        "type": "Polygon",
        "coordinates": [
          [
            [
              139.8043259216682,
              35.700342651036976
            ],
            [
              139.81538357043638,
              35.700342651036976
            ],
            [
              139.81538357043638,
              35.70935978358882
            ],
            [
              139.8043259216682,
              35.70935978358882
            ],
            [
              139.8043259216682,
              35.700342651036976
            ]
          ]
        ]
      },
      "properties": {
        "value": 531114.2,
        "band": 5,
        "ward": "Sumida",
        "label": "typical pattern (derived from station ridership, not real-time people-flow)"
      }
    },
    {
      "type": "Feature",
      "geometry": {
        "type": "Polygon",
        "coordinates": [
          [
            [
              139.81538357043638,
              35.700342651036976
            ],
            [
              139.82644121920455,
              35.700342651036976
            ],
            [
              139.82644121920455,
              35.70935978358882
            ],
            [
              139.81538357043638,
              35.70935978358882
            ],
            [
              139.81538357043638,
              35.700342651036976
            ]
          ]
        ]
      },
      "properties": {
        "value": 356085.9,
        "band": 4,
        "ward": "Sumida",
        "label": "typical pattern (derived from station ridership, not real-time people-flow)"
      }
    },
    {
      "type": "Feature",
      "geometry": {
        "type": "Polygon",
        "coordinates": [
          [
            [
              139.82644121920458,
              35.700342651036976
            ],
            [
              139.83749886797276,
              35.700342651036976
            ],
            [
              139.83749886797276,
              35.70935978358882
            ],
            [
              139.82644121920458,
              35.70935978358882
            ],
            [
              139.82644121920458,
              35.700342651036976
            ]
          ]
        ]
      },
      "properties": {
        "value": 199417.1,
        "band": 4,
        "ward": "Sumida",
        "label": "typical pattern (derived from station ridership, not real-time people-flow)"
      }
    },
    {
      "type": "Feature",
      "geometry": {
        "type": "Polygon",
        "coordinates": [
          [
            [
              139.83749886797276,
              35.700342651036976
            ],
            [
              139.84855651674093,
              35.700342651036976
            ],
            [
              139.84855651674093,
              35.70935978358882
            ],
            [
              139.83749886797276,
              35.70935978358882
            ],
            [
              139.83749886797276,
              35.700342651036976
            ]
          ]
        ]
      },
      "properties": {
        "value": 100531.7,
        "band": 3,
        "ward": "Edogawa",
        "label": "typical pattern (derived from station ridership, not real-time people-flow)"
      }
    },
    {
      "type": "Feature",
      "geometry": {
        "type": "Polygon",
        "coordinates": [
          [
            [
              139.84855651674093,
              35.700342651036976
            ],
            [
              139.8596141655091,
              35.700342651036976
            ],
            [
              139.8596141655091,
              35.70935978358882
            ],
            [
              139.84855651674093,
              35.70935978358882
            ],
            [
              139.84855651674093,
              35.700342651036976
            ]
          ]
        ]
      },
      "properties": {
        "value": 58653.6,
        "band": 2,
        "ward": "Edogawa",
        "label": "typical pattern (derived from station ridership, not real-time people-flow)"
      }
    },
    {
      "type": "Feature",
      "geometry": {
        "type": "Polygon",
        "coordinates": [
          [
            [
              139.85961416550913,
              35.700342651036976
            ],
            [
              139.8706718142773,
              35.700342651036976
            ],
            [
              139.8706718142773,
              35.70935978358882
            ],
            [
              139.85961416550913,
              35.70935978358882
            ],
            [
              139.85961416550913,
              35.700342651036976
            ]
          ]
        ]
      },
      "properties": {
        "value": 49868.9,
        "band": 2,
        "ward": "Edogawa",
        "label": "typical pattern (derived from station ridership, not real-time people-flow)"
      }
    },
    {
      "type": "Feature",
      "geometry": {
        "type": "Polygon",
        "coordinates": [
          [
            [
              139.8706718142773,
              35.700342651036976
            ],
            [
              139.88172946304547,
              35.700342651036976
            ],
            [
              139.88172946304547,
              35.70935978358882
            ],
            [
              139.8706718142773,
              35.70935978358882
            ],
            [
              139.8706718142773,
              35.700342651036976
            ]
          ]
        ]
      },
      "properties": {
        "value": 59604.4,
        "band": 2,
        "ward": "Edogawa",
        "label": "typical pattern (derived from station ridership, not real-time people-flow)"
      }
    },
    {
      "type": "Feature",
      "geometry": {
        "type": "Polygon",
        "coordinates": [
          [
            [
              139.8817294630455,
              35.700342651036976
            ],
            [
              139.89278711181367,
              35.700342651036976
            ],
            [
              139.89278711181367,
              35.70935978358882
            ],
            [
              139.8817294630455,
              35.70935978358882
            ],
            [
              139.8817294630455,
              35.700342651036976
            ]
          ]
        ]
      },
      "properties": {
        "value": 80405.3,
        "band": 3,
        "ward": "Edogawa",
        "label": "typical pattern (derived from station ridership, not real-time people-flow)"
      }
    },
    {
      "type": "Feature",
      "geometry": {
        "type": "Polygon",
        "coordinates": [
          [
            [
              139.89278711181367,
              35.700342651036976
            ],
            [
              139.90384476058185,
              35.700342651036976
            ],
            [
              139.90384476058185,
              35.70935978358882
            ],
            [
              139.89278711181367,
              35.70935978358882
            ],
            [
              139.89278711181367,
              35.700342651036976
            ]
          ]
        ]
      },
      "properties": {
        "value": 95394.3,
        "band": 3,
        "ward": "Edogawa",
        "label": "typical pattern (derived from station ridership, not real-time people-flow)"
      }
    },
    {
      "type": "Feature",
      "geometry": {
        "type": "Polygon",
        "coordinates": [
          [
            [
              139.90384476058185,
              35.700342651036976
            ],
            [
              139.91490240935002,
              35.700342651036976
            ],
            [
              139.91490240935002,
              35.70935978358882
            ],
            [
              139.90384476058185,
              35.70935978358882
            ],
            [
              139.90384476058185,
              35.700342651036976
            ]
          ]
        ]
      },
      "properties": {
        "value": 89603.4,
        "band": 3,
        "ward": "Edogawa",
        "label": "typical pattern (derived from station ridership, not real-time people-flow)"
      }
    },
    {
      "type": "Feature",
      "geometry": {
        "type": "Polygon",
        "coordinates": [
          [
            [
              139.91490240935005,
              35.700342651036976
            ],
            [
              139.92596005811822,
              35.700342651036976
            ],
            [
              139.92596005811822,
              35.70935978358882
            ],
            [
              139.91490240935005,
              35.70935978358882
            ],
            [
              139.91490240935005,
              35.700342651036976
            ]
          ]
        ]
      },
      "properties": {
        "value": 67997.6,
        "band": 2,
        "ward": "Edogawa",
        "label": "typical pattern (derived from station ridership, not real-time people-flow)"
      }
    },
    {
      "type": "Feature",
      "geometry": {
        "type": "Polygon",
        "coordinates": [
          [
            [
              139.92596005811822,
              35.700342651036976
            ],
            [
              139.9370177068864,
              35.700342651036976
            ],
            [
              139.9370177068864,
              35.70935978358882
            ],
            [
              139.92596005811822,
              35.70935978358882
            ],
            [
              139.92596005811822,
              35.700342651036976
            ]
          ]
        ]
      },
      "properties": {
        "value": 43436.7,
        "band": 2,
        "ward": "Edogawa",
        "label": "typical pattern (derived from station ridership, not real-time people-flow)"
      }
    },
    {
      "type": "Feature",
      "geometry": {
        "type": "Polygon",
        "coordinates": [
          [
            [
              139.9370177068864,
              35.700342651036976
            ],
            [
              139.94807535565457,
              35.700342651036976
            ],
            [
              139.94807535565457,
              35.70935978358882
            ],
            [
              139.9370177068864,
              35.70935978358882
            ],
            [
              139.9370177068864,
              35.700342651036976
            ]
          ]
        ]
      },
      "properties": {
        "value": 22408.5,
        "band": 1,
        "ward": "Edogawa",
        "label": "typical pattern (derived from station ridership, not real-time people-flow)"
      }
    },
    {
      "type": "Feature",
      "geometry": {
        "type": "Polygon",
        "coordinates": [
          [
            [
              139.63846119014548,
              35.70935978358882
            ],
            [
              139.64951883891365,
              35.70935978358882
            ],
            [
              139.64951883891365,
              35.71837691614067
            ],
            [
              139.63846119014548,
              35.71837691614067
            ],
            [
              139.63846119014548,
              35.70935978358882
            ]
          ]
        ]
      },
      "properties": {
        "value": 24305.3,
        "band": 1,
        "ward": "Suginami",
        "label": "typical pattern (derived from station ridership, not real-time people-flow)"
      }
    },
    {
      "type": "Feature",
      "geometry": {
        "type": "Polygon",
        "coordinates": [
          [
            [
              139.64951883891365,
              35.70935978358882
            ],
            [
              139.66057648768182,
              35.70935978358882
            ],
            [
              139.66057648768182,
              35.71837691614067
            ],
            [
              139.64951883891365,
              35.71837691614067
            ],
            [
              139.64951883891365,
              35.70935978358882
            ]
          ]
        ]
      },
      "properties": {
        "value": 50718.2,
        "band": 2,
        "ward": "Nakano",
        "label": "typical pattern (derived from station ridership, not real-time people-flow)"
      }
    },
    {
      "type": "Feature",
      "geometry": {
        "type": "Polygon",
        "coordinates": [
          [
            [
              139.66057648768185,
              35.70935978358882
            ],
            [
              139.67163413645002,
              35.70935978358882
            ],
            [
              139.67163413645002,
              35.71837691614067
            ],
            [
              139.66057648768185,
              35.71837691614067
            ],
            [
              139.66057648768185,
              35.70935978358882
            ]
          ]
        ]
      },
      "properties": {
        "value": 96630.1,
        "band": 3,
        "ward": "Nakano",
        "label": "typical pattern (derived from station ridership, not real-time people-flow)"
      }
    },
    {
      "type": "Feature",
      "geometry": {
        "type": "Polygon",
        "coordinates": [
          [
            [
              139.67163413645002,
              35.70935978358882
            ],
            [
              139.6826917852182,
              35.70935978358882
            ],
            [
              139.6826917852182,
              35.71837691614067
            ],
            [
              139.67163413645002,
              35.71837691614067
            ],
            [
              139.67163413645002,
              35.70935978358882
            ]
          ]
        ]
      },
      "properties": {
        "value": 159111.5,
        "band": 4,
        "ward": "Nakano",
        "label": "typical pattern (derived from station ridership, not real-time people-flow)"
      }
    },
    {
      "type": "Feature",
      "geometry": {
        "type": "Polygon",
        "coordinates": [
          [
            [
              139.6826917852182,
              35.70935978358882
            ],
            [
              139.69374943398637,
              35.70935978358882
            ],
            [
              139.69374943398637,
              35.71837691614067
            ],
            [
              139.6826917852182,
              35.71837691614067
            ],
            [
              139.6826917852182,
              35.70935978358882
            ]
          ]
        ]
      },
      "properties": {
        "value": 210607.7,
        "band": 4,
        "ward": "Nakano",
        "label": "typical pattern (derived from station ridership, not real-time people-flow)"
      }
    },
    {
      "type": "Feature",
      "geometry": {
        "type": "Polygon",
        "coordinates": [
          [
            [
              139.6937494339864,
              35.70935978358882
            ],
            [
              139.70480708275457,
              35.70935978358882
            ],
            [
              139.70480708275457,
              35.71837691614067
            ],
            [
              139.6937494339864,
              35.71837691614067
            ],
            [
              139.6937494339864,
              35.70935978358882
            ]
          ]
        ]
      },
      "properties": {
        "value": 222313.4,
        "band": 4,
        "ward": "Toshima",
        "label": "typical pattern (derived from station ridership, not real-time people-flow)"
      }
    },
    {
      "type": "Feature",
      "geometry": {
        "type": "Polygon",
        "coordinates": [
          [
            [
              139.70480708275457,
              35.70935978358882
            ],
            [
              139.71586473152274,
              35.70935978358882
            ],
            [
              139.71586473152274,
              35.71837691614067
            ],
            [
              139.70480708275457,
              35.71837691614067
            ],
            [
              139.70480708275457,
              35.70935978358882
            ]
          ]
        ]
      },
      "properties": {
        "value": 206163.6,
        "band": 4,
        "ward": "Toshima",
        "label": "typical pattern (derived from station ridership, not real-time people-flow)"
      }
    },
    {
      "type": "Feature",
      "geometry": {
        "type": "Polygon",
        "coordinates": [
          [
            [
              139.71586473152274,
              35.70935978358882
            ],
            [
              139.72692238029092,
              35.70935978358882
            ],
            [
              139.72692238029092,
              35.71837691614067
            ],
            [
              139.71586473152274,
              35.71837691614067
            ],
            [
              139.71586473152274,
              35.70935978358882
            ]
          ]
        ]
      },
      "properties": {
        "value": 218361.2,
        "band": 4,
        "ward": "Toshima",
        "label": "typical pattern (derived from station ridership, not real-time people-flow)"
      }
    },
    {
      "type": "Feature",
      "geometry": {
        "type": "Polygon",
        "coordinates": [
          [
            [
              139.72692238029094,
              35.70935978358882
            ],
            [
              139.73798002905912,
              35.70935978358882
            ],
            [
              139.73798002905912,
              35.71837691614067
            ],
            [
              139.72692238029094,
              35.71837691614067
            ],
            [
              139.72692238029094,
              35.70935978358882
            ]
          ]
        ]
      },
      "properties": {
        "value": 310713.0,
        "band": 4,
        "ward": "Bunkyo",
        "label": "typical pattern (derived from station ridership, not real-time people-flow)"
      }
    },
    {
      "type": "Feature",
      "geometry": {
        "type": "Polygon",
        "coordinates": [
          [
            [
              139.73798002905912,
              35.70935978358882
            ],
            [
              139.7490376778273,
              35.70935978358882
            ],
            [
              139.7490376778273,
              35.71837691614067
            ],
            [
              139.73798002905912,
              35.71837691614067
            ],
            [
              139.73798002905912,
              35.70935978358882
            ]
          ]
        ]
      },
      "properties": {
        "value": 463126.3,
        "band": 5,
        "ward": "Bunkyo",
        "label": "typical pattern (derived from station ridership, not real-time people-flow)"
      }
    },
    {
      "type": "Feature",
      "geometry": {
        "type": "Polygon",
        "coordinates": [
          [
            [
              139.7490376778273,
              35.70935978358882
            ],
            [
              139.76009532659546,
              35.70935978358882
            ],
            [
              139.76009532659546,
              35.71837691614067
            ],
            [
              139.7490376778273,
              35.71837691614067
            ],
            [
              139.7490376778273,
              35.70935978358882
            ]
          ]
        ]
      },
      "properties": {
        "value": 577637.0,
        "band": 5,
        "ward": "Bunkyo",
        "label": "typical pattern (derived from station ridership, not real-time people-flow)"
      }
    },
    {
      "type": "Feature",
      "geometry": {
        "type": "Polygon",
        "coordinates": [
          [
            [
              139.7600953265955,
              35.70935978358882
            ],
            [
              139.77115297536366,
              35.70935978358882
            ],
            [
              139.77115297536366,
              35.71837691614067
            ],
            [
              139.7600953265955,
              35.71837691614067
            ],
            [
              139.7600953265955,
              35.70935978358882
            ]
          ]
        ]
      },
      "properties": {
        "value": 595962.3,
        "band": 5,
        "ward": "Taito",
        "label": "typical pattern (derived from station ridership, not real-time people-flow)"
      }
    },
    {
      "type": "Feature",
      "geometry": {
        "type": "Polygon",
        "coordinates": [
          [
            [
              139.77115297536366,
              35.70935978358882
            ],
            [
              139.78221062413184,
              35.70935978358882
            ],
            [
              139.78221062413184,
              35.71837691614067
            ],
            [
              139.77115297536366,
              35.71837691614067
            ],
            [
              139.77115297536366,
              35.70935978358882
            ]
          ]
        ]
      },
      "properties": {
        "value": 556231.7,
        "band": 5,
        "ward": "Taito",
        "label": "typical pattern (derived from station ridership, not real-time people-flow)"
      }
    },
    {
      "type": "Feature",
      "geometry": {
        "type": "Polygon",
        "coordinates": [
          [
            [
              139.78221062413184,
              35.70935978358882
            ],
            [
              139.7932682729,
              35.70935978358882
            ],
            [
              139.7932682729,
              35.71837691614067
            ],
            [
              139.78221062413184,
              35.71837691614067
            ],
            [
              139.78221062413184,
              35.70935978358882
            ]
          ]
        ]
      },
      "properties": {
        "value": 517325.9,
        "band": 5,
        "ward": "Taito",
        "label": "typical pattern (derived from station ridership, not real-time people-flow)"
      }
    },
    {
      "type": "Feature",
      "geometry": {
        "type": "Polygon",
        "coordinates": [
          [
            [
              139.79326827290004,
              35.70935978358882
            ],
            [
              139.8043259216682,
              35.70935978358882
            ],
            [
              139.8043259216682,
              35.71837691614067
            ],
            [
              139.79326827290004,
              35.71837691614067
            ],
            [
              139.79326827290004,
              35.70935978358882
            ]
          ]
        ]
      },
      "properties": {
        "value": 481752.5,
        "band": 5,
        "ward": "Sumida",
        "label": "typical pattern (derived from station ridership, not real-time people-flow)"
      }
    },
    {
      "type": "Feature",
      "geometry": {
        "type": "Polygon",
        "coordinates": [
          [
            [
              139.8043259216682,
              35.70935978358882
            ],
            [
              139.81538357043638,
              35.70935978358882
            ],
            [
              139.81538357043638,
              35.71837691614067
            ],
            [
              139.8043259216682,
              35.71837691614067
            ],
            [
              139.8043259216682,
              35.70935978358882
            ]
          ]
        ]
      },
      "properties": {
        "value": 411712.3,
        "band": 5,
        "ward": "Sumida",
        "label": "typical pattern (derived from station ridership, not real-time people-flow)"
      }
    },
    {
      "type": "Feature",
      "geometry": {
        "type": "Polygon",
        "coordinates": [
          [
            [
              139.81538357043638,
              35.70935978358882
            ],
            [
              139.82644121920455,
              35.70935978358882
            ],
            [
              139.82644121920455,
              35.71837691614067
            ],
            [
              139.81538357043638,
              35.71837691614067
            ],
            [
              139.81538357043638,
              35.70935978358882
            ]
          ]
        ]
      },
      "properties": {
        "value": 291981.1,
        "band": 4,
        "ward": "Sumida",
        "label": "typical pattern (derived from station ridership, not real-time people-flow)"
      }
    },
    {
      "type": "Feature",
      "geometry": {
        "type": "Polygon",
        "coordinates": [
          [
            [
              139.82644121920458,
              35.70935978358882
            ],
            [
              139.83749886797276,
              35.70935978358882
            ],
            [
              139.83749886797276,
              35.71837691614067
            ],
            [
              139.82644121920458,
              35.71837691614067
            ],
            [
              139.82644121920458,
              35.70935978358882
            ]
          ]
        ]
      },
      "properties": {
        "value": 158105.7,
        "band": 4,
        "ward": "Sumida",
        "label": "typical pattern (derived from station ridership, not real-time people-flow)"
      }
    },
    {
      "type": "Feature",
      "geometry": {
        "type": "Polygon",
        "coordinates": [
          [
            [
              139.83749886797276,
              35.70935978358882
            ],
            [
              139.84855651674093,
              35.70935978358882
            ],
            [
              139.84855651674093,
              35.71837691614067
            ],
            [
              139.83749886797276,
              35.71837691614067
            ],
            [
              139.83749886797276,
              35.70935978358882
            ]
          ]
        ]
      },
      "properties": {
        "value": 66658.8,
        "band": 2,
        "ward": "Edogawa",
        "label": "typical pattern (derived from station ridership, not real-time people-flow)"
      }
    },
    {
      "type": "Feature",
      "geometry": {
        "type": "Polygon",
        "coordinates": [
          [
            [
              139.84855651674093,
              35.70935978358882
            ],
            [
              139.8596141655091,
              35.70935978358882
            ],
            [
              139.8596141655091,
              35.71837691614067
            ],
            [
              139.84855651674093,
              35.71837691614067
            ],
            [
              139.84855651674093,
              35.70935978358882
            ]
          ]
        ]
      },
      "properties": {
        "value": 27701.1,
        "band": 1,
        "ward": "Edogawa",
        "label": "typical pattern (derived from station ridership, not real-time people-flow)"
      }
    },
    {
      "type": "Feature",
      "geometry": {
        "type": "Polygon",
        "coordinates": [
          [
            [
              139.8706718142773,
              35.70935978358882
            ],
            [
              139.88172946304547,
              35.70935978358882
            ],
            [
              139.88172946304547,
              35.71837691614067
            ],
            [
              139.8706718142773,
              35.71837691614067
            ],
            [
              139.8706718142773,
              35.70935978358882
            ]
          ]
        ]
      },
      "properties": {
        "value": 26684.6,
        "band": 1,
        "ward": "Edogawa",
        "label": "typical pattern (derived from station ridership, not real-time people-flow)"
      }
    },
    {
      "type": "Feature",
      "geometry": {
        "type": "Polygon",
        "coordinates": [
          [
            [
              139.8817294630455,
              35.70935978358882
            ],
            [
              139.89278711181367,
              35.70935978358882
            ],
            [
              139.89278711181367,
              35.71837691614067
            ],
            [
              139.8817294630455,
              35.71837691614067
            ],
            [
              139.8817294630455,
              35.70935978358882
            ]
          ]
        ]
      },
      "properties": {
        "value": 45345.4,
        "band": 2,
        "ward": "Edogawa",
        "label": "typical pattern (derived from station ridership, not real-time people-flow)"
      }
    },
    {
      "type": "Feature",
      "geometry": {
        "type": "Polygon",
        "coordinates": [
          [
            [
              139.89278711181367,
              35.70935978358882
            ],
            [
              139.90384476058185,
              35.70935978358882
            ],
            [
              139.90384476058185,
              35.71837691614067
            ],
            [
              139.89278711181367,
              35.71837691614067
            ],
            [
              139.89278711181367,
              35.70935978358882
            ]
          ]
        ]
      },
      "properties": {
        "value": 66631.3,
        "band": 2,
        "ward": "Edogawa",
        "label": "typical pattern (derived from station ridership, not real-time people-flow)"
      }
    },
    {
      "type": "Feature",
      "geometry": {
        "type": "Polygon",
        "coordinates": [
          [
            [
              139.90384476058185,
              35.70935978358882
            ],
            [
              139.91490240935002,
              35.70935978358882
            ],
            [
              139.91490240935002,
              35.71837691614067
            ],
            [
              139.90384476058185,
              35.71837691614067
            ],
            [
              139.90384476058185,
              35.70935978358882
            ]
          ]
        ]
      },
      "properties": {
        "value": 80562.3,
        "band": 3,
        "ward": "Edogawa",
        "label": "typical pattern (derived from station ridership, not real-time people-flow)"
      }
    },
    {
      "type": "Feature",
      "geometry": {
        "type": "Polygon",
        "coordinates": [
          [
            [
              139.91490240935005,
              35.70935978358882
            ],
            [
              139.92596005811822,
              35.70935978358882
            ],
            [
              139.92596005811822,
              35.71837691614067
            ],
            [
              139.91490240935005,
              35.71837691614067
            ],
            [
              139.91490240935005,
              35.70935978358882
            ]
          ]
        ]
      },
      "properties": {
        "value": 81649.7,
        "band": 3,
        "ward": "Edogawa",
        "label": "typical pattern (derived from station ridership, not real-time people-flow)"
      }
    },
    {
      "type": "Feature",
      "geometry": {
        "type": "Polygon",
        "coordinates": [
          [
            [
              139.92596005811822,
              35.70935978358882
            ],
            [
              139.9370177068864,
              35.70935978358882
            ],
            [
              139.9370177068864,
              35.71837691614067
            ],
            [
              139.92596005811822,
              35.71837691614067
            ],
            [
              139.92596005811822,
              35.70935978358882
            ]
          ]
        ]
      },
      "properties": {
        "value": 66129.4,
        "band": 2,
        "ward": "Edogawa",
        "label": "typical pattern (derived from station ridership, not real-time people-flow)"
      }
    },
    {
      "type": "Feature",
      "geometry": {
        "type": "Polygon",
        "coordinates": [
          [
            [
              139.9370177068864,
              35.70935978358882
            ],
            [
              139.94807535565457,
              35.70935978358882
            ],
            [
              139.94807535565457,
              35.71837691614067
            ],
            [
              139.9370177068864,
              35.71837691614067
            ],
            [
              139.9370177068864,
              35.70935978358882
            ]
          ]
        ]
      },
      "properties": {
        "value": 39299.8,
        "band": 1,
        "ward": "Edogawa",
        "label": "typical pattern (derived from station ridership, not real-time people-flow)"
      }
    },
    {
      "type": "Feature",
      "geometry": {
        "type": "Polygon",
        "coordinates": [
          [
            [
              139.9480753556546,
              35.70935978358882
            ],
            [
              139.95,
              35.70935978358882
            ],
            [
              139.95,
              35.71837691614067
            ],
            [
              139.9480753556546,
              35.71837691614067
            ],
            [
              139.9480753556546,
              35.70935978358882
            ]
          ]
        ]
      },
      "properties": {
        "value": 24159.8,
        "band": 1,
        "ward": "Edogawa",
        "label": "typical pattern (derived from station ridership, not real-time people-flow)"
      }
    },
    {
      "type": "Feature",
      "geometry": {
        "type": "Polygon",
        "coordinates": [
          [
            [
              139.62740354137728,
              35.71837691614067
            ],
            [
              139.63846119014545,
              35.71837691614067
            ],
            [
              139.63846119014545,
              35.72739404869252
            ],
            [
              139.62740354137728,
              35.72739404869252
            ],
            [
              139.62740354137728,
              35.71837691614067
            ]
          ]
        ]
      },
      "properties": {
        "value": 28002.3,
        "band": 1,
        "ward": "Nerima",
        "label": "typical pattern (derived from station ridership, not real-time people-flow)"
      }
    },
    {
      "type": "Feature",
      "geometry": {
        "type": "Polygon",
        "coordinates": [
          [
            [
              139.63846119014548,
              35.71837691614067
            ],
            [
              139.64951883891365,
              35.71837691614067
            ],
            [
              139.64951883891365,
              35.72739404869252
            ],
            [
              139.63846119014548,
              35.72739404869252
            ],
            [
              139.63846119014548,
              35.71837691614067
            ]
          ]
        ]
      },
      "properties": {
        "value": 54158.3,
        "band": 2,
        "ward": "Nerima",
        "label": "typical pattern (derived from station ridership, not real-time people-flow)"
      }
    },
    {
      "type": "Feature",
      "geometry": {
        "type": "Polygon",
        "coordinates": [
          [
            [
              139.64951883891365,
              35.71837691614067
            ],
            [
              139.66057648768182,
              35.71837691614067
            ],
            [
              139.66057648768182,
              35.72739404869252
            ],
            [
              139.64951883891365,
              35.72739404869252
            ],
            [
              139.64951883891365,
              35.71837691614067
            ]
          ]
        ]
      },
      "properties": {
        "value": 80754.3,
        "band": 3,
        "ward": "Nerima",
        "label": "typical pattern (derived from station ridership, not real-time people-flow)"
      }
    },
    {
      "type": "Feature",
      "geometry": {
        "type": "Polygon",
        "coordinates": [
          [
            [
              139.66057648768185,
              35.71837691614067
            ],
            [
              139.67163413645002,
              35.71837691614067
            ],
            [
              139.67163413645002,
              35.72739404869252
            ],
            [
              139.66057648768185,
              35.72739404869252
            ],
            [
              139.66057648768185,
              35.71837691614067
            ]
          ]
        ]
      },
      "properties": {
        "value": 102679.2,
        "band": 3,
        "ward": "Nakano",
        "label": "typical pattern (derived from station ridership, not real-time people-flow)"
      }
    },
    {
      "type": "Feature",
      "geometry": {
        "type": "Polygon",
        "coordinates": [
          [
            [
              139.67163413645002,
              35.71837691614067
            ],
            [
              139.6826917852182,
              35.71837691614067
            ],
            [
              139.6826917852182,
              35.72739404869252
            ],
            [
              139.67163413645002,
              35.72739404869252
            ],
            [
              139.67163413645002,
              35.71837691614067
            ]
          ]
        ]
      },
      "properties": {
        "value": 117200.7,
        "band": 3,
        "ward": "Nakano",
        "label": "typical pattern (derived from station ridership, not real-time people-flow)"
      }
    },
    {
      "type": "Feature",
      "geometry": {
        "type": "Polygon",
        "coordinates": [
          [
            [
              139.6826917852182,
              35.71837691614067
            ],
            [
              139.69374943398637,
              35.71837691614067
            ],
            [
              139.69374943398637,
              35.72739404869252
            ],
            [
              139.6826917852182,
              35.72739404869252
            ],
            [
              139.6826917852182,
              35.71837691614067
            ]
          ]
        ]
      },
      "properties": {
        "value": 117616.3,
        "band": 4,
        "ward": "Toshima",
        "label": "typical pattern (derived from station ridership, not real-time people-flow)"
      }
    },
    {
      "type": "Feature",
      "geometry": {
        "type": "Polygon",
        "coordinates": [
          [
            [
              139.6937494339864,
              35.71837691614067
            ],
            [
              139.70480708275457,
              35.71837691614067
            ],
            [
              139.70480708275457,
              35.72739404869252
            ],
            [
              139.6937494339864,
              35.72739404869252
            ],
            [
              139.6937494339864,
              35.71837691614067
            ]
          ]
        ]
      },
      "properties": {
        "value": 105533.1,
        "band": 3,
        "ward": "Toshima",
        "label": "typical pattern (derived from station ridership, not real-time people-flow)"
      }
    },
    {
      "type": "Feature",
      "geometry": {
        "type": "Polygon",
        "coordinates": [
          [
            [
              139.70480708275457,
              35.71837691614067
            ],
            [
              139.71586473152274,
              35.71837691614067
            ],
            [
              139.71586473152274,
              35.72739404869252
            ],
            [
              139.70480708275457,
              35.72739404869252
            ],
            [
              139.70480708275457,
              35.71837691614067
            ]
          ]
        ]
      },
      "properties": {
        "value": 103958.7,
        "band": 3,
        "ward": "Toshima",
        "label": "typical pattern (derived from station ridership, not real-time people-flow)"
      }
    },
    {
      "type": "Feature",
      "geometry": {
        "type": "Polygon",
        "coordinates": [
          [
            [
              139.71586473152274,
              35.71837691614067
            ],
            [
              139.72692238029092,
              35.71837691614067
            ],
            [
              139.72692238029092,
              35.72739404869252
            ],
            [
              139.71586473152274,
              35.72739404869252
            ],
            [
              139.71586473152274,
              35.71837691614067
            ]
          ]
        ]
      },
      "properties": {
        "value": 142583.1,
        "band": 4,
        "ward": "Toshima",
        "label": "typical pattern (derived from station ridership, not real-time people-flow)"
      }
    },
    {
      "type": "Feature",
      "geometry": {
        "type": "Polygon",
        "coordinates": [
          [
            [
              139.72692238029094,
              35.71837691614067
            ],
            [
              139.73798002905912,
              35.71837691614067
            ],
            [
              139.73798002905912,
              35.72739404869252
            ],
            [
              139.72692238029094,
              35.72739404869252
            ],
            [
              139.72692238029094,
              35.71837691614067
            ]
          ]
        ]
      },
      "properties": {
        "value": 226890.5,
        "band": 4,
        "ward": "Toshima",
        "label": "typical pattern (derived from station ridership, not real-time people-flow)"
      }
    },
    {
      "type": "Feature",
      "geometry": {
        "type": "Polygon",
        "coordinates": [
          [
            [
              139.73798002905912,
              35.71837691614067
            ],
            [
              139.7490376778273,
              35.71837691614067
            ],
            [
              139.7490376778273,
              35.72739404869252
            ],
            [
              139.73798002905912,
              35.72739404869252
            ],
            [
              139.73798002905912,
              35.71837691614067
            ]
          ]
        ]
      },
      "properties": {
        "value": 323114.3,
        "band": 4,
        "ward": "Bunkyo",
        "label": "typical pattern (derived from station ridership, not real-time people-flow)"
      }
    },
    {
      "type": "Feature",
      "geometry": {
        "type": "Polygon",
        "coordinates": [
          [
            [
              139.7490376778273,
              35.71837691614067
            ],
            [
              139.76009532659546,
              35.71837691614067
            ],
            [
              139.76009532659546,
              35.72739404869252
            ],
            [
              139.7490376778273,
              35.72739404869252
            ],
            [
              139.7490376778273,
              35.71837691614067
            ]
          ]
        ]
      },
      "properties": {
        "value": 376125.5,
        "band": 5,
        "ward": "Bunkyo",
        "label": "typical pattern (derived from station ridership, not real-time people-flow)"
      }
    },
    {
      "type": "Feature",
      "geometry": {
        "type": "Polygon",
        "coordinates": [
          [
            [
              139.7600953265955,
              35.71837691614067
            ],
            [
              139.77115297536366,
              35.71837691614067
            ],
            [
              139.77115297536366,
              35.72739404869252
            ],
            [
              139.7600953265955,
              35.72739404869252
            ],
            [
              139.7600953265955,
              35.71837691614067
            ]
          ]
        ]
      },
      "properties": {
        "value": 363769.0,
        "band": 4,
        "ward": "Taito",
        "label": "typical pattern (derived from station ridership, not real-time people-flow)"
      }
    },
    {
      "type": "Feature",
      "geometry": {
        "type": "Polygon",
        "coordinates": [
          [
            [
              139.77115297536366,
              35.71837691614067
            ],
            [
              139.78221062413184,
              35.71837691614067
            ],
            [
              139.78221062413184,
              35.72739404869252
            ],
            [
              139.77115297536366,
              35.72739404869252
            ],
            [
              139.77115297536366,
              35.71837691614067
            ]
          ]
        ]
      },
      "properties": {
        "value": 318507.9,
        "band": 4,
        "ward": "Taito",
        "label": "typical pattern (derived from station ridership, not real-time people-flow)"
      }
    },
    {
      "type": "Feature",
      "geometry": {
        "type": "Polygon",
        "coordinates": [
          [
            [
              139.78221062413184,
              35.71837691614067
            ],
            [
              139.7932682729,
              35.71837691614067
            ],
            [
              139.7932682729,
              35.72739404869252
            ],
            [
              139.78221062413184,
              35.72739404869252
            ],
            [
              139.78221062413184,
              35.71837691614067
            ]
          ]
        ]
      },
      "properties": {
        "value": 282334.1,
        "band": 4,
        "ward": "Taito",
        "label": "typical pattern (derived from station ridership, not real-time people-flow)"
      }
    },
    {
      "type": "Feature",
      "geometry": {
        "type": "Polygon",
        "coordinates": [
          [
            [
              139.79326827290004,
              35.71837691614067
            ],
            [
              139.8043259216682,
              35.71837691614067
            ],
            [
              139.8043259216682,
              35.72739404869252
            ],
            [
              139.79326827290004,
              35.72739404869252
            ],
            [
              139.79326827290004,
              35.71837691614067
            ]
          ]
        ]
      },
      "properties": {
        "value": 265237.6,
        "band": 4,
        "ward": "Sumida",
        "label": "typical pattern (derived from station ridership, not real-time people-flow)"
      }
    },
    {
      "type": "Feature",
      "geometry": {
        "type": "Polygon",
        "coordinates": [
          [
            [
              139.8043259216682,
              35.71837691614067
            ],
            [
              139.81538357043638,
              35.71837691614067
            ],
            [
              139.81538357043638,
              35.72739404869252
            ],
            [
              139.8043259216682,
              35.72739404869252
            ],
            [
              139.8043259216682,
              35.71837691614067
            ]
          ]
        ]
      },
      "properties": {
        "value": 239704.3,
        "band": 4,
        "ward": "Sumida",
        "label": "typical pattern (derived from station ridership, not real-time people-flow)"
      }
    },
    {
      "type": "Feature",
      "geometry": {
        "type": "Polygon",
        "coordinates": [
          [
            [
              139.81538357043638,
              35.71837691614067
            ],
            [
              139.82644121920455,
              35.71837691614067
            ],
            [
              139.82644121920455,
              35.72739404869252
            ],
            [
              139.81538357043638,
              35.72739404869252
            ],
            [
              139.81538357043638,
              35.71837691614067
            ]
          ]
        ]
      },
      "properties": {
        "value": 176601.8,
        "band": 4,
        "ward": "Sumida",
        "label": "typical pattern (derived from station ridership, not real-time people-flow)"
      }
    },
    {
      "type": "Feature",
      "geometry": {
        "type": "Polygon",
        "coordinates": [
          [
            [
              139.82644121920458,
              35.71837691614067
            ],
            [
              139.83749886797276,
              35.71837691614067
            ],
            [
              139.83749886797276,
              35.72739404869252
            ],
            [
              139.82644121920458,
              35.72739404869252
            ],
            [
              139.82644121920458,
              35.71837691614067
            ]
          ]
        ]
      },
      "properties": {
        "value": 94339.9,
        "band": 3,
        "ward": "Katsushika",
        "label": "typical pattern (derived from station ridership, not real-time people-flow)"
      }
    },
    {
      "type": "Feature",
      "geometry": {
        "type": "Polygon",
        "coordinates": [
          [
            [
              139.83749886797276,
              35.71837691614067
            ],
            [
              139.84855651674093,
              35.71837691614067
            ],
            [
              139.84855651674093,
              35.72739404869252
            ],
            [
              139.83749886797276,
              35.72739404869252
            ],
            [
              139.83749886797276,
              35.71837691614067
            ]
          ]
        ]
      },
      "properties": {
        "value": 35928.2,
        "band": 1,
        "ward": "Katsushika",
        "label": "typical pattern (derived from station ridership, not real-time people-flow)"
      }
    },
    {
      "type": "Feature",
      "geometry": {
        "type": "Polygon",
        "coordinates": [
          [
            [
              139.89278711181367,
              35.71837691614067
            ],
            [
              139.90384476058185,
              35.71837691614067
            ],
            [
              139.90384476058185,
              35.72739404869252
            ],
            [
              139.89278711181367,
              35.72739404869252
            ],
            [
              139.89278711181367,
              35.71837691614067
            ]
          ]
        ]
      },
      "properties": {
        "value": 39881.2,
        "band": 1,
        "ward": "Edogawa",
        "label": "typical pattern (derived from station ridership, not real-time people-flow)"
      }
    },
    {
      "type": "Feature",
      "geometry": {
        "type": "Polygon",
        "coordinates": [
          [
            [
              139.90384476058185,
              35.71837691614067
            ],
            [
              139.91490240935002,
              35.71837691614067
            ],
            [
              139.91490240935002,
              35.72739404869252
            ],
            [
              139.90384476058185,
              35.72739404869252
            ],
            [
              139.90384476058185,
              35.71837691614067
            ]
          ]
        ]
      },
      "properties": {
        "value": 63610.4,
        "band": 2,
        "ward": "Edogawa",
        "label": "typical pattern (derived from station ridership, not real-time people-flow)"
      }
    },
    {
      "type": "Feature",
      "geometry": {
        "type": "Polygon",
        "coordinates": [
          [
            [
              139.91490240935005,
              35.71837691614067
            ],
            [
              139.92596005811822,
              35.71837691614067
            ],
            [
              139.92596005811822,
              35.72739404869252
            ],
            [
              139.91490240935005,
              35.72739404869252
            ],
            [
              139.91490240935005,
              35.71837691614067
            ]
          ]
        ]
      },
      "properties": {
        "value": 80457.8,
        "band": 3,
        "ward": "Edogawa",
        "label": "typical pattern (derived from station ridership, not real-time people-flow)"
      }
    },
    {
      "type": "Feature",
      "geometry": {
        "type": "Polygon",
        "coordinates": [
          [
            [
              139.92596005811822,
              35.71837691614067
            ],
            [
              139.9370177068864,
              35.71837691614067
            ],
            [
              139.9370177068864,
              35.72739404869252
            ],
            [
              139.92596005811822,
              35.72739404869252
            ],
            [
              139.92596005811822,
              35.71837691614067
            ]
          ]
        ]
      },
      "properties": {
        "value": 74432.3,
        "band": 2,
        "ward": "Edogawa",
        "label": "typical pattern (derived from station ridership, not real-time people-flow)"
      }
    },
    {
      "type": "Feature",
      "geometry": {
        "type": "Polygon",
        "coordinates": [
          [
            [
              139.9370177068864,
              35.71837691614067
            ],
            [
              139.94807535565457,
              35.71837691614067
            ],
            [
              139.94807535565457,
              35.72739404869252
            ],
            [
              139.9370177068864,
              35.72739404869252
            ],
            [
              139.9370177068864,
              35.71837691614067
            ]
          ]
        ]
      },
      "properties": {
        "value": 46857.6,
        "band": 2,
        "ward": "Edogawa",
        "label": "typical pattern (derived from station ridership, not real-time people-flow)"
      }
    },
    {
      "type": "Feature",
      "geometry": {
        "type": "Polygon",
        "coordinates": [
          [
            [
              139.9480753556546,
              35.71837691614067
            ],
            [
              139.95,
              35.71837691614067
            ],
            [
              139.95,
              35.72739404869252
            ],
            [
              139.9480753556546,
              35.72739404869252
            ],
            [
              139.9480753556546,
              35.71837691614067
            ]
          ]
        ]
      },
      "properties": {
        "value": 29535.3,
        "band": 1,
        "ward": "Edogawa",
        "label": "typical pattern (derived from station ridership, not real-time people-flow)"
      }
    },
    {
      "type": "Feature",
      "geometry": {
        "type": "Polygon",
        "coordinates": [
          [
            [
              139.6163458926091,
              35.72739404869252
            ],
            [
              139.62740354137728,
              35.72739404869252
            ],
            [
              139.62740354137728,
              35.736411181244364
            ],
            [
              139.6163458926091,
              35.736411181244364
            ],
            [
              139.6163458926091,
              35.72739404869252
            ]
          ]
        ]
      },
      "properties": {
        "value": 25152.0,
        "band": 1,
        "ward": "Nerima",
        "label": "typical pattern (derived from station ridership, not real-time people-flow)"
      }
    },
    {
      "type": "Feature",
      "geometry": {
        "type": "Polygon",
        "coordinates": [
          [
            [
              139.62740354137728,
              35.72739404869252
            ],
            [
              139.63846119014545,
              35.72739404869252
            ],
            [
              139.63846119014545,
              35.736411181244364
            ],
            [
              139.62740354137728,
              35.736411181244364
            ],
            [
              139.62740354137728,
              35.72739404869252
            ]
          ]
        ]
      },
      "properties": {
        "value": 54792.1,
        "band": 2,
        "ward": "Nerima",
        "label": "typical pattern (derived from station ridership, not real-time people-flow)"
      }
    },
    {
      "type": "Feature",
      "geometry": {
        "type": "Polygon",
        "coordinates": [
          [
            [
              139.63846119014548,
              35.72739404869252
            ],
            [
              139.64951883891365,
              35.72739404869252
            ],
            [
              139.64951883891365,
              35.736411181244364
            ],
            [
              139.63846119014548,
              35.736411181244364
            ],
            [
              139.63846119014548,
              35.72739404869252
            ]
          ]
        ]
      },
      "properties": {
        "value": 92135.2,
        "band": 3,
        "ward": "Nerima",
        "label": "typical pattern (derived from station ridership, not real-time people-flow)"
      }
    },
    {
      "type": "Feature",
      "geometry": {
        "type": "Polygon",
        "coordinates": [
          [
            [
              139.64951883891365,
              35.72739404869252
            ],
            [
              139.66057648768182,
              35.72739404869252
            ],
            [
              139.66057648768182,
              35.736411181244364
            ],
            [
              139.64951883891365,
              35.736411181244364
            ],
            [
              139.64951883891365,
              35.72739404869252
            ]
          ]
        ]
      },
      "properties": {
        "value": 117320.9,
        "band": 4,
        "ward": "Nerima",
        "label": "typical pattern (derived from station ridership, not real-time people-flow)"
      }
    },
    {
      "type": "Feature",
      "geometry": {
        "type": "Polygon",
        "coordinates": [
          [
            [
              139.66057648768185,
              35.72739404869252
            ],
            [
              139.67163413645002,
              35.72739404869252
            ],
            [
              139.67163413645002,
              35.736411181244364
            ],
            [
              139.66057648768185,
              35.736411181244364
            ],
            [
              139.66057648768185,
              35.72739404869252
            ]
          ]
        ]
      },
      "properties": {
        "value": 116965.9,
        "band": 3,
        "ward": "Nerima",
        "label": "typical pattern (derived from station ridership, not real-time people-flow)"
      }
    },
    {
      "type": "Feature",
      "geometry": {
        "type": "Polygon",
        "coordinates": [
          [
            [
              139.67163413645002,
              35.72739404869252
            ],
            [
              139.6826917852182,
              35.72739404869252
            ],
            [
              139.6826917852182,
              35.736411181244364
            ],
            [
              139.67163413645002,
              35.736411181244364
            ],
            [
              139.67163413645002,
              35.72739404869252
            ]
          ]
        ]
      },
      "properties": {
        "value": 99344.8,
        "band": 3,
        "ward": "Nerima",
        "label": "typical pattern (derived from station ridership, not real-time people-flow)"
      }
    },
    {
      "type": "Feature",
      "geometry": {
        "type": "Polygon",
        "coordinates": [
          [
            [
              139.6826917852182,
              35.72739404869252
            ],
            [
              139.69374943398637,
              35.72739404869252
            ],
            [
              139.69374943398637,
              35.736411181244364
            ],
            [
              139.6826917852182,
              35.736411181244364
            ],
            [
              139.6826917852182,
              35.72739404869252
            ]
          ]
        ]
      },
      "properties": {
        "value": 81456.2,
        "band": 3,
        "ward": "Toshima",
        "label": "typical pattern (derived from station ridership, not real-time people-flow)"
      }
    },
    {
      "type": "Feature",
      "geometry": {
        "type": "Polygon",
        "coordinates": [
          [
            [
              139.6937494339864,
              35.72739404869252
            ],
            [
              139.70480708275457,
              35.72739404869252
            ],
            [
              139.70480708275457,
              35.736411181244364
            ],
            [
              139.6937494339864,
              35.736411181244364
            ],
            [
              139.6937494339864,
              35.72739404869252
            ]
          ]
        ]
      },
      "properties": {
        "value": 72916.5,
        "band": 2,
        "ward": "Toshima",
        "label": "typical pattern (derived from station ridership, not real-time people-flow)"
      }
    },
    {
      "type": "Feature",
      "geometry": {
        "type": "Polygon",
        "coordinates": [
          [
            [
              139.70480708275457,
              35.72739404869252
            ],
            [
              139.71586473152274,
              35.72739404869252
            ],
            [
              139.71586473152274,
              35.736411181244364
            ],
            [
              139.70480708275457,
              35.736411181244364
            ],
            [
              139.70480708275457,
              35.72739404869252
            ]
          ]
        ]
      },
      "properties": {
        "value": 87860.1,
        "band": 3,
        "ward": "Toshima",
        "label": "typical pattern (derived from station ridership, not real-time people-flow)"
      }
    },
    {
      "type": "Feature",
      "geometry": {
        "type": "Polygon",
        "coordinates": [
          [
            [
              139.71586473152274,
              35.72739404869252
            ],
            [
              139.72692238029092,
              35.72739404869252
            ],
            [
              139.72692238029092,
              35.736411181244364
            ],
            [
              139.71586473152274,
              35.736411181244364
            ],
            [
              139.71586473152274,
              35.72739404869252
            ]
          ]
        ]
      },
      "properties": {
        "value": 133274.0,
        "band": 4,
        "ward": "Toshima",
        "label": "typical pattern (derived from station ridership, not real-time people-flow)"
      }
    },
    {
      "type": "Feature",
      "geometry": {
        "type": "Polygon",
        "coordinates": [
          [
            [
              139.72692238029094,
              35.72739404869252
            ],
            [
              139.73798002905912,
              35.72739404869252
            ],
            [
              139.73798002905912,
              35.736411181244364
            ],
            [
              139.72692238029094,
              35.736411181244364
            ],
            [
              139.72692238029094,
              35.72739404869252
            ]
          ]
        ]
      },
      "properties": {
        "value": 195912.3,
        "band": 4,
        "ward": "Toshima",
        "label": "typical pattern (derived from station ridership, not real-time people-flow)"
      }
    },
    {
      "type": "Feature",
      "geometry": {
        "type": "Polygon",
        "coordinates": [
          [
            [
              139.73798002905912,
              35.72739404869252
            ],
            [
              139.7490376778273,
              35.72739404869252
            ],
            [
              139.7490376778273,
              35.736411181244364
            ],
            [
              139.73798002905912,
              35.736411181244364
            ],
            [
              139.73798002905912,
              35.72739404869252
            ]
          ]
        ]
      },
      "properties": {
        "value": 241973.6,
        "band": 4,
        "ward": "Toshima",
        "label": "typical pattern (derived from station ridership, not real-time people-flow)"
      }
    },
    {
      "type": "Feature",
      "geometry": {
        "type": "Polygon",
        "coordinates": [
          [
            [
              139.7490376778273,
              35.72739404869252
            ],
            [
              139.76009532659546,
              35.72739404869252
            ],
            [
              139.76009532659546,
              35.736411181244364
            ],
            [
              139.7490376778273,
              35.736411181244364
            ],
            [
              139.7490376778273,
              35.72739404869252
            ]
          ]
        ]
      },
      "properties": {
        "value": 249756.2,
        "band": 4,
        "ward": "Arakawa",
        "label": "typical pattern (derived from station ridership, not real-time people-flow)"
      }
    },
    {
      "type": "Feature",
      "geometry": {
        "type": "Polygon",
        "coordinates": [
          [
            [
              139.7600953265955,
              35.72739404869252
            ],
            [
              139.77115297536366,
              35.72739404869252
            ],
            [
              139.77115297536366,
              35.736411181244364
            ],
            [
              139.7600953265955,
              35.736411181244364
            ],
            [
              139.7600953265955,
              35.72739404869252
            ]
          ]
        ]
      },
      "properties": {
        "value": 224261.4,
        "band": 4,
        "ward": "Arakawa",
        "label": "typical pattern (derived from station ridership, not real-time people-flow)"
      }
    },
    {
      "type": "Feature",
      "geometry": {
        "type": "Polygon",
        "coordinates": [
          [
            [
              139.77115297536366,
              35.72739404869252
            ],
            [
              139.78221062413184,
              35.72739404869252
            ],
            [
              139.78221062413184,
              35.736411181244364
            ],
            [
              139.77115297536366,
              35.736411181244364
            ],
            [
              139.77115297536366,
              35.72739404869252
            ]
          ]
        ]
      },
      "properties": {
        "value": 179376.3,
        "band": 4,
        "ward": "Arakawa",
        "label": "typical pattern (derived from station ridership, not real-time people-flow)"
      }
    },
    {
      "type": "Feature",
      "geometry": {
        "type": "Polygon",
        "coordinates": [
          [
            [
              139.78221062413184,
              35.72739404869252
            ],
            [
              139.7932682729,
              35.72739404869252
            ],
            [
              139.7932682729,
              35.736411181244364
            ],
            [
              139.78221062413184,
              35.736411181244364
            ],
            [
              139.78221062413184,
              35.72739404869252
            ]
          ]
        ]
      },
      "properties": {
        "value": 136648.3,
        "band": 4,
        "ward": "Arakawa",
        "label": "typical pattern (derived from station ridership, not real-time people-flow)"
      }
    },
    {
      "type": "Feature",
      "geometry": {
        "type": "Polygon",
        "coordinates": [
          [
            [
              139.79326827290004,
              35.72739404869252
            ],
            [
              139.8043259216682,
              35.72739404869252
            ],
            [
              139.8043259216682,
              35.736411181244364
            ],
            [
              139.79326827290004,
              35.736411181244364
            ],
            [
              139.79326827290004,
              35.72739404869252
            ]
          ]
        ]
      },
      "properties": {
        "value": 112387.0,
        "band": 3,
        "ward": "Arakawa",
        "label": "typical pattern (derived from station ridership, not real-time people-flow)"
      }
    },
    {
      "type": "Feature",
      "geometry": {
        "type": "Polygon",
        "coordinates": [
          [
            [
              139.8043259216682,
              35.72739404869252
            ],
            [
              139.81538357043638,
              35.72739404869252
            ],
            [
              139.81538357043638,
              35.736411181244364
            ],
            [
              139.8043259216682,
              35.736411181244364
            ],
            [
              139.8043259216682,
              35.72739404869252
            ]
          ]
        ]
      },
      "properties": {
        "value": 97483.1,
        "band": 3,
        "ward": "Arakawa",
        "label": "typical pattern (derived from station ridership, not real-time people-flow)"
      }
    },
    {
      "type": "Feature",
      "geometry": {
        "type": "Polygon",
        "coordinates": [
          [
            [
              139.81538357043638,
              35.72739404869252
            ],
            [
              139.82644121920455,
              35.72739404869252
            ],
            [
              139.82644121920455,
              35.736411181244364
            ],
            [
              139.81538357043638,
              35.736411181244364
            ],
            [
              139.81538357043638,
              35.72739404869252
            ]
          ]
        ]
      },
      "properties": {
        "value": 72548.9,
        "band": 2,
        "ward": "Katsushika",
        "label": "typical pattern (derived from station ridership, not real-time people-flow)"
      }
    },
    {
      "type": "Feature",
      "geometry": {
        "type": "Polygon",
        "coordinates": [
          [
            [
              139.82644121920458,
              35.72739404869252
            ],
            [
              139.83749886797276,
              35.72739404869252
            ],
            [
              139.83749886797276,
              35.736411181244364
            ],
            [
              139.82644121920458,
              35.736411181244364
            ],
            [
              139.82644121920458,
              35.72739404869252
            ]
          ]
        ]
      },
      "properties": {
        "value": 39012.3,
        "band": 1,
        "ward": "Katsushika",
        "label": "typical pattern (derived from station ridership, not real-time people-flow)"
      }
    },
    {
      "type": "Feature",
      "geometry": {
        "type": "Polygon",
        "coordinates": [
          [
            [
              139.90384476058185,
              35.72739404869252
            ],
            [
              139.91490240935002,
              35.72739404869252
            ],
            [
              139.91490240935002,
              35.736411181244364
            ],
            [
              139.90384476058185,
              35.736411181244364
            ],
            [
              139.90384476058185,
              35.72739404869252
            ]
          ]
        ]
      },
      "properties": {
        "value": 40336.6,
        "band": 1,
        "ward": "Edogawa",
        "label": "typical pattern (derived from station ridership, not real-time people-flow)"
      }
    },
    {
      "type": "Feature",
      "geometry": {
        "type": "Polygon",
        "coordinates": [
          [
            [
              139.91490240935005,
              35.72739404869252
            ],
            [
              139.92596005811822,
              35.72739404869252
            ],
            [
              139.92596005811822,
              35.736411181244364
            ],
            [
              139.91490240935005,
              35.736411181244364
            ],
            [
              139.91490240935005,
              35.72739404869252
            ]
          ]
        ]
      },
      "properties": {
        "value": 57973.2,
        "band": 2,
        "ward": "Edogawa",
        "label": "typical pattern (derived from station ridership, not real-time people-flow)"
      }
    },
    {
      "type": "Feature",
      "geometry": {
        "type": "Polygon",
        "coordinates": [
          [
            [
              139.92596005811822,
              35.72739404869252
            ],
            [
              139.9370177068864,
              35.72739404869252
            ],
            [
              139.9370177068864,
              35.736411181244364
            ],
            [
              139.92596005811822,
              35.736411181244364
            ],
            [
              139.92596005811822,
              35.72739404869252
            ]
          ]
        ]
      },
      "properties": {
        "value": 56786.3,
        "band": 2,
        "ward": "Edogawa",
        "label": "typical pattern (derived from station ridership, not real-time people-flow)"
      }
    },
    {
      "type": "Feature",
      "geometry": {
        "type": "Polygon",
        "coordinates": [
          [
            [
              139.9370177068864,
              35.72739404869252
            ],
            [
              139.94807535565457,
              35.72739404869252
            ],
            [
              139.94807535565457,
              35.736411181244364
            ],
            [
              139.9370177068864,
              35.736411181244364
            ],
            [
              139.9370177068864,
              35.72739404869252
            ]
          ]
        ]
      },
      "properties": {
        "value": 36818.4,
        "band": 1,
        "ward": "Edogawa",
        "label": "typical pattern (derived from station ridership, not real-time people-flow)"
      }
    },
    {
      "type": "Feature",
      "geometry": {
        "type": "Polygon",
        "coordinates": [
          [
            [
              139.9480753556546,
              35.72739404869252
            ],
            [
              139.95,
              35.72739404869252
            ],
            [
              139.95,
              35.736411181244364
            ],
            [
              139.9480753556546,
              35.736411181244364
            ],
            [
              139.9480753556546,
              35.72739404869252
            ]
          ]
        ]
      },
      "properties": {
        "value": 23346.9,
        "band": 1,
        "ward": "Edogawa",
        "label": "typical pattern (derived from station ridership, not real-time people-flow)"
      }
    },
    {
      "type": "Feature",
      "geometry": {
        "type": "Polygon",
        "coordinates": [
          [
            [
              139.6163458926091,
              35.736411181244364
            ],
            [
              139.62740354137728,
              35.736411181244364
            ],
            [
              139.62740354137728,
              35.74542831379621
            ],
            [
              139.6163458926091,
              35.74542831379621
            ],
            [
              139.6163458926091,
              35.736411181244364
            ]
          ]
        ]
      },
      "properties": {
        "value": 45977.0,
        "band": 2,
        "ward": "Nerima",
        "label": "typical pattern (derived from station ridership, not real-time people-flow)"
      }
    },
    {
      "type": "Feature",
      "geometry": {
        "type": "Polygon",
        "coordinates": [
          [
            [
              139.62740354137728,
              35.736411181244364
            ],
            [
              139.63846119014545,
              35.736411181244364
            ],
            [
              139.63846119014545,
              35.74542831379621
            ],
            [
              139.62740354137728,
              35.74542831379621
            ],
            [
              139.62740354137728,
              35.736411181244364
            ]
          ]
        ]
      },
      "properties": {
        "value": 81534.4,
        "band": 3,
        "ward": "Nerima",
        "label": "typical pattern (derived from station ridership, not real-time people-flow)"
      }
    },
    {
      "type": "Feature",
      "geometry": {
        "type": "Polygon",
        "coordinates": [
          [
            [
              139.63846119014548,
              35.736411181244364
            ],
            [
              139.64951883891365,
              35.736411181244364
            ],
            [
              139.64951883891365,
              35.74542831379621
            ],
            [
              139.63846119014548,
              35.74542831379621
            ],
            [
              139.63846119014548,
              35.736411181244364
            ]
          ]
        ]
      },
      "properties": {
        "value": 114904.5,
        "band": 3,
        "ward": "Nerima",
        "label": "typical pattern (derived from station ridership, not real-time people-flow)"
      }
    },
    {
      "type": "Feature",
      "geometry": {
        "type": "Polygon",
        "coordinates": [
          [
            [
              139.64951883891365,
              35.736411181244364
            ],
            [
              139.66057648768182,
              35.736411181244364
            ],
            [
              139.66057648768182,
              35.74542831379621
            ],
            [
              139.64951883891365,
              35.74542831379621
            ],
            [
              139.64951883891365,
              35.736411181244364
            ]
          ]
        ]
      },
      "properties": {
        "value": 126645.9,
        "band": 4,
        "ward": "Nerima",
        "label": "typical pattern (derived from station ridership, not real-time people-flow)"
      }
    },
    {
      "type": "Feature",
      "geometry": {
        "type": "Polygon",
        "coordinates": [
          [
            [
              139.66057648768185,
              35.736411181244364
            ],
            [
              139.67163413645002,
              35.736411181244364
            ],
            [
              139.67163413645002,
              35.74542831379621
            ],
            [
              139.66057648768185,
              35.74542831379621
            ],
            [
              139.66057648768185,
              35.736411181244364
            ]
          ]
        ]
      },
      "properties": {
        "value": 110212.1,
        "band": 3,
        "ward": "Nerima",
        "label": "typical pattern (derived from station ridership, not real-time people-flow)"
      }
    },
    {
      "type": "Feature",
      "geometry": {
        "type": "Polygon",
        "coordinates": [
          [
            [
              139.67163413645002,
              35.736411181244364
            ],
            [
              139.6826917852182,
              35.736411181244364
            ],
            [
              139.6826917852182,
              35.74542831379621
            ],
            [
              139.67163413645002,
              35.74542831379621
            ],
            [
              139.67163413645002,
              35.736411181244364
            ]
          ]
        ]
      },
      "properties": {
        "value": 82867.0,
        "band": 3,
        "ward": "Nerima",
        "label": "typical pattern (derived from station ridership, not real-time people-flow)"
      }
    },
    {
      "type": "Feature",
      "geometry": {
        "type": "Polygon",
        "coordinates": [
          [
            [
              139.6826917852182,
              35.736411181244364
            ],
            [
              139.69374943398637,
              35.736411181244364
            ],
            [
              139.69374943398637,
              35.74542831379621
            ],
            [
              139.6826917852182,
              35.74542831379621
            ],
            [
              139.6826917852182,
              35.736411181244364
            ]
          ]
        ]
      },
      "properties": {
        "value": 68972.8,
        "band": 2,
        "ward": "Itabashi",
        "label": "typical pattern (derived from station ridership, not real-time people-flow)"
      }
    },
    {
      "type": "Feature",
      "geometry": {
        "type": "Polygon",
        "coordinates": [
          [
            [
              139.6937494339864,
              35.736411181244364
            ],
            [
              139.70480708275457,
              35.736411181244364
            ],
            [
              139.70480708275457,
              35.74542831379621
            ],
            [
              139.6937494339864,
              35.74542831379621
            ],
            [
              139.6937494339864,
              35.736411181244364
            ]
          ]
        ]
      },
      "properties": {
        "value": 78765.1,
        "band": 2,
        "ward": "Itabashi",
        "label": "typical pattern (derived from station ridership, not real-time people-flow)"
      }
    },
    {
      "type": "Feature",
      "geometry": {
        "type": "Polygon",
        "coordinates": [
          [
            [
              139.70480708275457,
              35.736411181244364
            ],
            [
              139.71586473152274,
              35.736411181244364
            ],
            [
              139.71586473152274,
              35.74542831379621
            ],
            [
              139.70480708275457,
              35.74542831379621
            ],
            [
              139.70480708275457,
              35.736411181244364
            ]
          ]
        ]
      },
      "properties": {
        "value": 107107.2,
        "band": 3,
        "ward": "Itabashi",
        "label": "typical pattern (derived from station ridership, not real-time people-flow)"
      }
    },
    {
      "type": "Feature",
      "geometry": {
        "type": "Polygon",
        "coordinates": [
          [
            [
              139.71586473152274,
              35.736411181244364
            ],
            [
              139.72692238029092,
              35.736411181244364
            ],
            [
              139.72692238029092,
              35.74542831379621
            ],
            [
              139.71586473152274,
              35.74542831379621
            ],
            [
              139.71586473152274,
              35.736411181244364
            ]
          ]
        ]
      },
      "properties": {
        "value": 143087.6,
        "band": 4,
        "ward": "Itabashi",
        "label": "typical pattern (derived from station ridership, not real-time people-flow)"
      }
    },
    {
      "type": "Feature",
      "geometry": {
        "type": "Polygon",
        "coordinates": [
          [
            [
              139.72692238029094,
              35.736411181244364
            ],
            [
              139.73798002905912,
              35.736411181244364
            ],
            [
              139.73798002905912,
              35.74542831379621
            ],
            [
              139.72692238029094,
              35.74542831379621
            ],
            [
              139.72692238029094,
              35.736411181244364
            ]
          ]
        ]
      },
      "properties": {
        "value": 169319.4,
        "band": 4,
        "ward": "Kita",
        "label": "typical pattern (derived from station ridership, not real-time people-flow)"
      }
    },
    {
      "type": "Feature",
      "geometry": {
        "type": "Polygon",
        "coordinates": [
          [
            [
              139.73798002905912,
              35.736411181244364
            ],
            [
              139.7490376778273,
              35.736411181244364
            ],
            [
              139.7490376778273,
              35.74542831379621
            ],
            [
              139.73798002905912,
              35.74542831379621
            ],
            [
              139.73798002905912,
              35.736411181244364
            ]
          ]
        ]
      },
      "properties": {
        "value": 173610.1,
        "band": 4,
        "ward": "Kita",
        "label": "typical pattern (derived from station ridership, not real-time people-flow)"
      }
    },
    {
      "type": "Feature",
      "geometry": {
        "type": "Polygon",
        "coordinates": [
          [
            [
              139.7490376778273,
              35.736411181244364
            ],
            [
              139.76009532659546,
              35.736411181244364
            ],
            [
              139.76009532659546,
              35.74542831379621
            ],
            [
              139.7490376778273,
              35.74542831379621
            ],
            [
              139.7490376778273,
              35.736411181244364
            ]
          ]
        ]
      },
      "properties": {
        "value": 159303.9,
        "band": 4,
        "ward": "Kita",
        "label": "typical pattern (derived from station ridership, not real-time people-flow)"
      }
    },
    {
      "type": "Feature",
      "geometry": {
        "type": "Polygon",
        "coordinates": [
          [
            [
              139.7600953265955,
              35.736411181244364
            ],
            [
              139.77115297536366,
              35.736411181244364
            ],
            [
              139.77115297536366,
              35.74542831379621
            ],
            [
              139.7600953265955,
              35.74542831379621
            ],
            [
              139.7600953265955,
              35.736411181244364
            ]
          ]
        ]
      },
      "properties": {
        "value": 136085.7,
        "band": 4,
        "ward": "Arakawa",
        "label": "typical pattern (derived from station ridership, not real-time people-flow)"
      }
    },
    {
      "type": "Feature",
      "geometry": {
        "type": "Polygon",
        "coordinates": [
          [
            [
              139.77115297536366,
              35.736411181244364
            ],
            [
              139.78221062413184,
              35.736411181244364
            ],
            [
              139.78221062413184,
              35.74542831379621
            ],
            [
              139.77115297536366,
              35.74542831379621
            ],
            [
              139.77115297536366,
              35.736411181244364
            ]
          ]
        ]
      },
      "properties": {
        "value": 103686.8,
        "band": 3,
        "ward": "Arakawa",
        "label": "typical pattern (derived from station ridership, not real-time people-flow)"
      }
    },
    {
      "type": "Feature",
      "geometry": {
        "type": "Polygon",
        "coordinates": [
          [
            [
              139.78221062413184,
              35.736411181244364
            ],
            [
              139.7932682729,
              35.736411181244364
            ],
            [
              139.7932682729,
              35.74542831379621
            ],
            [
              139.78221062413184,
              35.74542831379621
            ],
            [
              139.78221062413184,
              35.736411181244364
            ]
          ]
        ]
      },
      "properties": {
        "value": 66538.3,
        "band": 2,
        "ward": "Arakawa",
        "label": "typical pattern (derived from station ridership, not real-time people-flow)"
      }
    },
    {
      "type": "Feature",
      "geometry": {
        "type": "Polygon",
        "coordinates": [
          [
            [
              139.79326827290004,
              35.736411181244364
            ],
            [
              139.8043259216682,
              35.736411181244364
            ],
            [
              139.8043259216682,
              35.74542831379621
            ],
            [
              139.79326827290004,
              35.74542831379621
            ],
            [
              139.79326827290004,
              35.736411181244364
            ]
          ]
        ]
      },
      "properties": {
        "value": 40641.7,
        "band": 1,
        "ward": "Arakawa",
        "label": "typical pattern (derived from station ridership, not real-time people-flow)"
      }
    },
    {
      "type": "Feature",
      "geometry": {
        "type": "Polygon",
        "coordinates": [
          [
            [
              139.8043259216682,
              35.736411181244364
            ],
            [
              139.81538357043638,
              35.736411181244364
            ],
            [
              139.81538357043638,
              35.74542831379621
            ],
            [
              139.8043259216682,
              35.74542831379621
            ],
            [
              139.8043259216682,
              35.736411181244364
            ]
          ]
        ]
      },
      "properties": {
        "value": 28769.4,
        "band": 1,
        "ward": "Arakawa",
        "label": "typical pattern (derived from station ridership, not real-time people-flow)"
      }
    },
    {
      "type": "Feature",
      "geometry": {
        "type": "Polygon",
        "coordinates": [
          [
            [
              139.91490240935005,
              35.736411181244364
            ],
            [
              139.92596005811822,
              35.736411181244364
            ],
            [
              139.92596005811822,
              35.74542831379621
            ],
            [
              139.91490240935005,
              35.74542831379621
            ],
            [
              139.91490240935005,
              35.736411181244364
            ]
          ]
        ]
      },
      "properties": {
        "value": 28275.2,
        "band": 1,
        "ward": "Edogawa",
        "label": "typical pattern (derived from station ridership, not real-time people-flow)"
      }
    },
    {
      "type": "Feature",
      "geometry": {
        "type": "Polygon",
        "coordinates": [
          [
            [
              139.92596005811822,
              35.736411181244364
            ],
            [
              139.9370177068864,
              35.736411181244364
            ],
            [
              139.9370177068864,
              35.74542831379621
            ],
            [
              139.92596005811822,
              35.74542831379621
            ],
            [
              139.92596005811822,
              35.736411181244364
            ]
          ]
        ]
      },
      "properties": {
        "value": 28505.8,
        "band": 1,
        "ward": "Edogawa",
        "label": "typical pattern (derived from station ridership, not real-time people-flow)"
      }
    },
    {
      "type": "Feature",
      "geometry": {
        "type": "Polygon",
        "coordinates": [
          [
            [
              139.60528824384093,
              35.74542831379622
            ],
            [
              139.6163458926091,
              35.74542831379622
            ],
            [
              139.6163458926091,
              35.754445446348065
            ],
            [
              139.60528824384093,
              35.754445446348065
            ],
            [
              139.60528824384093,
              35.74542831379622
            ]
          ]
        ]
      },
      "properties": {
        "value": 32728.7,
        "band": 1,
        "ward": "Nerima",
        "label": "typical pattern (derived from station ridership, not real-time people-flow)"
      }
    },
    {
      "type": "Feature",
      "geometry": {
        "type": "Polygon",
        "coordinates": [
          [
            [
              139.6163458926091,
              35.74542831379622
            ],
            [
              139.62740354137728,
              35.74542831379622
            ],
            [
              139.62740354137728,
              35.754445446348065
            ],
            [
              139.6163458926091,
              35.754445446348065
            ],
            [
              139.6163458926091,
              35.74542831379622
            ]
          ]
        ]
      },
      "properties": {
        "value": 65083.0,
        "band": 2,
        "ward": "Nerima",
        "label": "typical pattern (derived from station ridership, not real-time people-flow)"
      }
    },
    {
      "type": "Feature",
      "geometry": {
        "type": "Polygon",
        "coordinates": [
          [
            [
              139.62740354137728,
              35.74542831379622
            ],
            [
              139.63846119014545,
              35.74542831379622
            ],
            [
              139.63846119014545,
              35.754445446348065
            ],
            [
              139.62740354137728,
              35.754445446348065
            ],
            [
              139.62740354137728,
              35.74542831379622
            ]
          ]
        ]
      },
      "properties": {
        "value": 95452.6,
        "band": 3,
        "ward": "Nerima",
        "label": "typical pattern (derived from station ridership, not real-time people-flow)"
      }
    },
    {
      "type": "Feature",
      "geometry": {
        "type": "Polygon",
        "coordinates": [
          [
            [
              139.63846119014548,
              35.74542831379622
            ],
            [
              139.64951883891365,
              35.74542831379622
            ],
            [
              139.64951883891365,
              35.754445446348065
            ],
            [
              139.63846119014548,
              35.754445446348065
            ],
            [
              139.63846119014548,
              35.74542831379622
            ]
          ]
        ]
      },
      "properties": {
        "value": 109867.4,
        "band": 3,
        "ward": "Nerima",
        "label": "typical pattern (derived from station ridership, not real-time people-flow)"
      }
    },
    {
      "type": "Feature",
      "geometry": {
        "type": "Polygon",
        "coordinates": [
          [
            [
              139.64951883891365,
              35.74542831379622
            ],
            [
              139.66057648768182,
              35.74542831379622
            ],
            [
              139.66057648768182,
              35.754445446348065
            ],
            [
              139.64951883891365,
              35.754445446348065
            ],
            [
              139.64951883891365,
              35.74542831379622
            ]
          ]
        ]
      },
      "properties": {
        "value": 102622.7,
        "band": 3,
        "ward": "Nerima",
        "label": "typical pattern (derived from station ridership, not real-time people-flow)"
      }
    },
    {
      "type": "Feature",
      "geometry": {
        "type": "Polygon",
        "coordinates": [
          [
            [
              139.66057648768185,
              35.74542831379622
            ],
            [
              139.67163413645002,
              35.74542831379622
            ],
            [
              139.67163413645002,
              35.754445446348065
            ],
            [
              139.66057648768185,
              35.754445446348065
            ],
            [
              139.66057648768185,
              35.74542831379622
            ]
          ]
        ]
      },
      "properties": {
        "value": 80985.2,
        "band": 3,
        "ward": "Nerima",
        "label": "typical pattern (derived from station ridership, not real-time people-flow)"
      }
    },
    {
      "type": "Feature",
      "geometry": {
        "type": "Polygon",
        "coordinates": [
          [
            [
              139.67163413645002,
              35.74542831379622
            ],
            [
              139.6826917852182,
              35.74542831379622
            ],
            [
              139.6826917852182,
              35.754445446348065
            ],
            [
              139.67163413645002,
              35.754445446348065
            ],
            [
              139.67163413645002,
              35.74542831379622
            ]
          ]
        ]
      },
      "properties": {
        "value": 65035.2,
        "band": 2,
        "ward": "Nerima",
        "label": "typical pattern (derived from station ridership, not real-time people-flow)"
      }
    },
    {
      "type": "Feature",
      "geometry": {
        "type": "Polygon",
        "coordinates": [
          [
            [
              139.6826917852182,
              35.74542831379622
            ],
            [
              139.69374943398637,
              35.74542831379622
            ],
            [
              139.69374943398637,
              35.754445446348065
            ],
            [
              139.6826917852182,
              35.754445446348065
            ],
            [
              139.6826917852182,
              35.74542831379622
            ]
          ]
        ]
      },
      "properties": {
        "value": 72288.9,
        "band": 2,
        "ward": "Itabashi",
        "label": "typical pattern (derived from station ridership, not real-time people-flow)"
      }
    },
    {
      "type": "Feature",
      "geometry": {
        "type": "Polygon",
        "coordinates": [
          [
            [
              139.6937494339864,
              35.74542831379622
            ],
            [
              139.70480708275457,
              35.74542831379622
            ],
            [
              139.70480708275457,
              35.754445446348065
            ],
            [
              139.6937494339864,
              35.754445446348065
            ],
            [
              139.6937494339864,
              35.74542831379622
            ]
          ]
        ]
      },
      "properties": {
        "value": 100179.6,
        "band": 3,
        "ward": "Itabashi",
        "label": "typical pattern (derived from station ridership, not real-time people-flow)"
      }
    },
    {
      "type": "Feature",
      "geometry": {
        "type": "Polygon",
        "coordinates": [
          [
            [
              139.70480708275457,
              35.74542831379622
            ],
            [
              139.71586473152274,
              35.74542831379622
            ],
            [
              139.71586473152274,
              35.754445446348065
            ],
            [
              139.70480708275457,
              35.754445446348065
            ],
            [
              139.70480708275457,
              35.74542831379622
            ]
          ]
        ]
      },
      "properties": {
        "value": 127166.9,
        "band": 4,
        "ward": "Itabashi",
        "label": "typical pattern (derived from station ridership, not real-time people-flow)"
      }
    },
    {
      "type": "Feature",
      "geometry": {
        "type": "Polygon",
        "coordinates": [
          [
            [
              139.71586473152274,
              35.74542831379622
            ],
            [
              139.72692238029092,
              35.74542831379622
            ],
            [
              139.72692238029092,
              35.754445446348065
            ],
            [
              139.71586473152274,
              35.754445446348065
            ],
            [
              139.71586473152274,
              35.74542831379622
            ]
          ]
        ]
      },
      "properties": {
        "value": 136126.6,
        "band": 4,
        "ward": "Itabashi",
        "label": "typical pattern (derived from station ridership, not real-time people-flow)"
      }
    },
    {
      "type": "Feature",
      "geometry": {
        "type": "Polygon",
        "coordinates": [
          [
            [
              139.72692238029094,
              35.74542831379622
            ],
            [
              139.73798002905912,
              35.74542831379622
            ],
            [
              139.73798002905912,
              35.754445446348065
            ],
            [
              139.72692238029094,
              35.754445446348065
            ],
            [
              139.72692238029094,
              35.74542831379622
            ]
          ]
        ]
      },
      "properties": {
        "value": 126583.8,
        "band": 4,
        "ward": "Kita",
        "label": "typical pattern (derived from station ridership, not real-time people-flow)"
      }
    },
    {
      "type": "Feature",
      "geometry": {
        "type": "Polygon",
        "coordinates": [
          [
            [
              139.73798002905912,
              35.74542831379622
            ],
            [
              139.7490376778273,
              35.74542831379622
            ],
            [
              139.7490376778273,
              35.754445446348065
            ],
            [
              139.73798002905912,
              35.754445446348065
            ],
            [
              139.73798002905912,
              35.74542831379622
            ]
          ]
        ]
      },
      "properties": {
        "value": 107538.0,
        "band": 3,
        "ward": "Kita",
        "label": "typical pattern (derived from station ridership, not real-time people-flow)"
      }
    },
    {
      "type": "Feature",
      "geometry": {
        "type": "Polygon",
        "coordinates": [
          [
            [
              139.7490376778273,
              35.74542831379622
            ],
            [
              139.76009532659546,
              35.74542831379622
            ],
            [
              139.76009532659546,
              35.754445446348065
            ],
            [
              139.7490376778273,
              35.754445446348065
            ],
            [
              139.7490376778273,
              35.74542831379622
            ]
          ]
        ]
      },
      "properties": {
        "value": 91743.5,
        "band": 3,
        "ward": "Kita",
        "label": "typical pattern (derived from station ridership, not real-time people-flow)"
      }
    },
    {
      "type": "Feature",
      "geometry": {
        "type": "Polygon",
        "coordinates": [
          [
            [
              139.7600953265955,
              35.74542831379622
            ],
            [
              139.77115297536366,
              35.74542831379622
            ],
            [
              139.77115297536366,
              35.754445446348065
            ],
            [
              139.7600953265955,
              35.754445446348065
            ],
            [
              139.7600953265955,
              35.74542831379622
            ]
          ]
        ]
      },
      "properties": {
        "value": 80314.2,
        "band": 2,
        "ward": "Arakawa",
        "label": "typical pattern (derived from station ridership, not real-time people-flow)"
      }
    },
    {
      "type": "Feature",
      "geometry": {
        "type": "Polygon",
        "coordinates": [
          [
            [
              139.77115297536366,
              35.74542831379622
            ],
            [
              139.78221062413184,
              35.74542831379622
            ],
            [
              139.78221062413184,
              35.754445446348065
            ],
            [
              139.77115297536366,
              35.754445446348065
            ],
            [
              139.77115297536366,
              35.74542831379622
            ]
          ]
        ]
      },
      "properties": {
        "value": 62267.1,
        "band": 2,
        "ward": "Arakawa",
        "label": "typical pattern (derived from station ridership, not real-time people-flow)"
      }
    },
    {
      "type": "Feature",
      "geometry": {
        "type": "Polygon",
        "coordinates": [
          [
            [
              139.78221062413184,
              35.74542831379622
            ],
            [
              139.7932682729,
              35.74542831379622
            ],
            [
              139.7932682729,
              35.754445446348065
            ],
            [
              139.78221062413184,
              35.754445446348065
            ],
            [
              139.78221062413184,
              35.74542831379622
            ]
          ]
        ]
      },
      "properties": {
        "value": 37061.1,
        "band": 1,
        "ward": "Arakawa",
        "label": "typical pattern (derived from station ridership, not real-time people-flow)"
      }
    },
    {
      "type": "Feature",
      "geometry": {
        "type": "Polygon",
        "coordinates": [
          [
            [
              139.60528824384093,
              35.754445446348065
            ],
            [
              139.6163458926091,
              35.754445446348065
            ],
            [
              139.6163458926091,
              35.76346257889991
            ],
            [
              139.60528824384093,
              35.76346257889991
            ],
            [
              139.60528824384093,
              35.754445446348065
            ]
          ]
        ]
      },
      "properties": {
        "value": 36639.5,
        "band": 1,
        "ward": "Nerima",
        "label": "typical pattern (derived from station ridership, not real-time people-flow)"
      }
    },
    {
      "type": "Feature",
      "geometry": {
        "type": "Polygon",
        "coordinates": [
          [
            [
              139.6163458926091,
              35.754445446348065
            ],
            [
              139.62740354137728,
              35.754445446348065
            ],
            [
              139.62740354137728,
              35.76346257889991
            ],
            [
              139.6163458926091,
              35.76346257889991
            ],
            [
              139.6163458926091,
              35.754445446348065
            ]
          ]
        ]
      },
      "properties": {
        "value": 67654.1,
        "band": 2,
        "ward": "Nerima",
        "label": "typical pattern (derived from station ridership, not real-time people-flow)"
      }
    },
    {
      "type": "Feature",
      "geometry": {
        "type": "Polygon",
        "coordinates": [
          [
            [
              139.62740354137728,
              35.754445446348065
            ],
            [
              139.63846119014545,
              35.754445446348065
            ],
            [
              139.63846119014545,
              35.76346257889991
            ],
            [
              139.62740354137728,
              35.76346257889991
            ],
            [
              139.62740354137728,
              35.754445446348065
            ]
          ]
        ]
      },
      "properties": {
        "value": 87713.8,
        "band": 3,
        "ward": "Nerima",
        "label": "typical pattern (derived from station ridership, not real-time people-flow)"
      }
    },
    {
      "type": "Feature",
      "geometry": {
        "type": "Polygon",
        "coordinates": [
          [
            [
              139.63846119014548,
              35.754445446348065
            ],
            [
              139.64951883891365,
              35.754445446348065
            ],
            [
              139.64951883891365,
              35.76346257889991
            ],
            [
              139.63846119014548,
              35.76346257889991
            ],
            [
              139.63846119014548,
              35.754445446348065
            ]
          ]
        ]
      },
      "properties": {
        "value": 85669.5,
        "band": 3,
        "ward": "Nerima",
        "label": "typical pattern (derived from station ridership, not real-time people-flow)"
      }
    },
    {
      "type": "Feature",
      "geometry": {
        "type": "Polygon",
        "coordinates": [
          [
            [
              139.64951883891365,
              35.754445446348065
            ],
            [
              139.66057648768182,
              35.754445446348065
            ],
            [
              139.66057648768182,
              35.76346257889991
            ],
            [
              139.64951883891365,
              35.76346257889991
            ],
            [
              139.64951883891365,
              35.754445446348065
            ]
          ]
        ]
      },
      "properties": {
        "value": 70128.0,
        "band": 2,
        "ward": "Nerima",
        "label": "typical pattern (derived from station ridership, not real-time people-flow)"
      }
    },
    {
      "type": "Feature",
      "geometry": {
        "type": "Polygon",
        "coordinates": [
          [
            [
              139.66057648768185,
              35.754445446348065
            ],
            [
              139.67163413645002,
              35.754445446348065
            ],
            [
              139.67163413645002,
              35.76346257889991
            ],
            [
              139.66057648768185,
              35.76346257889991
            ],
            [
              139.66057648768185,
              35.754445446348065
            ]
          ]
        ]
      },
      "properties": {
        "value": 58194.7,
        "band": 2,
        "ward": "Nerima",
        "label": "typical pattern (derived from station ridership, not real-time people-flow)"
      }
    },
    {
      "type": "Feature",
      "geometry": {
        "type": "Polygon",
        "coordinates": [
          [
            [
              139.67163413645002,
              35.754445446348065
            ],
            [
              139.6826917852182,
              35.754445446348065
            ],
            [
              139.6826917852182,
              35.76346257889991
            ],
            [
              139.67163413645002,
              35.76346257889991
            ],
            [
              139.67163413645002,
              35.754445446348065
            ]
          ]
        ]
      },
      "properties": {
        "value": 63337.1,
        "band": 2,
        "ward": "Itabashi",
        "label": "typical pattern (derived from station ridership, not real-time people-flow)"
      }
    },
    {
      "type": "Feature",
      "geometry": {
        "type": "Polygon",
        "coordinates": [
          [
            [
              139.6826917852182,
              35.754445446348065
            ],
            [
              139.69374943398637,
              35.754445446348065
            ],
            [
              139.69374943398637,
              35.76346257889991
            ],
            [
              139.6826917852182,
              35.76346257889991
            ],
            [
              139.6826917852182,
              35.754445446348065
            ]
          ]
        ]
      },
      "properties": {
        "value": 88544.7,
        "band": 3,
        "ward": "Itabashi",
        "label": "typical pattern (derived from station ridership, not real-time people-flow)"
      }
    },
    {
      "type": "Feature",
      "geometry": {
        "type": "Polygon",
        "coordinates": [
          [
            [
              139.6937494339864,
              35.754445446348065
            ],
            [
              139.70480708275457,
              35.754445446348065
            ],
            [
              139.70480708275457,
              35.76346257889991
            ],
            [
              139.6937494339864,
              35.76346257889991
            ],
            [
              139.6937494339864,
              35.754445446348065
            ]
          ]
        ]
      },
      "properties": {
        "value": 119106.8,
        "band": 4,
        "ward": "Itabashi",
        "label": "typical pattern (derived from station ridership, not real-time people-flow)"
      }
    },
    {
      "type": "Feature",
      "geometry": {
        "type": "Polygon",
        "coordinates": [
          [
            [
              139.70480708275457,
              35.754445446348065
            ],
            [
              139.71586473152274,
              35.754445446348065
            ],
            [
              139.71586473152274,
              35.76346257889991
            ],
            [
              139.70480708275457,
              35.76346257889991
            ],
            [
              139.70480708275457,
              35.754445446348065
            ]
          ]
        ]
      },
      "properties": {
        "value": 128882.6,
        "band": 4,
        "ward": "Itabashi",
        "label": "typical pattern (derived from station ridership, not real-time people-flow)"
      }
    },
    {
      "type": "Feature",
      "geometry": {
        "type": "Polygon",
        "coordinates": [
          [
            [
              139.71586473152274,
              35.754445446348065
            ],
            [
              139.72692238029092,
              35.754445446348065
            ],
            [
              139.72692238029092,
              35.76346257889991
            ],
            [
              139.71586473152274,
              35.76346257889991
            ],
            [
              139.71586473152274,
              35.754445446348065
            ]
          ]
        ]
      },
      "properties": {
        "value": 110089.7,
        "band": 3,
        "ward": "Kita",
        "label": "typical pattern (derived from station ridership, not real-time people-flow)"
      }
    },
    {
      "type": "Feature",
      "geometry": {
        "type": "Polygon",
        "coordinates": [
          [
            [
              139.72692238029094,
              35.754445446348065
            ],
            [
              139.73798002905912,
              35.754445446348065
            ],
            [
              139.73798002905912,
              35.76346257889991
            ],
            [
              139.72692238029094,
              35.76346257889991
            ],
            [
              139.72692238029094,
              35.754445446348065
            ]
          ]
        ]
      },
      "properties": {
        "value": 79709.9,
        "band": 2,
        "ward": "Kita",
        "label": "typical pattern (derived from station ridership, not real-time people-flow)"
      }
    },
    {
      "type": "Feature",
      "geometry": {
        "type": "Polygon",
        "coordinates": [
          [
            [
              139.73798002905912,
              35.754445446348065
            ],
            [
              139.7490376778273,
              35.754445446348065
            ],
            [
              139.7490376778273,
              35.76346257889991
            ],
            [
              139.73798002905912,
              35.76346257889991
            ],
            [
              139.73798002905912,
              35.754445446348065
            ]
          ]
        ]
      },
      "properties": {
        "value": 57333.6,
        "band": 2,
        "ward": "Kita",
        "label": "typical pattern (derived from station ridership, not real-time people-flow)"
      }
    },
    {
      "type": "Feature",
      "geometry": {
        "type": "Polygon",
        "coordinates": [
          [
            [
              139.7490376778273,
              35.754445446348065
            ],
            [
              139.76009532659546,
              35.754445446348065
            ],
            [
              139.76009532659546,
              35.76346257889991
            ],
            [
              139.7490376778273,
              35.76346257889991
            ],
            [
              139.7490376778273,
              35.754445446348065
            ]
          ]
        ]
      },
      "properties": {
        "value": 51481.4,
        "band": 2,
        "ward": "Kita",
        "label": "typical pattern (derived from station ridership, not real-time people-flow)"
      }
    },
    {
      "type": "Feature",
      "geometry": {
        "type": "Polygon",
        "coordinates": [
          [
            [
              139.7600953265955,
              35.754445446348065
            ],
            [
              139.77115297536366,
              35.754445446348065
            ],
            [
              139.77115297536366,
              35.76346257889991
            ],
            [
              139.7600953265955,
              35.76346257889991
            ],
            [
              139.7600953265955,
              35.754445446348065
            ]
          ]
        ]
      },
      "properties": {
        "value": 53005.7,
        "band": 2,
        "ward": "Kita",
        "label": "typical pattern (derived from station ridership, not real-time people-flow)"
      }
    },
    {
      "type": "Feature",
      "geometry": {
        "type": "Polygon",
        "coordinates": [
          [
            [
              139.77115297536366,
              35.754445446348065
            ],
            [
              139.78221062413184,
              35.754445446348065
            ],
            [
              139.78221062413184,
              35.76346257889991
            ],
            [
              139.77115297536366,
              35.76346257889991
            ],
            [
              139.77115297536366,
              35.754445446348065
            ]
          ]
        ]
      },
      "properties": {
        "value": 45628.6,
        "band": 2,
        "ward": "Arakawa",
        "label": "typical pattern (derived from station ridership, not real-time people-flow)"
      }
    },
    {
      "type": "Feature",
      "geometry": {
        "type": "Polygon",
        "coordinates": [
          [
            [
              139.78221062413184,
              35.754445446348065
            ],
            [
              139.7932682729,
              35.754445446348065
            ],
            [
              139.7932682729,
              35.76346257889991
            ],
            [
              139.78221062413184,
              35.76346257889991
            ],
            [
              139.78221062413184,
              35.754445446348065
            ]
          ]
        ]
      },
      "properties": {
        "value": 26919.2,
        "band": 1,
        "ward": "Adachi",
        "label": "typical pattern (derived from station ridership, not real-time people-flow)"
      }
    },
    {
      "type": "Feature",
      "geometry": {
        "type": "Polygon",
        "coordinates": [
          [
            [
              139.60528824384093,
              35.76346257889991
            ],
            [
              139.6163458926091,
              35.76346257889991
            ],
            [
              139.6163458926091,
              35.77247971145176
            ],
            [
              139.60528824384093,
              35.77247971145176
            ],
            [
              139.60528824384093,
              35.76346257889991
            ]
          ]
        ]
      },
      "properties": {
        "value": 27370.7,
        "band": 1,
        "ward": "Nerima",
        "label": "typical pattern (derived from station ridership, not real-time people-flow)"
      }
    },
    {
      "type": "Feature",
      "geometry": {
        "type": "Polygon",
        "coordinates": [
          [
            [
              139.6163458926091,
              35.76346257889991
            ],
            [
              139.62740354137728,
              35.76346257889991
            ],
            [
              139.62740354137728,
              35.77247971145176
            ],
            [
              139.6163458926091,
              35.77247971145176
            ],
            [
              139.6163458926091,
              35.76346257889991
            ]
          ]
        ]
      },
      "properties": {
        "value": 49712.6,
        "band": 2,
        "ward": "Nerima",
        "label": "typical pattern (derived from station ridership, not real-time people-flow)"
      }
    },
    {
      "type": "Feature",
      "geometry": {
        "type": "Polygon",
        "coordinates": [
          [
            [
              139.62740354137728,
              35.76346257889991
            ],
            [
              139.63846119014545,
              35.76346257889991
            ],
            [
              139.63846119014545,
              35.77247971145176
            ],
            [
              139.62740354137728,
              35.77247971145176
            ],
            [
              139.62740354137728,
              35.76346257889991
            ]
          ]
        ]
      },
      "properties": {
        "value": 62645.5,
        "band": 2,
        "ward": "Nerima",
        "label": "typical pattern (derived from station ridership, not real-time people-flow)"
      }
    },
    {
      "type": "Feature",
      "geometry": {
        "type": "Polygon",
        "coordinates": [
          [
            [
              139.63846119014548,
              35.76346257889991
            ],
            [
              139.64951883891365,
              35.76346257889991
            ],
            [
              139.64951883891365,
              35.77247971145176
            ],
            [
              139.63846119014548,
              35.77247971145176
            ],
            [
              139.63846119014548,
              35.76346257889991
            ]
          ]
        ]
      },
      "properties": {
        "value": 60890.4,
        "band": 2,
        "ward": "Nerima",
        "label": "typical pattern (derived from station ridership, not real-time people-flow)"
      }
    },
    {
      "type": "Feature",
      "geometry": {
        "type": "Polygon",
        "coordinates": [
          [
            [
              139.64951883891365,
              35.76346257889991
            ],
            [
              139.66057648768182,
              35.76346257889991
            ],
            [
              139.66057648768182,
              35.77247971145176
            ],
            [
              139.64951883891365,
              35.77247971145176
            ],
            [
              139.64951883891365,
              35.76346257889991
            ]
          ]
        ]
      },
      "properties": {
        "value": 56199.6,
        "band": 2,
        "ward": "Nerima",
        "label": "typical pattern (derived from station ridership, not real-time people-flow)"
      }
    },
    {
      "type": "Feature",
      "geometry": {
        "type": "Polygon",
        "coordinates": [
          [
            [
              139.66057648768185,
              35.76346257889991
            ],
            [
              139.67163413645002,
              35.76346257889991
            ],
            [
              139.67163413645002,
              35.77247971145176
            ],
            [
              139.66057648768185,
              35.77247971145176
            ],
            [
              139.66057648768185,
              35.76346257889991
            ]
          ]
        ]
      },
      "properties": {
        "value": 62431.8,
        "band": 2,
        "ward": "Nerima",
        "label": "typical pattern (derived from station ridership, not real-time people-flow)"
      }
    },
    {
      "type": "Feature",
      "geometry": {
        "type": "Polygon",
        "coordinates": [
          [
            [
              139.67163413645002,
              35.76346257889991
            ],
            [
              139.6826917852182,
              35.76346257889991
            ],
            [
              139.6826917852182,
              35.77247971145176
            ],
            [
              139.67163413645002,
              35.77247971145176
            ],
            [
              139.67163413645002,
              35.76346257889991
            ]
          ]
        ]
      },
      "properties": {
        "value": 83527.9,
        "band": 3,
        "ward": "Itabashi",
        "label": "typical pattern (derived from station ridership, not real-time people-flow)"
      }
    },
    {
      "type": "Feature",
      "geometry": {
        "type": "Polygon",
        "coordinates": [
          [
            [
              139.6826917852182,
              35.76346257889991
            ],
            [
              139.69374943398637,
              35.76346257889991
            ],
            [
              139.69374943398637,
              35.77247971145176
            ],
            [
              139.6826917852182,
              35.77247971145176
            ],
            [
              139.6826917852182,
              35.76346257889991
            ]
          ]
        ]
      },
      "properties": {
        "value": 110694.4,
        "band": 3,
        "ward": "Itabashi",
        "label": "typical pattern (derived from station ridership, not real-time people-flow)"
      }
    },
    {
      "type": "Feature",
      "geometry": {
        "type": "Polygon",
        "coordinates": [
          [
            [
              139.6937494339864,
              35.76346257889991
            ],
            [
              139.70480708275457,
              35.76346257889991
            ],
            [
              139.70480708275457,
              35.77247971145176
            ],
            [
              139.6937494339864,
              35.77247971145176
            ],
            [
              139.6937494339864,
              35.76346257889991
            ]
          ]
        ]
      },
      "properties": {
        "value": 124630.7,
        "band": 4,
        "ward": "Itabashi",
        "label": "typical pattern (derived from station ridership, not real-time people-flow)"
      }
    },
    {
      "type": "Feature",
      "geometry": {
        "type": "Polygon",
        "coordinates": [
          [
            [
              139.70480708275457,
              35.76346257889991
            ],
            [
              139.71586473152274,
              35.76346257889991
            ],
            [
              139.71586473152274,
              35.77247971145176
            ],
            [
              139.70480708275457,
              35.77247971145176
            ],
            [
              139.70480708275457,
              35.76346257889991
            ]
          ]
        ]
      },
      "properties": {
        "value": 111084.7,
        "band": 3,
        "ward": "Itabashi",
        "label": "typical pattern (derived from station ridership, not real-time people-flow)"
      }
    },
    {
      "type": "Feature",
      "geometry": {
        "type": "Polygon",
        "coordinates": [
          [
            [
              139.71586473152274,
              35.76346257889991
            ],
            [
              139.72692238029092,
              35.76346257889991
            ],
            [
              139.72692238029092,
              35.77247971145176
            ],
            [
              139.71586473152274,
              35.77247971145176
            ],
            [
              139.71586473152274,
              35.76346257889991
            ]
          ]
        ]
      },
      "properties": {
        "value": 76399.3,
        "band": 2,
        "ward": "Kita",
        "label": "typical pattern (derived from station ridership, not real-time people-flow)"
      }
    },
    {
      "type": "Feature",
      "geometry": {
        "type": "Polygon",
        "coordinates": [
          [
            [
              139.72692238029094,
              35.76346257889991
            ],
            [
              139.73798002905912,
              35.76346257889991
            ],
            [
              139.73798002905912,
              35.77247971145176
            ],
            [
              139.72692238029094,
              35.77247971145176
            ],
            [
              139.72692238029094,
              35.76346257889991
            ]
          ]
        ]
      },
      "properties": {
        "value": 43938.6,
        "band": 2,
        "ward": "Kita",
        "label": "typical pattern (derived from station ridership, not real-time people-flow)"
      }
    },
    {
      "type": "Feature",
      "geometry": {
        "type": "Polygon",
        "coordinates": [
          [
            [
              139.73798002905912,
              35.76346257889991
            ],
            [
              139.7490376778273,
              35.76346257889991
            ],
            [
              139.7490376778273,
              35.77247971145176
            ],
            [
              139.73798002905912,
              35.77247971145176
            ],
            [
              139.73798002905912,
              35.76346257889991
            ]
          ]
        ]
      },
      "properties": {
        "value": 30278.4,
        "band": 1,
        "ward": "Kita",
        "label": "typical pattern (derived from station ridership, not real-time people-flow)"
      }
    },
    {
      "type": "Feature",
      "geometry": {
        "type": "Polygon",
        "coordinates": [
          [
            [
              139.7490376778273,
              35.76346257889991
            ],
            [
              139.76009532659546,
              35.76346257889991
            ],
            [
              139.76009532659546,
              35.77247971145176
            ],
            [
              139.7490376778273,
              35.77247971145176
            ],
            [
              139.7490376778273,
              35.76346257889991
            ]
          ]
        ]
      },
      "properties": {
        "value": 36221.6,
        "band": 1,
        "ward": "Kita",
        "label": "typical pattern (derived from station ridership, not real-time people-flow)"
      }
    },
    {
      "type": "Feature",
      "geometry": {
        "type": "Polygon",
        "coordinates": [
          [
            [
              139.7600953265955,
              35.76346257889991
            ],
            [
              139.77115297536366,
              35.76346257889991
            ],
            [
              139.77115297536366,
              35.77247971145176
            ],
            [
              139.7600953265955,
              35.77247971145176
            ],
            [
              139.7600953265955,
              35.76346257889991
            ]
          ]
        ]
      },
      "properties": {
        "value": 46470.5,
        "band": 2,
        "ward": "Kita",
        "label": "typical pattern (derived from station ridership, not real-time people-flow)"
      }
    },
    {
      "type": "Feature",
      "geometry": {
        "type": "Polygon",
        "coordinates": [
          [
            [
              139.77115297536366,
              35.76346257889991
            ],
            [
              139.78221062413184,
              35.76346257889991
            ],
            [
              139.78221062413184,
              35.77247971145176
            ],
            [
              139.77115297536366,
              35.77247971145176
            ],
            [
              139.77115297536366,
              35.76346257889991
            ]
          ]
        ]
      },
      "properties": {
        "value": 43159.5,
        "band": 1,
        "ward": "Adachi",
        "label": "typical pattern (derived from station ridership, not real-time people-flow)"
      }
    },
    {
      "type": "Feature",
      "geometry": {
        "type": "Polygon",
        "coordinates": [
          [
            [
              139.78221062413184,
              35.76346257889991
            ],
            [
              139.7932682729,
              35.76346257889991
            ],
            [
              139.7932682729,
              35.77247971145176
            ],
            [
              139.78221062413184,
              35.77247971145176
            ],
            [
              139.78221062413184,
              35.76346257889991
            ]
          ]
        ]
      },
      "properties": {
        "value": 26810.9,
        "band": 1,
        "ward": "Adachi",
        "label": "typical pattern (derived from station ridership, not real-time people-flow)"
      }
    },
    {
      "type": "Feature",
      "geometry": {
        "type": "Polygon",
        "coordinates": [
          [
            [
              139.6163458926091,
              35.77247971145176
            ],
            [
              139.62740354137728,
              35.77247971145176
            ],
            [
              139.62740354137728,
              35.781496844003605
            ],
            [
              139.6163458926091,
              35.781496844003605
            ],
            [
              139.6163458926091,
              35.77247971145176
            ]
          ]
        ]
      },
      "properties": {
        "value": 27300.8,
        "band": 1,
        "ward": "Nerima",
        "label": "typical pattern (derived from station ridership, not real-time people-flow)"
      }
    },
    {
      "type": "Feature",
      "geometry": {
        "type": "Polygon",
        "coordinates": [
          [
            [
              139.62740354137728,
              35.77247971145176
            ],
            [
              139.63846119014545,
              35.77247971145176
            ],
            [
              139.63846119014545,
              35.781496844003605
            ],
            [
              139.62740354137728,
              35.781496844003605
            ],
            [
              139.62740354137728,
              35.77247971145176
            ]
          ]
        ]
      },
      "properties": {
        "value": 39679.0,
        "band": 1,
        "ward": "Nerima",
        "label": "typical pattern (derived from station ridership, not real-time people-flow)"
      }
    },
    {
      "type": "Feature",
      "geometry": {
        "type": "Polygon",
        "coordinates": [
          [
            [
              139.63846119014548,
              35.77247971145176
            ],
            [
              139.64951883891365,
              35.77247971145176
            ],
            [
              139.64951883891365,
              35.781496844003605
            ],
            [
              139.63846119014548,
              35.781496844003605
            ],
            [
              139.63846119014548,
              35.77247971145176
            ]
          ]
        ]
      },
      "properties": {
        "value": 50158.0,
        "band": 2,
        "ward": "Nerima",
        "label": "typical pattern (derived from station ridership, not real-time people-flow)"
      }
    },
    {
      "type": "Feature",
      "geometry": {
        "type": "Polygon",
        "coordinates": [
          [
            [
              139.64951883891365,
              35.77247971145176
            ],
            [
              139.66057648768182,
              35.77247971145176
            ],
            [
              139.66057648768182,
              35.781496844003605
            ],
            [
              139.64951883891365,
              35.781496844003605
            ],
            [
              139.64951883891365,
              35.77247971145176
            ]
          ]
        ]
      },
      "properties": {
        "value": 64302.1,
        "band": 2,
        "ward": "Nerima",
        "label": "typical pattern (derived from station ridership, not real-time people-flow)"
      }
    },
    {
      "type": "Feature",
      "geometry": {
        "type": "Polygon",
        "coordinates": [
          [
            [
              139.66057648768185,
              35.77247971145176
            ],
            [
              139.67163413645002,
              35.77247971145176
            ],
            [
              139.67163413645002,
              35.781496844003605
            ],
            [
              139.66057648768185,
              35.781496844003605
            ],
            [
              139.66057648768185,
              35.77247971145176
            ]
          ]
        ]
      },
      "properties": {
        "value": 84993.1,
        "band": 3,
        "ward": "Nerima",
        "label": "typical pattern (derived from station ridership, not real-time people-flow)"
      }
    },
    {
      "type": "Feature",
      "geometry": {
        "type": "Polygon",
        "coordinates": [
          [
            [
              139.67163413645002,
              35.77247971145176
            ],
            [
              139.6826917852182,
              35.77247971145176
            ],
            [
              139.6826917852182,
              35.781496844003605
            ],
            [
              139.67163413645002,
              35.781496844003605
            ],
            [
              139.67163413645002,
              35.77247971145176
            ]
          ]
        ]
      },
      "properties": {
        "value": 107063.0,
        "band": 3,
        "ward": "Itabashi",
        "label": "typical pattern (derived from station ridership, not real-time people-flow)"
      }
    },
    {
      "type": "Feature",
      "geometry": {
        "type": "Polygon",
        "coordinates": [
          [
            [
              139.6826917852182,
              35.77247971145176
            ],
            [
              139.69374943398637,
              35.77247971145176
            ],
            [
              139.69374943398637,
              35.781496844003605
            ],
            [
              139.6826917852182,
              35.781496844003605
            ],
            [
              139.6826917852182,
              35.77247971145176
            ]
          ]
        ]
      },
      "properties": {
        "value": 118883.8,
        "band": 4,
        "ward": "Itabashi",
        "label": "typical pattern (derived from station ridership, not real-time people-flow)"
      }
    },
    {
      "type": "Feature",
      "geometry": {
        "type": "Polygon",
        "coordinates": [
          [
            [
              139.6937494339864,
              35.77247971145176
            ],
            [
              139.70480708275457,
              35.77247971145176
            ],
            [
              139.70480708275457,
              35.781496844003605
            ],
            [
              139.6937494339864,
              35.781496844003605
            ],
            [
              139.6937494339864,
              35.77247971145176
            ]
          ]
        ]
      },
      "properties": {
        "value": 110429.1,
        "band": 3,
        "ward": "Itabashi",
        "label": "typical pattern (derived from station ridership, not real-time people-flow)"
      }
    },
    {
      "type": "Feature",
      "geometry": {
        "type": "Polygon",
        "coordinates": [
          [
            [
              139.70480708275457,
              35.77247971145176
            ],
            [
              139.71586473152274,
              35.77247971145176
            ],
            [
              139.71586473152274,
              35.781496844003605
            ],
            [
              139.70480708275457,
              35.781496844003605
            ],
            [
              139.70480708275457,
              35.77247971145176
            ]
          ]
        ]
      },
      "properties": {
        "value": 80721.8,
        "band": 3,
        "ward": "Itabashi",
        "label": "typical pattern (derived from station ridership, not real-time people-flow)"
      }
    },
    {
      "type": "Feature",
      "geometry": {
        "type": "Polygon",
        "coordinates": [
          [
            [
              139.71586473152274,
              35.77247971145176
            ],
            [
              139.72692238029092,
              35.77247971145176
            ],
            [
              139.72692238029092,
              35.781496844003605
            ],
            [
              139.71586473152274,
              35.781496844003605
            ],
            [
              139.71586473152274,
              35.77247971145176
            ]
          ]
        ]
      },
      "properties": {
        "value": 45308.4,
        "band": 2,
        "ward": "Kita",
        "label": "typical pattern (derived from station ridership, not real-time people-flow)"
      }
    },
    {
      "type": "Feature",
      "geometry": {
        "type": "Polygon",
        "coordinates": [
          [
            [
              139.72692238029094,
              35.77247971145176
            ],
            [
              139.73798002905912,
              35.77247971145176
            ],
            [
              139.73798002905912,
              35.781496844003605
            ],
            [
              139.72692238029094,
              35.781496844003605
            ],
            [
              139.72692238029094,
              35.77247971145176
            ]
          ]
        ]
      },
      "properties": {
        "value": 22515.1,
        "band": 1,
        "ward": "Kita",
        "label": "typical pattern (derived from station ridership, not real-time people-flow)"
      }
    },
    {
      "type": "Feature",
      "geometry": {
        "type": "Polygon",
        "coordinates": [
          [
            [
              139.7490376778273,
              35.77247971145176
            ],
            [
              139.76009532659546,
              35.77247971145176
            ],
            [
              139.76009532659546,
              35.781496844003605
            ],
            [
              139.7490376778273,
              35.781496844003605
            ],
            [
              139.7490376778273,
              35.77247971145176
            ]
          ]
        ]
      },
      "properties": {
        "value": 31531.7,
        "band": 1,
        "ward": "Kita",
        "label": "typical pattern (derived from station ridership, not real-time people-flow)"
      }
    },
    {
      "type": "Feature",
      "geometry": {
        "type": "Polygon",
        "coordinates": [
          [
            [
              139.7600953265955,
              35.77247971145176
            ],
            [
              139.77115297536366,
              35.77247971145176
            ],
            [
              139.77115297536366,
              35.781496844003605
            ],
            [
              139.7600953265955,
              35.781496844003605
            ],
            [
              139.7600953265955,
              35.77247971145176
            ]
          ]
        ]
      },
      "properties": {
        "value": 45470.1,
        "band": 2,
        "ward": "Adachi",
        "label": "typical pattern (derived from station ridership, not real-time people-flow)"
      }
    },
    {
      "type": "Feature",
      "geometry": {
        "type": "Polygon",
        "coordinates": [
          [
            [
              139.77115297536366,
              35.77247971145176
            ],
            [
              139.78221062413184,
              35.77247971145176
            ],
            [
              139.78221062413184,
              35.781496844003605
            ],
            [
              139.77115297536366,
              35.781496844003605
            ],
            [
              139.77115297536366,
              35.77247971145176
            ]
          ]
        ]
      },
      "properties": {
        "value": 43801.2,
        "band": 2,
        "ward": "Adachi",
        "label": "typical pattern (derived from station ridership, not real-time people-flow)"
      }
    },
    {
      "type": "Feature",
      "geometry": {
        "type": "Polygon",
        "coordinates": [
          [
            [
              139.78221062413184,
              35.77247971145176
            ],
            [
              139.7932682729,
              35.77247971145176
            ],
            [
              139.7932682729,
              35.781496844003605
            ],
            [
              139.78221062413184,
              35.781496844003605
            ],
            [
              139.78221062413184,
              35.77247971145176
            ]
          ]
        ]
      },
      "properties": {
        "value": 27093.4,
        "band": 1,
        "ward": "Adachi",
        "label": "typical pattern (derived from station ridership, not real-time people-flow)"
      }
    },
    {
      "type": "Feature",
      "geometry": {
        "type": "Polygon",
        "coordinates": [
          [
            [
              139.62740354137728,
              35.78149684400361
            ],
            [
              139.63846119014545,
              35.78149684400361
            ],
            [
              139.63846119014545,
              35.79051397655546
            ],
            [
              139.62740354137728,
              35.79051397655546
            ],
            [
              139.62740354137728,
              35.78149684400361
            ]
          ]
        ]
      },
      "properties": {
        "value": 28921.9,
        "band": 1,
        "ward": "Nerima",
        "label": "typical pattern (derived from station ridership, not real-time people-flow)"
      }
    },
    {
      "type": "Feature",
      "geometry": {
        "type": "Polygon",
        "coordinates": [
          [
            [
              139.63846119014548,
              35.78149684400361
            ],
            [
              139.64951883891365,
              35.78149684400361
            ],
            [
              139.64951883891365,
              35.79051397655546
            ],
            [
              139.63846119014548,
              35.79051397655546
            ],
            [
              139.63846119014548,
              35.78149684400361
            ]
          ]
        ]
      },
      "properties": {
        "value": 49635.5,
        "band": 2,
        "ward": "Nerima",
        "label": "typical pattern (derived from station ridership, not real-time people-flow)"
      }
    },
    {
      "type": "Feature",
      "geometry": {
        "type": "Polygon",
        "coordinates": [
          [
            [
              139.64951883891365,
              35.78149684400361
            ],
            [
              139.66057648768182,
              35.78149684400361
            ],
            [
              139.66057648768182,
              35.79051397655546
            ],
            [
              139.64951883891365,
              35.79051397655546
            ],
            [
              139.64951883891365,
              35.78149684400361
            ]
          ]
        ]
      },
      "properties": {
        "value": 74107.3,
        "band": 2,
        "ward": "Nerima",
        "label": "typical pattern (derived from station ridership, not real-time people-flow)"
      }
    },
    {
      "type": "Feature",
      "geometry": {
        "type": "Polygon",
        "coordinates": [
          [
            [
              139.66057648768185,
              35.78149684400361
            ],
            [
              139.67163413645002,
              35.78149684400361
            ],
            [
              139.67163413645002,
              35.79051397655546
            ],
            [
              139.66057648768185,
              35.79051397655546
            ],
            [
              139.66057648768185,
              35.78149684400361
            ]
          ]
        ]
      },
      "properties": {
        "value": 95758.8,
        "band": 3,
        "ward": "Itabashi",
        "label": "typical pattern (derived from station ridership, not real-time people-flow)"
      }
    },
    {
      "type": "Feature",
      "geometry": {
        "type": "Polygon",
        "coordinates": [
          [
            [
              139.67163413645002,
              35.78149684400361
            ],
            [
              139.6826917852182,
              35.78149684400361
            ],
            [
              139.6826917852182,
              35.79051397655546
            ],
            [
              139.67163413645002,
              35.79051397655546
            ],
            [
              139.67163413645002,
              35.78149684400361
            ]
          ]
        ]
      },
      "properties": {
        "value": 106079.0,
        "band": 3,
        "ward": "Itabashi",
        "label": "typical pattern (derived from station ridership, not real-time people-flow)"
      }
    },
    {
      "type": "Feature",
      "geometry": {
        "type": "Polygon",
        "coordinates": [
          [
            [
              139.6826917852182,
              35.78149684400361
            ],
            [
              139.69374943398637,
              35.78149684400361
            ],
            [
              139.69374943398637,
              35.79051397655546
            ],
            [
              139.6826917852182,
              35.79051397655546
            ],
            [
              139.6826917852182,
              35.78149684400361
            ]
          ]
        ]
      },
      "properties": {
        "value": 99672.2,
        "band": 3,
        "ward": "Itabashi",
        "label": "typical pattern (derived from station ridership, not real-time people-flow)"
      }
    },
    {
      "type": "Feature",
      "geometry": {
        "type": "Polygon",
        "coordinates": [
          [
            [
              139.6937494339864,
              35.78149684400361
            ],
            [
              139.70480708275457,
              35.78149684400361
            ],
            [
              139.70480708275457,
              35.79051397655546
            ],
            [
              139.6937494339864,
              35.79051397655546
            ],
            [
              139.6937494339864,
              35.78149684400361
            ]
          ]
        ]
      },
      "properties": {
        "value": 77237.3,
        "band": 2,
        "ward": "Itabashi",
        "label": "typical pattern (derived from station ridership, not real-time people-flow)"
      }
    },
    {
      "type": "Feature",
      "geometry": {
        "type": "Polygon",
        "coordinates": [
          [
            [
              139.70480708275457,
              35.78149684400361
            ],
            [
              139.71586473152274,
              35.78149684400361
            ],
            [
              139.71586473152274,
              35.79051397655546
            ],
            [
              139.70480708275457,
              35.79051397655546
            ],
            [
              139.70480708275457,
              35.78149684400361
            ]
          ]
        ]
      },
      "properties": {
        "value": 47338.7,
        "band": 2,
        "ward": "Itabashi",
        "label": "typical pattern (derived from station ridership, not real-time people-flow)"
      }
    },
    {
      "type": "Feature",
      "geometry": {
        "type": "Polygon",
        "coordinates": [
          [
            [
              139.71586473152274,
              35.78149684400361
            ],
            [
              139.72692238029092,
              35.78149684400361
            ],
            [
              139.72692238029092,
              35.79051397655546
            ],
            [
              139.71586473152274,
              35.79051397655546
            ],
            [
              139.71586473152274,
              35.78149684400361
            ]
          ]
        ]
      },
      "properties": {
        "value": 22747.0,
        "band": 1,
        "ward": "Kita",
        "label": "typical pattern (derived from station ridership, not real-time people-flow)"
      }
    },
    {
      "type": "Feature",
      "geometry": {
        "type": "Polygon",
        "coordinates": [
          [
            [
              139.7490376778273,
              35.78149684400361
            ],
            [
              139.76009532659546,
              35.78149684400361
            ],
            [
              139.76009532659546,
              35.79051397655546
            ],
            [
              139.7490376778273,
              35.79051397655546
            ],
            [
              139.7490376778273,
              35.78149684400361
            ]
          ]
        ]
      },
      "properties": {
        "value": 28178.6,
        "band": 1,
        "ward": "Kita",
        "label": "typical pattern (derived from station ridership, not real-time people-flow)"
      }
    },
    {
      "type": "Feature",
      "geometry": {
        "type": "Polygon",
        "coordinates": [
          [
            [
              139.7600953265955,
              35.78149684400361
            ],
            [
              139.77115297536366,
              35.78149684400361
            ],
            [
              139.77115297536366,
              35.79051397655546
            ],
            [
              139.7600953265955,
              35.79051397655546
            ],
            [
              139.7600953265955,
              35.78149684400361
            ]
          ]
        ]
      },
      "properties": {
        "value": 42229.0,
        "band": 1,
        "ward": "Adachi",
        "label": "typical pattern (derived from station ridership, not real-time people-flow)"
      }
    },
    {
      "type": "Feature",
      "geometry": {
        "type": "Polygon",
        "coordinates": [
          [
            [
              139.77115297536366,
              35.78149684400361
            ],
            [
              139.78221062413184,
              35.78149684400361
            ],
            [
              139.78221062413184,
              35.79051397655546
            ],
            [
              139.77115297536366,
              35.79051397655546
            ],
            [
              139.77115297536366,
              35.78149684400361
            ]
          ]
        ]
      },
      "properties": {
        "value": 40673.5,
        "band": 1,
        "ward": "Adachi",
        "label": "typical pattern (derived from station ridership, not real-time people-flow)"
      }
    },
    {
      "type": "Feature",
      "geometry": {
        "type": "Polygon",
        "coordinates": [
          [
            [
              139.78221062413184,
              35.78149684400361
            ],
            [
              139.7932682729,
              35.78149684400361
            ],
            [
              139.7932682729,
              35.79051397655546
            ],
            [
              139.78221062413184,
              35.79051397655546
            ],
            [
              139.78221062413184,
              35.78149684400361
            ]
          ]
        ]
      },
      "properties": {
        "value": 25161.1,
        "band": 1,
        "ward": "Adachi",
        "label": "typical pattern (derived from station ridership, not real-time people-flow)"
      }
    },
    {
      "type": "Feature",
      "geometry": {
        "type": "Polygon",
        "coordinates": [
          [
            [
              139.62740354137728,
              35.79051397655546
            ],
            [
              139.63846119014545,
              35.79051397655546
            ],
            [
              139.63846119014545,
              35.799531109107306
            ],
            [
              139.62740354137728,
              35.799531109107306
            ],
            [
              139.62740354137728,
              35.79051397655546
            ]
          ]
        ]
      },
      "properties": {
        "value": 22398.0,
        "band": 1,
        "ward": "Nerima",
        "label": "typical pattern (derived from station ridership, not real-time people-flow)"
      }
    },
    {
      "type": "Feature",
      "geometry": {
        "type": "Polygon",
        "coordinates": [
          [
            [
              139.63846119014548,
              35.79051397655546
            ],
            [
              139.64951883891365,
              35.79051397655546
            ],
            [
              139.64951883891365,
              35.799531109107306
            ],
            [
              139.63846119014548,
              35.799531109107306
            ],
            [
              139.63846119014548,
              35.79051397655546
            ]
          ]
        ]
      },
      "properties": {
        "value": 42544.7,
        "band": 1,
        "ward": "Nerima",
        "label": "typical pattern (derived from station ridership, not real-time people-flow)"
      }
    },
    {
      "type": "Feature",
      "geometry": {
        "type": "Polygon",
        "coordinates": [
          [
            [
              139.64951883891365,
              35.79051397655546
            ],
            [
              139.66057648768182,
              35.79051397655546
            ],
            [
              139.66057648768182,
              35.799531109107306
            ],
            [
              139.64951883891365,
              35.799531109107306
            ],
            [
              139.64951883891365,
              35.79051397655546
            ]
          ]
        ]
      },
      "properties": {
        "value": 63499.7,
        "band": 2,
        "ward": "Nerima",
        "label": "typical pattern (derived from station ridership, not real-time people-flow)"
      }
    },
    {
      "type": "Feature",
      "geometry": {
        "type": "Polygon",
        "coordinates": [
          [
            [
              139.66057648768185,
              35.79051397655546
            ],
            [
              139.67163413645002,
              35.79051397655546
            ],
            [
              139.67163413645002,
              35.799531109107306
            ],
            [
              139.66057648768185,
              35.799531109107306
            ],
            [
              139.66057648768185,
              35.79051397655546
            ]
          ]
        ]
      },
      "properties": {
        "value": 76289.4,
        "band": 2,
        "ward": "Itabashi",
        "label": "typical pattern (derived from station ridership, not real-time people-flow)"
      }
    },
    {
      "type": "Feature",
      "geometry": {
        "type": "Polygon",
        "coordinates": [
          [
            [
              139.67163413645002,
              35.79051397655546
            ],
            [
              139.6826917852182,
              35.79051397655546
            ],
            [
              139.6826917852182,
              35.799531109107306
            ],
            [
              139.67163413645002,
              35.799531109107306
            ],
            [
              139.67163413645002,
              35.79051397655546
            ]
          ]
        ]
      },
      "properties": {
        "value": 75365.7,
        "band": 2,
        "ward": "Itabashi",
        "label": "typical pattern (derived from station ridership, not real-time people-flow)"
      }
    },
    {
      "type": "Feature",
      "geometry": {
        "type": "Polygon",
        "coordinates": [
          [
            [
              139.6826917852182,
              35.79051397655546
            ],
            [
              139.69374943398637,
              35.79051397655546
            ],
            [
              139.69374943398637,
              35.799531109107306
            ],
            [
              139.6826917852182,
              35.799531109107306
            ],
            [
              139.6826917852182,
              35.79051397655546
            ]
          ]
        ]
      },
      "properties": {
        "value": 61060.9,
        "band": 2,
        "ward": "Itabashi",
        "label": "typical pattern (derived from station ridership, not real-time people-flow)"
      }
    },
    {
      "type": "Feature",
      "geometry": {
        "type": "Polygon",
        "coordinates": [
          [
            [
              139.6937494339864,
              35.79051397655546
            ],
            [
              139.70480708275457,
              35.79051397655546
            ],
            [
              139.70480708275457,
              35.799531109107306
            ],
            [
              139.6937494339864,
              35.799531109107306
            ],
            [
              139.6937494339864,
              35.79051397655546
            ]
          ]
        ]
      },
      "properties": {
        "value": 40392.3,
        "band": 1,
        "ward": "Itabashi",
        "label": "typical pattern (derived from station ridership, not real-time people-flow)"
      }
    },
    {
      "type": "Feature",
      "geometry": {
        "type": "Polygon",
        "coordinates": [
          [
            [
              139.7490376778273,
              35.79051397655546
            ],
            [
              139.76009532659546,
              35.79051397655546
            ],
            [
              139.76009532659546,
              35.799531109107306
            ],
            [
              139.7490376778273,
              35.799531109107306
            ],
            [
              139.7490376778273,
              35.79051397655546
            ]
          ]
        ]
      },
      "properties": {
        "value": 24530.4,
        "band": 1,
        "ward": "Adachi",
        "label": "typical pattern (derived from station ridership, not real-time people-flow)"
      }
    },
    {
      "type": "Feature",
      "geometry": {
        "type": "Polygon",
        "coordinates": [
          [
            [
              139.7600953265955,
              35.79051397655546
            ],
            [
              139.77115297536366,
              35.79051397655546
            ],
            [
              139.77115297536366,
              35.799531109107306
            ],
            [
              139.7600953265955,
              35.799531109107306
            ],
            [
              139.7600953265955,
              35.79051397655546
            ]
          ]
        ]
      },
      "properties": {
        "value": 36738.9,
        "band": 1,
        "ward": "Adachi",
        "label": "typical pattern (derived from station ridership, not real-time people-flow)"
      }
    },
    {
      "type": "Feature",
      "geometry": {
        "type": "Polygon",
        "coordinates": [
          [
            [
              139.77115297536366,
              35.79051397655546
            ],
            [
              139.78221062413184,
              35.79051397655546
            ],
            [
              139.78221062413184,
              35.799531109107306
            ],
            [
              139.77115297536366,
              35.799531109107306
            ],
            [
              139.77115297536366,
              35.79051397655546
            ]
          ]
        ]
      },
      "properties": {
        "value": 35367.0,
        "band": 1,
        "ward": "Adachi",
        "label": "typical pattern (derived from station ridership, not real-time people-flow)"
      }
    },
    {
      "type": "Feature",
      "geometry": {
        "type": "Polygon",
        "coordinates": [
          [
            [
              139.78221062413184,
              35.79051397655546
            ],
            [
              139.7932682729,
              35.79051397655546
            ],
            [
              139.7932682729,
              35.799531109107306
            ],
            [
              139.78221062413184,
              35.799531109107306
            ],
            [
              139.78221062413184,
              35.79051397655546
            ]
          ]
        ]
      },
      "properties": {
        "value": 21883.7,
        "band": 1,
        "ward": "Adachi",
        "label": "typical pattern (derived from station ridership, not real-time people-flow)"
      }
    },
    {
      "type": "Feature",
      "geometry": {
        "type": "Polygon",
        "coordinates": [
          [
            [
              139.63846119014548,
              35.799531109107306
            ],
            [
              139.64951883891365,
              35.799531109107306
            ],
            [
              139.64951883891365,
              35.80854824165915
            ],
            [
              139.63846119014548,
              35.80854824165915
            ],
            [
              139.63846119014548,
              35.799531109107306
            ]
          ]
        ]
      },
      "properties": {
        "value": 25447.1,
        "band": 1,
        "ward": "Nerima",
        "label": "typical pattern (derived from station ridership, not real-time people-flow)"
      }
    },
    {
      "type": "Feature",
      "geometry": {
        "type": "Polygon",
        "coordinates": [
          [
            [
              139.64951883891365,
              35.799531109107306
            ],
            [
              139.66057648768182,
              35.799531109107306
            ],
            [
              139.66057648768182,
              35.80854824165915
            ],
            [
              139.64951883891365,
              35.80854824165915
            ],
            [
              139.64951883891365,
              35.799531109107306
            ]
          ]
        ]
      },
      "properties": {
        "value": 36666.3,
        "band": 1,
        "ward": "Nerima",
        "label": "typical pattern (derived from station ridership, not real-time people-flow)"
      }
    },
    {
      "type": "Feature",
      "geometry": {
        "type": "Polygon",
        "coordinates": [
          [
            [
              139.66057648768185,
              35.799531109107306
            ],
            [
              139.67163413645002,
              35.799531109107306
            ],
            [
              139.67163413645002,
              35.80854824165915
            ],
            [
              139.66057648768185,
              35.80854824165915
            ],
            [
              139.66057648768185,
              35.799531109107306
            ]
          ]
        ]
      },
      "properties": {
        "value": 41108.9,
        "band": 1,
        "ward": "Itabashi",
        "label": "typical pattern (derived from station ridership, not real-time people-flow)"
      }
    },
    {
      "type": "Feature",
      "geometry": {
        "type": "Polygon",
        "coordinates": [
          [
            [
              139.67163413645002,
              35.799531109107306
            ],
            [
              139.6826917852182,
              35.799531109107306
            ],
            [
              139.6826917852182,
              35.80854824165915
            ],
            [
              139.67163413645002,
              35.80854824165915
            ],
            [
              139.67163413645002,
              35.799531109107306
            ]
          ]
        ]
      },
      "properties": {
        "value": 36798.5,
        "band": 1,
        "ward": "Itabashi",
        "label": "typical pattern (derived from station ridership, not real-time people-flow)"
      }
    },
    {
      "type": "Feature",
      "geometry": {
        "type": "Polygon",
        "coordinates": [
          [
            [
              139.6826917852182,
              35.799531109107306
            ],
            [
              139.69374943398637,
              35.799531109107306
            ],
            [
              139.69374943398637,
              35.80854824165915
            ],
            [
              139.6826917852182,
              35.80854824165915
            ],
            [
              139.6826917852182,
              35.799531109107306
            ]
          ]
        ]
      },
      "properties": {
        "value": 26320.5,
        "band": 1,
        "ward": "Itabashi",
        "label": "typical pattern (derived from station ridership, not real-time people-flow)"
      }
    },
    {
      "type": "Feature",
      "geometry": {
        "type": "Polygon",
        "coordinates": [
          [
            [
              139.7600953265955,
              35.799531109107306
            ],
            [
              139.77115297536366,
              35.799531109107306
            ],
            [
              139.77115297536366,
              35.80854824165915
            ],
            [
              139.7600953265955,
              35.80854824165915
            ],
            [
              139.7600953265955,
              35.799531109107306
            ]
          ]
        ]
      },
      "properties": {
        "value": 31577.5,
        "band": 1,
        "ward": "Adachi",
        "label": "typical pattern (derived from station ridership, not real-time people-flow)"
      }
    },
    {
      "type": "Feature",
      "geometry": {
        "type": "Polygon",
        "coordinates": [
          [
            [
              139.77115297536366,
              35.799531109107306
            ],
            [
              139.78221062413184,
              35.799531109107306
            ],
            [
              139.78221062413184,
              35.80854824165915
            ],
            [
              139.77115297536366,
              35.80854824165915
            ],
            [
              139.77115297536366,
              35.799531109107306
            ]
          ]
        ]
      },
      "properties": {
        "value": 30493.4,
        "band": 1,
        "ward": "Adachi",
        "label": "typical pattern (derived from station ridership, not real-time people-flow)"
      }
    },
    {
      "type": "Feature",
      "geometry": {
        "type": "Polygon",
        "coordinates": [
          [
            [
              139.7600953265955,
              35.80854824165915
            ],
            [
              139.77115297536366,
              35.80854824165915
            ],
            [
              139.77115297536366,
              35.817565374211
            ],
            [
              139.7600953265955,
              35.817565374211
            ],
            [
              139.7600953265955,
              35.80854824165915
            ]
          ]
        ]
      },
      "properties": {
        "value": 25308.7,
        "band": 1,
        "ward": "Adachi",
        "label": "typical pattern (derived from station ridership, not real-time people-flow)"
      }
    },
    {
      "type": "Feature",
      "geometry": {
        "type": "Polygon",
        "coordinates": [
          [
            [
              139.77115297536366,
              35.80854824165915
            ],
            [
              139.78221062413184,
              35.80854824165915
            ],
            [
              139.78221062413184,
              35.817565374211
            ],
            [
              139.77115297536366,
              35.817565374211
            ],
            [
              139.77115297536366,
              35.80854824165915
            ]
          ]
        ]
      },
      "properties": {
        "value": 24529.9,
        "band": 1,
        "ward": "Adachi",
        "label": "typical pattern (derived from station ridership, not real-time people-flow)"
      }
    }
  ],
  "meta": {
    "source": "mock",
    "generatedAt": "2026-09-12T14:32:23+09:00",
    "degraded": true,
    "note": "Derived proxy: static station ridership, distance-weighted. NOT real-time telco people-flow. Real MLIT 人流 data is licence-gated."
  }
}