{
  "type": "FeatureCollection",
  "features": [
    {
      "type": "Feature",
      "geometry": {
        "type": "Point",
        "coordinates": [
          139.752134,
          35.721682
        ]
      },
      "properties": {
        "stationId": "Toei.Mita.Hakusan",
        "name": "Hakusan",
        "nameJa": "白山",
        "lineIds": [
          "Toei-Mita"
        ],
        "ward": "Bunkyo",
        "ridership": 48388,
        "ridershipBand": 3,
        "inFloodZone": false
      }
    },
    {
      "type": "Feature",
      "geometry": {
        "type": "Point",
        "coordinates": [
          139.645421,
          35.791965
        ]
      },
      "properties": {
        "stationId": "Toei.Mita.NishiTakashimadaira",
        "name": "Nishi-takashimadaira",
        "nameJa": "西高島平",
        "lineIds": [
          "Toei-Mita"
        ],
        "ward": "Nerima",
        "ridership": 12970,
        "ridershipBand": 1,
        "inFloodZone": false
      }
    },
    {
      "type": "Feature",
      "geometry": {
        "type": "Point",
        "coordinates": [
          139.804397,
          35.708565
        ]
      },
      "properties": {
        "stationId": "Toei.Asakusa.HonjoAzumabashi",
        "name": "Honjo-azumabashi",
        "nameJa": "本所吾妻橋",
        "lineIds": [
          "Toei-Asakusa"
        ],
        "ward": "Sumida",
        "ridership": 21482,
        "ridershipBand": 1,
        "inFloodZone": true
      }
    },
    {
      "type": "Feature",
      "geometry": {
        "type": "Point",
        "coordinates": [
          139.757517,
          35.750646
        ]
      },
      "properties": {
        "stationId": "Toei.Arakawa.ArakawaYuenchimae",
        "name": "Arakawa-yuenchimae",
        "nameJa": "荒川遊園地前",
        "lineIds": [
          "Toei-Arakawa"
        ],
        "ward": "Kita",
        "ridership": null,
        "ridershipBand": 2,
        "inFloodZone": false
      }
    },
    {
      "type": "Feature",
      "geometry": {
        "type": "Point",
        "coordinates": [
          139.788841,
          35.733768
        ]
      },
      "properties": {
        "stationId": "Toei.Arakawa.ArakawaItchumae",
        "name": "Arakawa-itchumae",
        "nameJa": "荒川一中前",
        "lineIds": [
          "Toei-Arakawa"
        ],
        "ward": "Arakawa",
        "ridership": null,
        "ridershipBand": 2,
        "inFloodZone": true
      }
    },
    {
      "type": "Feature",
      "geometry": {
        "type": "Point",
        "coordinates": [
          139.78421,
          35.741923
        ]
      },
      "properties": {
        "stationId": "Toei.Arakawa.ArakawaNanachome",
        "name": "Arakawa-nanachome",
        "nameJa": "荒川七丁目",
        "lineIds": [
          "Toei-Arakawa"
        ],
        "ward": "Arakawa",
        "ridership": null,
        "ridershipBand": 2,
        "inFloodZone": true
      }
    },
    {
      "type": "Feature",
      "geometry": {
        "type": "Point",
        "coordinates": [
          139.784704,
          35.738573
        ]
      },
      "properties": {
        "stationId": "Toei.Arakawa.ArakawaNichome",
        "name": "Arakawa-nichome",
        "nameJa": "荒川二丁目",
        "lineIds": [
          "Toei-Arakawa"
        ],
        "ward": "Arakawa",
        "ridership": null,
        "ridershipBand": 2,
        "inFloodZone": true
      }
    },
    {
      "type": "Feature",
      "geometry": {
        "type": "Point",
        "coordinates": [
          139.752461,
          35.750865
        ]
      },
      "properties": {
        "stationId": "Toei.Arakawa.ArakawaShakomae",
        "name": "Arakawa-shakomae",
        "nameJa": "荒川車庫前",
        "lineIds": [
          "Toei-Arakawa"
        ],
        "ward": "Kita",
        "ridership": null,
        "ridershipBand": 2,
        "inFloodZone": false
      }
    },
    {
      "type": "Feature",
      "geometry": {
        "type": "Point",
        "coordinates": [
          139.786416,
          35.734913
        ]
      },
      "properties": {
        "stationId": "Toei.Arakawa.Arakawakuyakushomae",
        "name": "Arakawakuyakushomae",
        "nameJa": "荒川区役所前",
        "lineIds": [
          "Toei-Arakawa"
        ],
        "ward": "Arakawa",
        "ridership": null,
        "ridershipBand": 2,
        "inFloodZone": true
      }
    },
    {
      "type": "Feature",
      "geometry": {
        "type": "Point",
        "coordinates": [
          139.737333,
          35.750109
        ]
      },
      "properties": {
        "stationId": "Toei.Arakawa.Asukayama",
        "name": "Asukayama",
        "nameJa": "飛鳥山",
        "lineIds": [
          "Toei-Arakawa"
        ],
        "ward": "Kita",
        "ridership": null,
        "ridershipBand": 2,
        "inFloodZone": false
      }
    },
    {
      "type": "Feature",
      "geometry": {
        "type": "Point",
        "coordinates": [
          139.712529,
          35.716347
        ]
      },
      "properties": {
        "stationId": "Toei.Arakawa.Gakushuinshita",
        "name": "Gakushuinshita",
        "nameJa": "学習院下",
        "lineIds": [
          "Toei-Arakawa"
        ],
        "ward": "Toshima",
        "ridership": null,
        "ridershipBand": 2,
        "inFloodZone": false
      }
    },
    {
      "type": "Feature",
      "geometry": {
        "type": "Point",
        "coordinates": [
          139.720404,
          35.725398
        ]
      },
      "properties": {
        "stationId": "Toei.Arakawa.HigashiIkebukuroYonchome",
        "name": "Higashi-ikebukuro-yonchome",
        "nameJa": "東池袋四丁目",
        "lineIds": [
          "Toei-Arakawa"
        ],
        "ward": "Toshima",
        "ridership": null,
        "ridershipBand": 2,
        "inFloodZone": false
      }
    },
    {
      "type": "Feature",
      "geometry": {
        "type": "Point",
        "coordinates": [
          139.773867,
          35.745626
        ]
      },
      "properties": {
        "stationId": "Toei.Arakawa.HigashiOguSanchome",
        "name": "Higashi-ogu-sanchome",
        "nameJa": "東尾久三丁目",
        "lineIds": [
          "Toei-Arakawa"
        ],
        "ward": "Arakawa",
        "ridership": null,
        "ridershipBand": 2,
        "inFloodZone": true
      }
    },
    {
      "type": "Feature",
      "geometry": {
        "type": "Point",
        "coordinates": [
          139.747268,
          35.75107
        ]
      },
      "properties": {
        "stationId": "Toei.Arakawa.Kajiwara",
        "name": "Kajiwara",
        "nameJa": "梶原",
        "lineIds": [
          "Toei-Arakawa"
        ],
        "ward": "Kita",
        "ridership": null,
        "ridershipBand": 2,
        "inFloodZone": false
      }
    },
    {
      "type": "Feature",
      "geometry": {
        "type": "Point",
        "coordinates": [
          139.71516,
          35.720569
        ]
      },
      "properties": {
        "stationId": "Toei.Arakawa.Kishibojimmae",
        "name": "Kishibojimmae",
        "nameJa": "鬼子母神前",
        "lineIds": [
          "Toei-Arakawa"
        ],
        "ward": "Toshima",
        "ridership": null,
        "ridershipBand": 2,
        "inFloodZone": false
      }
    },
    {
      "type": "Feature",
      "geometry": {
        "type": "Point",
        "coordinates": [
          139.729625,
          35.739504
        ]
      },
      "properties": {
        "stationId": "Toei.Arakawa.Koshinzuka",
        "name": "Koshinzuka",
        "nameJa": "庚申塚",
        "lineIds": [
          "Toei-Arakawa"
        ],
        "ward": "Kita",
        "ridership": null,
        "ridershipBand": 2,
        "inFloodZone": false
      }
    },
    {
      "type": "Feature",
      "geometry": {
        "type": "Point",
        "coordinates": [
          139.790858,
          35.703128
        ]
      },
      "properties": {
        "stationId": "Toei.Asakusa.Kuramae",
        "name": "Kuramae",
        "nameJa": "蔵前",
        "lineIds": [
          "Toei-Asakusa"
        ],
        "ward": "Sumida",
        "ridership": 42345,
        "ridershipBand": 3,
        "inFloodZone": true
      }
    },
    {
      "type": "Feature",
      "geometry": {
        "type": "Point",
        "coordinates": [
          139.769859,
          35.748487
        ]
      },
      "properties": {
        "stationId": "Toei.Arakawa.Kumanomae",
        "name": "Kumanomae",
        "nameJa": "熊野前",
        "lineIds": [
          "Toei-Arakawa"
        ],
        "ward": "Arakawa",
        "ridership": null,
        "ridershipBand": 2,
        "inFloodZone": true
      }
    },
    {
      "type": "Feature",
      "geometry": {
        "type": "Point",
        "coordinates": [
          139.780891,
          35.742783
        ]
      },
      "properties": {
        "stationId": "Toei.Arakawa.MachiyaEkimae",
        "name": "Machiya-ekimae",
        "nameJa": "町屋駅前",
        "lineIds": [
          "Toei-Arakawa"
        ],
        "ward": "Arakawa",
        "ridership": null,
        "ridershipBand": 2,
        "inFloodZone": true
      }
    },
    {
      "type": "Feature",
      "geometry": {
        "type": "Point",
        "coordinates": [
          139.776416,
          35.743919
        ]
      },
      "properties": {
        "stationId": "Toei.Arakawa.MachiyaNichome",
        "name": "Machiya-nichome",
        "nameJa": "町屋二丁目",
        "lineIds": [
          "Toei-Arakawa"
        ],
        "ward": "Arakawa",
        "ridership": null,
        "ridershipBand": 2,
        "inFloodZone": true
      }
    },
    {
      "type": "Feature",
      "geometry": {
        "type": "Point",
        "coordinates": [
          139.791509,
          35.732207
        ]
      },
      "properties": {
        "stationId": "Toei.Arakawa.Minowabashi",
        "name": "Minowabashi",
        "nameJa": "三ノ輪橋",
        "lineIds": [
          "Toei-Arakawa"
        ],
        "ward": "Arakawa",
        "ridership": null,
        "ridershipBand": 2,
        "inFloodZone": true
      }
    },
    {
      "type": "Feature",
      "geometry": {
        "type": "Point",
        "coordinates": [
          139.76619,
          35.749811
        ]
      },
      "properties": {
        "stationId": "Toei.Arakawa.Miyanomae",
        "name": "Miyanomae",
        "nameJa": "宮ノ前",
        "lineIds": [
          "Toei-Arakawa"
        ],
        "ward": "Arakawa",
        "ridership": null,
        "ridershipBand": 2,
        "inFloodZone": true
      }
    },
    {
      "type": "Feature",
      "geometry": {
        "type": "Point",
        "coordinates": [
          139.724759,
          35.728775
        ]
      },
      "properties": {
        "stationId": "Toei.Arakawa.Mukohara",
        "name": "Mukohara",
        "nameJa": "向原",
        "lineIds": [
          "Toei-Arakawa"
        ],
        "ward": "Toshima",
        "ridership": null,
        "ridershipBand": 2,
        "inFloodZone": false
      }
    },
    {
      "type": "Feature",
      "geometry": {
        "type": "Point",
        "coordinates": [
          139.732665,
          35.744222
        ]
      },
      "properties": {
        "stationId": "Toei.Arakawa.NishigaharaYonchome",
        "name": "Nishigahara-yonchome",
        "nameJa": "西ヶ原四丁目",
        "lineIds": [
          "Toei-Arakawa"
        ],
        "ward": "Kita",
        "ridership": null,
        "ridershipBand": 2,
        "inFloodZone": false
      }
    },
    {
      "type": "Feature",
      "geometry": {
        "type": "Point",
        "coordinates": [
          139.761739,
          35.750477
        ]
      },
      "properties": {
        "stationId": "Toei.Arakawa.Odai",
        "name": "Odai",
        "nameJa": "小台",
        "lineIds": [
          "Toei-Arakawa"
        ],
        "ward": "Arakawa",
        "ridership": null,
        "ridershipBand": 2,
        "inFloodZone": true
      }
    },
    {
      "type": "Feature",
      "geometry": {
        "type": "Point",
        "coordinates": [
          139.738045,
          35.752982
        ]
      },
      "properties": {
        "stationId": "Toei.Arakawa.OjiEkimae",
        "name": "Oji-ekimae",
        "nameJa": "王子駅前",
        "lineIds": [
          "Toei-Arakawa"
        ],
        "ward": "Kita",
        "ridership": null,
        "ridershipBand": 2,
        "inFloodZone": false
      }
    },
    {
      "type": "Feature",
      "geometry": {
        "type": "Point",
        "coordinates": [
          139.714199,
          35.713012
        ]
      },
      "properties": {
        "stationId": "Toei.Arakawa.Omokagebashi",
        "name": "Omokagebashi",
        "nameJa": "面影橋",
        "lineIds": [
          "Toei-Arakawa"
        ],
        "ward": "Toshima",
        "ridership": null,
        "ridershipBand": 2,
        "inFloodZone": false
      }
    },
    {
      "type": "Feature",
      "geometry": {
        "type": "Point",
        "coordinates": [
          139.729098,
          35.731188
        ]
      },
      "properties": {
        "stationId": "Toei.Arakawa.OtsukaEkimae",
        "name": "Otsuka-ekimae",
        "nameJa": "大塚駅前",
        "lineIds": [
          "Toei-Arakawa"
        ],
        "ward": "Toshima",
        "ridership": null,
        "ridershipBand": 2,
        "inFloodZone": false
      }
    },
    {
      "type": "Feature",
      "geometry": {
        "type": "Point",
        "coordinates": [
          139.742186,
          35.750865
        ]
      },
      "properties": {
        "stationId": "Toei.Arakawa.Sakaecho",
        "name": "Sakaecho",
        "nameJa": "栄町",
        "lineIds": [
          "Toei-Arakawa"
        ],
        "ward": "Kita",
        "ridership": null,
        "ridershipBand": 2,
        "inFloodZone": false
      }
    },
    {
      "type": "Feature",
      "geometry": {
        "type": "Point",
        "coordinates": [
          139.730344,
          35.74107
        ]
      },
      "properties": {
        "stationId": "Toei.Arakawa.ShinKoshinzuka",
        "name": "Shin-koshinzuka",
        "nameJa": "新庚申塚",
        "lineIds": [
          "Toei-Arakawa"
        ],
        "ward": "Kita",
        "ridership": null,
        "ridershipBand": 2,
        "inFloodZone": false
      }
    },
    {
      "type": "Feature",
      "geometry": {
        "type": "Point",
        "coordinates": [
          139.727684,
          35.735682
        ]
      },
      "properties": {
        "stationId": "Toei.Arakawa.Sugamoshinden",
        "name": "Sugamoshinden",
        "nameJa": "巣鴨新田",
        "lineIds": [
          "Toei-Arakawa"
        ],
        "ward": "Toshima",
        "ridership": null,
        "ridershipBand": 2,
        "inFloodZone": false
      }
    },
    {
      "type": "Feature",
      "geometry": {
        "type": "Point",
        "coordinates": [
          139.73542,
          35.747283
        ]
      },
      "properties": {
        "stationId": "Toei.Arakawa.TakinogawaItchome",
        "name": "Takinogawa-itchome",
        "nameJa": "滝野川一丁目",
        "lineIds": [
          "Toei-Arakawa"
        ],
        "ward": "Kita",
        "ridership": null,
        "ridershipBand": 2,
        "inFloodZone": false
      }
    },
    {
      "type": "Feature",
      "geometry": {
        "type": "Point",
        "coordinates": [
          139.717835,
          35.724081
        ]
      },
      "properties": {
        "stationId": "Toei.Arakawa.TodenZoshigaya",
        "name": "Toden-zoshigaya",
        "nameJa": "都電雑司ヶ谷",
        "lineIds": [
          "Toei-Arakawa"
        ],
        "ward": "Toshima",
        "ridership": null,
        "ridershipBand": 2,
        "inFloodZone": false
      }
    },
    {
      "type": "Feature",
      "geometry": {
        "type": "Point",
        "coordinates": [
          139.719003,
          35.71176
        ]
      },
      "properties": {
        "stationId": "Toei.Arakawa.Waseda",
        "name": "Waseda",
        "nameJa": "早稲田",
        "lineIds": [
          "Toei-Arakawa"
        ],
        "ward": "Toshima",
        "ridership": null,
        "ridershipBand": 2,
        "inFloodZone": false
      }
    },
    {
      "type": "Feature",
      "geometry": {
        "type": "Point",
        "coordinates": [
          139.786335,
          35.697494
        ]
      },
      "properties": {
        "stationId": "Toei.Asakusa.Asakusabashi",
        "name": "Asakusabashi",
        "nameJa": "浅草橋",
        "lineIds": [
          "Toei-Asakusa"
        ],
        "ward": "Taito",
        "ridership": 60025,
        "ridershipBand": 4,
        "inFloodZone": false
      }
    },
    {
      "type": "Feature",
      "geometry": {
        "type": "Point",
        "coordinates": [
          139.796542,
          35.70892
        ]
      },
      "properties": {
        "stationId": "Toei.Asakusa.Asakusa",
        "name": "Asakusa",
        "nameJa": "浅草",
        "lineIds": [
          "Toei-Asakusa"
        ],
        "ward": "Sumida",
        "ridership": 59010,
        "ridershipBand": 4,
        "inFloodZone": true
      }
    },
    {
      "type": "Feature",
      "geometry": {
        "type": "Point",
        "coordinates": [
          139.754679,
          35.65687
        ]
      },
      "properties": {
        "stationId": "Toei.Asakusa.Daimon",
        "name": "Daimon",
        "nameJa": "大門",
        "lineIds": [
          "Toei-Asakusa"
        ],
        "ward": "Minato",
        "ridership": 103281,
        "ridershipBand": 5,
        "inFloodZone": false
      }
    },
    {
      "type": "Feature",
      "geometry": {
        "type": "Point",
        "coordinates": [
          139.723965,
          35.626878
        ]
      },
      "properties": {
        "stationId": "Toei.Asakusa.Gotanda",
        "name": "Gotanda",
        "nameJa": "五反田",
        "lineIds": [
          "Toei-Asakusa"
        ],
        "ward": "Shinagawa",
        "ridership": 59177,
        "ridershipBand": 4,
        "inFloodZone": false
      }
    },
    {
      "type": "Feature",
      "geometry": {
        "type": "Point",
        "coordinates": [
          139.76735,
          35.669915
        ]
      },
      "properties": {
        "stationId": "Toei.Asakusa.HigashiGinza",
        "name": "Higashi-ginza",
        "nameJa": "東銀座",
        "lineIds": [
          "Toei-Asakusa"
        ],
        "ward": "Chuo",
        "ridership": 85509,
        "ridershipBand": 5,
        "inFloodZone": false
      }
    },
    {
      "type": "Feature",
      "geometry": {
        "type": "Point",
        "coordinates": [
          139.784886,
          35.692123
        ]
      },
      "properties": {
        "stationId": "Toei.Asakusa.HigashiNihombashi",
        "name": "Higashi-nihombashi",
        "nameJa": "東日本橋",
        "lineIds": [
          "Toei-Asakusa"
        ],
        "ward": "Taito",
        "ridership": 79857,
        "ridershipBand": 4,
        "inFloodZone": false
      }
    },
    {
      "type": "Feature",
      "geometry": {
        "type": "Point",
        "coordinates": [
          139.711884,
          35.596773
        ]
      },
      "properties": {
        "stationId": "Toei.Asakusa.Magome",
        "name": "Magome",
        "nameJa": "馬込",
        "lineIds": [
          "Toei-Asakusa"
        ],
        "ward": "Shinagawa",
        "ridership": 26346,
        "ridershipBand": 2,
        "inFloodZone": false
      }
    },
    {
      "type": "Feature",
      "geometry": {
        "type": "Point",
        "coordinates": [
          139.746877,
          35.646749
        ]
      },
      "properties": {
        "stationId": "Toei.Asakusa.Mita",
        "name": "Mita",
        "nameJa": "三田",
        "lineIds": [
          "Toei-Asakusa"
        ],
        "ward": "Minato",
        "ridership": 107560,
        "ridershipBand": 5,
        "inFloodZone": false
      }
    },
    {
      "type": "Feature",
      "geometry": {
        "type": "Point",
        "coordinates": [
          139.713645,
          35.605274
        ]
      },
      "properties": {
        "stationId": "Toei.Asakusa.Nakanobu",
        "name": "Nakanobu",
        "nameJa": "中延",
        "lineIds": [
          "Toei-Asakusa"
        ],
        "ward": "Shinagawa",
        "ridership": 27903,
        "ridershipBand": 2,
        "inFloodZone": false
      }
    },
    {
      "type": "Feature",
      "geometry": {
        "type": "Point",
        "coordinates": [
          139.775814,
          35.681796
        ]
      },
      "properties": {
        "stationId": "Toei.Asakusa.Nihombashi",
        "name": "Nihombashi",
        "nameJa": "日本橋",
        "lineIds": [
          "Toei-Asakusa"
        ],
        "ward": "Chuo",
        "ridership": 94679,
        "ridershipBand": 5,
        "inFloodZone": false
      }
    },
    {
      "type": "Feature",
      "geometry": {
        "type": "Point",
        "coordinates": [
          139.782276,
          35.686345
        ]
      },
      "properties": {
        "stationId": "Toei.Asakusa.Ningyocho",
        "name": "Ningyocho",
        "nameJa": "人形町",
        "lineIds": [
          "Toei-Asakusa"
        ],
        "ward": "Chuo",
        "ridership": 54690,
        "ridershipBand": 4,
        "inFloodZone": false
      }
    },
    {
      "type": "Feature",
      "geometry": {
        "type": "Point",
        "coordinates": [
          139.706086,
          35.58705
        ]
      },
      "properties": {
        "stationId": "Toei.Asakusa.NishiMagome",
        "name": "Nishi-magome",
        "nameJa": "西馬込",
        "lineIds": [
          "Toei-Asakusa"
        ],
        "ward": "Ota",
        "ridership": 43636,
        "ridershipBand": 3,
        "inFloodZone": false
      }
    },
    {
      "type": "Feature",
      "geometry": {
        "type": "Point",
        "coordinates": [
          139.812993,
          35.710824
        ]
      },
      "properties": {
        "stationId": "Toei.Asakusa.Oshiage",
        "name": "Oshiage",
        "nameJa": "押上",
        "lineIds": [
          "Toei-Asakusa"
        ],
        "ward": "Sumida",
        "ridership": 227566,
        "ridershipBand": 5,
        "inFloodZone": true
      }
    },
    {
      "type": "Feature",
      "geometry": {
        "type": "Point",
        "coordinates": [
          139.739993,
          35.638715
        ]
      },
      "properties": {
        "stationId": "Toei.Asakusa.Sengakuji",
        "name": "Sengakuji",
        "nameJa": "泉岳寺",
        "lineIds": [
          "Toei-Asakusa"
        ],
        "ward": "Minato",
        "ridership": 209882,
        "ridershipBand": 5,
        "inFloodZone": false
      }
    },
    {
      "type": "Feature",
      "geometry": {
        "type": "Point",
        "coordinates": [
          139.748998,
          35.64865
        ]
      },
      "properties": {
        "stationId": "Toei.Mita.Mita",
        "name": "Mita",
        "nameJa": "三田",
        "lineIds": [
          "Toei-Mita"
        ],
        "ward": "Minato",
        "ridership": 105092,
        "ridershipBand": 5,
        "inFloodZone": false
      }
    },
    {
      "type": "Feature",
      "geometry": {
        "type": "Point",
        "coordinates": [
          139.759338,
          35.665386
        ]
      },
      "properties": {
        "stationId": "Toei.Asakusa.Shimbashi",
        "name": "Shimbashi",
        "nameJa": "新橋",
        "lineIds": [
          "Toei-Asakusa"
        ],
        "ward": "Minato",
        "ridership": 88540,
        "ridershipBand": 5,
        "inFloodZone": false
      }
    },
    {
      "type": "Feature",
      "geometry": {
        "type": "Point",
        "coordinates": [
          139.730384,
          35.631751
        ]
      },
      "properties": {
        "stationId": "Toei.Asakusa.Takanawadai",
        "name": "Takanawadai",
        "nameJa": "高輪台",
        "lineIds": [
          "Toei-Asakusa"
        ],
        "ward": "Shinagawa",
        "ridership": 13969,
        "ridershipBand": 1,
        "inFloodZone": false
      }
    },
    {
      "type": "Feature",
      "geometry": {
        "type": "Point",
        "coordinates": [
          139.771966,
          35.675606
        ]
      },
      "properties": {
        "stationId": "Toei.Asakusa.Takaracho",
        "name": "Takaracho",
        "nameJa": "宝町",
        "lineIds": [
          "Toei-Asakusa"
        ],
        "ward": "Chuo",
        "ridership": 31022,
        "ridershipBand": 2,
        "inFloodZone": false
      }
    },
    {
      "type": "Feature",
      "geometry": {
        "type": "Point",
        "coordinates": [
          139.716315,
          35.614421
        ]
      },
      "properties": {
        "stationId": "Toei.Asakusa.Togoshi",
        "name": "Togoshi",
        "nameJa": "戸越",
        "lineIds": [
          "Toei-Asakusa"
        ],
        "ward": "Shinagawa",
        "ridership": 21299,
        "ridershipBand": 1,
        "inFloodZone": false
      }
    },
    {
      "type": "Feature",
      "geometry": {
        "type": "Point",
        "coordinates": [
          139.678947,
          35.784262
        ]
      },
      "properties": {
        "stationId": "Toei.Mita.Hasune",
        "name": "Hasune",
        "nameJa": "蓮根",
        "lineIds": [
          "Toei-Mita"
        ],
        "ward": "Itabashi",
        "ridership": 19363,
        "ridershipBand": 1,
        "inFloodZone": false
      }
    },
    {
      "type": "Feature",
      "geometry": {
        "type": "Point",
        "coordinates": [
          139.760274,
          35.676585
        ]
      },
      "properties": {
        "stationId": "Toei.Mita.Hibiya",
        "name": "Hibiya",
        "nameJa": "日比谷",
        "lineIds": [
          "Toei-Mita"
        ],
        "ward": "Chuo",
        "ridership": 85848,
        "ridershipBand": 5,
        "inFloodZone": false
      }
    },
    {
      "type": "Feature",
      "geometry": {
        "type": "Point",
        "coordinates": [
          139.71012,
          35.751372
        ]
      },
      "properties": {
        "stationId": "Toei.Mita.ItabashiKuyakushomae",
        "name": "Itabashi-kuyakushomae",
        "nameJa": "板橋区役所前",
        "lineIds": [
          "Toei-Mita"
        ],
        "ward": "Itabashi",
        "ridership": 35514,
        "ridershipBand": 3,
        "inFloodZone": false
      }
    },
    {
      "type": "Feature",
      "geometry": {
        "type": "Point",
        "coordinates": [
          139.705544,
          35.761309
        ]
      },
      "properties": {
        "stationId": "Toei.Mita.Itabashihoncho",
        "name": "Itabashihoncho",
        "nameJa": "板橋本町",
        "lineIds": [
          "Toei-Mita"
        ],
        "ward": "Itabashi",
        "ridership": 37555,
        "ridershipBand": 3,
        "inFloodZone": false
      }
    },
    {
      "type": "Feature",
      "geometry": {
        "type": "Point",
        "coordinates": [
          139.758213,
          35.695331
        ]
      },
      "properties": {
        "stationId": "Toei.Mita.Jimbocho",
        "name": "Jimbocho",
        "nameJa": "神保町",
        "lineIds": [
          "Toei-Mita"
        ],
        "ward": "Chiyoda",
        "ridership": 139451,
        "ridershipBand": 5,
        "inFloodZone": false
      }
    },
    {
      "type": "Feature",
      "geometry": {
        "type": "Point",
        "coordinates": [
          139.753287,
          35.709532
        ]
      },
      "properties": {
        "stationId": "Toei.Mita.Kasuga",
        "name": "Kasuga",
        "nameJa": "春日",
        "lineIds": [
          "Toei-Mita"
        ],
        "ward": "Bunkyo",
        "ridership": 71886,
        "ridershipBand": 4,
        "inFloodZone": false
      }
    },
    {
      "type": "Feature",
      "geometry": {
        "type": "Point",
        "coordinates": [
          139.715444,
          35.633635
        ]
      },
      "properties": {
        "stationId": "Toei.Mita.Meguro",
        "name": "Meguro",
        "nameJa": "目黒",
        "lineIds": [
          "Toei-Mita"
        ],
        "ward": "Meguro",
        "ridership": 108156,
        "ridershipBand": 5,
        "inFloodZone": false
      }
    },
    {
      "type": "Feature",
      "geometry": {
        "type": "Point",
        "coordinates": [
          139.70241,
          35.768566
        ]
      },
      "properties": {
        "stationId": "Toei.Mita.Motohasunuma",
        "name": "Motohasunuma",
        "nameJa": "本蓮沼",
        "lineIds": [
          "Toei-Mita"
        ],
        "ward": "Itabashi",
        "ridership": 25190,
        "ridershipBand": 2,
        "inFloodZone": false
      }
    },
    {
      "type": "Feature",
      "geometry": {
        "type": "Point",
        "coordinates": [
          139.728703,
          35.743568
        ]
      },
      "properties": {
        "stationId": "Toei.Mita.NishiSugamo",
        "name": "Nishi-sugamo",
        "nameJa": "西巣鴨",
        "lineIds": [
          "Toei-Mita"
        ],
        "ward": "Kita",
        "ridership": 29560,
        "ridershipBand": 2,
        "inFloodZone": false
      }
    },
    {
      "type": "Feature",
      "geometry": {
        "type": "Point",
        "coordinates": [
          139.672867,
          35.787074
        ]
      },
      "properties": {
        "stationId": "Toei.Mita.Nishidai",
        "name": "Nishidai",
        "nameJa": "西台",
        "lineIds": [
          "Toei-Mita"
        ],
        "ward": "Itabashi",
        "ridership": 25605,
        "ridershipBand": 2,
        "inFloodZone": false
      }
    },
    {
      "type": "Feature",
      "geometry": {
        "type": "Point",
        "coordinates": [
          139.751366,
          35.660774
        ]
      },
      "properties": {
        "stationId": "Toei.Mita.Onarimon",
        "name": "Onarimon",
        "nameJa": "御成門",
        "lineIds": [
          "Toei-Mita"
        ],
        "ward": "Minato",
        "ridership": 43230,
        "ridershipBand": 3,
        "inFloodZone": false
      }
    },
    {
      "type": "Feature",
      "geometry": {
        "type": "Point",
        "coordinates": [
          139.762798,
          35.684093
        ]
      },
      "properties": {
        "stationId": "Toei.Mita.Otemachi",
        "name": "Otemachi",
        "nameJa": "大手町",
        "lineIds": [
          "Toei-Mita"
        ],
        "ward": "Chiyoda",
        "ridership": 109600,
        "ridershipBand": 5,
        "inFloodZone": false
      }
    },
    {
      "type": "Feature",
      "geometry": {
        "type": "Point",
        "coordinates": [
          139.744984,
          35.727772
        ]
      },
      "properties": {
        "stationId": "Toei.Mita.Sengoku",
        "name": "Sengoku",
        "nameJa": "千石",
        "lineIds": [
          "Toei-Mita"
        ],
        "ward": "Bunkyo",
        "ridership": 31304,
        "ridershipBand": 2,
        "inFloodZone": false
      }
    },
    {
      "type": "Feature",
      "geometry": {
        "type": "Point",
        "coordinates": [
          139.74985,
          35.654186
        ]
      },
      "properties": {
        "stationId": "Toei.Mita.Shibakoen",
        "name": "Shibakoen",
        "nameJa": "芝公園",
        "lineIds": [
          "Toei-Mita"
        ],
        "ward": "Minato",
        "ridership": 28023,
        "ridershipBand": 2,
        "inFloodZone": false
      }
    },
    {
      "type": "Feature",
      "geometry": {
        "type": "Point",
        "coordinates": [
          139.695097,
          35.776082
        ]
      },
      "properties": {
        "stationId": "Toei.Mita.ShimuraSakaue",
        "name": "Shimura-sakaue",
        "nameJa": "志村坂上",
        "lineIds": [
          "Toei-Mita"
        ],
        "ward": "Itabashi",
        "ridership": 30150,
        "ridershipBand": 2,
        "inFloodZone": false
      }
    },
    {
      "type": "Feature",
      "geometry": {
        "type": "Point",
        "coordinates": [
          139.685751,
          35.777468
        ]
      },
      "properties": {
        "stationId": "Toei.Mita.ShimuraSanchome",
        "name": "Shimura-sanchome",
        "nameJa": "志村三丁目",
        "lineIds": [
          "Toei-Mita"
        ],
        "ward": "Itabashi",
        "ridership": 30055,
        "ridershipBand": 2,
        "inFloodZone": false
      }
    },
    {
      "type": "Feature",
      "geometry": {
        "type": "Point",
        "coordinates": [
          139.719808,
          35.748772
        ]
      },
      "properties": {
        "stationId": "Toei.Mita.ShinItabashi",
        "name": "Shin-itabashi",
        "nameJa": "新板橋",
        "lineIds": [
          "Toei-Mita"
        ],
        "ward": "Itabashi",
        "ridership": 29972,
        "ridershipBand": 2,
        "inFloodZone": false
      }
    },
    {
      "type": "Feature",
      "geometry": {
        "type": "Point",
        "coordinates": [
          139.65405,
          35.790289
        ]
      },
      "properties": {
        "stationId": "Toei.Mita.ShinTakashimadaira",
        "name": "Shin-takashimadaira",
        "nameJa": "新高島平",
        "lineIds": [
          "Toei-Mita"
        ],
        "ward": "Nerima",
        "ridership": 9534,
        "ridershipBand": 1,
        "inFloodZone": false
      }
    },
    {
      "type": "Feature",
      "geometry": {
        "type": "Point",
        "coordinates": [
          139.734344,
          35.643283
        ]
      },
      "properties": {
        "stationId": "Toei.Mita.ShirokaneTakanawa",
        "name": "Shirokane-takanawa",
        "nameJa": "白金高輪",
        "lineIds": [
          "Toei-Mita"
        ],
        "ward": "Minato",
        "ridership": 24798,
        "ridershipBand": 2,
        "inFloodZone": false
      }
    },
    {
      "type": "Feature",
      "geometry": {
        "type": "Point",
        "coordinates": [
          139.726007,
          35.637851
        ]
      },
      "properties": {
        "stationId": "Toei.Mita.Shirokanedai",
        "name": "Shirokanedai",
        "nameJa": "白金台",
        "lineIds": [
          "Toei-Mita"
        ],
        "ward": "Meguro",
        "ridership": 10310,
        "ridershipBand": 1,
        "inFloodZone": false
      }
    },
    {
      "type": "Feature",
      "geometry": {
        "type": "Point",
        "coordinates": [
          139.738154,
          35.733793
        ]
      },
      "properties": {
        "stationId": "Toei.Mita.Sugamo",
        "name": "Sugamo",
        "nameJa": "巣鴨",
        "lineIds": [
          "Toei-Mita"
        ],
        "ward": "Toshima",
        "ridership": 88108,
        "ridershipBand": 5,
        "inFloodZone": false
      }
    },
    {
      "type": "Feature",
      "geometry": {
        "type": "Point",
        "coordinates": [
          139.755147,
          35.70346
        ]
      },
      "properties": {
        "stationId": "Toei.Mita.Suidobashi",
        "name": "Suidobashi",
        "nameJa": "水道橋",
        "lineIds": [
          "Toei-Mita"
        ],
        "ward": "Bunkyo",
        "ridership": 47236,
        "ridershipBand": 3,
        "inFloodZone": false
      }
    },
    {
      "type": "Feature",
      "geometry": {
        "type": "Point",
        "coordinates": [
          139.661361,
          35.788908
        ]
      },
      "properties": {
        "stationId": "Toei.Mita.Takashimadaira",
        "name": "Takashimadaira",
        "nameJa": "高島平",
        "lineIds": [
          "Toei-Mita"
        ],
        "ward": "Nerima",
        "ridership": 27789,
        "ridershipBand": 2,
        "inFloodZone": false
      }
    },
    {
      "type": "Feature",
      "geometry": {
        "type": "Point",
        "coordinates": [
          139.75533,
          35.669344
        ]
      },
      "properties": {
        "stationId": "Toei.Mita.Uchisaiwaicho",
        "name": "Uchisaiwaicho",
        "nameJa": "内幸町",
        "lineIds": [
          "Toei-Mita"
        ],
        "ward": "Minato",
        "ridership": 38025,
        "ridershipBand": 3,
        "inFloodZone": false
      }
    },
    {
      "type": "Feature",
      "geometry": {
        "type": "Point",
        "coordinates": [
          139.770376,
          35.754655
        ]
      },
      "properties": {
        "stationId": "Toei.NipporiToneri.AdachiOdai",
        "name": "Adachi-odai",
        "nameJa": "足立小台",
        "lineIds": [
          "Toei-NipporiToneri"
        ],
        "ward": "Arakawa",
        "ridership": 3596,
        "ridershipBand": 1,
        "inFloodZone": true
      }
    },
    {
      "type": "Feature",
      "geometry": {
        "type": "Point",
        "coordinates": [
          139.769025,
          35.742868
        ]
      },
      "properties": {
        "stationId": "Toei.NipporiToneri.AkadoShogakkomae",
        "name": "Akado-shogakkomae",
        "nameJa": "赤土小学校前",
        "lineIds": [
          "Toei-NipporiToneri"
        ],
        "ward": "Arakawa",
        "ridership": 5318,
        "ridershipBand": 1,
        "inFloodZone": true
      }
    },
    {
      "type": "Feature",
      "geometry": {
        "type": "Point",
        "coordinates": [
          139.77029,
          35.773954
        ]
      },
      "properties": {
        "stationId": "Toei.NipporiToneri.Kohoku",
        "name": "Kohoku",
        "nameJa": "江北",
        "lineIds": [
          "Toei-NipporiToneri"
        ],
        "ward": "Adachi",
        "ridership": 12626,
        "ridershipBand": 1,
        "inFloodZone": true
      }
    },
    {
      "type": "Feature",
      "geometry": {
        "type": "Point",
        "coordinates": [
          139.770692,
          35.768351
        ]
      },
      "properties": {
        "stationId": "Toei.NipporiToneri.Koya",
        "name": "Koya",
        "nameJa": "高野",
        "lineIds": [
          "Toei-NipporiToneri"
        ],
        "ward": "Adachi",
        "ridership": 6207,
        "ridershipBand": 1,
        "inFloodZone": true
      }
    },
    {
      "type": "Feature",
      "geometry": {
        "type": "Point",
        "coordinates": [
          139.769828,
          35.748513
        ]
      },
      "properties": {
        "stationId": "Toei.NipporiToneri.Kumanomae",
        "name": "Kumanomae",
        "nameJa": "熊野前",
        "lineIds": [
          "Toei-NipporiToneri"
        ],
        "ward": "Arakawa",
        "ridership": 8714,
        "ridershipBand": 1,
        "inFloodZone": true
      }
    },
    {
      "type": "Feature",
      "geometry": {
        "type": "Point",
        "coordinates": [
          139.770707,
          35.814541
        ]
      },
      "properties": {
        "stationId": "Toei.NipporiToneri.MinumadaiShinsuikoen",
        "name": "Minumadai-shinsuikoen",
        "nameJa": "見沼代親水公園",
        "lineIds": [
          "Toei-NipporiToneri"
        ],
        "ward": "Adachi",
        "ridership": 13251,
        "ridershipBand": 1,
        "inFloodZone": true
      }
    },
    {
      "type": "Feature",
      "geometry": {
        "type": "Point",
        "coordinates": [
          139.771121,
          35.728793
        ]
      },
      "properties": {
        "stationId": "Toei.NipporiToneri.Nippori",
        "name": "Nippori",
        "nameJa": "日暮里",
        "lineIds": [
          "Toei-NipporiToneri"
        ],
        "ward": "Arakawa",
        "ridership": 52085,
        "ridershipBand": 4,
        "inFloodZone": true
      }
    },
    {
      "type": "Feature",
      "geometry": {
        "type": "Point",
        "coordinates": [
          139.743989,
          35.654985
        ]
      },
      "properties": {
        "stationId": "Toei.Oedo.Akabanebashi",
        "name": "Akabanebashi",
        "nameJa": "赤羽橋",
        "lineIds": [
          "Toei-Oedo"
        ],
        "ward": "Minato",
        "ridership": 37465,
        "ridershipBand": 3,
        "inFloodZone": false
      }
    },
    {
      "type": "Feature",
      "geometry": {
        "type": "Point",
        "coordinates": [
          139.768169,
          35.733739
        ]
      },
      "properties": {
        "stationId": "Toei.NipporiToneri.NishiNippori",
        "name": "Nishi-nippori",
        "nameJa": "西日暮里",
        "lineIds": [
          "Toei-NipporiToneri"
        ],
        "ward": "Arakawa",
        "ridership": 31946,
        "ridershipBand": 3,
        "inFloodZone": true
      }
    },
    {
      "type": "Feature",
      "geometry": {
        "type": "Point",
        "coordinates": [
          139.770077,
          35.78151
        ]
      },
      "properties": {
        "stationId": "Toei.NipporiToneri.NishiaraidaishiNishi",
        "name": "Nishiaraidaishi-nishi",
        "nameJa": "西新井大師西",
        "lineIds": [
          "Toei-NipporiToneri"
        ],
        "ward": "Adachi",
        "ridership": 11848,
        "ridershipBand": 1,
        "inFloodZone": true
      }
    },
    {
      "type": "Feature",
      "geometry": {
        "type": "Point",
        "coordinates": [
          139.770798,
          35.763906
        ]
      },
      "properties": {
        "stationId": "Toei.NipporiToneri.OgiOhashi",
        "name": "Ogi-ohashi",
        "nameJa": "扇大橋",
        "lineIds": [
          "Toei-NipporiToneri"
        ],
        "ward": "Adachi",
        "ridership": 9914,
        "ridershipBand": 1,
        "inFloodZone": true
      }
    },
    {
      "type": "Feature",
      "geometry": {
        "type": "Point",
        "coordinates": [
          139.770159,
          35.796384
        ]
      },
      "properties": {
        "stationId": "Toei.NipporiToneri.ToneriKoen",
        "name": "Toneri-koen",
        "nameJa": "舎人公園",
        "lineIds": [
          "Toei-NipporiToneri"
        ],
        "ward": "Adachi",
        "ridership": 4820,
        "ridershipBand": 1,
        "inFloodZone": true
      }
    },
    {
      "type": "Feature",
      "geometry": {
        "type": "Point",
        "coordinates": [
          139.770069,
          35.80569
        ]
      },
      "properties": {
        "stationId": "Toei.NipporiToneri.Toneri",
        "name": "Toneri",
        "nameJa": "舎人",
        "lineIds": [
          "Toei-NipporiToneri"
        ],
        "ward": "Adachi",
        "ridership": 9145,
        "ridershipBand": 1,
        "inFloodZone": true
      }
    },
    {
      "type": "Feature",
      "geometry": {
        "type": "Point",
        "coordinates": [
          139.770036,
          35.788787
        ]
      },
      "properties": {
        "stationId": "Toei.NipporiToneri.Yazaike",
        "name": "Yazaike",
        "nameJa": "谷在家",
        "lineIds": [
          "Toei-NipporiToneri"
        ],
        "ward": "Adachi",
        "ridership": 10579,
        "ridershipBand": 1,
        "inFloodZone": true
      }
    },
    {
      "type": "Feature",
      "geometry": {
        "type": "Point",
        "coordinates": [
          139.723925,
          35.673067
        ]
      },
      "properties": {
        "stationId": "Toei.Oedo.AoyamaItchome",
        "name": "Aoyama-itchome",
        "nameJa": "青山一丁目",
        "lineIds": [
          "Toei-Oedo"
        ],
        "ward": "Shibuya",
        "ridership": 68934,
        "ridershipBand": 4,
        "inFloodZone": false
      }
    },
    {
      "type": "Feature",
      "geometry": {
        "type": "Point",
        "coordinates": [
          139.73633,
          35.656448
        ]
      },
      "properties": {
        "stationId": "Toei.Oedo.AzabuJuban",
        "name": "Azabu-juban",
        "nameJa": "麻布十番",
        "lineIds": [
          "Toei-Oedo"
        ],
        "ward": "Minato",
        "ridership": 32029,
        "ridershipBand": 3,
        "inFloodZone": false
      }
    },
    {
      "type": "Feature",
      "geometry": {
        "type": "Point",
        "coordinates": [
          139.755696,
          35.656671
        ]
      },
      "properties": {
        "stationId": "Toei.Oedo.Daimon",
        "name": "Daimon",
        "nameJa": "大門",
        "lineIds": [
          "Toei-Oedo"
        ],
        "ward": "Minato",
        "ridership": 116169,
        "ridershipBand": 5,
        "inFloodZone": false
      }
    },
    {
      "type": "Feature",
      "geometry": {
        "type": "Point",
        "coordinates": [
          139.683112,
          35.70716
        ]
      },
      "properties": {
        "stationId": "Toei.Oedo.HigashiNakano",
        "name": "Higashi-nakano",
        "nameJa": "東中野",
        "lineIds": [
          "Toei-Oedo"
        ],
        "ward": "Nakano",
        "ridership": 25362,
        "ridershipBand": 2,
        "inFloodZone": false
      }
    },
    {
      "type": "Feature",
      "geometry": {
        "type": "Point",
        "coordinates": [
          139.707434,
          35.697957
        ]
      },
      "properties": {
        "stationId": "Toei.Oedo.HigashiShinjuku",
        "name": "Higashi-shinjuku",
        "nameJa": "東新宿",
        "lineIds": [
          "Toei-Oedo"
        ],
        "ward": "Shinjuku",
        "ridership": 37339,
        "ridershipBand": 3,
        "inFloodZone": false
      }
    },
    {
      "type": "Feature",
      "geometry": {
        "type": "Point",
        "coordinates": [
          139.628901,
          35.758527
        ]
      },
      "properties": {
        "stationId": "Toei.Oedo.Hikarigaoka",
        "name": "Hikarigaoka",
        "nameJa": "光が丘",
        "lineIds": [
          "Toei-Oedo"
        ],
        "ward": "Nerima",
        "ridership": 56838,
        "ridershipBand": 4,
        "inFloodZone": false
      }
    },
    {
      "type": "Feature",
      "geometry": {
        "type": "Point",
        "coordinates": [
          139.760524,
          35.70751
        ]
      },
      "properties": {
        "stationId": "Toei.Oedo.HongoSanchome",
        "name": "Hongo-sanchome",
        "nameJa": "本郷三丁目",
        "lineIds": [
          "Toei-Oedo"
        ],
        "ward": "Bunkyo",
        "ridership": 22043,
        "ridershipBand": 1,
        "inFloodZone": false
      }
    },
    {
      "type": "Feature",
      "geometry": {
        "type": "Point",
        "coordinates": [
          139.745257,
          35.702952
        ]
      },
      "properties": {
        "stationId": "Toei.Oedo.Iidabashi",
        "name": "Iidabashi",
        "nameJa": "飯田橋",
        "lineIds": [
          "Toei-Oedo"
        ],
        "ward": "Bunkyo",
        "ridership": 28807,
        "ridershipBand": 2,
        "inFloodZone": false
      }
    },
    {
      "type": "Feature",
      "geometry": {
        "type": "Point",
        "coordinates": [
          139.777138,
          35.658934
        ]
      },
      "properties": {
        "stationId": "Toei.Oedo.Kachidoki",
        "name": "Kachidoki",
        "nameJa": "勝どき",
        "lineIds": [
          "Toei-Oedo"
        ],
        "ward": "Chuo",
        "ridership": 91189,
        "ridershipBand": 5,
        "inFloodZone": false
      }
    },
    {
      "type": "Feature",
      "geometry": {
        "type": "Point",
        "coordinates": [
          139.752487,
          35.708493
        ]
      },
      "properties": {
        "stationId": "Toei.Oedo.Kasuga",
        "name": "Kasuga",
        "nameJa": "春日",
        "lineIds": [
          "Toei-Oedo"
        ],
        "ward": "Bunkyo",
        "ridership": 60957,
        "ridershipBand": 4,
        "inFloodZone": false
      }
    },
    {
      "type": "Feature",
      "geometry": {
        "type": "Point",
        "coordinates": [
          139.798758,
          35.682355
        ]
      },
      "properties": {
        "stationId": "Toei.Oedo.KiyosumiShirakawa",
        "name": "Kiyosumi-shirakawa",
        "nameJa": "清澄白河",
        "lineIds": [
          "Toei-Oedo"
        ],
        "ward": "Koto",
        "ridership": 40727,
        "ridershipBand": 3,
        "inFloodZone": true
      }
    },
    {
      "type": "Feature",
      "geometry": {
        "type": "Point",
        "coordinates": [
          139.714667,
          35.679896
        ]
      },
      "properties": {
        "stationId": "Toei.Oedo.KokuritsuKyogijo",
        "name": "Kokuritsu-kyogijo",
        "nameJa": "国立競技場",
        "lineIds": [
          "Toei-Oedo"
        ],
        "ward": "Shinjuku",
        "ridership": 13711,
        "ridershipBand": 1,
        "inFloodZone": false
      }
    },
    {
      "type": "Feature",
      "geometry": {
        "type": "Point",
        "coordinates": [
          139.792244,
          35.705587
        ]
      },
      "properties": {
        "stationId": "Toei.Oedo.Kuramae",
        "name": "Kuramae",
        "nameJa": "蔵前",
        "lineIds": [
          "Toei-Oedo"
        ],
        "ward": "Sumida",
        "ridership": 37966,
        "ridershipBand": 3,
        "inFloodZone": true
      }
    },
    {
      "type": "Feature",
      "geometry": {
        "type": "Point",
        "coordinates": [
          139.795124,
          35.672772
        ]
      },
      "properties": {
        "stationId": "Toei.Oedo.MonzenNakacho",
        "name": "Monzen-nakacho",
        "nameJa": "門前仲町",
        "lineIds": [
          "Toei-Oedo"
        ],
        "ward": "Koto",
        "ridership": 81017,
        "ridershipBand": 5,
        "inFloodZone": true
      }
    },
    {
      "type": "Feature",
      "geometry": {
        "type": "Point",
        "coordinates": [
          139.798251,
          35.687926
        ]
      },
      "properties": {
        "stationId": "Toei.Oedo.Morishita",
        "name": "Morishita",
        "nameJa": "森下",
        "lineIds": [
          "Toei-Oedo"
        ],
        "ward": "Koto",
        "ridership": 65316,
        "ridershipBand": 4,
        "inFloodZone": true
      }
    },
    {
      "type": "Feature",
      "geometry": {
        "type": "Point",
        "coordinates": [
          139.686296,
          35.713935
        ]
      },
      "properties": {
        "stationId": "Toei.Oedo.Nakai",
        "name": "Nakai",
        "nameJa": "中井",
        "lineIds": [
          "Toei-Oedo"
        ],
        "ward": "Nakano",
        "ridership": 25182,
        "ridershipBand": 2,
        "inFloodZone": false
      }
    },
    {
      "type": "Feature",
      "geometry": {
        "type": "Point",
        "coordinates": [
          139.682899,
          35.697887
        ]
      },
      "properties": {
        "stationId": "Toei.Oedo.NakanoSakaue",
        "name": "Nakano-sakaue",
        "nameJa": "中野坂上",
        "lineIds": [
          "Toei-Oedo"
        ],
        "ward": "Shinjuku",
        "ridership": 40469,
        "ridershipBand": 3,
        "inFloodZone": false
      }
    },
    {
      "type": "Feature",
      "geometry": {
        "type": "Point",
        "coordinates": [
          139.6403,
          35.75141
        ]
      },
      "properties": {
        "stationId": "Toei.Oedo.NerimaKasugacho",
        "name": "Nerima-kasugacho",
        "nameJa": "練馬春日町",
        "lineIds": [
          "Toei-Oedo"
        ],
        "ward": "Nerima",
        "ridership": 22655,
        "ridershipBand": 2,
        "inFloodZone": false
      }
    },
    {
      "type": "Feature",
      "geometry": {
        "type": "Point",
        "coordinates": [
          139.654762,
          35.737411
        ]
      },
      "properties": {
        "stationId": "Toei.Oedo.Nerima",
        "name": "Nerima",
        "nameJa": "練馬",
        "lineIds": [
          "Toei-Oedo"
        ],
        "ward": "Nerima",
        "ridership": 78323,
        "ridershipBand": 4,
        "inFloodZone": false
      }
    },
    {
      "type": "Feature",
      "geometry": {
        "type": "Point",
        "coordinates": [
          139.684545,
          35.689892
        ]
      },
      "properties": {
        "stationId": "Toei.Oedo.NishiShinjukuGochome",
        "name": "Nishi-shinjuku-gochome",
        "nameJa": "西新宿五丁目",
        "lineIds": [
          "Toei-Oedo"
        ],
        "ward": "Shinjuku",
        "ridership": 32776,
        "ridershipBand": 3,
        "inFloodZone": false
      }
    },
    {
      "type": "Feature",
      "geometry": {
        "type": "Point",
        "coordinates": [
          139.683389,
          35.723435
        ]
      },
      "properties": {
        "stationId": "Toei.Oedo.OchiaiMinamiNagasaki",
        "name": "Ochiai-minami-nagasaki",
        "nameJa": "落合南長崎",
        "lineIds": [
          "Toei-Oedo"
        ],
        "ward": "Nakano",
        "ridership": 27118,
        "ridershipBand": 2,
        "inFloodZone": false
      }
    },
    {
      "type": "Feature",
      "geometry": {
        "type": "Point",
        "coordinates": [
          139.731354,
          35.664106
        ]
      },
      "properties": {
        "stationId": "Toei.Oedo.Roppongi",
        "name": "Roppongi",
        "nameJa": "六本木",
        "lineIds": [
          "Toei-Oedo"
        ],
        "ward": "Minato",
        "ridership": 83043,
        "ridershipBand": 5,
        "inFloodZone": false
      }
    },
    {
      "type": "Feature",
      "geometry": {
        "type": "Point",
        "coordinates": [
          139.797469,
          35.696807
        ]
      },
      "properties": {
        "stationId": "Toei.Oedo.Ryogoku",
        "name": "Ryogoku",
        "nameJa": "両国",
        "lineIds": [
          "Toei-Oedo"
        ],
        "ward": "Sumida",
        "ridership": 34318,
        "ridershipBand": 3,
        "inFloodZone": true
      }
    },
    {
      "type": "Feature",
      "geometry": {
        "type": "Point",
        "coordinates": [
          139.670498,
          35.732579
        ]
      },
      "properties": {
        "stationId": "Toei.Oedo.ShinEgota",
        "name": "Shin-egota",
        "nameJa": "新江古田",
        "lineIds": [
          "Toei-Oedo"
        ],
        "ward": "Nerima",
        "ridership": 28904,
        "ridershipBand": 2,
        "inFloodZone": false
      }
    },
    {
      "type": "Feature",
      "geometry": {
        "type": "Point",
        "coordinates": [
          139.782166,
          35.707009
        ]
      },
      "properties": {
        "stationId": "Toei.Oedo.ShinOkachimachi",
        "name": "Shin-okachimachi",
        "nameJa": "新御徒町",
        "lineIds": [
          "Toei-Oedo"
        ],
        "ward": "Taito",
        "ridership": 58639,
        "ridershipBand": 4,
        "inFloodZone": false
      }
    },
    {
      "type": "Feature",
      "geometry": {
        "type": "Point",
        "coordinates": [
          139.699121,
          35.693367
        ]
      },
      "properties": {
        "stationId": "Toei.Oedo.ShinjukuNishiguchi",
        "name": "Shinjuku-nishiguchi",
        "nameJa": "新宿西口",
        "lineIds": [
          "Toei-Oedo"
        ],
        "ward": "Shinjuku",
        "ridership": 53643,
        "ridershipBand": 4,
        "inFloodZone": false
      }
    },
    {
      "type": "Feature",
      "geometry": {
        "type": "Point",
        "coordinates": [
          139.699019,
          35.688462
        ]
      },
      "properties": {
        "stationId": "Toei.Oedo.Shinjuku",
        "name": "Shinjuku",
        "nameJa": "新宿",
        "lineIds": [
          "Toei-Oedo"
        ],
        "ward": "Shinjuku",
        "ridership": 128940,
        "ridershipBand": 5,
        "inFloodZone": false
      }
    },
    {
      "type": "Feature",
      "geometry": {
        "type": "Point",
        "coordinates": [
          139.760225,
          35.663193
        ]
      },
      "properties": {
        "stationId": "Toei.Oedo.Shiodome",
        "name": "Shiodome",
        "nameJa": "汐留",
        "lineIds": [
          "Toei-Oedo"
        ],
        "ward": "Minato",
        "ridership": 39331,
        "ridershipBand": 3,
        "inFloodZone": false
      }
    },
    {
      "type": "Feature",
      "geometry": {
        "type": "Point",
        "coordinates": [
          139.692677,
          35.690607
        ]
      },
      "properties": {
        "stationId": "Toei.Oedo.Tochomae",
        "name": "Tochomae",
        "nameJa": "都庁前",
        "lineIds": [
          "Toei-Oedo"
        ],
        "ward": "Shinjuku",
        "ridership": 49779,
        "ridershipBand": 4,
        "inFloodZone": false
      }
    },
    {
      "type": "Feature",
      "geometry": {
        "type": "Point",
        "coordinates": [
          139.649116,
          35.741711
        ]
      },
      "properties": {
        "stationId": "Toei.Oedo.Toshimaen",
        "name": "Toshimaen",
        "nameJa": "豊島園",
        "lineIds": [
          "Toei-Oedo"
        ],
        "ward": "Nerima",
        "ridership": 14294,
        "ridershipBand": 1,
        "inFloodZone": false
      }
    },
    {
      "type": "Feature",
      "geometry": {
        "type": "Point",
        "coordinates": [
          139.766929,
          35.664919
        ]
      },
      "properties": {
        "stationId": "Toei.Oedo.Tsukijishijo",
        "name": "Tsukijishijo",
        "nameJa": "築地市場",
        "lineIds": [
          "Toei-Oedo"
        ],
        "ward": "Chuo",
        "ridership": 23281,
        "ridershipBand": 2,
        "inFloodZone": false
      }
    },
    {
      "type": "Feature",
      "geometry": {
        "type": "Point",
        "coordinates": [
          139.783912,
          35.663757
        ]
      },
      "properties": {
        "stationId": "Toei.Oedo.Tsukishima",
        "name": "Tsukishima",
        "nameJa": "月島",
        "lineIds": [
          "Toei-Oedo"
        ],
        "ward": "Chuo",
        "ridership": 69362,
        "ridershipBand": 4,
        "inFloodZone": false
      }
    },
    {
      "type": "Feature",
      "geometry": {
        "type": "Point",
        "coordinates": [
          139.773351,
          35.707949
        ]
      },
      "properties": {
        "stationId": "Toei.Oedo.UenoOkachimachi",
        "name": "Ueno-okachimachi",
        "nameJa": "上野御徒町",
        "lineIds": [
          "Toei-Oedo"
        ],
        "ward": "Taito",
        "ridership": 56630,
        "ridershipBand": 4,
        "inFloodZone": false
      }
    },
    {
      "type": "Feature",
      "geometry": {
        "type": "Point",
        "coordinates": [
          139.735894,
          35.700911
        ]
      },
      "properties": {
        "stationId": "Toei.Oedo.UshigomeKagurazaka",
        "name": "Ushigome-kagurazaka",
        "nameJa": "牛込神楽坂",
        "lineIds": [
          "Toei-Oedo"
        ],
        "ward": "Bunkyo",
        "ridership": 13686,
        "ridershipBand": 1,
        "inFloodZone": false
      }
    },
    {
      "type": "Feature",
      "geometry": {
        "type": "Point",
        "coordinates": [
          139.72504,
          35.699501
        ]
      },
      "properties": {
        "stationId": "Toei.Oedo.UshigomeYanagicho",
        "name": "Ushigome-yanagicho",
        "nameJa": "牛込柳町",
        "lineIds": [
          "Toei-Oedo"
        ],
        "ward": "Shinjuku",
        "ridership": 19954,
        "ridershipBand": 1,
        "inFloodZone": false
      }
    },
    {
      "type": "Feature",
      "geometry": {
        "type": "Point",
        "coordinates": [
          139.718043,
          35.699188
        ]
      },
      "properties": {
        "stationId": "Toei.Oedo.WakamatsuKawada",
        "name": "Wakamatsu-kawada",
        "nameJa": "若松河田",
        "lineIds": [
          "Toei-Oedo"
        ],
        "ward": "Shinjuku",
        "ridership": 28849,
        "ridershipBand": 2,
        "inFloodZone": false
      }
    },
    {
      "type": "Feature",
      "geometry": {
        "type": "Point",
        "coordinates": [
          139.701603,
          35.683505
        ]
      },
      "properties": {
        "stationId": "Toei.Oedo.Yoyogi",
        "name": "Yoyogi",
        "nameJa": "代々木",
        "lineIds": [
          "Toei-Oedo"
        ],
        "ward": "Shinjuku",
        "ridership": 32870,
        "ridershipBand": 3,
        "inFloodZone": false
      }
    },
    {
      "type": "Feature",
      "geometry": {
        "type": "Point",
        "coordinates": [
          139.722317,
          35.692402
        ]
      },
      "properties": {
        "stationId": "Toei.Shinjuku.Akebonobashi",
        "name": "Akebonobashi",
        "nameJa": "曙橋",
        "lineIds": [
          "Toei-Shinjuku"
        ],
        "ward": "Shinjuku",
        "ridership": 36403,
        "ridershipBand": 3,
        "inFloodZone": false
      }
    },
    {
      "type": "Feature",
      "geometry": {
        "type": "Point",
        "coordinates": [
          139.783006,
          35.69193
        ]
      },
      "properties": {
        "stationId": "Toei.Shinjuku.BakuroYokoyama",
        "name": "Bakuro-yokoyama",
        "nameJa": "馬喰横山",
        "lineIds": [
          "Toei-Shinjuku"
        ],
        "ward": "Taito",
        "ridership": 112233,
        "ridershipBand": 5,
        "inFloodZone": false
      }
    },
    {
      "type": "Feature",
      "geometry": {
        "type": "Point",
        "coordinates": [
          139.863955,
          35.68376
        ]
      },
      "properties": {
        "stationId": "Toei.Shinjuku.Funabori",
        "name": "Funabori",
        "nameJa": "船堀",
        "lineIds": [
          "Toei-Shinjuku"
        ],
        "ward": "Edogawa",
        "ridership": 58409,
        "ridershipBand": 4,
        "inFloodZone": true
      }
    },
    {
      "type": "Feature",
      "geometry": {
        "type": "Point",
        "coordinates": [
          139.787725,
          35.688601
        ]
      },
      "properties": {
        "stationId": "Toei.Shinjuku.Hamacho",
        "name": "Hamacho",
        "nameJa": "浜町",
        "lineIds": [
          "Toei-Shinjuku"
        ],
        "ward": "Chuo",
        "ridership": 21447,
        "ridershipBand": 1,
        "inFloodZone": false
      }
    },
    {
      "type": "Feature",
      "geometry": {
        "type": "Point",
        "coordinates": [
          139.847255,
          35.689959
        ]
      },
      "properties": {
        "stationId": "Toei.Shinjuku.HigashiOjima",
        "name": "Higashi-ojima",
        "nameJa": "東大島",
        "lineIds": [
          "Toei-Shinjuku"
        ],
        "ward": "Edogawa",
        "ridership": 30424,
        "ridershipBand": 2,
        "inFloodZone": true
      }
    },
    {
      "type": "Feature",
      "geometry": {
        "type": "Point",
        "coordinates": [
          139.751738,
          35.695546
        ]
      },
      "properties": {
        "stationId": "Toei.Shinjuku.Kudanshita",
        "name": "Kudanshita",
        "nameJa": "九段下",
        "lineIds": [
          "Toei-Shinjuku"
        ],
        "ward": "Chiyoda",
        "ridership": 111197,
        "ridershipBand": 5,
        "inFloodZone": false
      }
    },
    {
      "type": "Feature",
      "geometry": {
        "type": "Point",
        "coordinates": [
          139.737588,
          35.69153
        ]
      },
      "properties": {
        "stationId": "Toei.Shinjuku.Ichigaya",
        "name": "Ichigaya",
        "nameJa": "市ヶ谷",
        "lineIds": [
          "Toei-Shinjuku"
        ],
        "ward": "Chiyoda",
        "ridership": 90108,
        "ridershipBand": 5,
        "inFloodZone": false
      }
    },
    {
      "type": "Feature",
      "geometry": {
        "type": "Point",
        "coordinates": [
          139.882586,
          35.685987
        ]
      },
      "properties": {
        "stationId": "Toei.Shinjuku.Ichinoe",
        "name": "Ichinoe",
        "nameJa": "一之江",
        "lineIds": [
          "Toei-Shinjuku"
        ],
        "ward": "Edogawa",
        "ridership": 43043,
        "ridershipBand": 3,
        "inFloodZone": true
      }
    },
    {
      "type": "Feature",
      "geometry": {
        "type": "Point",
        "coordinates": [
          139.775115,
          35.695607
        ]
      },
      "properties": {
        "stationId": "Toei.Shinjuku.Iwamotocho",
        "name": "Iwamotocho",
        "nameJa": "岩本町",
        "lineIds": [
          "Toei-Shinjuku"
        ],
        "ward": "Taito",
        "ridership": 52330,
        "ridershipBand": 4,
        "inFloodZone": false
      }
    },
    {
      "type": "Feature",
      "geometry": {
        "type": "Point",
        "coordinates": [
          139.757981,
          35.695972
        ]
      },
      "properties": {
        "stationId": "Toei.Shinjuku.Jimbocho",
        "name": "Jimbocho",
        "nameJa": "神保町",
        "lineIds": [
          "Toei-Shinjuku"
        ],
        "ward": "Chiyoda",
        "ridership": 123381,
        "ridershipBand": 5,
        "inFloodZone": false
      }
    },
    {
      "type": "Feature",
      "geometry": {
        "type": "Point",
        "coordinates": [
          139.806057,
          35.688399
        ]
      },
      "properties": {
        "stationId": "Toei.Shinjuku.Kikukawa",
        "name": "Kikukawa",
        "nameJa": "菊川",
        "lineIds": [
          "Toei-Shinjuku"
        ],
        "ward": "Koto",
        "ridership": 24573,
        "ridershipBand": 2,
        "inFloodZone": true
      }
    },
    {
      "type": "Feature",
      "geometry": {
        "type": "Point",
        "coordinates": [
          139.815723,
          35.68904
        ]
      },
      "properties": {
        "stationId": "Toei.Shinjuku.Sumiyoshi",
        "name": "Sumiyoshi",
        "nameJa": "住吉",
        "lineIds": [
          "Toei-Shinjuku"
        ],
        "ward": "Koto",
        "ridership": 41577,
        "ridershipBand": 3,
        "inFloodZone": true
      }
    },
    {
      "type": "Feature",
      "geometry": {
        "type": "Point",
        "coordinates": [
          139.8977,
          35.69351
        ]
      },
      "properties": {
        "stationId": "Toei.Shinjuku.Mizue",
        "name": "Mizue",
        "nameJa": "瑞江",
        "lineIds": [
          "Toei-Shinjuku"
        ],
        "ward": "Edogawa",
        "ridership": 55028,
        "ridershipBand": 4,
        "inFloodZone": true
      }
    },
    {
      "type": "Feature",
      "geometry": {
        "type": "Point",
        "coordinates": [
          139.796623,
          35.687982
        ]
      },
      "properties": {
        "stationId": "Toei.Shinjuku.Morishita",
        "name": "Morishita",
        "nameJa": "森下",
        "lineIds": [
          "Toei-Shinjuku"
        ],
        "ward": "Koto",
        "ridership": 74094,
        "ridershipBand": 4,
        "inFloodZone": true
      }
    },
    {
      "type": "Feature",
      "geometry": {
        "type": "Point",
        "coordinates": [
          139.926613,
          35.722819
        ]
      },
      "properties": {
        "stationId": "Toei.Shinjuku.Motoyawata",
        "name": "Motoyawata",
        "nameJa": "本八幡",
        "lineIds": [
          "Toei-Shinjuku"
        ],
        "ward": "Edogawa",
        "ridership": 72322,
        "ridershipBand": 4,
        "inFloodZone": true
      }
    },
    {
      "type": "Feature",
      "geometry": {
        "type": "Point",
        "coordinates": [
          139.826231,
          35.689391
        ]
      },
      "properties": {
        "stationId": "Toei.Shinjuku.NishiOjima",
        "name": "Nishi-ojima",
        "nameJa": "西大島",
        "lineIds": [
          "Toei-Shinjuku"
        ],
        "ward": "Koto",
        "ridership": 27698,
        "ridershipBand": 2,
        "inFloodZone": true
      }
    },
    {
      "type": "Feature",
      "geometry": {
        "type": "Point",
        "coordinates": [
          139.766449,
          35.695005
        ]
      },
      "properties": {
        "stationId": "Toei.Shinjuku.Ogawamachi",
        "name": "Ogawamachi",
        "nameJa": "小川町",
        "lineIds": [
          "Toei-Shinjuku"
        ],
        "ward": "Chiyoda",
        "ridership": 73254,
        "ridershipBand": 4,
        "inFloodZone": false
      }
    },
    {
      "type": "Feature",
      "geometry": {
        "type": "Point",
        "coordinates": [
          139.834705,
          35.689752
        ]
      },
      "properties": {
        "stationId": "Toei.Shinjuku.Ojima",
        "name": "Ojima",
        "nameJa": "大島",
        "lineIds": [
          "Toei-Shinjuku"
        ],
        "ward": "Koto",
        "ridership": 31661,
        "ridershipBand": 3,
        "inFloodZone": true
      }
    },
    {
      "type": "Feature",
      "geometry": {
        "type": "Point",
        "coordinates": [
          139.706794,
          35.691016
        ]
      },
      "properties": {
        "stationId": "Toei.Shinjuku.ShinjukuSanchome",
        "name": "Shinjuku-sanchome",
        "nameJa": "新宿三丁目",
        "lineIds": [
          "Toei-Shinjuku"
        ],
        "ward": "Shinjuku",
        "ridership": 72667,
        "ridershipBand": 4,
        "inFloodZone": false
      }
    },
    {
      "type": "Feature",
      "geometry": {
        "type": "Point",
        "coordinates": [
          139.698418,
          35.688433
        ]
      },
      "properties": {
        "stationId": "Toei.Shinjuku.Shinjuku",
        "name": "Shinjuku",
        "nameJa": "新宿",
        "lineIds": [
          "Toei-Shinjuku"
        ],
        "ward": "Shinjuku",
        "ridership": 289400,
        "ridershipBand": 5,
        "inFloodZone": false
      }
    },
    {
      "type": "Feature",
      "geometry": {
        "type": "Point",
        "coordinates": [
          139.903796,
          35.706022
        ]
      },
      "properties": {
        "stationId": "Toei.Shinjuku.Shinozaki",
        "name": "Shinozaki",
        "nameJa": "篠崎",
        "lineIds": [
          "Toei-Shinjuku"
        ],
        "ward": "Edogawa",
        "ridership": 39512,
        "ridershipBand": 3,
        "inFloodZone": true
      }
    },
    {
      "type": "Feature",
      "geometry": {
        "type": "Point",
        "coordinates": [
          139.73856634999999,
          35.628655325
        ]
      },
      "properties": {
        "stationId": "osm-3589537622",
        "name": "Shinagawa",
        "nameJa": "品川",
        "lineIds": [
          "JR-Keihin-Tohoku",
          "JR-Yamanote"
        ],
        "ward": "Shinagawa",
        "ridership": null,
        "ridershipBand": 3,
        "inFloodZone": false
      }
    },
    {
      "type": "Feature",
      "geometry": {
        "type": "Point",
        "coordinates": [
          139.7285842,
          35.619437
        ]
      },
      "properties": {
        "stationId": "osm-3406728238",
        "name": "Osaki",
        "nameJa": "大崎",
        "lineIds": [
          "JR-Saikyo",
          "JR-Yamanote"
        ],
        "ward": "Shinagawa",
        "ridership": null,
        "ridershipBand": 3,
        "inFloodZone": false
      }
    },
    {
      "type": "Feature",
      "geometry": {
        "type": "Point",
        "coordinates": [
          139.7236289,
          35.6262569
        ]
      },
      "properties": {
        "stationId": "osm-1593325906",
        "name": "Gotanda",
        "nameJa": "五反田",
        "lineIds": [
          "JR-Yamanote"
        ],
        "ward": "Shinagawa",
        "ridership": null,
        "ridershipBand": 2,
        "inFloodZone": false
      }
    },
    {
      "type": "Feature",
      "geometry": {
        "type": "Point",
        "coordinates": [
          139.715748375,
          35.6332863
        ]
      },
      "properties": {
        "stationId": "osm-1593259713",
        "name": "Meguro",
        "nameJa": "目黒",
        "lineIds": [
          "JR-Yamanote",
          "Metro-Namboku"
        ],
        "ward": "Meguro",
        "ridership": null,
        "ridershipBand": 3,
        "inFloodZone": false
      }
    },
    {
      "type": "Feature",
      "geometry": {
        "type": "Point",
        "coordinates": [
          139.70956208,
          35.646646520000004
        ]
      },
      "properties": {
        "stationId": "osm-2218777236",
        "name": "Ebisu",
        "nameJa": "恵比寿",
        "lineIds": [
          "JR-Saikyo",
          "JR-Yamanote",
          "Metro-Hibiya"
        ],
        "ward": "Meguro",
        "ridership": null,
        "ridershipBand": 3,
        "inFloodZone": false
      }
    },
    {
      "type": "Feature",
      "geometry": {
        "type": "Point",
        "coordinates": [
          139.70218926666666,
          35.658713544444446
        ]
      },
      "properties": {
        "stationId": "osm-266083652",
        "name": "Shibuya",
        "nameJa": "渋谷",
        "lineIds": [
          "JR-Saikyo",
          "JR-Yamanote",
          "Metro-Fukutoshin",
          "Metro-Ginza",
          "Metro-Hanzomon"
        ],
        "ward": "Shibuya",
        "ridership": null,
        "ridershipBand": 3,
        "inFloodZone": false
      }
    },
    {
      "type": "Feature",
      "geometry": {
        "type": "Point",
        "coordinates": [
          139.70241985,
          35.6702198
        ]
      },
      "properties": {
        "stationId": "osm-1579675415",
        "name": "Harajuku",
        "nameJa": "原宿",
        "lineIds": [
          "JR-Yamanote"
        ],
        "ward": "Shibuya",
        "ridership": null,
        "ridershipBand": 2,
        "inFloodZone": false
      }
    },
    {
      "type": "Feature",
      "geometry": {
        "type": "Point",
        "coordinates": [
          139.7020807,
          35.6839514
        ]
      },
      "properties": {
        "stationId": "osm-1658981778",
        "name": "Yoyogi",
        "nameJa": "代々木",
        "lineIds": [
          "JR-Chuo-Sobu",
          "JR-Yamanote"
        ],
        "ward": "Shinjuku",
        "ridership": null,
        "ridershipBand": 3,
        "inFloodZone": false
      }
    },
    {
      "type": "Feature",
      "geometry": {
        "type": "Point",
        "coordinates": [
          139.70064810833333,
          35.689666375
        ]
      },
      "properties": {
        "stationId": "osm-2389061844",
        "name": "Shinjuku",
        "nameJa": "新宿",
        "lineIds": [
          "JR-Chuo-Rapid",
          "JR-Chuo-Sobu",
          "JR-Saikyo",
          "JR-Yamanote",
          "Metro-Marunouchi"
        ],
        "ward": "Shinjuku",
        "ridership": null,
        "ridershipBand": 3,
        "inFloodZone": false
      }
    },
    {
      "type": "Feature",
      "geometry": {
        "type": "Point",
        "coordinates": [
          139.70024155,
          35.7013004
        ]
      },
      "properties": {
        "stationId": "osm-3708277016",
        "name": "Shin-Ōkubo",
        "nameJa": "新大久保",
        "lineIds": [
          "JR-Yamanote"
        ],
        "ward": "Shinjuku",
        "ridership": null,
        "ridershipBand": 2,
        "inFloodZone": false
      }
    },
    {
      "type": "Feature",
      "geometry": {
        "type": "Point",
        "coordinates": [
          139.7043242,
          35.71302875
        ]
      },
      "properties": {
        "stationId": "osm-1894258044",
        "name": "Takadanobaba",
        "nameJa": "高田馬場",
        "lineIds": [
          "JR-Yamanote",
          "Metro-Tozai"
        ],
        "ward": "Toshima",
        "ridership": null,
        "ridershipBand": 3,
        "inFloodZone": false
      }
    },
    {
      "type": "Feature",
      "geometry": {
        "type": "Point",
        "coordinates": [
          139.70646449999998,
          35.7211919
        ]
      },
      "properties": {
        "stationId": "osm-3708276252",
        "name": "Mejiro",
        "nameJa": "目白",
        "lineIds": [
          "JR-Yamanote"
        ],
        "ward": "Toshima",
        "ridership": null,
        "ridershipBand": 2,
        "inFloodZone": false
      }
    },
    {
      "type": "Feature",
      "geometry": {
        "type": "Point",
        "coordinates": [
          139.71053835,
          35.73026427
        ]
      },
      "properties": {
        "stationId": "osm-1951959624",
        "name": "Ikebukuro",
        "nameJa": "池袋",
        "lineIds": [
          "JR-Saikyo",
          "JR-Yamanote",
          "Metro-Fukutoshin",
          "Metro-Marunouchi",
          "Metro-Yurakucho"
        ],
        "ward": "Toshima",
        "ridership": null,
        "ridershipBand": 3,
        "inFloodZone": false
      }
    },
    {
      "type": "Feature",
      "geometry": {
        "type": "Point",
        "coordinates": [
          139.72859745,
          35.731683200000006
        ]
      },
      "properties": {
        "stationId": "osm-1950369530",
        "name": "Otsuka",
        "nameJa": "大塚",
        "lineIds": [
          "JR-Yamanote"
        ],
        "ward": "Toshima",
        "ridership": null,
        "ridershipBand": 2,
        "inFloodZone": false
      }
    },
    {
      "type": "Feature",
      "geometry": {
        "type": "Point",
        "coordinates": [
          139.73942920000002,
          35.733408
        ]
      },
      "properties": {
        "stationId": "osm-3708277018",
        "name": "Sugamo",
        "nameJa": "巣鴨",
        "lineIds": [
          "JR-Yamanote"
        ],
        "ward": "Toshima",
        "ridership": null,
        "ridershipBand": 2,
        "inFloodZone": false
      }
    },
    {
      "type": "Feature",
      "geometry": {
        "type": "Point",
        "coordinates": [
          139.74699917499998,
          35.736287775
        ]
      },
      "properties": {
        "stationId": "osm-2329712992",
        "name": "Komagome",
        "nameJa": "駒込",
        "lineIds": [
          "JR-Yamanote",
          "Metro-Namboku"
        ],
        "ward": "Kita",
        "ridership": null,
        "ridershipBand": 3,
        "inFloodZone": false
      }
    },
    {
      "type": "Feature",
      "geometry": {
        "type": "Point",
        "coordinates": [
          139.761704375,
          35.737370399999996
        ]
      },
      "properties": {
        "stationId": "osm-3708277020",
        "name": "Tabata",
        "nameJa": "田端",
        "lineIds": [
          "JR-Keihin-Tohoku",
          "JR-Yamanote"
        ],
        "ward": "Arakawa",
        "ridership": null,
        "ridershipBand": 3,
        "inFloodZone": true
      }
    },
    {
      "type": "Feature",
      "geometry": {
        "type": "Point",
        "coordinates": [
          139.7668529,
          35.73232998333334
        ]
      },
      "properties": {
        "stationId": "osm-3708276999",
        "name": "Nishi-Nippori",
        "nameJa": "西日暮里",
        "lineIds": [
          "JR-Keihin-Tohoku",
          "JR-Yamanote",
          "Metro-Chiyoda"
        ],
        "ward": "Arakawa",
        "ridership": null,
        "ridershipBand": 3,
        "inFloodZone": true
      }
    },
    {
      "type": "Feature",
      "geometry": {
        "type": "Point",
        "coordinates": [
          139.7704202,
          35.7279807
        ]
      },
      "properties": {
        "stationId": "osm-1591333868",
        "name": "Nippori",
        "nameJa": "日暮里",
        "lineIds": [
          "JR-Keihin-Tohoku",
          "JR-Yamanote"
        ],
        "ward": "Arakawa",
        "ridership": null,
        "ridershipBand": 3,
        "inFloodZone": true
      }
    },
    {
      "type": "Feature",
      "geometry": {
        "type": "Point",
        "coordinates": [
          139.777914725,
          35.721702375
        ]
      },
      "properties": {
        "stationId": "osm-3708279852",
        "name": "Uguisudani",
        "nameJa": "鶯谷",
        "lineIds": [
          "JR-Keihin-Tohoku",
          "JR-Yamanote"
        ],
        "ward": "Taito",
        "ridership": null,
        "ridershipBand": 3,
        "inFloodZone": false
      }
    },
    {
      "type": "Feature",
      "geometry": {
        "type": "Point",
        "coordinates": [
          139.7764941,
          35.712680075
        ]
      },
      "properties": {
        "stationId": "osm-1926189615",
        "name": "Ueno",
        "nameJa": "上野",
        "lineIds": [
          "JR-Keihin-Tohoku",
          "JR-Yamanote",
          "Metro-Ginza",
          "Metro-Hibiya"
        ],
        "ward": "Taito",
        "ridership": null,
        "ridershipBand": 3,
        "inFloodZone": false
      }
    },
    {
      "type": "Feature",
      "geometry": {
        "type": "Point",
        "coordinates": [
          139.77463245,
          35.706952425
        ]
      },
      "properties": {
        "stationId": "osm-1593268411",
        "name": "Okachimachi",
        "nameJa": "御徒町",
        "lineIds": [
          "JR-Keihin-Tohoku",
          "JR-Yamanote"
        ],
        "ward": "Taito",
        "ridership": null,
        "ridershipBand": 3,
        "inFloodZone": false
      }
    },
    {
      "type": "Feature",
      "geometry": {
        "type": "Point",
        "coordinates": [
          139.7736513,
          35.698404625
        ]
      },
      "properties": {
        "stationId": "osm-1926355404",
        "name": "Akihabara",
        "nameJa": "秋葉原",
        "lineIds": [
          "JR-Chuo-Sobu",
          "JR-Keihin-Tohoku",
          "JR-Yamanote",
          "Metro-Hibiya"
        ],
        "ward": "Taito",
        "ridership": null,
        "ridershipBand": 3,
        "inFloodZone": false
      }
    },
    {
      "type": "Feature",
      "geometry": {
        "type": "Point",
        "coordinates": [
          139.77090492222223,
          35.692222066666666
        ]
      },
      "properties": {
        "stationId": "osm-1593264885",
        "name": "Kanda",
        "nameJa": "神田",
        "lineIds": [
          "JR-Chuo-Rapid",
          "JR-Keihin-Tohoku",
          "JR-Yamanote",
          "Metro-Ginza"
        ],
        "ward": "Chiyoda",
        "ridership": null,
        "ridershipBand": 3,
        "inFloodZone": false
      }
    },
    {
      "type": "Feature",
      "geometry": {
        "type": "Point",
        "coordinates": [
          139.7661121,
          35.6814600375
        ]
      },
      "properties": {
        "stationId": "osm-3589537651",
        "name": "Tokyo",
        "nameJa": "東京",
        "lineIds": [
          "JR-Chuo-Rapid",
          "JR-Keihin-Tohoku",
          "JR-Yamanote",
          "Metro-Marunouchi"
        ],
        "ward": "Chuo",
        "ridership": null,
        "ridershipBand": 3,
        "inFloodZone": false
      }
    },
    {
      "type": "Feature",
      "geometry": {
        "type": "Point",
        "coordinates": [
          139.76274085,
          35.67529625
        ]
      },
      "properties": {
        "stationId": "osm-1926376078",
        "name": "Yurakucho",
        "nameJa": "有楽町",
        "lineIds": [
          "JR-Keihin-Tohoku",
          "JR-Yamanote",
          "Metro-Yurakucho"
        ],
        "ward": "Chuo",
        "ridership": null,
        "ridershipBand": 3,
        "inFloodZone": false
      }
    },
    {
      "type": "Feature",
      "geometry": {
        "type": "Point",
        "coordinates": [
          139.75837085,
          35.666503883333334
        ]
      },
      "properties": {
        "stationId": "osm-31253877",
        "name": "Shimbashi",
        "nameJa": "新橋",
        "lineIds": [
          "JR-Keihin-Tohoku",
          "JR-Yamanote",
          "Metro-Ginza"
        ],
        "ward": "Minato",
        "ridership": null,
        "ridershipBand": 3,
        "inFloodZone": false
      }
    },
    {
      "type": "Feature",
      "geometry": {
        "type": "Point",
        "coordinates": [
          139.7570553,
          35.65511185
        ]
      },
      "properties": {
        "stationId": "osm-31253872",
        "name": "Hamamatsucho",
        "nameJa": "浜松町",
        "lineIds": [
          "JR-Keihin-Tohoku",
          "JR-Yamanote"
        ],
        "ward": "Minato",
        "ridership": null,
        "ridershipBand": 3,
        "inFloodZone": false
      }
    },
    {
      "type": "Feature",
      "geometry": {
        "type": "Point",
        "coordinates": [
          139.747686575,
          35.645739025
        ]
      },
      "properties": {
        "stationId": "osm-3708279826",
        "name": "Tamachi",
        "nameJa": "田町",
        "lineIds": [
          "JR-Keihin-Tohoku",
          "JR-Yamanote"
        ],
        "ward": "Minato",
        "ridership": null,
        "ridershipBand": 3,
        "inFloodZone": false
      }
    },
    {
      "type": "Feature",
      "geometry": {
        "type": "Point",
        "coordinates": [
          139.740667525,
          35.635398
        ]
      },
      "properties": {
        "stationId": "osm-7293401977",
        "name": "Takanawa Gateway",
        "nameJa": "高輪ゲートウェイ",
        "lineIds": [
          "JR-Keihin-Tohoku",
          "JR-Yamanote"
        ],
        "ward": "Minato",
        "ridership": null,
        "ridershipBand": 3,
        "inFloodZone": false
      }
    },
    {
      "type": "Feature",
      "geometry": {
        "type": "Point",
        "coordinates": [
          139.76474962857142,
          35.69987404285714
        ]
      },
      "properties": {
        "stationId": "osm-315863112",
        "name": "Ochanomizu",
        "nameJa": "御茶ノ水",
        "lineIds": [
          "JR-Chuo-Rapid",
          "JR-Chuo-Sobu",
          "Metro-Marunouchi"
        ],
        "ward": "Chiyoda",
        "ridership": null,
        "ridershipBand": 3,
        "inFloodZone": false
      }
    },
    {
      "type": "Feature",
      "geometry": {
        "type": "Point",
        "coordinates": [
          139.6655361,
          35.70582822857143
        ]
      },
      "properties": {
        "stationId": "osm-1496387349",
        "name": "Nakano",
        "nameJa": "中野",
        "lineIds": [
          "JR-Chuo-Rapid",
          "JR-Chuo-Sobu",
          "Metro-Tozai"
        ],
        "ward": "Nakano",
        "ridership": null,
        "ridershipBand": 3,
        "inFloodZone": false
      }
    },
    {
      "type": "Feature",
      "geometry": {
        "type": "Point",
        "coordinates": [
          139.649953,
          35.705334640000004
        ]
      },
      "properties": {
        "stationId": "osm-1494688726",
        "name": "Kōenji",
        "nameJa": "高円寺",
        "lineIds": [
          "JR-Chuo-Rapid",
          "JR-Chuo-Sobu"
        ],
        "ward": "Nakano",
        "ridership": null,
        "ridershipBand": 3,
        "inFloodZone": false
      }
    },
    {
      "type": "Feature",
      "geometry": {
        "type": "Point",
        "coordinates": [
          139.6353877,
          35.70486888000001
        ]
      },
      "properties": {
        "stationId": "osm-2559434097",
        "name": "Asagaya",
        "nameJa": "阿佐ケ谷",
        "lineIds": [
          "JR-Chuo-Rapid",
          "JR-Chuo-Sobu"
        ],
        "ward": "Suginami",
        "ridership": null,
        "ridershipBand": 3,
        "inFloodZone": false
      }
    },
    {
      "type": "Feature",
      "geometry": {
        "type": "Point",
        "coordinates": [
          139.62015658571428,
          35.7044211
        ]
      },
      "properties": {
        "stationId": "osm-243887493",
        "name": "Ogikubo",
        "nameJa": "荻窪",
        "lineIds": [
          "JR-Chuo-Rapid",
          "JR-Chuo-Sobu",
          "Metro-Marunouchi"
        ],
        "ward": "Suginami",
        "ridership": null,
        "ridershipBand": 3,
        "inFloodZone": false
      }
    },
    {
      "type": "Feature",
      "geometry": {
        "type": "Point",
        "coordinates": [
          139.59958514,
          35.703785499999995
        ]
      },
      "properties": {
        "stationId": "osm-1942352333",
        "name": "Nishi-Ogikubo",
        "nameJa": "西荻窪",
        "lineIds": [
          "JR-Chuo-Rapid",
          "JR-Chuo-Sobu"
        ],
        "ward": "Suginami",
        "ridership": null,
        "ridershipBand": 3,
        "inFloodZone": false
      }
    },
    {
      "type": "Feature",
      "geometry": {
        "type": "Point",
        "coordinates": [
          139.5802187,
          35.7031387
        ]
      },
      "properties": {
        "stationId": "osm-544466248",
        "name": "Kichijoji",
        "nameJa": "吉祥寺",
        "lineIds": [
          "JR-Chuo-Rapid",
          "JR-Chuo-Sobu"
        ],
        "ward": "Suginami",
        "ridership": null,
        "ridershipBand": 3,
        "inFloodZone": false
      }
    },
    {
      "type": "Feature",
      "geometry": {
        "type": "Point",
        "coordinates": [
          139.5609313,
          35.702686725
        ]
      },
      "properties": {
        "stationId": "osm-1942357056",
        "name": "Mitaka",
        "nameJa": "三鷹",
        "lineIds": [
          "JR-Chuo-Rapid",
          "JR-Chuo-Sobu"
        ],
        "ward": "Suginami",
        "ridership": null,
        "ridershipBand": 3,
        "inFloodZone": false
      }
    },
    {
      "type": "Feature",
      "geometry": {
        "type": "Point",
        "coordinates": [
          139.54408026666667,
          35.7021298
        ]
      },
      "properties": {
        "stationId": "osm-243890692",
        "name": "Musashi-Sakai",
        "nameJa": "武蔵境",
        "lineIds": [
          "JR-Chuo-Rapid"
        ],
        "ward": "Suginami",
        "ridership": null,
        "ridershipBand": 2,
        "inFloodZone": false
      }
    },
    {
      "type": "Feature",
      "geometry": {
        "type": "Point",
        "coordinates": [
          139.52405396666666,
          35.70157336666667
        ]
      },
      "properties": {
        "stationId": "osm-1944400728",
        "name": "Higashi-Koganei",
        "nameJa": "東小金井",
        "lineIds": [
          "JR-Chuo-Rapid"
        ],
        "ward": "Suginami",
        "ridership": null,
        "ridershipBand": 2,
        "inFloodZone": false
      }
    },
    {
      "type": "Feature",
      "geometry": {
        "type": "Point",
        "coordinates": [
          139.50678736666666,
          35.701124166666666
        ]
      },
      "properties": {
        "stationId": "osm-2559434132",
        "name": "Musashi-Koganei",
        "nameJa": "武蔵小金井",
        "lineIds": [
          "JR-Chuo-Rapid"
        ],
        "ward": "Suginami",
        "ridership": null,
        "ridershipBand": 2,
        "inFloodZone": false
      }
    },
    {
      "type": "Feature",
      "geometry": {
        "type": "Point",
        "coordinates": [
          139.48035816666666,
          35.700100266666674
        ]
      },
      "properties": {
        "stationId": "osm-243887500",
        "name": "Kokubunji",
        "nameJa": "国分寺",
        "lineIds": [
          "JR-Chuo-Rapid"
        ],
        "ward": "Suginami",
        "ridership": null,
        "ridershipBand": 2,
        "inFloodZone": false
      }
    },
    {
      "type": "Feature",
      "geometry": {
        "type": "Point",
        "coordinates": [
          139.46585036666667,
          35.69973853333333
        ]
      },
      "properties": {
        "stationId": "osm-472678588",
        "name": "Nishi-Kokubunji",
        "nameJa": "西国分寺",
        "lineIds": [
          "JR-Chuo-Rapid"
        ],
        "ward": "Suginami",
        "ridership": null,
        "ridershipBand": 2,
        "inFloodZone": false
      }
    },
    {
      "type": "Feature",
      "geometry": {
        "type": "Point",
        "coordinates": [
          139.44653106666667,
          35.69926986666666
        ]
      },
      "properties": {
        "stationId": "osm-2559434122",
        "name": "Kunitachi",
        "nameJa": "国立",
        "lineIds": [
          "JR-Chuo-Rapid"
        ],
        "ward": "Suginami",
        "ridership": null,
        "ridershipBand": 2,
        "inFloodZone": false
      }
    },
    {
      "type": "Feature",
      "geometry": {
        "type": "Point",
        "coordinates": [
          139.41355086666667,
          35.697933266666666
        ]
      },
      "properties": {
        "stationId": "osm-243890691",
        "name": "Tachikawa",
        "nameJa": "立川",
        "lineIds": [
          "JR-Chuo-Rapid"
        ],
        "ward": "Suginami",
        "ridership": null,
        "ridershipBand": 2,
        "inFloodZone": false
      }
    },
    {
      "type": "Feature",
      "geometry": {
        "type": "Point",
        "coordinates": [
          139.39368473333334,
          35.67908356666667
        ]
      },
      "properties": {
        "stationId": "osm-2558122562",
        "name": "Hino",
        "nameJa": "日野",
        "lineIds": [
          "JR-Chuo-Rapid"
        ],
        "ward": "Suginami",
        "ridership": null,
        "ridershipBand": 2,
        "inFloodZone": false
      }
    },
    {
      "type": "Feature",
      "geometry": {
        "type": "Point",
        "coordinates": [
          139.3814725,
          35.65955066666667
        ]
      },
      "properties": {
        "stationId": "osm-2559434167",
        "name": "Toyoda",
        "nameJa": "豊田",
        "lineIds": [
          "JR-Chuo-Rapid"
        ],
        "ward": "Suginami",
        "ridership": null,
        "ridershipBand": 2,
        "inFloodZone": false
      }
    },
    {
      "type": "Feature",
      "geometry": {
        "type": "Point",
        "coordinates": [
          139.33947743333331,
          35.6554027
        ]
      },
      "properties": {
        "stationId": "osm-298330905",
        "name": "Hachioji",
        "nameJa": "八王子",
        "lineIds": [
          "JR-Chuo-Rapid"
        ],
        "ward": "Suginami",
        "ridership": null,
        "ridershipBand": 2,
        "inFloodZone": false
      }
    },
    {
      "type": "Feature",
      "geometry": {
        "type": "Point",
        "coordinates": [
          139.3124277,
          35.65652773333333
        ]
      },
      "properties": {
        "stationId": "osm-2559434142",
        "name": "Nishi-Hachioji",
        "nameJa": "西八王子",
        "lineIds": [
          "JR-Chuo-Rapid"
        ],
        "ward": "Suginami",
        "ridership": null,
        "ridershipBand": 2,
        "inFloodZone": false
      }
    },
    {
      "type": "Feature",
      "geometry": {
        "type": "Point",
        "coordinates": [
          139.28250160000002,
          35.6422911
        ]
      },
      "properties": {
        "stationId": "osm-3622405816",
        "name": "Takao",
        "nameJa": "高尾",
        "lineIds": [
          "JR-Chuo-Rapid"
        ],
        "ward": "Suginami",
        "ridership": null,
        "ridershipBand": 2,
        "inFloodZone": false
      }
    },
    {
      "type": "Feature",
      "geometry": {
        "type": "Point",
        "coordinates": [
          139.7301547875,
          35.685512075
        ]
      },
      "properties": {
        "stationId": "osm-1951028836",
        "name": "Yotsuya",
        "nameJa": "四ツ谷",
        "lineIds": [
          "JR-Chuo-Rapid",
          "JR-Chuo-Sobu",
          "Metro-Marunouchi",
          "Metro-Namboku"
        ],
        "ward": "Chiyoda",
        "ridership": null,
        "ridershipBand": 3,
        "inFloodZone": false
      }
    },
    {
      "type": "Feature",
      "geometry": {
        "type": "Point",
        "coordinates": [
          140.11242903333334,
          35.61349073333333
        ]
      },
      "properties": {
        "stationId": "osm-237498814",
        "name": "Chiba",
        "nameJa": "千葉",
        "lineIds": [
          "JR-Chuo-Sobu"
        ],
        "ward": "Edogawa",
        "ridership": null,
        "ridershipBand": 2,
        "inFloodZone": true
      }
    },
    {
      "type": "Feature",
      "geometry": {
        "type": "Point",
        "coordinates": [
          140.10312515,
          35.6227303
        ]
      },
      "properties": {
        "stationId": "osm-237498569",
        "name": "Nishi-Chiba",
        "nameJa": "西千葉",
        "lineIds": [
          "JR-Chuo-Sobu"
        ],
        "ward": "Edogawa",
        "ridership": null,
        "ridershipBand": 2,
        "inFloodZone": true
      }
    },
    {
      "type": "Feature",
      "geometry": {
        "type": "Point",
        "coordinates": [
          140.0925146666667,
          35.63706053333333
        ]
      },
      "properties": {
        "stationId": "osm-2558121916",
        "name": "Inage",
        "nameJa": "稲毛",
        "lineIds": [
          "JR-Chuo-Sobu"
        ],
        "ward": "Edogawa",
        "ridership": null,
        "ridershipBand": 2,
        "inFloodZone": true
      }
    },
    {
      "type": "Feature",
      "geometry": {
        "type": "Point",
        "coordinates": [
          140.07309650000002,
          35.6517747
        ]
      },
      "properties": {
        "stationId": "osm-2559434157",
        "name": "Shin-Kemigawa",
        "nameJa": "新検見川",
        "lineIds": [
          "JR-Chuo-Sobu"
        ],
        "ward": "Edogawa",
        "ridership": null,
        "ridershipBand": 2,
        "inFloodZone": true
      }
    },
    {
      "type": "Feature",
      "geometry": {
        "type": "Point",
        "coordinates": [
          140.05791964999997,
          35.659351799999996
        ]
      },
      "properties": {
        "stationId": "osm-2559434124",
        "name": "Makuhari",
        "nameJa": "幕張",
        "lineIds": [
          "JR-Chuo-Sobu"
        ],
        "ward": "Edogawa",
        "ridership": null,
        "ridershipBand": 2,
        "inFloodZone": true
      }
    },
    {
      "type": "Feature",
      "geometry": {
        "type": "Point",
        "coordinates": [
          140.0423025,
          35.6726856
        ]
      },
      "properties": {
        "stationId": "osm-2559434125",
        "name": "Makuhari-Hongo",
        "nameJa": "幕張本郷",
        "lineIds": [
          "JR-Chuo-Sobu"
        ],
        "ward": "Edogawa",
        "ridership": null,
        "ridershipBand": 2,
        "inFloodZone": true
      }
    },
    {
      "type": "Feature",
      "geometry": {
        "type": "Point",
        "coordinates": [
          140.02008610000001,
          35.6912892
        ]
      },
      "properties": {
        "stationId": "osm-2052390077",
        "name": "Tsudanuma",
        "nameJa": "津田沼",
        "lineIds": [
          "JR-Chuo-Sobu"
        ],
        "ward": "Edogawa",
        "ridership": null,
        "ridershipBand": 2,
        "inFloodZone": true
      }
    },
    {
      "type": "Feature",
      "geometry": {
        "type": "Point",
        "coordinates": [
          140.0042889,
          35.69977816666667
        ]
      },
      "properties": {
        "stationId": "osm-2558121910",
        "name": "Higashi-Funabashi",
        "nameJa": "東船橋",
        "lineIds": [
          "JR-Chuo-Sobu"
        ],
        "ward": "Edogawa",
        "ridership": null,
        "ridershipBand": 2,
        "inFloodZone": true
      }
    },
    {
      "type": "Feature",
      "geometry": {
        "type": "Point",
        "coordinates": [
          139.98522745,
          35.70158945
        ]
      },
      "properties": {
        "stationId": "osm-251849541",
        "name": "Funabashi",
        "nameJa": "船橋",
        "lineIds": [
          "JR-Chuo-Sobu"
        ],
        "ward": "Edogawa",
        "ridership": null,
        "ridershipBand": 2,
        "inFloodZone": true
      }
    },
    {
      "type": "Feature",
      "geometry": {
        "type": "Point",
        "coordinates": [
          139.9591067,
          35.707329575
        ]
      },
      "properties": {
        "stationId": "osm-6182429805",
        "name": "Nishi-Funabashi",
        "nameJa": "西船橋",
        "lineIds": [
          "JR-Chuo-Sobu",
          "Metro-Tozai"
        ],
        "ward": "Edogawa",
        "ridership": null,
        "ridershipBand": 3,
        "inFloodZone": true
      }
    },
    {
      "type": "Feature",
      "geometry": {
        "type": "Point",
        "coordinates": [
          139.94306265,
          35.714308450000004
        ]
      },
      "properties": {
        "stationId": "osm-1725010110",
        "name": "Shimosa-Nakayama",
        "nameJa": "下総中山",
        "lineIds": [
          "JR-Chuo-Sobu"
        ],
        "ward": "Edogawa",
        "ridership": null,
        "ridershipBand": 2,
        "inFloodZone": true
      }
    },
    {
      "type": "Feature",
      "geometry": {
        "type": "Point",
        "coordinates": [
          139.92721845,
          35.72092555
        ]
      },
      "properties": {
        "stationId": "osm-2558121927",
        "name": "Moto-Yawata",
        "nameJa": "本八幡",
        "lineIds": [
          "JR-Chuo-Sobu"
        ],
        "ward": "Edogawa",
        "ridership": null,
        "ridershipBand": 2,
        "inFloodZone": true
      }
    },
    {
      "type": "Feature",
      "geometry": {
        "type": "Point",
        "coordinates": [
          139.90810165,
          35.72877235
        ]
      },
      "properties": {
        "stationId": "osm-2375229595",
        "name": "Ichikawa",
        "nameJa": "市川",
        "lineIds": [
          "JR-Chuo-Sobu"
        ],
        "ward": "Edogawa",
        "ridership": null,
        "ridershipBand": 2,
        "inFloodZone": true
      }
    },
    {
      "type": "Feature",
      "geometry": {
        "type": "Point",
        "coordinates": [
          139.8818532,
          35.73323635
        ]
      },
      "properties": {
        "stationId": "osm-6987879094",
        "name": "Koiwa",
        "nameJa": "小岩",
        "lineIds": [
          "JR-Chuo-Sobu"
        ],
        "ward": "Edogawa",
        "ridership": null,
        "ridershipBand": 2,
        "inFloodZone": true
      }
    },
    {
      "type": "Feature",
      "geometry": {
        "type": "Point",
        "coordinates": [
          139.85803245,
          35.71687905
        ]
      },
      "properties": {
        "stationId": "osm-7865838624",
        "name": "Shin-Koiwa",
        "nameJa": "新小岩",
        "lineIds": [
          "JR-Chuo-Sobu"
        ],
        "ward": "Edogawa",
        "ridership": null,
        "ridershipBand": 2,
        "inFloodZone": true
      }
    },
    {
      "type": "Feature",
      "geometry": {
        "type": "Point",
        "coordinates": [
          139.842511,
          35.70642425
        ]
      },
      "properties": {
        "stationId": "osm-1947656215",
        "name": "Hirai",
        "nameJa": "平井",
        "lineIds": [
          "JR-Chuo-Sobu"
        ],
        "ward": "Edogawa",
        "ridership": null,
        "ridershipBand": 2,
        "inFloodZone": true
      }
    },
    {
      "type": "Feature",
      "geometry": {
        "type": "Point",
        "coordinates": [
          139.82670245,
          35.69733265
        ]
      },
      "properties": {
        "stationId": "osm-251847636",
        "name": "Kameido",
        "nameJa": "亀戸",
        "lineIds": [
          "JR-Chuo-Sobu"
        ],
        "ward": "Sumida",
        "ridership": null,
        "ridershipBand": 2,
        "inFloodZone": true
      }
    },
    {
      "type": "Feature",
      "geometry": {
        "type": "Point",
        "coordinates": [
          139.814494075,
          35.696498399999996
        ]
      },
      "properties": {
        "stationId": "osm-1947633325",
        "name": "Kinshicho",
        "nameJa": "錦糸町",
        "lineIds": [
          "JR-Chuo-Sobu",
          "Metro-Hanzomon"
        ],
        "ward": "Sumida",
        "ridership": null,
        "ridershipBand": 3,
        "inFloodZone": true
      }
    },
    {
      "type": "Feature",
      "geometry": {
        "type": "Point",
        "coordinates": [
          139.79296664999998,
          35.69582045
        ]
      },
      "properties": {
        "stationId": "osm-241867419",
        "name": "Ryogoku",
        "nameJa": "両国",
        "lineIds": [
          "JR-Chuo-Sobu"
        ],
        "ward": "Sumida",
        "ridership": null,
        "ridershipBand": 2,
        "inFloodZone": true
      }
    },
    {
      "type": "Feature",
      "geometry": {
        "type": "Point",
        "coordinates": [
          139.78468420000002,
          35.69740615
        ]
      },
      "properties": {
        "stationId": "osm-1918062080",
        "name": "Asakusabashi",
        "nameJa": "浅草橋",
        "lineIds": [
          "JR-Chuo-Sobu"
        ],
        "ward": "Taito",
        "ridership": null,
        "ridershipBand": 2,
        "inFloodZone": false
      }
    },
    {
      "type": "Feature",
      "geometry": {
        "type": "Point",
        "coordinates": [
          139.7537382,
          35.70204545
        ]
      },
      "properties": {
        "stationId": "osm-7016046677",
        "name": "Suidobashi",
        "nameJa": "水道橋",
        "lineIds": [
          "JR-Chuo-Sobu"
        ],
        "ward": "Bunkyo",
        "ridership": null,
        "ridershipBand": 2,
        "inFloodZone": false
      }
    },
    {
      "type": "Feature",
      "geometry": {
        "type": "Point",
        "coordinates": [
          139.74427793333334,
          35.701318566666664
        ]
      },
      "properties": {
        "stationId": "osm-1894258041",
        "name": "Iidabashi",
        "nameJa": "飯田橋",
        "lineIds": [
          "JR-Chuo-Sobu",
          "Metro-Namboku",
          "Metro-Tozai",
          "Metro-Yurakucho"
        ],
        "ward": "Bunkyo",
        "ridership": null,
        "ridershipBand": 3,
        "inFloodZone": false
      }
    },
    {
      "type": "Feature",
      "geometry": {
        "type": "Point",
        "coordinates": [
          139.736115075,
          35.691866000000005
        ]
      },
      "properties": {
        "stationId": "osm-1926376077",
        "name": "Ichigaya",
        "nameJa": "市ケ谷",
        "lineIds": [
          "JR-Chuo-Sobu",
          "Metro-Yurakucho"
        ],
        "ward": "Chiyoda",
        "ridership": null,
        "ridershipBand": 3,
        "inFloodZone": false
      }
    },
    {
      "type": "Feature",
      "geometry": {
        "type": "Point",
        "coordinates": [
          139.7204128,
          35.6800348
        ]
      },
      "properties": {
        "stationId": "osm-237409677",
        "name": "Shinanomachi",
        "nameJa": "信濃町",
        "lineIds": [
          "JR-Chuo-Sobu"
        ],
        "ward": "Shinjuku",
        "ridership": null,
        "ridershipBand": 2,
        "inFloodZone": false
      }
    },
    {
      "type": "Feature",
      "geometry": {
        "type": "Point",
        "coordinates": [
          139.71136365,
          35.6812678
        ]
      },
      "properties": {
        "stationId": "osm-196845925",
        "name": "Sendagaya",
        "nameJa": "千駄ケ谷",
        "lineIds": [
          "JR-Chuo-Sobu"
        ],
        "ward": "Shinjuku",
        "ridership": null,
        "ridershipBand": 2,
        "inFloodZone": false
      }
    },
    {
      "type": "Feature",
      "geometry": {
        "type": "Point",
        "coordinates": [
          139.6973226,
          35.70078135
        ]
      },
      "properties": {
        "stationId": "osm-196838866",
        "name": "Okubo",
        "nameJa": "大久保",
        "lineIds": [
          "JR-Chuo-Sobu"
        ],
        "ward": "Shinjuku",
        "ridership": null,
        "ridershipBand": 2,
        "inFloodZone": false
      }
    },
    {
      "type": "Feature",
      "geometry": {
        "type": "Point",
        "coordinates": [
          139.6848675,
          35.70625025
        ]
      },
      "properties": {
        "stationId": "osm-196838894",
        "name": "Higashi-Nakano",
        "nameJa": "東中野",
        "lineIds": [
          "JR-Chuo-Sobu"
        ],
        "ward": "Nakano",
        "ridership": null,
        "ridershipBand": 2,
        "inFloodZone": false
      }
    },
    {
      "type": "Feature",
      "geometry": {
        "type": "Point",
        "coordinates": [
          139.623946275,
          35.9062951
        ]
      },
      "properties": {
        "stationId": "osm-3558103016",
        "name": "Omiya",
        "nameJa": "大宮",
        "lineIds": [
          "JR-Keihin-Tohoku",
          "JR-Saikyo"
        ],
        "ward": "Itabashi",
        "ridership": null,
        "ridershipBand": 3,
        "inFloodZone": false
      }
    },
    {
      "type": "Feature",
      "geometry": {
        "type": "Point",
        "coordinates": [
          139.6340197,
          35.89367
        ]
      },
      "properties": {
        "stationId": "osm-3708277014",
        "name": "Saitama-Shintoshin",
        "nameJa": "さいたま新都心",
        "lineIds": [
          "JR-Keihin-Tohoku"
        ],
        "ward": "Itabashi",
        "ridership": null,
        "ridershipBand": 2,
        "inFloodZone": false
      }
    },
    {
      "type": "Feature",
      "geometry": {
        "type": "Point",
        "coordinates": [
          139.6391602,
          35.88439385
        ]
      },
      "properties": {
        "stationId": "osm-3708279858",
        "name": "Yono",
        "nameJa": "与野",
        "lineIds": [
          "JR-Keihin-Tohoku"
        ],
        "ward": "Itabashi",
        "ridership": null,
        "ridershipBand": 2,
        "inFloodZone": false
      }
    },
    {
      "type": "Feature",
      "geometry": {
        "type": "Point",
        "coordinates": [
          139.64610455000002,
          35.8721594
        ]
      },
      "properties": {
        "stationId": "osm-3708276245",
        "name": "Kita-Urawa",
        "nameJa": "北浦和",
        "lineIds": [
          "JR-Keihin-Tohoku"
        ],
        "ward": "Itabashi",
        "ridership": null,
        "ridershipBand": 2,
        "inFloodZone": false
      }
    },
    {
      "type": "Feature",
      "geometry": {
        "type": "Point",
        "coordinates": [
          139.65734925,
          35.85905225
        ]
      },
      "properties": {
        "stationId": "osm-244878176",
        "name": "Urawa",
        "nameJa": "浦和",
        "lineIds": [
          "JR-Keihin-Tohoku"
        ],
        "ward": "Itabashi",
        "ridership": null,
        "ridershipBand": 2,
        "inFloodZone": false
      }
    },
    {
      "type": "Feature",
      "geometry": {
        "type": "Point",
        "coordinates": [
          139.669145275,
          35.847733025
        ]
      },
      "properties": {
        "stationId": "osm-3708276254",
        "name": "Minami-Urawa",
        "nameJa": "南浦和",
        "lineIds": [
          "JR-Keihin-Tohoku"
        ],
        "ward": "Itabashi",
        "ridership": null,
        "ridershipBand": 2,
        "inFloodZone": false
      }
    },
    {
      "type": "Feature",
      "geometry": {
        "type": "Point",
        "coordinates": [
          139.6903852,
          35.8281263
        ]
      },
      "properties": {
        "stationId": "osm-3708279856",
        "name": "Warabi",
        "nameJa": "蕨",
        "lineIds": [
          "JR-Keihin-Tohoku"
        ],
        "ward": "Itabashi",
        "ridership": null,
        "ridershipBand": 2,
        "inFloodZone": false
      }
    },
    {
      "type": "Feature",
      "geometry": {
        "type": "Point",
        "coordinates": [
          139.70447945,
          35.8155859
        ]
      },
      "properties": {
        "stationId": "osm-3708276997",
        "name": "Nishi-Kawaguchi",
        "nameJa": "西川口",
        "lineIds": [
          "JR-Keihin-Tohoku"
        ],
        "ward": "Itabashi",
        "ridership": null,
        "ridershipBand": 2,
        "inFloodZone": false
      }
    },
    {
      "type": "Feature",
      "geometry": {
        "type": "Point",
        "coordinates": [
          139.71752675,
          35.8019199
        ]
      },
      "properties": {
        "stationId": "osm-3708276989",
        "name": "Kawaguchi",
        "nameJa": "川口",
        "lineIds": [
          "JR-Keihin-Tohoku"
        ],
        "ward": "Kita",
        "ridership": null,
        "ridershipBand": 2,
        "inFloodZone": false
      }
    },
    {
      "type": "Feature",
      "geometry": {
        "type": "Point",
        "coordinates": [
          139.720724175,
          35.7781056
        ]
      },
      "properties": {
        "stationId": "osm-1109001308",
        "name": "Akabane",
        "nameJa": "赤羽",
        "lineIds": [
          "JR-Keihin-Tohoku",
          "JR-Saikyo"
        ],
        "ward": "Kita",
        "ridership": null,
        "ridershipBand": 3,
        "inFloodZone": false
      }
    },
    {
      "type": "Feature",
      "geometry": {
        "type": "Point",
        "coordinates": [
          139.72689494999997,
          35.76385725
        ]
      },
      "properties": {
        "stationId": "osm-3708276975",
        "name": "Higashi-Jujo",
        "nameJa": "東十条",
        "lineIds": [
          "JR-Keihin-Tohoku"
        ],
        "ward": "Kita",
        "ridership": null,
        "ridershipBand": 2,
        "inFloodZone": false
      }
    },
    {
      "type": "Feature",
      "geometry": {
        "type": "Point",
        "coordinates": [
          139.737893725,
          35.75315365
        ]
      },
      "properties": {
        "stationId": "osm-1599119264",
        "name": "Ōji",
        "nameJa": "王子",
        "lineIds": [
          "JR-Keihin-Tohoku",
          "Metro-Namboku"
        ],
        "ward": "Kita",
        "ridership": null,
        "ridershipBand": 3,
        "inFloodZone": false
      }
    },
    {
      "type": "Feature",
      "geometry": {
        "type": "Point",
        "coordinates": [
          139.74638944999998,
          35.746947899999995
        ]
      },
      "properties": {
        "stationId": "osm-3708276987",
        "name": "Kami-Nakazato",
        "nameJa": "上中里",
        "lineIds": [
          "JR-Keihin-Tohoku"
        ],
        "ward": "Kita",
        "ridership": null,
        "ridershipBand": 2,
        "inFloodZone": false
      }
    },
    {
      "type": "Feature",
      "geometry": {
        "type": "Point",
        "coordinates": [
          139.7348829,
          35.606392650000004
        ]
      },
      "properties": {
        "stationId": "osm-255557491",
        "name": "Oimachi",
        "nameJa": "大井町",
        "lineIds": [
          "JR-Keihin-Tohoku"
        ],
        "ward": "Shinagawa",
        "ridership": null,
        "ridershipBand": 2,
        "inFloodZone": false
      }
    },
    {
      "type": "Feature",
      "geometry": {
        "type": "Point",
        "coordinates": [
          139.7278528,
          35.58850545
        ]
      },
      "properties": {
        "stationId": "osm-3708277007",
        "name": "Omori",
        "nameJa": "大森",
        "lineIds": [
          "JR-Keihin-Tohoku"
        ],
        "ward": "Shinagawa",
        "ridership": null,
        "ridershipBand": 2,
        "inFloodZone": false
      }
    },
    {
      "type": "Feature",
      "geometry": {
        "type": "Point",
        "coordinates": [
          139.71599265,
          35.56247195
        ]
      },
      "properties": {
        "stationId": "osm-3708276985",
        "name": "Kamata",
        "nameJa": "蒲田",
        "lineIds": [
          "JR-Keihin-Tohoku"
        ],
        "ward": "Ota",
        "ridership": null,
        "ridershipBand": 2,
        "inFloodZone": false
      }
    },
    {
      "type": "Feature",
      "geometry": {
        "type": "Point",
        "coordinates": [
          139.6968929,
          35.5314039
        ]
      },
      "properties": {
        "stationId": "osm-3708276242",
        "name": "Kawasaki",
        "nameJa": "川崎",
        "lineIds": [
          "JR-Keihin-Tohoku"
        ],
        "ward": "Ota",
        "ridership": null,
        "ridershipBand": 2,
        "inFloodZone": false
      }
    },
    {
      "type": "Feature",
      "geometry": {
        "type": "Point",
        "coordinates": [
          139.67614730000003,
          35.508289899999994
        ]
      },
      "properties": {
        "stationId": "osm-3708279831",
        "name": "Tsurumi",
        "nameJa": "鶴見",
        "lineIds": [
          "JR-Keihin-Tohoku"
        ],
        "ward": "Ota",
        "ridership": null,
        "ridershipBand": 2,
        "inFloodZone": false
      }
    },
    {
      "type": "Feature",
      "geometry": {
        "type": "Point",
        "coordinates": [
          139.65415695000002,
          35.4868742
        ]
      },
      "properties": {
        "stationId": "osm-1493404226",
        "name": "Shin-Koyasu",
        "nameJa": "新子安",
        "lineIds": [
          "JR-Keihin-Tohoku"
        ],
        "ward": "Ota",
        "ridership": null,
        "ridershipBand": 2,
        "inFloodZone": false
      }
    },
    {
      "type": "Feature",
      "geometry": {
        "type": "Point",
        "coordinates": [
          139.63332094999998,
          35.47794475
        ]
      },
      "properties": {
        "stationId": "osm-3708276978",
        "name": "Higashi-Kanagawa",
        "nameJa": "東神奈川",
        "lineIds": [
          "JR-Keihin-Tohoku"
        ],
        "ward": "Ota",
        "ridership": null,
        "ridershipBand": 2,
        "inFloodZone": false
      }
    },
    {
      "type": "Feature",
      "geometry": {
        "type": "Point",
        "coordinates": [
          139.6224813,
          35.4656787
        ]
      },
      "properties": {
        "stationId": "osm-3558156216",
        "name": "Yokohama",
        "nameJa": "横浜",
        "lineIds": [
          "JR-Keihin-Tohoku"
        ],
        "ward": "Ota",
        "ridership": null,
        "ridershipBand": 2,
        "inFloodZone": false
      }
    },
    {
      "type": "Feature",
      "geometry": {
        "type": "Point",
        "coordinates": [
          139.63098910000002,
          35.45101795
        ]
      },
      "properties": {
        "stationId": "osm-264810179",
        "name": "Sakuragicho",
        "nameJa": "桜木町",
        "lineIds": [
          "JR-Keihin-Tohoku"
        ],
        "ward": "Ota",
        "ridership": null,
        "ridershipBand": 2,
        "inFloodZone": false
      }
    },
    {
      "type": "Feature",
      "geometry": {
        "type": "Point",
        "coordinates": [
          139.63603645,
          35.44408325
        ]
      },
      "properties": {
        "stationId": "osm-264810180",
        "name": "Kannai",
        "nameJa": "関内",
        "lineIds": [
          "JR-Keihin-Tohoku"
        ],
        "ward": "Ota",
        "ridership": null,
        "ridershipBand": 2,
        "inFloodZone": false
      }
    },
    {
      "type": "Feature",
      "geometry": {
        "type": "Point",
        "coordinates": [
          139.64274505,
          35.43922954999999
        ]
      },
      "properties": {
        "stationId": "osm-264809791",
        "name": "Ishikawacho",
        "nameJa": "石川町",
        "lineIds": [
          "JR-Keihin-Tohoku"
        ],
        "ward": "Ota",
        "ridership": null,
        "ridershipBand": 2,
        "inFloodZone": false
      }
    },
    {
      "type": "Feature",
      "geometry": {
        "type": "Point",
        "coordinates": [
          139.64622435,
          35.42734645
        ]
      },
      "properties": {
        "stationId": "osm-7973040562",
        "name": "Yamate",
        "nameJa": "山手",
        "lineIds": [
          "JR-Keihin-Tohoku"
        ],
        "ward": "Ota",
        "ridership": null,
        "ridershipBand": 2,
        "inFloodZone": false
      }
    },
    {
      "type": "Feature",
      "geometry": {
        "type": "Point",
        "coordinates": [
          139.63504154999998,
          35.4156485
        ]
      },
      "properties": {
        "stationId": "osm-7973040560",
        "name": "Negishi",
        "nameJa": "根岸",
        "lineIds": [
          "JR-Keihin-Tohoku"
        ],
        "ward": "Ota",
        "ridership": null,
        "ridershipBand": 2,
        "inFloodZone": false
      }
    },
    {
      "type": "Feature",
      "geometry": {
        "type": "Point",
        "coordinates": [
          139.6181648,
          35.4001344
        ]
      },
      "properties": {
        "stationId": "osm-264810159",
        "name": "Isogo",
        "nameJa": "磯子",
        "lineIds": [
          "JR-Keihin-Tohoku"
        ],
        "ward": "Ota",
        "ridership": null,
        "ridershipBand": 2,
        "inFloodZone": false
      }
    },
    {
      "type": "Feature",
      "geometry": {
        "type": "Point",
        "coordinates": [
          139.71942790000003,
          35.74527345
        ]
      },
      "properties": {
        "stationId": "osm-7034762882",
        "name": "Itabashi",
        "nameJa": "板橋",
        "lineIds": [
          "JR-Saikyo"
        ],
        "ward": "Itabashi",
        "ridership": null,
        "ridershipBand": 2,
        "inFloodZone": false
      }
    },
    {
      "type": "Feature",
      "geometry": {
        "type": "Point",
        "coordinates": [
          139.72230695000002,
          35.76000825
        ]
      },
      "properties": {
        "stationId": "osm-246079158",
        "name": "Jujo",
        "nameJa": "十条",
        "lineIds": [
          "JR-Saikyo"
        ],
        "ward": "Kita",
        "ridership": null,
        "ridershipBand": 2,
        "inFloodZone": false
      }
    },
    {
      "type": "Feature",
      "geometry": {
        "type": "Point",
        "coordinates": [
          139.706017,
          35.786783650000004
        ]
      },
      "properties": {
        "stationId": "osm-1752641071",
        "name": "Kita-Akabane",
        "nameJa": "北赤羽",
        "lineIds": [
          "JR-Saikyo"
        ],
        "ward": "Itabashi",
        "ridership": null,
        "ridershipBand": 2,
        "inFloodZone": false
      }
    },
    {
      "type": "Feature",
      "geometry": {
        "type": "Point",
        "coordinates": [
          139.69150555,
          35.7911823
        ]
      },
      "properties": {
        "stationId": "osm-1640176202",
        "name": "Ukimafunado",
        "nameJa": "浮間舟渡",
        "lineIds": [
          "JR-Saikyo"
        ],
        "ward": "Itabashi",
        "ridership": null,
        "ridershipBand": 2,
        "inFloodZone": false
      }
    },
    {
      "type": "Feature",
      "geometry": {
        "type": "Point",
        "coordinates": [
          139.67818284999998,
          35.80793225
        ]
      },
      "properties": {
        "stationId": "osm-7034730831",
        "name": "Todakoen",
        "nameJa": "戸田公園",
        "lineIds": [
          "JR-Saikyo"
        ],
        "ward": "Itabashi",
        "ridership": null,
        "ridershipBand": 2,
        "inFloodZone": false
      }
    },
    {
      "type": "Feature",
      "geometry": {
        "type": "Point",
        "coordinates": [
          139.66959659999998,
          35.817696
        ]
      },
      "properties": {
        "stationId": "osm-7034730829",
        "name": "Toda",
        "nameJa": "戸田",
        "lineIds": [
          "JR-Saikyo"
        ],
        "ward": "Itabashi",
        "ridership": null,
        "ridershipBand": 2,
        "inFloodZone": false
      }
    },
    {
      "type": "Feature",
      "geometry": {
        "type": "Point",
        "coordinates": [
          139.66015,
          35.8276338
        ]
      },
      "properties": {
        "stationId": "osm-7034738540",
        "name": "Kita-Toda",
        "nameJa": "北戸田",
        "lineIds": [
          "JR-Saikyo"
        ],
        "ward": "Itabashi",
        "ridership": null,
        "ridershipBand": 2,
        "inFloodZone": false
      }
    },
    {
      "type": "Feature",
      "geometry": {
        "type": "Point",
        "coordinates": [
          139.64686469999998,
          35.84553075
        ]
      },
      "properties": {
        "stationId": "osm-1752641257",
        "name": "Musashi-Urawa",
        "nameJa": "武蔵浦和",
        "lineIds": [
          "JR-Saikyo"
        ],
        "ward": "Itabashi",
        "ridership": null,
        "ridershipBand": 2,
        "inFloodZone": false
      }
    },
    {
      "type": "Feature",
      "geometry": {
        "type": "Point",
        "coordinates": [
          139.63770975,
          35.853553149999996
        ]
      },
      "properties": {
        "stationId": "osm-1580754031",
        "name": "Naka-Urawa",
        "nameJa": "中浦和",
        "lineIds": [
          "JR-Saikyo"
        ],
        "ward": "Itabashi",
        "ridership": null,
        "ridershipBand": 2,
        "inFloodZone": false
      }
    },
    {
      "type": "Feature",
      "geometry": {
        "type": "Point",
        "coordinates": [
          139.63104045,
          35.86788815
        ]
      },
      "properties": {
        "stationId": "osm-13591740823",
        "name": "Minami-Yono",
        "nameJa": "南与野",
        "lineIds": [
          "JR-Saikyo"
        ],
        "ward": "Itabashi",
        "ridership": null,
        "ridershipBand": 2,
        "inFloodZone": false
      }
    },
    {
      "type": "Feature",
      "geometry": {
        "type": "Point",
        "coordinates": [
          139.6260223,
          35.8812071
        ]
      },
      "properties": {
        "stationId": "osm-1580754265",
        "name": "Yono-Hommachi",
        "nameJa": "与野本町",
        "lineIds": [
          "JR-Saikyo"
        ],
        "ward": "Itabashi",
        "ridership": null,
        "ridershipBand": 2,
        "inFloodZone": false
      }
    },
    {
      "type": "Feature",
      "geometry": {
        "type": "Point",
        "coordinates": [
          139.62862095,
          35.890683300000006
        ]
      },
      "properties": {
        "stationId": "osm-1147134920",
        "name": "Kita-Yono",
        "nameJa": "北与野",
        "lineIds": [
          "JR-Saikyo"
        ],
        "ward": "Itabashi",
        "ridership": null,
        "ridershipBand": 2,
        "inFloodZone": false
      }
    },
    {
      "type": "Feature",
      "geometry": {
        "type": "Point",
        "coordinates": [
          139.79782025,
          35.710844949999995
        ]
      },
      "properties": {
        "stationId": "osm-1926189622",
        "name": "Asakusa",
        "nameJa": "浅草",
        "lineIds": [
          "Metro-Ginza"
        ],
        "ward": "Sumida",
        "ridership": null,
        "ridershipBand": 2,
        "inFloodZone": true
      }
    },
    {
      "type": "Feature",
      "geometry": {
        "type": "Point",
        "coordinates": [
          139.79076655,
          35.7098833
        ]
      },
      "properties": {
        "stationId": "osm-1926189624",
        "name": "Tawaramachi",
        "nameJa": "田原町",
        "lineIds": [
          "Metro-Ginza"
        ],
        "ward": "Sumida",
        "ridership": null,
        "ridershipBand": 2,
        "inFloodZone": true
      }
    },
    {
      "type": "Feature",
      "geometry": {
        "type": "Point",
        "coordinates": [
          139.7826764,
          35.71138565
        ]
      },
      "properties": {
        "stationId": "osm-270339450",
        "name": "Inaricho",
        "nameJa": "稲荷町",
        "lineIds": [
          "Metro-Ginza"
        ],
        "ward": "Taito",
        "ridership": null,
        "ridershipBand": 2,
        "inFloodZone": false
      }
    },
    {
      "type": "Feature",
      "geometry": {
        "type": "Point",
        "coordinates": [
          139.7729904,
          35.70782895
        ]
      },
      "properties": {
        "stationId": "osm-1926189616",
        "name": "Ueno-hirokoji",
        "nameJa": "上野広小路",
        "lineIds": [
          "Metro-Ginza"
        ],
        "ward": "Taito",
        "ridership": null,
        "ridershipBand": 2,
        "inFloodZone": false
      }
    },
    {
      "type": "Feature",
      "geometry": {
        "type": "Point",
        "coordinates": [
          139.77167745,
          35.70294165
        ]
      },
      "properties": {
        "stationId": "osm-1926189621",
        "name": "Suehirocho",
        "nameJa": "末広町",
        "lineIds": [
          "Metro-Ginza"
        ],
        "ward": "Taito",
        "ridership": null,
        "ridershipBand": 2,
        "inFloodZone": false
      }
    },
    {
      "type": "Feature",
      "geometry": {
        "type": "Point",
        "coordinates": [
          139.77335490000002,
          35.686015475
        ]
      },
      "properties": {
        "stationId": "osm-1926189614",
        "name": "Mitsukoshimae",
        "nameJa": "三越前",
        "lineIds": [
          "Metro-Ginza",
          "Metro-Hanzomon"
        ],
        "ward": "Chuo",
        "ridership": null,
        "ridershipBand": 3,
        "inFloodZone": false
      }
    },
    {
      "type": "Feature",
      "geometry": {
        "type": "Point",
        "coordinates": [
          139.773938725,
          35.68214705
        ]
      },
      "properties": {
        "stationId": "osm-1926189620",
        "name": "Nihombashi",
        "nameJa": "日本橋",
        "lineIds": [
          "Metro-Ginza",
          "Metro-Tozai"
        ],
        "ward": "Chuo",
        "ridership": null,
        "ridershipBand": 3,
        "inFloodZone": false
      }
    },
    {
      "type": "Feature",
      "geometry": {
        "type": "Point",
        "coordinates": [
          139.77007635,
          35.6767517
        ]
      },
      "properties": {
        "stationId": "osm-1926189617",
        "name": "Kyobashi",
        "nameJa": "京橋",
        "lineIds": [
          "Metro-Ginza"
        ],
        "ward": "Chuo",
        "ridership": null,
        "ridershipBand": 2,
        "inFloodZone": false
      }
    },
    {
      "type": "Feature",
      "geometry": {
        "type": "Point",
        "coordinates": [
          139.76409809999998,
          35.672124583333336
        ]
      },
      "properties": {
        "stationId": "osm-2328213063",
        "name": "Ginza",
        "nameJa": "銀座",
        "lineIds": [
          "Metro-Ginza",
          "Metro-Hibiya",
          "Metro-Marunouchi"
        ],
        "ward": "Chuo",
        "ridership": null,
        "ridershipBand": 3,
        "inFloodZone": false
      }
    },
    {
      "type": "Feature",
      "geometry": {
        "type": "Point",
        "coordinates": [
          139.75000315,
          35.67013335
        ]
      },
      "properties": {
        "stationId": "osm-1926189626",
        "name": "Toranomon",
        "nameJa": "虎ノ門",
        "lineIds": [
          "Metro-Ginza"
        ],
        "ward": "Minato",
        "ridership": null,
        "ridershipBand": 2,
        "inFloodZone": false
      }
    },
    {
      "type": "Feature",
      "geometry": {
        "type": "Point",
        "coordinates": [
          139.7417027,
          35.67227145
        ]
      },
      "properties": {
        "stationId": "osm-1926189623",
        "name": "Tameike-sanno",
        "nameJa": "溜池山王",
        "lineIds": [
          "Metro-Ginza",
          "Metro-Namboku"
        ],
        "ward": "Minato",
        "ridership": null,
        "ridershipBand": 3,
        "inFloodZone": false
      }
    },
    {
      "type": "Feature",
      "geometry": {
        "type": "Point",
        "coordinates": [
          139.737521325,
          35.6763225
        ]
      },
      "properties": {
        "stationId": "osm-6210447374",
        "name": "Akasaka-mitsuke",
        "nameJa": "赤坂見附",
        "lineIds": [
          "Metro-Ginza",
          "Metro-Marunouchi"
        ],
        "ward": "Minato",
        "ridership": null,
        "ridershipBand": 3,
        "inFloodZone": false
      }
    },
    {
      "type": "Feature",
      "geometry": {
        "type": "Point",
        "coordinates": [
          139.7239218,
          35.6727352
        ]
      },
      "properties": {
        "stationId": "osm-265554028",
        "name": "Aoyama-itchome",
        "nameJa": "青山一丁目",
        "lineIds": [
          "Metro-Ginza",
          "Metro-Hanzomon"
        ],
        "ward": "Shibuya",
        "ridership": null,
        "ridershipBand": 3,
        "inFloodZone": false
      }
    },
    {
      "type": "Feature",
      "geometry": {
        "type": "Point",
        "coordinates": [
          139.7178307,
          35.6705387
        ]
      },
      "properties": {
        "stationId": "osm-1926189618",
        "name": "Gaiemmae",
        "nameJa": "外苑前",
        "lineIds": [
          "Metro-Ginza"
        ],
        "ward": "Shibuya",
        "ridership": null,
        "ridershipBand": 2,
        "inFloodZone": false
      }
    },
    {
      "type": "Feature",
      "geometry": {
        "type": "Point",
        "coordinates": [
          139.7124180666667,
          35.66511151666666
        ]
      },
      "properties": {
        "stationId": "osm-3669016744",
        "name": "Omote-sando",
        "nameJa": "表参道",
        "lineIds": [
          "Metro-Chiyoda",
          "Metro-Ginza",
          "Metro-Hanzomon"
        ],
        "ward": "Shibuya",
        "ridership": null,
        "ridershipBand": 3,
        "inFloodZone": false
      }
    },
    {
      "type": "Feature",
      "geometry": {
        "type": "Point",
        "coordinates": [
          139.63570885000001,
          35.6993987
        ]
      },
      "properties": {
        "stationId": "osm-2389061832",
        "name": "Minami-asagaya",
        "nameJa": "南阿佐ケ谷",
        "lineIds": [
          "Metro-Marunouchi"
        ],
        "ward": "Suginami",
        "ridership": null,
        "ridershipBand": 2,
        "inFloodZone": false
      }
    },
    {
      "type": "Feature",
      "geometry": {
        "type": "Point",
        "coordinates": [
          139.64869015,
          35.6978655
        ]
      },
      "properties": {
        "stationId": "osm-1950720225",
        "name": "Shin-koenji",
        "nameJa": "新高円寺",
        "lineIds": [
          "Metro-Marunouchi"
        ],
        "ward": "Suginami",
        "ridership": null,
        "ridershipBand": 2,
        "inFloodZone": false
      }
    },
    {
      "type": "Feature",
      "geometry": {
        "type": "Point",
        "coordinates": [
          139.6581601,
          35.6979717
        ]
      },
      "properties": {
        "stationId": "osm-1950720191",
        "name": "Higashi-koenji",
        "nameJa": "東高円寺",
        "lineIds": [
          "Metro-Marunouchi"
        ],
        "ward": "Nakano",
        "ridership": null,
        "ridershipBand": 2,
        "inFloodZone": false
      }
    },
    {
      "type": "Feature",
      "geometry": {
        "type": "Point",
        "coordinates": [
          139.66864275,
          35.69745985
        ]
      },
      "properties": {
        "stationId": "osm-1950720192",
        "name": "Shin-nakano",
        "nameJa": "新中野",
        "lineIds": [
          "Metro-Marunouchi"
        ],
        "ward": "Nakano",
        "ridership": null,
        "ridershipBand": 2,
        "inFloodZone": false
      }
    },
    {
      "type": "Feature",
      "geometry": {
        "type": "Point",
        "coordinates": [
          139.68190346666668,
          35.6971041
        ]
      },
      "properties": {
        "stationId": "osm-1926277321",
        "name": "Nakano-sakaue",
        "nameJa": "中野坂上",
        "lineIds": [
          "Metro-Marunouchi"
        ],
        "ward": "Shinjuku",
        "ridership": null,
        "ridershipBand": 2,
        "inFloodZone": false
      }
    },
    {
      "type": "Feature",
      "geometry": {
        "type": "Point",
        "coordinates": [
          139.6927814,
          35.6944257
        ]
      },
      "properties": {
        "stationId": "osm-1926277366",
        "name": "Nishi-shinjuku",
        "nameJa": "西新宿",
        "lineIds": [
          "Metro-Marunouchi"
        ],
        "ward": "Shinjuku",
        "ridership": null,
        "ridershipBand": 2,
        "inFloodZone": false
      }
    },
    {
      "type": "Feature",
      "geometry": {
        "type": "Point",
        "coordinates": [
          139.70443590000002,
          35.6909717
        ]
      },
      "properties": {
        "stationId": "osm-1951952383",
        "name": "Shinjuku-sanchome",
        "nameJa": "新宿三丁目",
        "lineIds": [
          "Metro-Fukutoshin",
          "Metro-Marunouchi"
        ],
        "ward": "Shinjuku",
        "ridership": null,
        "ridershipBand": 3,
        "inFloodZone": false
      }
    },
    {
      "type": "Feature",
      "geometry": {
        "type": "Point",
        "coordinates": [
          139.71073675,
          35.6885733
        ]
      },
      "properties": {
        "stationId": "osm-2389061854",
        "name": "Shinjuku-gyoemmae",
        "nameJa": "新宿御苑前",
        "lineIds": [
          "Metro-Marunouchi"
        ],
        "ward": "Shinjuku",
        "ridership": null,
        "ridershipBand": 2,
        "inFloodZone": false
      }
    },
    {
      "type": "Feature",
      "geometry": {
        "type": "Point",
        "coordinates": [
          139.72057239999998,
          35.68798925
        ]
      },
      "properties": {
        "stationId": "osm-2389668134",
        "name": "Yotsuya-sanchome",
        "nameJa": "四谷三丁目",
        "lineIds": [
          "Metro-Marunouchi"
        ],
        "ward": "Shinjuku",
        "ridership": null,
        "ridershipBand": 2,
        "inFloodZone": false
      }
    },
    {
      "type": "Feature",
      "geometry": {
        "type": "Point",
        "coordinates": [
          139.74448895,
          35.674116025000004
        ]
      },
      "properties": {
        "stationId": "osm-1926239456",
        "name": "Kokkai-gijidomae",
        "nameJa": "国会議事堂前",
        "lineIds": [
          "Metro-Chiyoda",
          "Metro-Marunouchi"
        ],
        "ward": "Minato",
        "ridership": null,
        "ridershipBand": 3,
        "inFloodZone": false
      }
    },
    {
      "type": "Feature",
      "geometry": {
        "type": "Point",
        "coordinates": [
          139.75185478333333,
          35.673516150000005
        ]
      },
      "properties": {
        "stationId": "osm-1926239476",
        "name": "Kasumigaseki",
        "nameJa": "霞ケ関",
        "lineIds": [
          "Metro-Chiyoda",
          "Metro-Hibiya",
          "Metro-Marunouchi"
        ],
        "ward": "Minato",
        "ridership": null,
        "ridershipBand": 3,
        "inFloodZone": false
      }
    },
    {
      "type": "Feature",
      "geometry": {
        "type": "Point",
        "coordinates": [
          139.7653105625,
          35.686217549999995
        ]
      },
      "properties": {
        "stationId": "osm-1926277334",
        "name": "Otemachi",
        "nameJa": "大手町",
        "lineIds": [
          "Metro-Chiyoda",
          "Metro-Hanzomon",
          "Metro-Marunouchi",
          "Metro-Tozai"
        ],
        "ward": "Chiyoda",
        "ridership": null,
        "ridershipBand": 3,
        "inFloodZone": false
      }
    },
    {
      "type": "Feature",
      "geometry": {
        "type": "Point",
        "coordinates": [
          139.76747635,
          35.695128499999996
        ]
      },
      "properties": {
        "stationId": "osm-1926277363",
        "name": "Awajicho",
        "nameJa": "淡路町",
        "lineIds": [
          "Metro-Marunouchi"
        ],
        "ward": "Chiyoda",
        "ridership": null,
        "ridershipBand": 2,
        "inFloodZone": false
      }
    },
    {
      "type": "Feature",
      "geometry": {
        "type": "Point",
        "coordinates": [
          139.7601239,
          35.70650045
        ]
      },
      "properties": {
        "stationId": "osm-6276986007",
        "name": "Hongo-sanchome",
        "nameJa": "本郷三丁目",
        "lineIds": [
          "Metro-Marunouchi"
        ],
        "ward": "Bunkyo",
        "ridership": null,
        "ridershipBand": 2,
        "inFloodZone": false
      }
    },
    {
      "type": "Feature",
      "geometry": {
        "type": "Point",
        "coordinates": [
          139.751511,
          35.707777175000004
        ]
      },
      "properties": {
        "stationId": "osm-2730655229",
        "name": "Korakuen",
        "nameJa": "後楽園",
        "lineIds": [
          "Metro-Marunouchi",
          "Metro-Namboku"
        ],
        "ward": "Bunkyo",
        "ridership": null,
        "ridershipBand": 3,
        "inFloodZone": false
      }
    },
    {
      "type": "Feature",
      "geometry": {
        "type": "Point",
        "coordinates": [
          139.7369396,
          35.71718955
        ]
      },
      "properties": {
        "stationId": "osm-6224865805",
        "name": "Myogadani",
        "nameJa": "茗荷谷",
        "lineIds": [
          "Metro-Marunouchi"
        ],
        "ward": "Bunkyo",
        "ridership": null,
        "ridershipBand": 2,
        "inFloodZone": false
      }
    },
    {
      "type": "Feature",
      "geometry": {
        "type": "Point",
        "coordinates": [
          139.72992334999998,
          35.725782249999995
        ]
      },
      "properties": {
        "stationId": "osm-1926700039",
        "name": "Shin-otsuka",
        "nameJa": "新大塚",
        "lineIds": [
          "Metro-Marunouchi"
        ],
        "ward": "Toshima",
        "ridership": null,
        "ridershipBand": 2,
        "inFloodZone": false
      }
    },
    {
      "type": "Feature",
      "geometry": {
        "type": "Point",
        "coordinates": [
          139.6737603,
          35.69201135
        ]
      },
      "properties": {
        "stationId": "osm-1950976762",
        "name": "Nakano-shimbashi",
        "nameJa": "中野新橋",
        "lineIds": [
          "Metro-Marunouchi"
        ],
        "ward": "Nakano",
        "ridership": null,
        "ridershipBand": 2,
        "inFloodZone": false
      }
    },
    {
      "type": "Feature",
      "geometry": {
        "type": "Point",
        "coordinates": [
          139.6670033,
          35.6905547
        ]
      },
      "properties": {
        "stationId": "osm-1950739949",
        "name": "Nakano-fujimicho",
        "nameJa": "中野富士見町",
        "lineIds": [
          "Metro-Marunouchi"
        ],
        "ward": "Nakano",
        "ridership": null,
        "ridershipBand": 2,
        "inFloodZone": false
      }
    },
    {
      "type": "Feature",
      "geometry": {
        "type": "Point",
        "coordinates": [
          139.65764295000002,
          35.6835076
        ]
      },
      "properties": {
        "stationId": "osm-1950976760",
        "name": "Honancho",
        "nameJa": "方南町",
        "lineIds": [
          "Metro-Marunouchi"
        ],
        "ward": "Suginami",
        "ridership": null,
        "ridershipBand": 2,
        "inFloodZone": false
      }
    },
    {
      "type": "Feature",
      "geometry": {
        "type": "Point",
        "coordinates": [
          139.69876705000001,
          35.64408755
        ]
      },
      "properties": {
        "stationId": "osm-3646448193",
        "name": "Naka-meguro",
        "nameJa": "中目黒",
        "lineIds": [
          "Metro-Hibiya"
        ],
        "ward": "Meguro",
        "ridership": null,
        "ridershipBand": 2,
        "inFloodZone": false
      }
    },
    {
      "type": "Feature",
      "geometry": {
        "type": "Point",
        "coordinates": [
          139.72220475,
          35.652077
        ]
      },
      "properties": {
        "stationId": "osm-2011999937",
        "name": "Hiro-o",
        "nameJa": "広尾",
        "lineIds": [
          "Metro-Hibiya"
        ],
        "ward": "Meguro",
        "ridership": null,
        "ridershipBand": 2,
        "inFloodZone": false
      }
    },
    {
      "type": "Feature",
      "geometry": {
        "type": "Point",
        "coordinates": [
          139.73132694999998,
          35.662836999999996
        ]
      },
      "properties": {
        "stationId": "osm-1926355400",
        "name": "Roppongi",
        "nameJa": "六本木",
        "lineIds": [
          "Metro-Hibiya"
        ],
        "ward": "Minato",
        "ridership": null,
        "ridershipBand": 2,
        "inFloodZone": false
      }
    },
    {
      "type": "Feature",
      "geometry": {
        "type": "Point",
        "coordinates": [
          139.7450566,
          35.662990449999995
        ]
      },
      "properties": {
        "stationId": "osm-1926355403",
        "name": "Kamiyacho",
        "nameJa": "神谷町",
        "lineIds": [
          "Metro-Hibiya"
        ],
        "ward": "Minato",
        "ridership": null,
        "ridershipBand": 2,
        "inFloodZone": false
      }
    },
    {
      "type": "Feature",
      "geometry": {
        "type": "Point",
        "coordinates": [
          139.747838,
          35.66747985
        ]
      },
      "properties": {
        "stationId": "osm-6352856405",
        "name": "Toranomon Hills",
        "nameJa": "虎ノ門ヒルズ",
        "lineIds": [
          "Metro-Hibiya"
        ],
        "ward": "Minato",
        "ridership": null,
        "ridershipBand": 2,
        "inFloodZone": false
      }
    },
    {
      "type": "Feature",
      "geometry": {
        "type": "Point",
        "coordinates": [
          139.7593588,
          35.6740771
        ]
      },
      "properties": {
        "stationId": "osm-5413560218",
        "name": "Hibiya",
        "nameJa": "日比谷",
        "lineIds": [
          "Metro-Chiyoda",
          "Metro-Hibiya"
        ],
        "ward": "Chuo",
        "ridership": null,
        "ridershipBand": 3,
        "inFloodZone": false
      }
    },
    {
      "type": "Feature",
      "geometry": {
        "type": "Point",
        "coordinates": [
          139.76695260000002,
          35.669701849999996
        ]
      },
      "properties": {
        "stationId": "osm-6293444387",
        "name": "Higashi-Ginza",
        "nameJa": "東銀座",
        "lineIds": [
          "Metro-Hibiya"
        ],
        "ward": "Chuo",
        "ridership": null,
        "ridershipBand": 2,
        "inFloodZone": false
      }
    },
    {
      "type": "Feature",
      "geometry": {
        "type": "Point",
        "coordinates": [
          139.7726006,
          35.66808725
        ]
      },
      "properties": {
        "stationId": "osm-6279623175",
        "name": "Tsukiji",
        "nameJa": "築地",
        "lineIds": [
          "Metro-Hibiya"
        ],
        "ward": "Chuo",
        "ridership": null,
        "ridershipBand": 2,
        "inFloodZone": false
      }
    },
    {
      "type": "Feature",
      "geometry": {
        "type": "Point",
        "coordinates": [
          139.7770783,
          35.67499665
        ]
      },
      "properties": {
        "stationId": "osm-1926355399",
        "name": "Hatchobori",
        "nameJa": "八丁堀",
        "lineIds": [
          "Metro-Hibiya"
        ],
        "ward": "Chuo",
        "ridership": null,
        "ridershipBand": 2,
        "inFloodZone": false
      }
    },
    {
      "type": "Feature",
      "geometry": {
        "type": "Point",
        "coordinates": [
          139.779566275,
          35.679751525
        ]
      },
      "properties": {
        "stationId": "osm-6184201319",
        "name": "Kayabacho",
        "nameJa": "茅場町",
        "lineIds": [
          "Metro-Hibiya",
          "Metro-Tozai"
        ],
        "ward": "Chuo",
        "ridership": null,
        "ridershipBand": 3,
        "inFloodZone": false
      }
    },
    {
      "type": "Feature",
      "geometry": {
        "type": "Point",
        "coordinates": [
          139.78242970000002,
          35.686165
        ]
      },
      "properties": {
        "stationId": "osm-6178454120",
        "name": "Ningyocho",
        "nameJa": "人形町",
        "lineIds": [
          "Metro-Hibiya"
        ],
        "ward": "Chuo",
        "ridership": null,
        "ridershipBand": 2,
        "inFloodZone": false
      }
    },
    {
      "type": "Feature",
      "geometry": {
        "type": "Point",
        "coordinates": [
          139.77845209999998,
          35.6907498
        ]
      },
      "properties": {
        "stationId": "osm-1926355401",
        "name": "Kodemmacho",
        "nameJa": "小伝馬町",
        "lineIds": [
          "Metro-Hibiya"
        ],
        "ward": "Chiyoda",
        "ridership": null,
        "ridershipBand": 2,
        "inFloodZone": false
      }
    },
    {
      "type": "Feature",
      "geometry": {
        "type": "Point",
        "coordinates": [
          139.77619175,
          35.70656845
        ]
      },
      "properties": {
        "stationId": "osm-1926355397",
        "name": "Naka-okachimachi",
        "nameJa": "仲御徒町",
        "lineIds": [
          "Metro-Hibiya"
        ],
        "ward": "Taito",
        "ridership": null,
        "ridershipBand": 2,
        "inFloodZone": false
      }
    },
    {
      "type": "Feature",
      "geometry": {
        "type": "Point",
        "coordinates": [
          139.78458890000002,
          35.7207207
        ]
      },
      "properties": {
        "stationId": "osm-1926355398",
        "name": "Iriya",
        "nameJa": "入谷",
        "lineIds": [
          "Metro-Hibiya"
        ],
        "ward": "Taito",
        "ridership": null,
        "ridershipBand": 2,
        "inFloodZone": false
      }
    },
    {
      "type": "Feature",
      "geometry": {
        "type": "Point",
        "coordinates": [
          139.7912928,
          35.72955045
        ]
      },
      "properties": {
        "stationId": "osm-1926355394",
        "name": "Minowa",
        "nameJa": "三ノ輪",
        "lineIds": [
          "Metro-Hibiya"
        ],
        "ward": "Arakawa",
        "ridership": null,
        "ridershipBand": 2,
        "inFloodZone": true
      }
    },
    {
      "type": "Feature",
      "geometry": {
        "type": "Point",
        "coordinates": [
          139.79878250000002,
          35.7323315
        ]
      },
      "properties": {
        "stationId": "osm-2180732990",
        "name": "Minami-senju",
        "nameJa": "南千住",
        "lineIds": [
          "Metro-Hibiya"
        ],
        "ward": "Arakawa",
        "ridership": null,
        "ridershipBand": 2,
        "inFloodZone": true
      }
    },
    {
      "type": "Feature",
      "geometry": {
        "type": "Point",
        "coordinates": [
          139.8049619,
          35.749595025
        ]
      },
      "properties": {
        "stationId": "osm-6237889013",
        "name": "Kita-Senju",
        "nameJa": "北千住",
        "lineIds": [
          "Metro-Chiyoda",
          "Metro-Hibiya"
        ],
        "ward": "Arakawa",
        "ridership": null,
        "ridershipBand": 3,
        "inFloodZone": true
      }
    },
    {
      "type": "Feature",
      "geometry": {
        "type": "Point",
        "coordinates": [
          139.68593155000002,
          35.71065175
        ]
      },
      "properties": {
        "stationId": "osm-7303330290",
        "name": "Ochiai",
        "nameJa": "落合",
        "lineIds": [
          "Metro-Tozai"
        ],
        "ward": "Nakano",
        "ridership": null,
        "ridershipBand": 2,
        "inFloodZone": false
      }
    },
    {
      "type": "Feature",
      "geometry": {
        "type": "Point",
        "coordinates": [
          139.72128594999998,
          35.7057916
        ]
      },
      "properties": {
        "stationId": "osm-1894258034",
        "name": "Waseda",
        "nameJa": "早稲田",
        "lineIds": [
          "Metro-Tozai"
        ],
        "ward": "Shinjuku",
        "ridership": null,
        "ridershipBand": 2,
        "inFloodZone": false
      }
    },
    {
      "type": "Feature",
      "geometry": {
        "type": "Point",
        "coordinates": [
          139.7342246,
          35.703892999999994
        ]
      },
      "properties": {
        "stationId": "osm-1074739698",
        "name": "Kagurazaka",
        "nameJa": "神楽坂",
        "lineIds": [
          "Metro-Tozai"
        ],
        "ward": "Bunkyo",
        "ridership": null,
        "ridershipBand": 2,
        "inFloodZone": false
      }
    },
    {
      "type": "Feature",
      "geometry": {
        "type": "Point",
        "coordinates": [
          139.75090484999998,
          35.695604775
        ]
      },
      "properties": {
        "stationId": "osm-6189820128",
        "name": "Kudanshita",
        "nameJa": "九段下",
        "lineIds": [
          "Metro-Hanzomon",
          "Metro-Tozai"
        ],
        "ward": "Chiyoda",
        "ridership": null,
        "ridershipBand": 3,
        "inFloodZone": false
      }
    },
    {
      "type": "Feature",
      "geometry": {
        "type": "Point",
        "coordinates": [
          139.75872075,
          35.6901084
        ]
      },
      "properties": {
        "stationId": "osm-1894258040",
        "name": "Takebashi",
        "nameJa": "竹橋",
        "lineIds": [
          "Metro-Tozai"
        ],
        "ward": "Chiyoda",
        "ridership": null,
        "ridershipBand": 2,
        "inFloodZone": false
      }
    },
    {
      "type": "Feature",
      "geometry": {
        "type": "Point",
        "coordinates": [
          139.795067,
          35.6722932
        ]
      },
      "properties": {
        "stationId": "osm-3653340568",
        "name": "Monzen-nakacho",
        "nameJa": "門前仲町",
        "lineIds": [
          "Metro-Tozai"
        ],
        "ward": "Koto",
        "ridership": null,
        "ridershipBand": 2,
        "inFloodZone": true
      }
    },
    {
      "type": "Feature",
      "geometry": {
        "type": "Point",
        "coordinates": [
          139.80654164999999,
          35.66938535
        ]
      },
      "properties": {
        "stationId": "osm-6184114157",
        "name": "Kiba",
        "nameJa": "木場",
        "lineIds": [
          "Metro-Tozai"
        ],
        "ward": "Koto",
        "ridership": null,
        "ridershipBand": 2,
        "inFloodZone": true
      }
    },
    {
      "type": "Feature",
      "geometry": {
        "type": "Point",
        "coordinates": [
          139.8174767,
          35.66960165
        ]
      },
      "properties": {
        "stationId": "osm-7300128822",
        "name": "Toyocho",
        "nameJa": "東陽町",
        "lineIds": [
          "Metro-Tozai"
        ],
        "ward": "Koto",
        "ridership": null,
        "ridershipBand": 2,
        "inFloodZone": true
      }
    },
    {
      "type": "Feature",
      "geometry": {
        "type": "Point",
        "coordinates": [
          139.83185455,
          35.6683479
        ]
      },
      "properties": {
        "stationId": "osm-6183749643",
        "name": "Minami-sunamachi",
        "nameJa": "南砂町",
        "lineIds": [
          "Metro-Tozai"
        ],
        "ward": "Koto",
        "ridership": null,
        "ridershipBand": 2,
        "inFloodZone": true
      }
    },
    {
      "type": "Feature",
      "geometry": {
        "type": "Point",
        "coordinates": [
          139.8593171,
          35.66457885
        ]
      },
      "properties": {
        "stationId": "osm-5410186975",
        "name": "Nishi-kasai",
        "nameJa": "西葛西",
        "lineIds": [
          "Metro-Tozai"
        ],
        "ward": "Koto",
        "ridership": null,
        "ridershipBand": 2,
        "inFloodZone": true
      }
    },
    {
      "type": "Feature",
      "geometry": {
        "type": "Point",
        "coordinates": [
          139.8726925,
          35.663627950000006
        ]
      },
      "properties": {
        "stationId": "osm-5410188469",
        "name": "Kasai",
        "nameJa": "葛西",
        "lineIds": [
          "Metro-Tozai"
        ],
        "ward": "Edogawa",
        "ridership": null,
        "ridershipBand": 2,
        "inFloodZone": true
      }
    },
    {
      "type": "Feature",
      "geometry": {
        "type": "Point",
        "coordinates": [
          139.89298885,
          35.665836850000005
        ]
      },
      "properties": {
        "stationId": "osm-5410193247",
        "name": "Urayasu",
        "nameJa": "浦安",
        "lineIds": [
          "Metro-Tozai"
        ],
        "ward": "Edogawa",
        "ridership": null,
        "ridershipBand": 2,
        "inFloodZone": true
      }
    },
    {
      "type": "Feature",
      "geometry": {
        "type": "Point",
        "coordinates": [
          139.90227729999998,
          35.67273045
        ]
      },
      "properties": {
        "stationId": "osm-7300128820",
        "name": "Minami-gyotoku",
        "nameJa": "南行徳",
        "lineIds": [
          "Metro-Tozai"
        ],
        "ward": "Edogawa",
        "ridership": null,
        "ridershipBand": 2,
        "inFloodZone": true
      }
    },
    {
      "type": "Feature",
      "geometry": {
        "type": "Point",
        "coordinates": [
          139.91448505,
          35.6828624
        ]
      },
      "properties": {
        "stationId": "osm-6367931744",
        "name": "Gyotoku",
        "nameJa": "行徳",
        "lineIds": [
          "Metro-Tozai"
        ],
        "ward": "Edogawa",
        "ridership": null,
        "ridershipBand": 2,
        "inFloodZone": true
      }
    },
    {
      "type": "Feature",
      "geometry": {
        "type": "Point",
        "coordinates": [
          139.92442185,
          35.69108
        ]
      },
      "properties": {
        "stationId": "osm-6368102150",
        "name": "Myoden",
        "nameJa": "妙典",
        "lineIds": [
          "Metro-Tozai"
        ],
        "ward": "Edogawa",
        "ridership": null,
        "ridershipBand": 2,
        "inFloodZone": true
      }
    },
    {
      "type": "Feature",
      "geometry": {
        "type": "Point",
        "coordinates": [
          139.94165185,
          35.703129399999995
        ]
      },
      "properties": {
        "stationId": "osm-6182417010",
        "name": "Baraki-nakayama",
        "nameJa": "原木中山",
        "lineIds": [
          "Metro-Tozai"
        ],
        "ward": "Edogawa",
        "ridership": null,
        "ridershipBand": 2,
        "inFloodZone": true
      }
    },
    {
      "type": "Feature",
      "geometry": {
        "type": "Point",
        "coordinates": [
          139.6797884,
          35.6690082
        ]
      },
      "properties": {
        "stationId": "osm-9339029496",
        "name": "Yoyogi-Uehara",
        "nameJa": "代々木上原",
        "lineIds": [
          "Metro-Chiyoda"
        ],
        "ward": "Shibuya",
        "ridership": null,
        "ridershipBand": 2,
        "inFloodZone": false
      }
    },
    {
      "type": "Feature",
      "geometry": {
        "type": "Point",
        "coordinates": [
          139.69012305,
          35.66902245
        ]
      },
      "properties": {
        "stationId": "osm-1926239440",
        "name": "Yoyogi-koen",
        "nameJa": "代々木公園",
        "lineIds": [
          "Metro-Chiyoda"
        ],
        "ward": "Shibuya",
        "ridership": null,
        "ridershipBand": 2,
        "inFloodZone": false
      }
    },
    {
      "type": "Feature",
      "geometry": {
        "type": "Point",
        "coordinates": [
          139.704850975,
          35.668696275
        ]
      },
      "properties": {
        "stationId": "osm-6178465936",
        "name": "Meiji-jingumae 'Harajuku'",
        "nameJa": "明治神宮前〈原宿〉",
        "lineIds": [
          "Metro-Chiyoda",
          "Metro-Fukutoshin"
        ],
        "ward": "Shibuya",
        "ridership": null,
        "ridershipBand": 3,
        "inFloodZone": false
      }
    },
    {
      "type": "Feature",
      "geometry": {
        "type": "Point",
        "coordinates": [
          139.72633745000002,
          35.6666802
        ]
      },
      "properties": {
        "stationId": "osm-1926239435",
        "name": "Nogizaka",
        "nameJa": "乃木坂",
        "lineIds": [
          "Metro-Chiyoda"
        ],
        "ward": "Minato",
        "ridership": null,
        "ridershipBand": 2,
        "inFloodZone": false
      }
    },
    {
      "type": "Feature",
      "geometry": {
        "type": "Point",
        "coordinates": [
          139.7363044,
          35.67217395
        ]
      },
      "properties": {
        "stationId": "osm-1926239474",
        "name": "Akasaka",
        "nameJa": "赤坂",
        "lineIds": [
          "Metro-Chiyoda"
        ],
        "ward": "Minato",
        "ridership": null,
        "ridershipBand": 2,
        "inFloodZone": false
      }
    },
    {
      "type": "Feature",
      "geometry": {
        "type": "Point",
        "coordinates": [
          139.76168695,
          35.680323650000005
        ]
      },
      "properties": {
        "stationId": "osm-2769291151",
        "name": "Nijubashimae 'Marunouchi'",
        "nameJa": "二重橋前〈丸の内〉",
        "lineIds": [
          "Metro-Chiyoda"
        ],
        "ward": "Chuo",
        "ridership": null,
        "ridershipBand": 2,
        "inFloodZone": false
      }
    },
    {
      "type": "Feature",
      "geometry": {
        "type": "Point",
        "coordinates": [
          139.76555635,
          35.697187650000004
        ]
      },
      "properties": {
        "stationId": "osm-1926239458",
        "name": "Shin-ochanomizu",
        "nameJa": "新御茶ノ水",
        "lineIds": [
          "Metro-Chiyoda"
        ],
        "ward": "Chiyoda",
        "ridership": null,
        "ridershipBand": 2,
        "inFloodZone": false
      }
    },
    {
      "type": "Feature",
      "geometry": {
        "type": "Point",
        "coordinates": [
          139.76999125,
          35.7073294
        ]
      },
      "properties": {
        "stationId": "osm-1926239465",
        "name": "Yushima",
        "nameJa": "湯島",
        "lineIds": [
          "Metro-Chiyoda"
        ],
        "ward": "Taito",
        "ridership": null,
        "ridershipBand": 2,
        "inFloodZone": false
      }
    },
    {
      "type": "Feature",
      "geometry": {
        "type": "Point",
        "coordinates": [
          139.7657383,
          35.717365799999996
        ]
      },
      "properties": {
        "stationId": "osm-1926239464",
        "name": "Nezu",
        "nameJa": "根津",
        "lineIds": [
          "Metro-Chiyoda"
        ],
        "ward": "Taito",
        "ridership": null,
        "ridershipBand": 2,
        "inFloodZone": false
      }
    },
    {
      "type": "Feature",
      "geometry": {
        "type": "Point",
        "coordinates": [
          139.76328130000002,
          35.72554505
        ]
      },
      "properties": {
        "stationId": "osm-1926239451",
        "name": "Sendagi",
        "nameJa": "千駄木",
        "lineIds": [
          "Metro-Chiyoda"
        ],
        "ward": "Taito",
        "ridership": null,
        "ridershipBand": 2,
        "inFloodZone": false
      }
    },
    {
      "type": "Feature",
      "geometry": {
        "type": "Point",
        "coordinates": [
          139.78008735,
          35.74217625
        ]
      },
      "properties": {
        "stationId": "osm-2440290619",
        "name": "Machiya",
        "nameJa": "町屋",
        "lineIds": [
          "Metro-Chiyoda"
        ],
        "ward": "Arakawa",
        "ridership": null,
        "ridershipBand": 2,
        "inFloodZone": true
      }
    },
    {
      "type": "Feature",
      "geometry": {
        "type": "Point",
        "coordinates": [
          139.82486695,
          35.76212785
        ]
      },
      "properties": {
        "stationId": "osm-172531881",
        "name": "Ayase",
        "nameJa": "綾瀬",
        "lineIds": [
          "Metro-Chiyoda"
        ],
        "ward": "Adachi",
        "ridership": null,
        "ridershipBand": 2,
        "inFloodZone": true
      }
    },
    {
      "type": "Feature",
      "geometry": {
        "type": "Point",
        "coordinates": [
          139.83214164999998,
          35.77690225
        ]
      },
      "properties": {
        "stationId": "osm-2176856089",
        "name": "Kita-ayase",
        "nameJa": "北綾瀬",
        "lineIds": [
          "Metro-Chiyoda"
        ],
        "ward": "Adachi",
        "ridership": null,
        "ridershipBand": 2,
        "inFloodZone": true
      }
    },
    {
      "type": "Feature",
      "geometry": {
        "type": "Point",
        "coordinates": [
          139.6128583,
          35.788336
        ]
      },
      "properties": {
        "stationId": "osm-3645998146",
        "name": "Wakoshi",
        "nameJa": "和光市",
        "lineIds": [
          "Metro-Fukutoshin",
          "Metro-Yurakucho"
        ],
        "ward": "Nerima",
        "ridership": null,
        "ridershipBand": 3,
        "inFloodZone": false
      }
    },
    {
      "type": "Feature",
      "geometry": {
        "type": "Point",
        "coordinates": [
          139.63130135,
          35.776659550000005
        ]
      },
      "properties": {
        "stationId": "osm-7775796371",
        "name": "Chikatetsu-narimasu",
        "nameJa": "地下鉄成増",
        "lineIds": [
          "Metro-Fukutoshin",
          "Metro-Yurakucho"
        ],
        "ward": "Nerima",
        "ridership": null,
        "ridershipBand": 3,
        "inFloodZone": false
      }
    },
    {
      "type": "Feature",
      "geometry": {
        "type": "Point",
        "coordinates": [
          139.6441246,
          35.7699241
        ]
      },
      "properties": {
        "stationId": "osm-7775801427",
        "name": "Chikatetsu-akatsuka",
        "nameJa": "地下鉄赤塚",
        "lineIds": [
          "Metro-Fukutoshin",
          "Metro-Yurakucho"
        ],
        "ward": "Nerima",
        "ridership": null,
        "ridershipBand": 3,
        "inFloodZone": false
      }
    },
    {
      "type": "Feature",
      "geometry": {
        "type": "Point",
        "coordinates": [
          139.6542043,
          35.75765195
        ]
      },
      "properties": {
        "stationId": "osm-7775791257",
        "name": "Heiwadai",
        "nameJa": "平和台",
        "lineIds": [
          "Metro-Fukutoshin",
          "Metro-Yurakucho"
        ],
        "ward": "Nerima",
        "ridership": null,
        "ridershipBand": 3,
        "inFloodZone": false
      }
    },
    {
      "type": "Feature",
      "geometry": {
        "type": "Point",
        "coordinates": [
          139.66506735000002,
          35.7498402
        ]
      },
      "properties": {
        "stationId": "osm-7775809567",
        "name": "Hikawadai",
        "nameJa": "氷川台",
        "lineIds": [
          "Metro-Fukutoshin",
          "Metro-Yurakucho"
        ],
        "ward": "Nerima",
        "ridership": null,
        "ridershipBand": 3,
        "inFloodZone": false
      }
    },
    {
      "type": "Feature",
      "geometry": {
        "type": "Point",
        "coordinates": [
          139.67981667499998,
          35.74324395
        ]
      },
      "properties": {
        "stationId": "osm-7369435826",
        "name": "Kotake-mukaihara",
        "nameJa": "小竹向原",
        "lineIds": [
          "Metro-Fukutoshin",
          "Metro-Yurakucho"
        ],
        "ward": "Nerima",
        "ridership": null,
        "ridershipBand": 3,
        "inFloodZone": false
      }
    },
    {
      "type": "Feature",
      "geometry": {
        "type": "Point",
        "coordinates": [
          139.689458225,
          35.738248
        ]
      },
      "properties": {
        "stationId": "osm-7775774740",
        "name": "Senkawa",
        "nameJa": "千川",
        "lineIds": [
          "Metro-Fukutoshin",
          "Metro-Yurakucho"
        ],
        "ward": "Itabashi",
        "ridership": null,
        "ridershipBand": 3,
        "inFloodZone": false
      }
    },
    {
      "type": "Feature",
      "geometry": {
        "type": "Point",
        "coordinates": [
          139.698704875,
          35.73325345
        ]
      },
      "properties": {
        "stationId": "osm-6213383386",
        "name": "Kanamecho",
        "nameJa": "要町",
        "lineIds": [
          "Metro-Fukutoshin",
          "Metro-Yurakucho"
        ],
        "ward": "Toshima",
        "ridership": null,
        "ridershipBand": 3,
        "inFloodZone": false
      }
    },
    {
      "type": "Feature",
      "geometry": {
        "type": "Point",
        "coordinates": [
          139.71955405,
          35.725660700000006
        ]
      },
      "properties": {
        "stationId": "osm-6277315766",
        "name": "Higashi-ikebukuro",
        "nameJa": "東池袋",
        "lineIds": [
          "Metro-Yurakucho"
        ],
        "ward": "Toshima",
        "ridership": null,
        "ridershipBand": 2,
        "inFloodZone": false
      }
    },
    {
      "type": "Feature",
      "geometry": {
        "type": "Point",
        "coordinates": [
          139.72745435000002,
          35.71907635
        ]
      },
      "properties": {
        "stationId": "osm-1926376085",
        "name": "Gokokuji",
        "nameJa": "護国寺",
        "lineIds": [
          "Metro-Yurakucho"
        ],
        "ward": "Toshima",
        "ridership": null,
        "ridershipBand": 2,
        "inFloodZone": false
      }
    },
    {
      "type": "Feature",
      "geometry": {
        "type": "Point",
        "coordinates": [
          139.7335673,
          35.709522500000006
        ]
      },
      "properties": {
        "stationId": "osm-1926376082",
        "name": "Edogawabashi",
        "nameJa": "江戸川橋",
        "lineIds": [
          "Metro-Yurakucho"
        ],
        "ward": "Bunkyo",
        "ridership": null,
        "ridershipBand": 2,
        "inFloodZone": false
      }
    },
    {
      "type": "Feature",
      "geometry": {
        "type": "Point",
        "coordinates": [
          139.73765145,
          35.6840244
        ]
      },
      "properties": {
        "stationId": "osm-1926376088",
        "name": "Kojimachi",
        "nameJa": "麹町",
        "lineIds": [
          "Metro-Yurakucho"
        ],
        "ward": "Chiyoda",
        "ridership": null,
        "ridershipBand": 2,
        "inFloodZone": false
      }
    },
    {
      "type": "Feature",
      "geometry": {
        "type": "Point",
        "coordinates": [
          139.7398015,
          35.678274933333334
        ]
      },
      "properties": {
        "stationId": "osm-2329712694",
        "name": "Nagatacho",
        "nameJa": "永田町",
        "lineIds": [
          "Metro-Hanzomon",
          "Metro-Namboku",
          "Metro-Yurakucho"
        ],
        "ward": "Chiyoda",
        "ridership": null,
        "ridershipBand": 3,
        "inFloodZone": false
      }
    },
    {
      "type": "Feature",
      "geometry": {
        "type": "Point",
        "coordinates": [
          139.7516904,
          35.67740265
        ]
      },
      "properties": {
        "stationId": "osm-1926376080",
        "name": "Sakuradamon",
        "nameJa": "桜田門",
        "lineIds": [
          "Metro-Yurakucho"
        ],
        "ward": "Chiyoda",
        "ridership": null,
        "ridershipBand": 2,
        "inFloodZone": false
      }
    },
    {
      "type": "Feature",
      "geometry": {
        "type": "Point",
        "coordinates": [
          139.76704035,
          35.674355
        ]
      },
      "properties": {
        "stationId": "osm-1926376086",
        "name": "Ginza-itchome",
        "nameJa": "銀座一丁目",
        "lineIds": [
          "Metro-Yurakucho"
        ],
        "ward": "Chuo",
        "ridership": null,
        "ridershipBand": 2,
        "inFloodZone": false
      }
    },
    {
      "type": "Feature",
      "geometry": {
        "type": "Point",
        "coordinates": [
          139.77341969999998,
          35.6706344
        ]
      },
      "properties": {
        "stationId": "osm-6274908262",
        "name": "Shintomicho",
        "nameJa": "新富町",
        "lineIds": [
          "Metro-Yurakucho"
        ],
        "ward": "Chuo",
        "ridership": null,
        "ridershipBand": 2,
        "inFloodZone": false
      }
    },
    {
      "type": "Feature",
      "geometry": {
        "type": "Point",
        "coordinates": [
          139.78471215,
          35.6645355
        ]
      },
      "properties": {
        "stationId": "osm-6278523324",
        "name": "Tsukishima",
        "nameJa": "月島",
        "lineIds": [
          "Metro-Yurakucho"
        ],
        "ward": "Chuo",
        "ridership": null,
        "ridershipBand": 2,
        "inFloodZone": false
      }
    },
    {
      "type": "Feature",
      "geometry": {
        "type": "Point",
        "coordinates": [
          139.79610505,
          35.6550025
        ]
      },
      "properties": {
        "stationId": "osm-6274211196",
        "name": "Toyosu",
        "nameJa": "豊洲",
        "lineIds": [
          "Metro-Yurakucho"
        ],
        "ward": "Koto",
        "ridership": null,
        "ridershipBand": 2,
        "inFloodZone": true
      }
    },
    {
      "type": "Feature",
      "geometry": {
        "type": "Point",
        "coordinates": [
          139.81066695,
          35.6455126
        ]
      },
      "properties": {
        "stationId": "osm-31330037",
        "name": "Tatsumi",
        "nameJa": "辰巳",
        "lineIds": [
          "Metro-Yurakucho"
        ],
        "ward": "Koto",
        "ridership": null,
        "ridershipBand": 2,
        "inFloodZone": true
      }
    },
    {
      "type": "Feature",
      "geometry": {
        "type": "Point",
        "coordinates": [
          139.8266499,
          35.645900499999996
        ]
      },
      "properties": {
        "stationId": "osm-31330041",
        "name": "Shin-kiba",
        "nameJa": "新木場",
        "lineIds": [
          "Metro-Yurakucho"
        ],
        "ward": "Koto",
        "ridership": null,
        "ridershipBand": 2,
        "inFloodZone": true
      }
    },
    {
      "type": "Feature",
      "geometry": {
        "type": "Point",
        "coordinates": [
          139.74157885,
          35.68522875
        ]
      },
      "properties": {
        "stationId": "osm-1926703933",
        "name": "Hanzomon",
        "nameJa": "半蔵門",
        "lineIds": [
          "Metro-Hanzomon"
        ],
        "ward": "Chiyoda",
        "ridership": null,
        "ridershipBand": 2,
        "inFloodZone": false
      }
    },
    {
      "type": "Feature",
      "geometry": {
        "type": "Point",
        "coordinates": [
          139.75692450000003,
          35.695926299999996
        ]
      },
      "properties": {
        "stationId": "osm-4855419881",
        "name": "Jimbocho",
        "nameJa": "神保町",
        "lineIds": [
          "Metro-Hanzomon"
        ],
        "ward": "Chiyoda",
        "ridership": null,
        "ridershipBand": 2,
        "inFloodZone": false
      }
    },
    {
      "type": "Feature",
      "geometry": {
        "type": "Point",
        "coordinates": [
          139.78562169999998,
          35.682535
        ]
      },
      "properties": {
        "stationId": "osm-1947633322",
        "name": "Suitengumae",
        "nameJa": "水天宮前",
        "lineIds": [
          "Metro-Hanzomon"
        ],
        "ward": "Chuo",
        "ridership": null,
        "ridershipBand": 2,
        "inFloodZone": false
      }
    },
    {
      "type": "Feature",
      "geometry": {
        "type": "Point",
        "coordinates": [
          139.7992393,
          35.68207405
        ]
      },
      "properties": {
        "stationId": "osm-5594511145",
        "name": "Kiyosumi-shirakawa",
        "nameJa": "清澄白河",
        "lineIds": [
          "Metro-Hanzomon"
        ],
        "ward": "Koto",
        "ridership": null,
        "ridershipBand": 2,
        "inFloodZone": true
      }
    },
    {
      "type": "Feature",
      "geometry": {
        "type": "Point",
        "coordinates": [
          139.81567595,
          35.688734350000004
        ]
      },
      "properties": {
        "stationId": "osm-3680226249",
        "name": "Sumiyoshi",
        "nameJa": "住吉",
        "lineIds": [
          "Metro-Hanzomon"
        ],
        "ward": "Koto",
        "ridership": null,
        "ridershipBand": 2,
        "inFloodZone": true
      }
    },
    {
      "type": "Feature",
      "geometry": {
        "type": "Point",
        "coordinates": [
          139.8133516,
          35.70994505
        ]
      },
      "properties": {
        "stationId": "osm-6417196736",
        "name": "Oshiage 'SKYTREE'",
        "nameJa": "押上〈スカイツリー前〉",
        "lineIds": [
          "Metro-Hanzomon"
        ],
        "ward": "Sumida",
        "ridership": null,
        "ridershipBand": 2,
        "inFloodZone": true
      }
    },
    {
      "type": "Feature",
      "geometry": {
        "type": "Point",
        "coordinates": [
          139.72656195000002,
          35.6381047
        ]
      },
      "properties": {
        "stationId": "osm-4111329876",
        "name": "Shirokanedai",
        "nameJa": "白金台",
        "lineIds": [
          "Metro-Namboku"
        ],
        "ward": "Meguro",
        "ridership": null,
        "ridershipBand": 2,
        "inFloodZone": false
      }
    },
    {
      "type": "Feature",
      "geometry": {
        "type": "Point",
        "coordinates": [
          139.73414225,
          35.6429371
        ]
      },
      "properties": {
        "stationId": "osm-4111329879",
        "name": "Shirokane-takanawa",
        "nameJa": "白金高輪",
        "lineIds": [
          "Metro-Namboku"
        ],
        "ward": "Minato",
        "ridership": null,
        "ridershipBand": 2,
        "inFloodZone": false
      }
    },
    {
      "type": "Feature",
      "geometry": {
        "type": "Point",
        "coordinates": [
          139.73713605,
          35.6551729
        ]
      },
      "properties": {
        "stationId": "osm-2329712566",
        "name": "Azabu-juban",
        "nameJa": "麻布十番",
        "lineIds": [
          "Metro-Namboku"
        ],
        "ward": "Minato",
        "ridership": null,
        "ridershipBand": 2,
        "inFloodZone": false
      }
    },
    {
      "type": "Feature",
      "geometry": {
        "type": "Point",
        "coordinates": [
          139.73901315,
          35.66494055
        ]
      },
      "properties": {
        "stationId": "osm-4407018830",
        "name": "Roppongi-itchome",
        "nameJa": "六本木一丁目",
        "lineIds": [
          "Metro-Namboku"
        ],
        "ward": "Minato",
        "ridership": null,
        "ridershipBand": 2,
        "inFloodZone": false
      }
    },
    {
      "type": "Feature",
      "geometry": {
        "type": "Point",
        "coordinates": [
          139.7367542,
          35.693280599999994
        ]
      },
      "properties": {
        "stationId": "osm-2329712819",
        "name": "Ichigaya",
        "nameJa": "市ヶ谷駅",
        "lineIds": [
          "Metro-Namboku"
        ],
        "ward": "Chiyoda",
        "ridership": null,
        "ridershipBand": 2,
        "inFloodZone": false
      }
    },
    {
      "type": "Feature",
      "geometry": {
        "type": "Point",
        "coordinates": [
          139.7581841,
          35.717320099999995
        ]
      },
      "properties": {
        "stationId": "osm-5406699405",
        "name": "Todaimae",
        "nameJa": "東大前",
        "lineIds": [
          "Metro-Namboku"
        ],
        "ward": "Bunkyo",
        "ridership": null,
        "ridershipBand": 2,
        "inFloodZone": false
      }
    },
    {
      "type": "Feature",
      "geometry": {
        "type": "Point",
        "coordinates": [
          139.7537008,
          35.72476305
        ]
      },
      "properties": {
        "stationId": "osm-2730655233",
        "name": "Hon-komagome",
        "nameJa": "本駒込",
        "lineIds": [
          "Metro-Namboku"
        ],
        "ward": "Bunkyo",
        "ridership": null,
        "ridershipBand": 2,
        "inFloodZone": false
      }
    },
    {
      "type": "Feature",
      "geometry": {
        "type": "Point",
        "coordinates": [
          139.7421722,
          35.7460496
        ]
      },
      "properties": {
        "stationId": "osm-5406704874",
        "name": "Nishigahara",
        "nameJa": "西ヶ原駅",
        "lineIds": [
          "Metro-Namboku"
        ],
        "ward": "Kita",
        "ridership": null,
        "ridershipBand": 2,
        "inFloodZone": false
      }
    },
    {
      "type": "Feature",
      "geometry": {
        "type": "Point",
        "coordinates": [
          139.73572015,
          35.765052749999995
        ]
      },
      "properties": {
        "stationId": "osm-5406714310",
        "name": "Oji-kamiya",
        "nameJa": "王子神谷",
        "lineIds": [
          "Metro-Namboku"
        ],
        "ward": "Kita",
        "ridership": null,
        "ridershipBand": 2,
        "inFloodZone": false
      }
    },
    {
      "type": "Feature",
      "geometry": {
        "type": "Point",
        "coordinates": [
          139.7325256,
          35.7779045
        ]
      },
      "properties": {
        "stationId": "osm-5406717733",
        "name": "Shimo",
        "nameJa": "志茂",
        "lineIds": [
          "Metro-Namboku"
        ],
        "ward": "Kita",
        "ridership": null,
        "ridershipBand": 2,
        "inFloodZone": false
      }
    },
    {
      "type": "Feature",
      "geometry": {
        "type": "Point",
        "coordinates": [
          139.72191655,
          35.7834408
        ]
      },
      "properties": {
        "stationId": "osm-361024853",
        "name": "Akabane-iwabuchi",
        "nameJa": "赤羽岩淵",
        "lineIds": [
          "Metro-Namboku"
        ],
        "ward": "Kita",
        "ridership": null,
        "ridershipBand": 2,
        "inFloodZone": false
      }
    },
    {
      "type": "Feature",
      "geometry": {
        "type": "Point",
        "coordinates": [
          139.71477375,
          35.72024465
        ]
      },
      "properties": {
        "stationId": "osm-3656056003",
        "name": "Zoshigaya",
        "nameJa": "雑司が谷",
        "lineIds": [
          "Metro-Fukutoshin"
        ],
        "ward": "Toshima",
        "ridership": null,
        "ridershipBand": 2,
        "inFloodZone": false
      }
    },
    {
      "type": "Feature",
      "geometry": {
        "type": "Point",
        "coordinates": [
          139.70903765,
          35.70792175
        ]
      },
      "properties": {
        "stationId": "osm-1951954570",
        "name": "Nishi-waseda",
        "nameJa": "西早稲田",
        "lineIds": [
          "Metro-Fukutoshin"
        ],
        "ward": "Shinjuku",
        "ridership": null,
        "ridershipBand": 2,
        "inFloodZone": false
      }
    },
    {
      "type": "Feature",
      "geometry": {
        "type": "Point",
        "coordinates": [
          139.70769575,
          35.698950550000006
        ]
      },
      "properties": {
        "stationId": "osm-6188734706",
        "name": "Higashi-shinjuku",
        "nameJa": "東新宿",
        "lineIds": [
          "Metro-Fukutoshin"
        ],
        "ward": "Shinjuku",
        "ridership": null,
        "ridershipBand": 2,
        "inFloodZone": false
      }
    },
    {
      "type": "Feature",
      "geometry": {
        "type": "Point",
        "coordinates": [
          139.70545225,
          35.678473999999994
        ]
      },
      "properties": {
        "stationId": "osm-1951952367",
        "name": "Kita-sando",
        "nameJa": "北参道",
        "lineIds": [
          "Metro-Fukutoshin"
        ],
        "ward": "Shinjuku",
        "ridership": null,
        "ridershipBand": 2,
        "inFloodZone": false
      }
    }
  ],
  "meta": {
    "source": "live",
    "generatedAt": "2026-09-12T16:42:41+09:00",
    "degraded": true,
    "note": "Toei stations + ridership are real (odpt:Station / odpt:passengerSurvey). JR/Metro stations (lineIds for the 14 non-Toei lines) are from OpenStreetMap (no ODPT coverage) -- their ridership is null (not invented) and ridershipBand is a FALLBACK heuristic (3 = serves >=2 of our lines, else 2), not measured data. inFloodZone for all stations is a low-lying-ward heuristic (Adachi, Arakawa, Edogawa, Katsushika, Koto, Sumida), not a flood-map lookup."
  }
}